ISO-10303-21;
HEADER;
/* Generated by software containing ST-Developer
 * from STEP Tools, Inc. (www.steptools.com) 
 */
/* OPTION: using custom renumber hook */

FILE_DESCRIPTION(
/* description */ ('STEP AP242 Edition 2',
'CAx-IF Rec.Pracs.---Representation and Presentation of Product Manufa
cturing Information (PMI)---4.0---2014-10-13',
'CAx-IF Rec.Pracs.---3D Tessellated Geometry---0.4---2014-09-14','2;1',
'CAx-IF Rec.Pracs.---User Defined Attributes---1.5---2016-08-15'),
/* implementation_level */ '2;1');

FILE_NAME(
/* name */ 'Part Studio 1 - Part 1',
/* time_stamp */ '2026-06-29T12:24:53Z',
/* author */ (''),
/* organization */ (''),
/* preprocessor_version */ 'ST-DEVELOPER v20',
/* originating_system */ 'ONSHAPE BY PTC INC, 1.217',
/* authorisation */ '  ');

FILE_SCHEMA (('AP242_MANAGED_MODEL_BASED_3D_ENGINEERING_MIM_LF { 1 0 10303 442 3 1 4 }'));
ENDSEC;

DATA;
#10=SHAPE_REPRESENTATION_RELATIONSHIP('','',#3900,#11);
#11=ADVANCED_BREP_SHAPE_REPRESENTATION('',(#3898),#6322);
#12=OVER_RIDING_STYLED_ITEM('',(#3238),#3108,#3236);
#13=OVER_RIDING_STYLED_ITEM('',(#3239),#3109,#3236);
#14=OVER_RIDING_STYLED_ITEM('',(#3240),#3110,#3236);
#15=OVER_RIDING_STYLED_ITEM('',(#3241),#3111,#3236);
#16=OVER_RIDING_STYLED_ITEM('',(#3242),#3112,#3236);
#17=OVER_RIDING_STYLED_ITEM('',(#3243),#3113,#3236);
#18=OVER_RIDING_STYLED_ITEM('',(#3244),#3114,#3236);
#19=OVER_RIDING_STYLED_ITEM('',(#3245),#3115,#3236);
#20=OVER_RIDING_STYLED_ITEM('',(#3246),#3116,#3236);
#21=OVER_RIDING_STYLED_ITEM('',(#3247),#3117,#3236);
#22=OVER_RIDING_STYLED_ITEM('',(#3248),#3118,#3236);
#23=OVER_RIDING_STYLED_ITEM('',(#3249),#3119,#3236);
#24=OVER_RIDING_STYLED_ITEM('',(#3250),#3120,#3236);
#25=OVER_RIDING_STYLED_ITEM('',(#3251),#3121,#3236);
#26=OVER_RIDING_STYLED_ITEM('',(#3252),#3122,#3236);
#27=OVER_RIDING_STYLED_ITEM('',(#3253),#3123,#3236);
#28=OVER_RIDING_STYLED_ITEM('',(#3254),#3124,#3236);
#29=OVER_RIDING_STYLED_ITEM('',(#3255),#3125,#3236);
#30=OVER_RIDING_STYLED_ITEM('',(#3256),#3126,#3236);
#31=OVER_RIDING_STYLED_ITEM('',(#3257),#3127,#3236);
#32=OVER_RIDING_STYLED_ITEM('',(#3258),#3128,#3236);
#33=OVER_RIDING_STYLED_ITEM('',(#3259),#3129,#3236);
#34=OVER_RIDING_STYLED_ITEM('',(#3260),#3130,#3236);
#35=OVER_RIDING_STYLED_ITEM('',(#3261),#3131,#3236);
#36=OVER_RIDING_STYLED_ITEM('',(#3262),#3132,#3236);
#37=OVER_RIDING_STYLED_ITEM('',(#3263),#3133,#3236);
#38=OVER_RIDING_STYLED_ITEM('',(#3264),#3134,#3236);
#39=OVER_RIDING_STYLED_ITEM('',(#3265),#3135,#3236);
#40=OVER_RIDING_STYLED_ITEM('',(#3266),#3136,#3236);
#41=OVER_RIDING_STYLED_ITEM('',(#3267),#3137,#3236);
#42=OVER_RIDING_STYLED_ITEM('',(#3268),#3138,#3236);
#43=OVER_RIDING_STYLED_ITEM('',(#3269),#3139,#3236);
#44=OVER_RIDING_STYLED_ITEM('',(#3270),#3140,#3236);
#45=OVER_RIDING_STYLED_ITEM('',(#3271),#3141,#3236);
#46=OVER_RIDING_STYLED_ITEM('',(#3272),#3142,#3236);
#47=OVER_RIDING_STYLED_ITEM('',(#3273),#3143,#3236);
#48=OVER_RIDING_STYLED_ITEM('',(#3274),#3144,#3236);
#49=OVER_RIDING_STYLED_ITEM('',(#3275),#3145,#3236);
#50=OVER_RIDING_STYLED_ITEM('',(#3276),#3146,#3236);
#51=OVER_RIDING_STYLED_ITEM('',(#3277),#3147,#3236);
#52=OVER_RIDING_STYLED_ITEM('',(#3278),#3148,#3236);
#53=OVER_RIDING_STYLED_ITEM('',(#3279),#3149,#3236);
#54=OVER_RIDING_STYLED_ITEM('',(#3280),#3150,#3236);
#55=OVER_RIDING_STYLED_ITEM('',(#3281),#3151,#3236);
#56=OVER_RIDING_STYLED_ITEM('',(#3282),#3152,#3236);
#57=OVER_RIDING_STYLED_ITEM('',(#3283),#3153,#3236);
#58=OVER_RIDING_STYLED_ITEM('',(#3284),#3154,#3236);
#59=OVER_RIDING_STYLED_ITEM('',(#3285),#3155,#3236);
#60=OVER_RIDING_STYLED_ITEM('',(#3286),#3156,#3236);
#61=OVER_RIDING_STYLED_ITEM('',(#3287),#3157,#3236);
#62=OVER_RIDING_STYLED_ITEM('',(#3288),#3158,#3236);
#63=OVER_RIDING_STYLED_ITEM('',(#3289),#3159,#3236);
#64=OVER_RIDING_STYLED_ITEM('',(#3290),#3160,#3236);
#65=OVER_RIDING_STYLED_ITEM('',(#3291),#3161,#3236);
#66=OVER_RIDING_STYLED_ITEM('',(#3292),#3162,#3236);
#67=OVER_RIDING_STYLED_ITEM('',(#3293),#3163,#3236);
#68=OVER_RIDING_STYLED_ITEM('',(#3294),#3164,#3236);
#69=OVER_RIDING_STYLED_ITEM('',(#3295),#3165,#3236);
#70=OVER_RIDING_STYLED_ITEM('',(#3296),#3166,#3236);
#71=OVER_RIDING_STYLED_ITEM('',(#3297),#3167,#3236);
#72=OVER_RIDING_STYLED_ITEM('',(#3298),#3168,#3236);
#73=OVER_RIDING_STYLED_ITEM('',(#3299),#3169,#3236);
#74=OVER_RIDING_STYLED_ITEM('',(#3300),#3170,#3236);
#75=OVER_RIDING_STYLED_ITEM('',(#3301),#3171,#3236);
#76=OVER_RIDING_STYLED_ITEM('',(#3302),#3172,#3236);
#77=OVER_RIDING_STYLED_ITEM('',(#3303),#3173,#3236);
#78=OVER_RIDING_STYLED_ITEM('',(#3304),#3174,#3236);
#79=OVER_RIDING_STYLED_ITEM('',(#3305),#3175,#3236);
#80=OVER_RIDING_STYLED_ITEM('',(#3306),#3176,#3236);
#81=OVER_RIDING_STYLED_ITEM('',(#3307),#3177,#3236);
#82=OVER_RIDING_STYLED_ITEM('',(#3308),#3178,#3236);
#83=OVER_RIDING_STYLED_ITEM('',(#3309),#3179,#3236);
#84=OVER_RIDING_STYLED_ITEM('',(#3310),#3180,#3236);
#85=OVER_RIDING_STYLED_ITEM('',(#3311),#3181,#3236);
#86=OVER_RIDING_STYLED_ITEM('',(#3312),#3182,#3236);
#87=OVER_RIDING_STYLED_ITEM('',(#3313),#3183,#3236);
#88=OVER_RIDING_STYLED_ITEM('',(#3314),#3184,#3236);
#89=OVER_RIDING_STYLED_ITEM('',(#3315),#3185,#3236);
#90=OVER_RIDING_STYLED_ITEM('',(#3316),#3186,#3236);
#91=OVER_RIDING_STYLED_ITEM('',(#3317),#3187,#3236);
#92=OVER_RIDING_STYLED_ITEM('',(#3318),#3188,#3236);
#93=OVER_RIDING_STYLED_ITEM('',(#3319),#3189,#3236);
#94=OVER_RIDING_STYLED_ITEM('',(#3320),#3190,#3236);
#95=OVER_RIDING_STYLED_ITEM('',(#3321),#3191,#3236);
#96=OVER_RIDING_STYLED_ITEM('',(#3322),#3192,#3236);
#97=OVER_RIDING_STYLED_ITEM('',(#3323),#3193,#3236);
#98=OVER_RIDING_STYLED_ITEM('',(#3324),#3194,#3236);
#99=OVER_RIDING_STYLED_ITEM('',(#3325),#3195,#3236);
#100=OVER_RIDING_STYLED_ITEM('',(#3326),#3196,#3236);
#101=OVER_RIDING_STYLED_ITEM('',(#3327),#3197,#3236);
#102=OVER_RIDING_STYLED_ITEM('',(#3328),#3198,#3236);
#103=OVER_RIDING_STYLED_ITEM('',(#3329),#3199,#3236);
#104=OVER_RIDING_STYLED_ITEM('',(#3330),#3200,#3236);
#105=OVER_RIDING_STYLED_ITEM('',(#3331),#3201,#3236);
#106=OVER_RIDING_STYLED_ITEM('',(#3332),#3202,#3236);
#107=OVER_RIDING_STYLED_ITEM('',(#3333),#3203,#3236);
#108=OVER_RIDING_STYLED_ITEM('',(#3334),#3204,#3236);
#109=OVER_RIDING_STYLED_ITEM('',(#3335),#3205,#3236);
#110=OVER_RIDING_STYLED_ITEM('',(#3336),#3206,#3236);
#111=OVER_RIDING_STYLED_ITEM('',(#3337),#3207,#3236);
#112=OVER_RIDING_STYLED_ITEM('',(#3338),#3208,#3236);
#113=OVER_RIDING_STYLED_ITEM('',(#3339),#3209,#3236);
#114=OVER_RIDING_STYLED_ITEM('',(#3340),#3210,#3236);
#115=OVER_RIDING_STYLED_ITEM('',(#3341),#3211,#3236);
#116=OVER_RIDING_STYLED_ITEM('',(#3342),#3212,#3236);
#117=OVER_RIDING_STYLED_ITEM('',(#3343),#3213,#3236);
#118=OVER_RIDING_STYLED_ITEM('',(#3344),#3214,#3236);
#119=OVER_RIDING_STYLED_ITEM('',(#3345),#3215,#3236);
#120=OVER_RIDING_STYLED_ITEM('',(#3346),#3216,#3236);
#121=DRAUGHTING_PRE_DEFINED_COLOUR('white');
#122=B_SPLINE_SURFACE_WITH_KNOTS('',3,1,((#5259,#5260),(#5261,#5262),(#5263,
#5264),(#5265,#5266),(#5267,#5268),(#5269,#5270),(#5271,#5272),(#5273,#5274),
(#5275,#5276),(#5277,#5278),(#5279,#5280),(#5281,#5282),(#5283,#5284),(#5285,
#5286),(#5287,#5288),(#5289,#5290),(#5291,#5292),(#5293,#5294),(#5295,#5296),
(#5297,#5298),(#5299,#5300),(#5301,#5302)),.SURF_OF_LINEAR_EXTRUSION.,.F.,
 .F.,.F.,(4,1,1,1,1,1,1,1,1,1,1,1,1,1,1,1,1,1,1,4),(2,2),(0.0880808768227708,
0.136508962732903,0.184937048643036,0.233365134553169,0.257579177508235,
0.281793220463301,0.330221306373434,0.378649392283566,0.427077478193699,
0.475505564103831,0.523933650013964,0.572361735924096,0.620789821834229,
0.669217907744362,0.717645993654494,0.766074079564627,0.790288122519693,
0.814502165474759,0.838716208429826,0.862930251384892),(0.,1.),
 .UNSPECIFIED.);
#123=B_SPLINE_SURFACE_WITH_KNOTS('',3,1,((#5341,#5342),(#5343,#5344),(#5345,
#5346),(#5347,#5348),(#5349,#5350),(#5351,#5352),(#5353,#5354),(#5355,#5356),
(#5357,#5358),(#5359,#5360),(#5361,#5362),(#5363,#5364),(#5365,#5366),(#5367,
#5368),(#5369,#5370),(#5371,#5372),(#5373,#5374),(#5375,#5376),(#5377,#5378),
(#5379,#5380),(#5381,#5382),(#5383,#5384)),.SURF_OF_LINEAR_EXTRUSION.,.F.,
 .F.,.F.,(4,1,1,1,1,1,1,1,1,1,1,1,1,1,1,1,1,1,1,4),(2,2),(0.0880808767453778,
0.136508962660347,0.184937048575317,0.233365134490287,0.257579177447772,
0.281793220405256,0.330221306320226,0.378649392235196,0.427077478150165,
0.475505564065135,0.523933649980104,0.572361735895074,0.620789821810044,
0.669217907725013,0.717645993639983,0.766074079554953,0.790288122512438,
0.814502165469922,0.838716208427407,0.862930251384892),(0.,1.),
 .UNSPECIFIED.);
#124=B_SPLINE_SURFACE_WITH_KNOTS('',3,1,((#5427,#5428),(#5429,#5430),(#5431,
#5432),(#5433,#5434)),.SURF_OF_LINEAR_EXTRUSION.,.F.,.F.,.F.,(4,4),(2,2),
(0.,1.),(0.,1.),.PIECEWISE_BEZIER_KNOTS.);
#125=B_SPLINE_SURFACE_WITH_KNOTS('',3,1,((#5466,#5467),(#5468,#5469),(#5470,
#5471),(#5472,#5473)),.SURF_OF_LINEAR_EXTRUSION.,.F.,.F.,.F.,(4,4),(2,2),
(0.,1.),(0.,1.),.PIECEWISE_BEZIER_KNOTS.);
#126=B_SPLINE_SURFACE_WITH_KNOTS('',3,1,((#5479,#5480),(#5481,#5482),(#5483,
#5484),(#5485,#5486)),.SURF_OF_LINEAR_EXTRUSION.,.F.,.F.,.F.,(4,4),(2,2),
(0.,1.),(0.,1.),.PIECEWISE_BEZIER_KNOTS.);
#127=B_SPLINE_SURFACE_WITH_KNOTS('',3,1,((#5492,#5493),(#5494,#5495),(#5496,
#5497),(#5498,#5499)),.SURF_OF_LINEAR_EXTRUSION.,.F.,.F.,.F.,(4,4),(2,2),
(0.,1.),(0.,1.),.PIECEWISE_BEZIER_KNOTS.);
#128=B_SPLINE_SURFACE_WITH_KNOTS('',3,1,((#5505,#5506),(#5507,#5508),(#5509,
#5510),(#5511,#5512)),.SURF_OF_LINEAR_EXTRUSION.,.F.,.F.,.F.,(4,4),(2,2),
(0.,1.),(0.,1.),.PIECEWISE_BEZIER_KNOTS.);
#129=B_SPLINE_SURFACE_WITH_KNOTS('',3,1,((#5518,#5519),(#5520,#5521),(#5522,
#5523),(#5524,#5525)),.SURF_OF_LINEAR_EXTRUSION.,.F.,.F.,.F.,(4,4),(2,2),
(0.,1.),(0.,1.),.PIECEWISE_BEZIER_KNOTS.);
#130=B_SPLINE_SURFACE_WITH_KNOTS('',3,1,((#5535,#5536),(#5537,#5538),(#5539,
#5540),(#5541,#5542)),.SURF_OF_LINEAR_EXTRUSION.,.F.,.F.,.F.,(4,4),(2,2),
(0.,1.),(0.,1.),.PIECEWISE_BEZIER_KNOTS.);
#131=B_SPLINE_SURFACE_WITH_KNOTS('',3,1,((#5548,#5549),(#5550,#5551),(#5552,
#5553),(#5554,#5555)),.SURF_OF_LINEAR_EXTRUSION.,.F.,.F.,.F.,(4,4),(2,2),
(0.,1.),(0.,1.),.PIECEWISE_BEZIER_KNOTS.);
#132=B_SPLINE_SURFACE_WITH_KNOTS('',3,1,((#5561,#5562),(#5563,#5564),(#5565,
#5566),(#5567,#5568)),.SURF_OF_LINEAR_EXTRUSION.,.F.,.F.,.F.,(4,4),(2,2),
(0.,1.),(0.,1.),.PIECEWISE_BEZIER_KNOTS.);
#133=B_SPLINE_SURFACE_WITH_KNOTS('',3,1,((#5574,#5575),(#5576,#5577),(#5578,
#5579),(#5580,#5581)),.SURF_OF_LINEAR_EXTRUSION.,.F.,.F.,.F.,(4,4),(2,2),
(0.,1.),(0.,1.),.PIECEWISE_BEZIER_KNOTS.);
#134=B_SPLINE_SURFACE_WITH_KNOTS('',3,1,((#5587,#5588),(#5589,#5590),(#5591,
#5592),(#5593,#5594)),.SURF_OF_LINEAR_EXTRUSION.,.F.,.F.,.F.,(4,4),(2,2),
(0.,1.),(0.,1.),.PIECEWISE_BEZIER_KNOTS.);
#135=B_SPLINE_SURFACE_WITH_KNOTS('',3,1,((#5657,#5658),(#5659,#5660),(#5661,
#5662),(#5663,#5664)),.SURF_OF_LINEAR_EXTRUSION.,.F.,.F.,.F.,(4,4),(2,2),
(0.,1.),(0.,1.),.PIECEWISE_BEZIER_KNOTS.);
#136=B_SPLINE_SURFACE_WITH_KNOTS('',3,1,((#5677,#5678),(#5679,#5680),(#5681,
#5682),(#5683,#5684)),.SURF_OF_LINEAR_EXTRUSION.,.F.,.F.,.F.,(4,4),(2,2),
(0.,1.),(0.,1.),.PIECEWISE_BEZIER_KNOTS.);
#137=B_SPLINE_SURFACE_WITH_KNOTS('',3,1,((#5694,#5695),(#5696,#5697),(#5698,
#5699),(#5700,#5701)),.SURF_OF_LINEAR_EXTRUSION.,.F.,.F.,.F.,(4,4),(2,2),
(0.,1.),(0.,1.),.PIECEWISE_BEZIER_KNOTS.);
#138=B_SPLINE_SURFACE_WITH_KNOTS('',3,1,((#5711,#5712),(#5713,#5714),(#5715,
#5716),(#5717,#5718)),.SURF_OF_LINEAR_EXTRUSION.,.F.,.F.,.F.,(4,4),(2,2),
(0.,1.),(0.,1.),.PIECEWISE_BEZIER_KNOTS.);
#139=B_SPLINE_SURFACE_WITH_KNOTS('',3,1,((#5728,#5729),(#5730,#5731),(#5732,
#5733),(#5734,#5735)),.SURF_OF_LINEAR_EXTRUSION.,.F.,.F.,.F.,(4,4),(2,2),
(0.,1.),(0.,1.),.PIECEWISE_BEZIER_KNOTS.);
#140=B_SPLINE_SURFACE_WITH_KNOTS('',3,1,((#5745,#5746),(#5747,#5748),(#5749,
#5750),(#5751,#5752)),.SURF_OF_LINEAR_EXTRUSION.,.F.,.F.,.F.,(4,4),(2,2),
(0.,1.),(0.,1.),.PIECEWISE_BEZIER_KNOTS.);
#141=B_SPLINE_SURFACE_WITH_KNOTS('',3,1,((#5762,#5763),(#5764,#5765),(#5766,
#5767),(#5768,#5769)),.SURF_OF_LINEAR_EXTRUSION.,.F.,.F.,.F.,(4,4),(2,2),
(0.,1.),(0.,1.),.PIECEWISE_BEZIER_KNOTS.);
#142=B_SPLINE_SURFACE_WITH_KNOTS('',3,1,((#5779,#5780),(#5781,#5782),(#5783,
#5784),(#5785,#5786)),.SURF_OF_LINEAR_EXTRUSION.,.F.,.F.,.F.,(4,4),(2,2),
(0.,1.),(0.,1.),.PIECEWISE_BEZIER_KNOTS.);
#143=B_SPLINE_SURFACE_WITH_KNOTS('',3,1,((#5796,#5797),(#5798,#5799),(#5800,
#5801),(#5802,#5803)),.SURF_OF_LINEAR_EXTRUSION.,.F.,.F.,.F.,(4,4),(2,2),
(0.,1.),(0.,1.),.PIECEWISE_BEZIER_KNOTS.);
#144=B_SPLINE_SURFACE_WITH_KNOTS('',3,1,((#5813,#5814),(#5815,#5816),(#5817,
#5818),(#5819,#5820)),.SURF_OF_LINEAR_EXTRUSION.,.F.,.F.,.F.,(4,4),(2,2),
(0.,1.),(0.,1.),.PIECEWISE_BEZIER_KNOTS.);
#145=B_SPLINE_SURFACE_WITH_KNOTS('',3,1,((#5830,#5831),(#5832,#5833),(#5834,
#5835),(#5836,#5837)),.SURF_OF_LINEAR_EXTRUSION.,.F.,.F.,.F.,(4,4),(2,2),
(0.,1.),(0.,1.),.PIECEWISE_BEZIER_KNOTS.);
#146=B_SPLINE_SURFACE_WITH_KNOTS('',3,1,((#5847,#5848),(#5849,#5850),(#5851,
#5852),(#5853,#5854)),.SURF_OF_LINEAR_EXTRUSION.,.F.,.F.,.F.,(4,4),(2,2),
(0.,1.),(0.,1.),.PIECEWISE_BEZIER_KNOTS.);
#147=B_SPLINE_SURFACE_WITH_KNOTS('',3,1,((#5862,#5863),(#5864,#5865),(#5866,
#5867),(#5868,#5869)),.SURF_OF_LINEAR_EXTRUSION.,.F.,.F.,.F.,(4,4),(2,2),
(0.,1.),(0.,1.),.PIECEWISE_BEZIER_KNOTS.);
#148=B_SPLINE_SURFACE_WITH_KNOTS('',3,1,((#5875,#5876),(#5877,#5878),(#5879,
#5880),(#5881,#5882)),.SURF_OF_LINEAR_EXTRUSION.,.F.,.F.,.F.,(4,4),(2,2),
(0.,1.),(0.,1.),.PIECEWISE_BEZIER_KNOTS.);
#149=B_SPLINE_SURFACE_WITH_KNOTS('',3,1,((#5888,#5889),(#5890,#5891),(#5892,
#5893),(#5894,#5895)),.SURF_OF_LINEAR_EXTRUSION.,.F.,.F.,.F.,(4,4),(2,2),
(0.,1.),(0.,1.),.PIECEWISE_BEZIER_KNOTS.);
#150=B_SPLINE_SURFACE_WITH_KNOTS('',3,1,((#5901,#5902),(#5903,#5904),(#5905,
#5906),(#5907,#5908)),.SURF_OF_LINEAR_EXTRUSION.,.F.,.F.,.F.,(4,4),(2,2),
(0.,1.),(0.,1.),.PIECEWISE_BEZIER_KNOTS.);
#151=B_SPLINE_SURFACE_WITH_KNOTS('',3,1,((#5914,#5915),(#5916,#5917),(#5918,
#5919),(#5920,#5921)),.SURF_OF_LINEAR_EXTRUSION.,.F.,.F.,.F.,(4,4),(2,2),
(0.,1.),(0.,1.),.PIECEWISE_BEZIER_KNOTS.);
#152=B_SPLINE_SURFACE_WITH_KNOTS('',3,1,((#5927,#5928),(#5929,#5930),(#5931,
#5932),(#5933,#5934)),.SURF_OF_LINEAR_EXTRUSION.,.F.,.F.,.F.,(4,4),(2,2),
(0.,1.),(0.,1.),.PIECEWISE_BEZIER_KNOTS.);
#153=B_SPLINE_SURFACE_WITH_KNOTS('',3,1,((#5940,#5941),(#5942,#5943),(#5944,
#5945),(#5946,#5947)),.SURF_OF_LINEAR_EXTRUSION.,.F.,.F.,.F.,(4,4),(2,2),
(0.,1.),(0.,1.),.PIECEWISE_BEZIER_KNOTS.);
#154=B_SPLINE_SURFACE_WITH_KNOTS('',3,1,((#5951,#5952),(#5953,#5954),(#5955,
#5956),(#5957,#5958)),.SURF_OF_LINEAR_EXTRUSION.,.F.,.F.,.F.,(4,4),(2,2),
(0.,1.),(0.,1.),.PIECEWISE_BEZIER_KNOTS.);
#155=B_SPLINE_SURFACE_WITH_KNOTS('',3,1,((#5966,#5967),(#5968,#5969),(#5970,
#5971),(#5972,#5973)),.SURF_OF_LINEAR_EXTRUSION.,.F.,.F.,.F.,(4,4),(2,2),
(0.,1.),(0.,1.),.PIECEWISE_BEZIER_KNOTS.);
#156=B_SPLINE_SURFACE_WITH_KNOTS('',3,1,((#6005,#6006),(#6007,#6008),(#6009,
#6010),(#6011,#6012)),.SURF_OF_LINEAR_EXTRUSION.,.F.,.F.,.F.,(4,4),(2,2),
(0.,1.),(0.,1.),.PIECEWISE_BEZIER_KNOTS.);
#157=B_SPLINE_SURFACE_WITH_KNOTS('',3,1,((#6018,#6019),(#6020,#6021),(#6022,
#6023),(#6024,#6025)),.SURF_OF_LINEAR_EXTRUSION.,.F.,.F.,.F.,(4,4),(2,2),
(0.,1.),(0.,1.),.PIECEWISE_BEZIER_KNOTS.);
#158=B_SPLINE_SURFACE_WITH_KNOTS('',3,1,((#6031,#6032),(#6033,#6034),(#6035,
#6036),(#6037,#6038)),.SURF_OF_LINEAR_EXTRUSION.,.F.,.F.,.F.,(4,4),(2,2),
(0.,1.),(0.,1.),.PIECEWISE_BEZIER_KNOTS.);
#159=B_SPLINE_SURFACE_WITH_KNOTS('',3,1,((#6044,#6045),(#6046,#6047),(#6048,
#6049),(#6050,#6051)),.SURF_OF_LINEAR_EXTRUSION.,.F.,.F.,.F.,(4,4),(2,2),
(0.,1.),(0.,1.),.PIECEWISE_BEZIER_KNOTS.);
#160=B_SPLINE_SURFACE_WITH_KNOTS('',3,1,((#6057,#6058),(#6059,#6060),(#6061,
#6062),(#6063,#6064)),.SURF_OF_LINEAR_EXTRUSION.,.F.,.F.,.F.,(4,4),(2,2),
(0.,1.),(0.,1.),.PIECEWISE_BEZIER_KNOTS.);
#161=B_SPLINE_SURFACE_WITH_KNOTS('',3,1,((#6074,#6075),(#6076,#6077),(#6078,
#6079),(#6080,#6081)),.SURF_OF_LINEAR_EXTRUSION.,.F.,.F.,.F.,(4,4),(2,2),
(0.,1.),(0.,1.),.PIECEWISE_BEZIER_KNOTS.);
#162=B_SPLINE_SURFACE_WITH_KNOTS('',3,1,((#6087,#6088),(#6089,#6090),(#6091,
#6092),(#6093,#6094)),.SURF_OF_LINEAR_EXTRUSION.,.F.,.F.,.F.,(4,4),(2,2),
(0.,1.),(0.,1.),.PIECEWISE_BEZIER_KNOTS.);
#163=B_SPLINE_SURFACE_WITH_KNOTS('',3,1,((#6100,#6101),(#6102,#6103),(#6104,
#6105),(#6106,#6107)),.SURF_OF_LINEAR_EXTRUSION.,.F.,.F.,.F.,(4,4),(2,2),
(0.,1.),(0.,1.),.PIECEWISE_BEZIER_KNOTS.);
#164=B_SPLINE_SURFACE_WITH_KNOTS('',3,1,((#6113,#6114),(#6115,#6116),(#6117,
#6118),(#6119,#6120)),.SURF_OF_LINEAR_EXTRUSION.,.F.,.F.,.F.,(4,4),(2,2),
(0.,1.),(0.,1.),.PIECEWISE_BEZIER_KNOTS.);
#165=B_SPLINE_SURFACE_WITH_KNOTS('',3,1,((#6126,#6127),(#6128,#6129),(#6130,
#6131),(#6132,#6133)),.SURF_OF_LINEAR_EXTRUSION.,.F.,.F.,.F.,(4,4),(2,2),
(0.,1.),(0.,1.),.PIECEWISE_BEZIER_KNOTS.);
#166=CYLINDRICAL_SURFACE('',#3927,4.);
#167=CYLINDRICAL_SURFACE('',#3930,4.);
#168=CYLINDRICAL_SURFACE('',#3933,4.);
#169=CYLINDRICAL_SURFACE('',#3936,4.);
#170=CYLINDRICAL_SURFACE('',#3939,1.6);
#171=CYLINDRICAL_SURFACE('',#3941,1.6);
#172=CYLINDRICAL_SURFACE('',#3948,1.85);
#173=CYLINDRICAL_SURFACE('',#3951,3.5);
#174=CYLINDRICAL_SURFACE('',#3955,3.5);
#175=CYLINDRICAL_SURFACE('',#3957,1.85);
#176=CYLINDRICAL_SURFACE('',#3962,1.85);
#177=CYLINDRICAL_SURFACE('',#3965,3.5);
#178=CYLINDRICAL_SURFACE('',#3969,3.5);
#179=CYLINDRICAL_SURFACE('',#3971,1.85);
#180=CYLINDRICAL_SURFACE('',#3989,1.6);
#181=CYLINDRICAL_SURFACE('',#3990,1.6);
#182=CYLINDRICAL_SURFACE('',#3999,58.0922475038877);
#183=CYLINDRICAL_SURFACE('',#4000,134.652725988798);
#184=CYLINDRICAL_SURFACE('',#4002,134.65272598876);
#185=CYLINDRICAL_SURFACE('',#4003,58.0922475038813);
#186=CYLINDRICAL_SURFACE('',#4005,6.51837661840736);
#187=CYLINDRICAL_SURFACE('',#4006,6.51837661840736);
#188=CYLINDRICAL_SURFACE('',#4007,6.51837661840736);
#189=CYLINDRICAL_SURFACE('',#4008,6.51837661840736);
#190=CYLINDRICAL_SURFACE('',#4013,18.6742263869526);
#191=CYLINDRICAL_SURFACE('',#4015,4.69523093359597);
#192=CYLINDRICAL_SURFACE('',#4018,5.34130451543846);
#193=CYLINDRICAL_SURFACE('',#4041,18.6742263869491);
#194=CYLINDRICAL_SURFACE('',#4043,4.69523093359663);
#195=CYLINDRICAL_SURFACE('',#4046,5.34130451543766);
#196=CYLINDRICAL_SURFACE('',#4084,3.625);
#197=CYLINDRICAL_SURFACE('',#4087,4.125);
#198=CYLINDRICAL_SURFACE('',#4091,4.125);
#199=CYLINDRICAL_SURFACE('',#4093,3.625);
#200=CYLINDRICAL_SURFACE('',#4098,3.625);
#201=CYLINDRICAL_SURFACE('',#4101,4.125);
#202=CYLINDRICAL_SURFACE('',#4105,4.125);
#203=CYLINDRICAL_SURFACE('',#4107,3.625);
#204=B_SPLINE_CURVE_WITH_KNOTS('',2,(#4907,#4908,#4909),.UNSPECIFIED.,.F.,
 .F.,(3,3),(0.,1.),.PIECEWISE_BEZIER_KNOTS.);
#205=B_SPLINE_CURVE_WITH_KNOTS('',2,(#4913,#4914,#4915),.UNSPECIFIED.,.F.,
 .F.,(3,3),(0.,1.),.PIECEWISE_BEZIER_KNOTS.);
#206=B_SPLINE_CURVE_WITH_KNOTS('',2,(#4917,#4918,#4919),.UNSPECIFIED.,.F.,
 .F.,(3,3),(0.,1.),.PIECEWISE_BEZIER_KNOTS.);
#207=B_SPLINE_CURVE_WITH_KNOTS('',2,(#4921,#4922,#4923),.UNSPECIFIED.,.F.,
 .F.,(3,3),(0.,1.),.PIECEWISE_BEZIER_KNOTS.);
#208=B_SPLINE_CURVE_WITH_KNOTS('',2,(#4925,#4926,#4927),.UNSPECIFIED.,.F.,
 .F.,(3,3),(0.,1.),.PIECEWISE_BEZIER_KNOTS.);
#209=B_SPLINE_CURVE_WITH_KNOTS('',2,(#4929,#4930,#4931),.UNSPECIFIED.,.F.,
 .F.,(3,3),(0.,1.),.PIECEWISE_BEZIER_KNOTS.);
#210=B_SPLINE_CURVE_WITH_KNOTS('',2,(#4935,#4936,#4937),.UNSPECIFIED.,.F.,
 .F.,(3,3),(0.,1.),.PIECEWISE_BEZIER_KNOTS.);
#211=B_SPLINE_CURVE_WITH_KNOTS('',2,(#4939,#4940,#4941),.UNSPECIFIED.,.F.,
 .F.,(3,3),(0.,1.),.PIECEWISE_BEZIER_KNOTS.);
#212=B_SPLINE_CURVE_WITH_KNOTS('',2,(#4943,#4944,#4945),.UNSPECIFIED.,.F.,
 .F.,(3,3),(0.,1.),.PIECEWISE_BEZIER_KNOTS.);
#213=B_SPLINE_CURVE_WITH_KNOTS('',2,(#4947,#4948,#4949),.UNSPECIFIED.,.F.,
 .F.,(3,3),(0.,1.),.PIECEWISE_BEZIER_KNOTS.);
#214=B_SPLINE_CURVE_WITH_KNOTS('',2,(#4951,#4952,#4953),.UNSPECIFIED.,.F.,
 .F.,(3,3),(0.,1.),.PIECEWISE_BEZIER_KNOTS.);
#215=B_SPLINE_CURVE_WITH_KNOTS('',3,(#4975,#4976,#4977,#4978,#4979,#4980,
#4981,#4982,#4983,#4984,#4985),.UNSPECIFIED.,.F.,.F.,(4,1,1,1,1,1,1,1,4),
(0.0880808768227708,0.125095828781439,0.258352005558937,0.373507960788836,
0.476545731281781,0.592309619676472,0.715556840240408,0.831526598258266,
0.862930251384892),.UNSPECIFIED.);
#216=B_SPLINE_CURVE_WITH_KNOTS('',2,(#4998,#4999,#5000),.UNSPECIFIED.,.F.,
 .F.,(3,3),(0.,1.),.PIECEWISE_BEZIER_KNOTS.);
#217=B_SPLINE_CURVE_WITH_KNOTS('',2,(#5003,#5004,#5005),.UNSPECIFIED.,.F.,
 .F.,(3,3),(0.,1.),.PIECEWISE_BEZIER_KNOTS.);
#218=B_SPLINE_CURVE_WITH_KNOTS('',2,(#5007,#5008,#5009),.UNSPECIFIED.,.F.,
 .F.,(3,3),(0.,1.),.PIECEWISE_BEZIER_KNOTS.);
#219=B_SPLINE_CURVE_WITH_KNOTS('',2,(#5011,#5012,#5013),.UNSPECIFIED.,.F.,
 .F.,(3,3),(0.,1.),.PIECEWISE_BEZIER_KNOTS.);
#220=B_SPLINE_CURVE_WITH_KNOTS('',2,(#5015,#5016,#5017),.UNSPECIFIED.,.F.,
 .F.,(3,3),(0.,1.),.PIECEWISE_BEZIER_KNOTS.);
#221=B_SPLINE_CURVE_WITH_KNOTS('',2,(#5019,#5020,#5021),.UNSPECIFIED.,.F.,
 .F.,(3,3),(0.,1.),.PIECEWISE_BEZIER_KNOTS.);
#222=B_SPLINE_CURVE_WITH_KNOTS('',2,(#5023,#5024,#5025),.UNSPECIFIED.,.F.,
 .F.,(3,3),(0.,1.),.PIECEWISE_BEZIER_KNOTS.);
#223=B_SPLINE_CURVE_WITH_KNOTS('',2,(#5027,#5028,#5029),.UNSPECIFIED.,.F.,
 .F.,(3,3),(0.,1.),.PIECEWISE_BEZIER_KNOTS.);
#224=B_SPLINE_CURVE_WITH_KNOTS('',2,(#5033,#5034,#5035),.UNSPECIFIED.,.F.,
 .F.,(3,3),(0.,1.),.PIECEWISE_BEZIER_KNOTS.);
#225=B_SPLINE_CURVE_WITH_KNOTS('',2,(#5039,#5040,#5041),.UNSPECIFIED.,.F.,
 .F.,(3,3),(0.,1.),.PIECEWISE_BEZIER_KNOTS.);
#226=B_SPLINE_CURVE_WITH_KNOTS('',2,(#5043,#5044,#5045),.UNSPECIFIED.,.F.,
 .F.,(3,3),(0.,1.),.PIECEWISE_BEZIER_KNOTS.);
#227=B_SPLINE_CURVE_WITH_KNOTS('',2,(#5047,#5048,#5049),.UNSPECIFIED.,.F.,
 .F.,(3,3),(0.,1.),.PIECEWISE_BEZIER_KNOTS.);
#228=B_SPLINE_CURVE_WITH_KNOTS('',2,(#5051,#5052,#5053),.UNSPECIFIED.,.F.,
 .F.,(3,3),(0.,1.),.PIECEWISE_BEZIER_KNOTS.);
#229=B_SPLINE_CURVE_WITH_KNOTS('',2,(#5055,#5056,#5057),.UNSPECIFIED.,.F.,
 .F.,(3,3),(0.,1.),.PIECEWISE_BEZIER_KNOTS.);
#230=B_SPLINE_CURVE_WITH_KNOTS('',2,(#5061,#5062,#5063),.UNSPECIFIED.,.F.,
 .F.,(3,3),(0.,1.),.PIECEWISE_BEZIER_KNOTS.);
#231=B_SPLINE_CURVE_WITH_KNOTS('',2,(#5065,#5066,#5067),.UNSPECIFIED.,.F.,
 .F.,(3,3),(0.,1.),.PIECEWISE_BEZIER_KNOTS.);
#232=B_SPLINE_CURVE_WITH_KNOTS('',2,(#5069,#5070,#5071),.UNSPECIFIED.,.F.,
 .F.,(3,3),(0.,1.),.PIECEWISE_BEZIER_KNOTS.);
#233=B_SPLINE_CURVE_WITH_KNOTS('',2,(#5073,#5074,#5075),.UNSPECIFIED.,.F.,
 .F.,(3,3),(0.,1.),.PIECEWISE_BEZIER_KNOTS.);
#234=B_SPLINE_CURVE_WITH_KNOTS('',2,(#5077,#5078,#5079),.UNSPECIFIED.,.F.,
 .F.,(3,3),(0.,1.),.PIECEWISE_BEZIER_KNOTS.);
#235=B_SPLINE_CURVE_WITH_KNOTS('',3,(#5114,#5115,#5116,#5117,#5118,#5119,
#5120,#5121,#5122,#5123,#5124),.UNSPECIFIED.,.F.,.F.,(4,1,1,1,1,1,1,1,4),
(0.0880808768227708,0.125095828781439,0.258352005558937,0.373507960788836,
0.476545731281781,0.592309619676472,0.715556840240408,0.831526598258266,
0.862930251384892),.UNSPECIFIED.);
#236=B_SPLINE_CURVE_WITH_KNOTS('',3,(#5303,#5304,#5305,#5306,#5307,#5308,
#5309,#5310,#5311,#5312,#5313),.UNSPECIFIED.,.F.,.F.,(4,1,1,1,1,1,1,1,4),
(0.0880808768227708,0.125095828781439,0.258352005558937,0.373507960788836,
0.476545731281781,0.592309619676472,0.715556840240408,0.831526598258266,
0.862930251384892),.UNSPECIFIED.);
#237=B_SPLINE_CURVE_WITH_KNOTS('',3,(#5316,#5317,#5318,#5319),
 .UNSPECIFIED.,.F.,.F.,(4,4),(1.40856555315018E-15,0.00256894682260616),
 .UNSPECIFIED.);
#238=B_SPLINE_CURVE_WITH_KNOTS('',3,(#5324,#5325,#5326,#5327),
 .UNSPECIFIED.,.F.,.F.,(4,4),(9.37343186829133E-15,0.00257066495410697),
 .UNSPECIFIED.);
#239=B_SPLINE_CURVE_WITH_KNOTS('',3,(#5329,#5330,#5331,#5332),
 .UNSPECIFIED.,.F.,.F.,(4,4),(1.18389365388643E-14,0.00107314222212937),
 .UNSPECIFIED.);
#240=B_SPLINE_CURVE_WITH_KNOTS('',3,(#5334,#5335,#5336,#5337),
 .UNSPECIFIED.,.F.,.F.,(4,4),(0.,0.00107214869573128),.UNSPECIFIED.);
#241=B_SPLINE_CURVE_WITH_KNOTS('',3,(#5387,#5388,#5389,#5390),
 .UNSPECIFIED.,.F.,.F.,(4,4),(0.,0.00256894682240531),.UNSPECIFIED.);
#242=B_SPLINE_CURVE_WITH_KNOTS('',3,(#5392,#5393,#5394,#5395,#5396,#5397,
#5398,#5399,#5400,#5401,#5402),.UNSPECIFIED.,.F.,.F.,(4,1,1,1,1,1,1,1,4),
(0.0880808768227708,0.125095828781439,0.258352005558937,0.373507960788836,
0.476545731281781,0.592309619676472,0.715556840240408,0.831526598258266,
0.862930251384892),.UNSPECIFIED.);
#243=B_SPLINE_CURVE_WITH_KNOTS('',3,(#5404,#5405,#5406,#5407),
 .UNSPECIFIED.,.F.,.F.,(4,4),(8.17831588205338E-15,0.00257064402751874),
 .UNSPECIFIED.);
#244=B_SPLINE_CURVE_WITH_KNOTS('',3,(#5411,#5412,#5413,#5414),
 .UNSPECIFIED.,.F.,.F.,(4,4),(0.,0.00107214869530754),.UNSPECIFIED.);
#245=B_SPLINE_CURVE_WITH_KNOTS('',3,(#5416,#5417,#5418,#5419),
 .UNSPECIFIED.,.F.,.F.,(4,4),(0.,0.00107314222235476),.UNSPECIFIED.);
#246=B_SPLINE_CURVE_WITH_KNOTS('',2,(#5437,#5438,#5439),.UNSPECIFIED.,.F.,
 .F.,(3,3),(0.,1.),.PIECEWISE_BEZIER_KNOTS.);
#247=B_SPLINE_CURVE_WITH_KNOTS('',2,(#5476,#5477,#5478),.UNSPECIFIED.,.F.,
 .F.,(3,3),(0.,1.),.PIECEWISE_BEZIER_KNOTS.);
#248=B_SPLINE_CURVE_WITH_KNOTS('',2,(#5489,#5490,#5491),.UNSPECIFIED.,.F.,
 .F.,(3,3),(0.,1.),.PIECEWISE_BEZIER_KNOTS.);
#249=B_SPLINE_CURVE_WITH_KNOTS('',2,(#5502,#5503,#5504),.UNSPECIFIED.,.F.,
 .F.,(3,3),(0.,1.),.PIECEWISE_BEZIER_KNOTS.);
#250=B_SPLINE_CURVE_WITH_KNOTS('',2,(#5515,#5516,#5517),.UNSPECIFIED.,.F.,
 .F.,(3,3),(0.,1.),.PIECEWISE_BEZIER_KNOTS.);
#251=B_SPLINE_CURVE_WITH_KNOTS('',2,(#5528,#5529,#5530),.UNSPECIFIED.,.F.,
 .F.,(3,3),(0.,1.),.PIECEWISE_BEZIER_KNOTS.);
#252=B_SPLINE_CURVE_WITH_KNOTS('',2,(#5545,#5546,#5547),.UNSPECIFIED.,.F.,
 .F.,(3,3),(0.,1.),.PIECEWISE_BEZIER_KNOTS.);
#253=B_SPLINE_CURVE_WITH_KNOTS('',2,(#5558,#5559,#5560),.UNSPECIFIED.,.F.,
 .F.,(3,3),(0.,1.),.PIECEWISE_BEZIER_KNOTS.);
#254=B_SPLINE_CURVE_WITH_KNOTS('',2,(#5571,#5572,#5573),.UNSPECIFIED.,.F.,
 .F.,(3,3),(0.,1.),.PIECEWISE_BEZIER_KNOTS.);
#255=B_SPLINE_CURVE_WITH_KNOTS('',2,(#5584,#5585,#5586),.UNSPECIFIED.,.F.,
 .F.,(3,3),(0.,1.),.PIECEWISE_BEZIER_KNOTS.);
#256=B_SPLINE_CURVE_WITH_KNOTS('',2,(#5597,#5598,#5599),.UNSPECIFIED.,.F.,
 .F.,(3,3),(0.,1.),.PIECEWISE_BEZIER_KNOTS.);
#257=B_SPLINE_CURVE_WITH_KNOTS('',2,(#5665,#5666,#5667),.UNSPECIFIED.,.F.,
 .F.,(3,3),(0.,1.),.PIECEWISE_BEZIER_KNOTS.);
#258=B_SPLINE_CURVE_WITH_KNOTS('',2,(#5672,#5673,#5674),.UNSPECIFIED.,.F.,
 .F.,(3,3),(0.,1.),.PIECEWISE_BEZIER_KNOTS.);
#259=B_SPLINE_CURVE_WITH_KNOTS('',2,(#5685,#5686,#5687),.UNSPECIFIED.,.F.,
 .F.,(3,3),(0.,1.),.PIECEWISE_BEZIER_KNOTS.);
#260=B_SPLINE_CURVE_WITH_KNOTS('',2,(#5691,#5692,#5693),.UNSPECIFIED.,.F.,
 .F.,(3,3),(0.,1.),.PIECEWISE_BEZIER_KNOTS.);
#261=B_SPLINE_CURVE_WITH_KNOTS('',2,(#5702,#5703,#5704),.UNSPECIFIED.,.F.,
 .F.,(3,3),(0.,1.),.PIECEWISE_BEZIER_KNOTS.);
#262=B_SPLINE_CURVE_WITH_KNOTS('',2,(#5708,#5709,#5710),.UNSPECIFIED.,.F.,
 .F.,(3,3),(0.,1.),.PIECEWISE_BEZIER_KNOTS.);
#263=B_SPLINE_CURVE_WITH_KNOTS('',2,(#5719,#5720,#5721),.UNSPECIFIED.,.F.,
 .F.,(3,3),(0.,1.),.PIECEWISE_BEZIER_KNOTS.);
#264=B_SPLINE_CURVE_WITH_KNOTS('',2,(#5725,#5726,#5727),.UNSPECIFIED.,.F.,
 .F.,(3,3),(0.,1.),.PIECEWISE_BEZIER_KNOTS.);
#265=B_SPLINE_CURVE_WITH_KNOTS('',2,(#5736,#5737,#5738),.UNSPECIFIED.,.F.,
 .F.,(3,3),(0.,1.),.PIECEWISE_BEZIER_KNOTS.);
#266=B_SPLINE_CURVE_WITH_KNOTS('',2,(#5742,#5743,#5744),.UNSPECIFIED.,.F.,
 .F.,(3,3),(0.,1.),.PIECEWISE_BEZIER_KNOTS.);
#267=B_SPLINE_CURVE_WITH_KNOTS('',2,(#5753,#5754,#5755),.UNSPECIFIED.,.F.,
 .F.,(3,3),(0.,1.),.PIECEWISE_BEZIER_KNOTS.);
#268=B_SPLINE_CURVE_WITH_KNOTS('',2,(#5759,#5760,#5761),.UNSPECIFIED.,.F.,
 .F.,(3,3),(0.,1.),.PIECEWISE_BEZIER_KNOTS.);
#269=B_SPLINE_CURVE_WITH_KNOTS('',2,(#5770,#5771,#5772),.UNSPECIFIED.,.F.,
 .F.,(3,3),(0.,1.),.PIECEWISE_BEZIER_KNOTS.);
#270=B_SPLINE_CURVE_WITH_KNOTS('',2,(#5776,#5777,#5778),.UNSPECIFIED.,.F.,
 .F.,(3,3),(0.,1.),.PIECEWISE_BEZIER_KNOTS.);
#271=B_SPLINE_CURVE_WITH_KNOTS('',2,(#5787,#5788,#5789),.UNSPECIFIED.,.F.,
 .F.,(3,3),(0.,1.),.PIECEWISE_BEZIER_KNOTS.);
#272=B_SPLINE_CURVE_WITH_KNOTS('',2,(#5793,#5794,#5795),.UNSPECIFIED.,.F.,
 .F.,(3,3),(0.,1.),.PIECEWISE_BEZIER_KNOTS.);
#273=B_SPLINE_CURVE_WITH_KNOTS('',2,(#5804,#5805,#5806),.UNSPECIFIED.,.F.,
 .F.,(3,3),(0.,1.),.PIECEWISE_BEZIER_KNOTS.);
#274=B_SPLINE_CURVE_WITH_KNOTS('',2,(#5810,#5811,#5812),.UNSPECIFIED.,.F.,
 .F.,(3,3),(0.,1.),.PIECEWISE_BEZIER_KNOTS.);
#275=B_SPLINE_CURVE_WITH_KNOTS('',2,(#5821,#5822,#5823),.UNSPECIFIED.,.F.,
 .F.,(3,3),(0.,1.),.PIECEWISE_BEZIER_KNOTS.);
#276=B_SPLINE_CURVE_WITH_KNOTS('',2,(#5827,#5828,#5829),.UNSPECIFIED.,.F.,
 .F.,(3,3),(0.,1.),.PIECEWISE_BEZIER_KNOTS.);
#277=B_SPLINE_CURVE_WITH_KNOTS('',2,(#5838,#5839,#5840),.UNSPECIFIED.,.F.,
 .F.,(3,3),(0.,1.),.PIECEWISE_BEZIER_KNOTS.);
#278=B_SPLINE_CURVE_WITH_KNOTS('',2,(#5844,#5845,#5846),.UNSPECIFIED.,.F.,
 .F.,(3,3),(0.,1.),.PIECEWISE_BEZIER_KNOTS.);
#279=B_SPLINE_CURVE_WITH_KNOTS('',2,(#5857,#5858,#5859),.UNSPECIFIED.,.F.,
 .F.,(3,3),(0.,1.),.PIECEWISE_BEZIER_KNOTS.);
#280=B_SPLINE_CURVE_WITH_KNOTS('',2,(#5872,#5873,#5874),.UNSPECIFIED.,.F.,
 .F.,(3,3),(0.,1.),.PIECEWISE_BEZIER_KNOTS.);
#281=B_SPLINE_CURVE_WITH_KNOTS('',2,(#5885,#5886,#5887),.UNSPECIFIED.,.F.,
 .F.,(3,3),(0.,1.),.PIECEWISE_BEZIER_KNOTS.);
#282=B_SPLINE_CURVE_WITH_KNOTS('',2,(#5898,#5899,#5900),.UNSPECIFIED.,.F.,
 .F.,(3,3),(0.,1.),.PIECEWISE_BEZIER_KNOTS.);
#283=B_SPLINE_CURVE_WITH_KNOTS('',2,(#5911,#5912,#5913),.UNSPECIFIED.,.F.,
 .F.,(3,3),(0.,1.),.PIECEWISE_BEZIER_KNOTS.);
#284=B_SPLINE_CURVE_WITH_KNOTS('',2,(#5924,#5925,#5926),.UNSPECIFIED.,.F.,
 .F.,(3,3),(0.,1.),.PIECEWISE_BEZIER_KNOTS.);
#285=B_SPLINE_CURVE_WITH_KNOTS('',2,(#5937,#5938,#5939),.UNSPECIFIED.,.F.,
 .F.,(3,3),(0.,1.),.PIECEWISE_BEZIER_KNOTS.);
#286=B_SPLINE_CURVE_WITH_KNOTS('',2,(#5948,#5949,#5950),.UNSPECIFIED.,.F.,
 .F.,(3,3),(0.,1.),.PIECEWISE_BEZIER_KNOTS.);
#287=B_SPLINE_CURVE_WITH_KNOTS('',2,(#5959,#5960,#5961),.UNSPECIFIED.,.F.,
 .F.,(3,3),(0.,1.),.PIECEWISE_BEZIER_KNOTS.);
#288=B_SPLINE_CURVE_WITH_KNOTS('',2,(#5962,#5963,#5964),.UNSPECIFIED.,.F.,
 .F.,(3,3),(0.,1.),.PIECEWISE_BEZIER_KNOTS.);
#289=B_SPLINE_CURVE_WITH_KNOTS('',2,(#5976,#5977,#5978),.UNSPECIFIED.,.F.,
 .F.,(3,3),(0.,1.),.PIECEWISE_BEZIER_KNOTS.);
#290=B_SPLINE_CURVE_WITH_KNOTS('',2,(#6015,#6016,#6017),.UNSPECIFIED.,.F.,
 .F.,(3,3),(0.,1.),.PIECEWISE_BEZIER_KNOTS.);
#291=B_SPLINE_CURVE_WITH_KNOTS('',2,(#6028,#6029,#6030),.UNSPECIFIED.,.F.,
 .F.,(3,3),(0.,1.),.PIECEWISE_BEZIER_KNOTS.);
#292=B_SPLINE_CURVE_WITH_KNOTS('',2,(#6041,#6042,#6043),.UNSPECIFIED.,.F.,
 .F.,(3,3),(0.,1.),.PIECEWISE_BEZIER_KNOTS.);
#293=B_SPLINE_CURVE_WITH_KNOTS('',2,(#6054,#6055,#6056),.UNSPECIFIED.,.F.,
 .F.,(3,3),(0.,1.),.PIECEWISE_BEZIER_KNOTS.);
#294=B_SPLINE_CURVE_WITH_KNOTS('',2,(#6067,#6068,#6069),.UNSPECIFIED.,.F.,
 .F.,(3,3),(0.,1.),.PIECEWISE_BEZIER_KNOTS.);
#295=B_SPLINE_CURVE_WITH_KNOTS('',2,(#6084,#6085,#6086),.UNSPECIFIED.,.F.,
 .F.,(3,3),(0.,1.),.PIECEWISE_BEZIER_KNOTS.);
#296=B_SPLINE_CURVE_WITH_KNOTS('',2,(#6097,#6098,#6099),.UNSPECIFIED.,.F.,
 .F.,(3,3),(0.,1.),.PIECEWISE_BEZIER_KNOTS.);
#297=B_SPLINE_CURVE_WITH_KNOTS('',2,(#6110,#6111,#6112),.UNSPECIFIED.,.F.,
 .F.,(3,3),(0.,1.),.PIECEWISE_BEZIER_KNOTS.);
#298=B_SPLINE_CURVE_WITH_KNOTS('',2,(#6123,#6124,#6125),.UNSPECIFIED.,.F.,
 .F.,(3,3),(0.,1.),.PIECEWISE_BEZIER_KNOTS.);
#299=B_SPLINE_CURVE_WITH_KNOTS('',2,(#6136,#6137,#6138),.UNSPECIFIED.,.F.,
 .F.,(3,3),(0.,1.),.PIECEWISE_BEZIER_KNOTS.);
#300=LINE('',#4801,#561);
#301=LINE('',#4806,#562);
#302=LINE('',#4810,#563);
#303=LINE('',#4814,#564);
#304=LINE('',#4822,#565);
#305=LINE('',#4825,#566);
#306=LINE('',#4827,#567);
#307=LINE('',#4829,#568);
#308=LINE('',#4831,#569);
#309=LINE('',#4833,#570);
#310=LINE('',#4835,#571);
#311=LINE('',#4837,#572);
#312=LINE('',#4839,#573);
#313=LINE('',#4841,#574);
#314=LINE('',#4843,#575);
#315=LINE('',#4845,#576);
#316=LINE('',#4847,#577);
#317=LINE('',#4849,#578);
#318=LINE('',#4851,#579);
#319=LINE('',#4853,#580);
#320=LINE('',#4855,#581);
#321=LINE('',#4857,#582);
#322=LINE('',#4859,#583);
#323=LINE('',#4861,#584);
#324=LINE('',#4863,#585);
#325=LINE('',#4865,#586);
#326=LINE('',#4867,#587);
#327=LINE('',#4869,#588);
#328=LINE('',#4871,#589);
#329=LINE('',#4873,#590);
#330=LINE('',#4875,#591);
#331=LINE('',#4877,#592);
#332=LINE('',#4878,#593);
#333=LINE('',#4881,#594);
#334=LINE('',#4883,#595);
#335=LINE('',#4885,#596);
#336=LINE('',#4887,#597);
#337=LINE('',#4889,#598);
#338=LINE('',#4891,#599);
#339=LINE('',#4892,#600);
#340=LINE('',#4895,#601);
#341=LINE('',#4897,#602);
#342=LINE('',#4899,#603);
#343=LINE('',#4901,#604);
#344=LINE('',#4903,#605);
#345=LINE('',#4904,#606);
#346=LINE('',#4933,#607);
#347=LINE('',#4959,#608);
#348=LINE('',#4961,#609);
#349=LINE('',#4963,#610);
#350=LINE('',#4968,#611);
#351=LINE('',#4971,#612);
#352=LINE('',#4989,#613);
#353=LINE('',#4991,#614);
#354=LINE('',#4993,#615);
#355=LINE('',#4995,#616);
#356=LINE('',#4997,#617);
#357=LINE('',#5030,#618);
#358=LINE('',#5059,#619);
#359=LINE('',#5085,#620);
#360=LINE('',#5087,#621);
#361=LINE('',#5089,#622);
#362=LINE('',#5098,#623);
#363=LINE('',#5100,#624);
#364=LINE('',#5102,#625);
#365=LINE('',#5104,#626);
#366=LINE('',#5106,#627);
#367=LINE('',#5108,#628);
#368=LINE('',#5110,#629);
#369=LINE('',#5128,#630);
#370=LINE('',#5134,#631);
#371=LINE('',#5140,#632);
#372=LINE('',#5146,#633);
#373=LINE('',#5156,#634);
#374=LINE('',#5159,#635);
#375=LINE('',#5161,#636);
#376=LINE('',#5163,#637);
#377=LINE('',#5213,#638);
#378=LINE('',#5215,#639);
#379=LINE('',#5217,#640);
#380=LINE('',#5219,#641);
#381=LINE('',#5221,#642);
#382=LINE('',#5223,#643);
#383=LINE('',#5225,#644);
#384=LINE('',#5227,#645);
#385=LINE('',#5233,#646);
#386=LINE('',#5239,#647);
#387=LINE('',#5244,#648);
#388=LINE('',#5245,#649);
#389=LINE('',#5247,#650);
#390=LINE('',#5248,#651);
#391=LINE('',#5321,#652);
#392=LINE('',#5322,#653);
#393=LINE('',#5339,#654);
#394=LINE('',#5340,#655);
#395=LINE('',#5385,#656);
#396=LINE('',#5409,#657);
#397=LINE('',#5421,#658);
#398=LINE('',#5422,#659);
#399=LINE('',#5435,#660);
#400=LINE('',#5441,#661);
#401=LINE('',#5443,#662);
#402=LINE('',#5445,#663);
#403=LINE('',#5447,#664);
#404=LINE('',#5449,#665);
#405=LINE('',#5451,#666);
#406=LINE('',#5453,#667);
#407=LINE('',#5455,#668);
#408=LINE('',#5457,#669);
#409=LINE('',#5459,#670);
#410=LINE('',#5463,#671);
#411=LINE('',#5474,#672);
#412=LINE('',#5487,#673);
#413=LINE('',#5500,#674);
#414=LINE('',#5513,#675);
#415=LINE('',#5526,#676);
#416=LINE('',#5532,#677);
#417=LINE('',#5534,#678);
#418=LINE('',#5543,#679);
#419=LINE('',#5556,#680);
#420=LINE('',#5569,#681);
#421=LINE('',#5582,#682);
#422=LINE('',#5595,#683);
#423=LINE('',#5604,#684);
#424=LINE('',#5606,#685);
#425=LINE('',#5608,#686);
#426=LINE('',#5610,#687);
#427=LINE('',#5612,#688);
#428=LINE('',#5614,#689);
#429=LINE('',#5616,#690);
#430=LINE('',#5618,#691);
#431=LINE('',#5620,#692);
#432=LINE('',#5622,#693);
#433=LINE('',#5624,#694);
#434=LINE('',#5626,#695);
#435=LINE('',#5629,#696);
#436=LINE('',#5631,#697);
#437=LINE('',#5633,#698);
#438=LINE('',#5635,#699);
#439=LINE('',#5637,#700);
#440=LINE('',#5639,#701);
#441=LINE('',#5641,#702);
#442=LINE('',#5643,#703);
#443=LINE('',#5645,#704);
#444=LINE('',#5647,#705);
#445=LINE('',#5649,#706);
#446=LINE('',#5651,#707);
#447=LINE('',#5653,#708);
#448=LINE('',#5655,#709);
#449=LINE('',#5670,#710);
#450=LINE('',#5676,#711);
#451=LINE('',#5689,#712);
#452=LINE('',#5706,#713);
#453=LINE('',#5723,#714);
#454=LINE('',#5740,#715);
#455=LINE('',#5757,#716);
#456=LINE('',#5774,#717);
#457=LINE('',#5791,#718);
#458=LINE('',#5808,#719);
#459=LINE('',#5825,#720);
#460=LINE('',#5842,#721);
#461=LINE('',#5855,#722);
#462=LINE('',#5861,#723);
#463=LINE('',#5870,#724);
#464=LINE('',#5883,#725);
#465=LINE('',#5896,#726);
#466=LINE('',#5909,#727);
#467=LINE('',#5922,#728);
#468=LINE('',#5935,#729);
#469=LINE('',#5974,#730);
#470=LINE('',#5980,#731);
#471=LINE('',#5982,#732);
#472=LINE('',#5984,#733);
#473=LINE('',#5986,#734);
#474=LINE('',#5988,#735);
#475=LINE('',#5990,#736);
#476=LINE('',#5992,#737);
#477=LINE('',#5994,#738);
#478=LINE('',#5996,#739);
#479=LINE('',#5998,#740);
#480=LINE('',#6002,#741);
#481=LINE('',#6013,#742);
#482=LINE('',#6026,#743);
#483=LINE('',#6039,#744);
#484=LINE('',#6052,#745);
#485=LINE('',#6065,#746);
#486=LINE('',#6071,#747);
#487=LINE('',#6073,#748);
#488=LINE('',#6082,#749);
#489=LINE('',#6095,#750);
#490=LINE('',#6108,#751);
#491=LINE('',#6121,#752);
#492=LINE('',#6134,#753);
#493=LINE('',#6143,#754);
#494=LINE('',#6146,#755);
#495=LINE('',#6148,#756);
#496=LINE('',#6150,#757);
#497=LINE('',#6152,#758);
#498=LINE('',#6154,#759);
#499=LINE('',#6156,#760);
#500=LINE('',#6158,#761);
#501=LINE('',#6160,#762);
#502=LINE('',#6162,#763);
#503=LINE('',#6164,#764);
#504=LINE('',#6166,#765);
#505=LINE('',#6168,#766);
#506=LINE('',#6170,#767);
#507=LINE('',#6172,#768);
#508=LINE('',#6174,#769);
#509=LINE('',#6176,#770);
#510=LINE('',#6178,#771);
#511=LINE('',#6180,#772);
#512=LINE('',#6182,#773);
#513=LINE('',#6184,#774);
#514=LINE('',#6186,#775);
#515=LINE('',#6188,#776);
#516=LINE('',#6190,#777);
#517=LINE('',#6192,#778);
#518=LINE('',#6194,#779);
#519=LINE('',#6196,#780);
#520=LINE('',#6198,#781);
#521=LINE('',#6200,#782);
#522=LINE('',#6202,#783);
#523=LINE('',#6204,#784);
#524=LINE('',#6206,#785);
#525=LINE('',#6208,#786);
#526=LINE('',#6210,#787);
#527=LINE('',#6212,#788);
#528=LINE('',#6214,#789);
#529=LINE('',#6216,#790);
#530=LINE('',#6218,#791);
#531=LINE('',#6220,#792);
#532=LINE('',#6222,#793);
#533=LINE('',#6224,#794);
#534=LINE('',#6226,#795);
#535=LINE('',#6228,#796);
#536=LINE('',#6230,#797);
#537=LINE('',#6232,#798);
#538=LINE('',#6234,#799);
#539=LINE('',#6236,#800);
#540=LINE('',#6238,#801);
#541=LINE('',#6240,#802);
#542=LINE('',#6242,#803);
#543=LINE('',#6244,#804);
#544=LINE('',#6246,#805);
#545=LINE('',#6248,#806);
#546=LINE('',#6250,#807);
#547=LINE('',#6252,#808);
#548=LINE('',#6254,#809);
#549=LINE('',#6256,#810);
#550=LINE('',#6258,#811);
#551=LINE('',#6260,#812);
#552=LINE('',#6262,#813);
#553=LINE('',#6264,#814);
#554=LINE('',#6266,#815);
#555=LINE('',#6268,#816);
#556=LINE('',#6270,#817);
#557=LINE('',#6272,#818);
#558=LINE('',#6274,#819);
#559=LINE('',#6276,#820);
#560=LINE('',#6277,#821);
#561=VECTOR('',#4120,1000.);
#562=VECTOR('',#4123,1000.);
#563=VECTOR('',#4126,1000.);
#564=VECTOR('',#4129,1000.);
#565=VECTOR('',#4138,1000.);
#566=VECTOR('',#4139,1000.);
#567=VECTOR('',#4140,1000.);
#568=VECTOR('',#4141,1000.);
#569=VECTOR('',#4142,1000.);
#570=VECTOR('',#4143,1000.);
#571=VECTOR('',#4144,1000.);
#572=VECTOR('',#4145,1000.);
#573=VECTOR('',#4146,1000.);
#574=VECTOR('',#4147,1000.);
#575=VECTOR('',#4148,1000.);
#576=VECTOR('',#4149,1000.);
#577=VECTOR('',#4150,1000.);
#578=VECTOR('',#4151,1000.);
#579=VECTOR('',#4152,1000.);
#580=VECTOR('',#4153,1000.);
#581=VECTOR('',#4154,1000.);
#582=VECTOR('',#4155,1000.);
#583=VECTOR('',#4156,1000.);
#584=VECTOR('',#4157,1000.);
#585=VECTOR('',#4158,1000.);
#586=VECTOR('',#4159,1000.);
#587=VECTOR('',#4160,1000.);
#588=VECTOR('',#4161,1000.);
#589=VECTOR('',#4162,1000.);
#590=VECTOR('',#4163,1000.);
#591=VECTOR('',#4164,1000.);
#592=VECTOR('',#4165,1000.);
#593=VECTOR('',#4166,1000.);
#594=VECTOR('',#4167,1000.);
#595=VECTOR('',#4168,1000.);
#596=VECTOR('',#4169,1000.);
#597=VECTOR('',#4170,1000.);
#598=VECTOR('',#4171,1000.);
#599=VECTOR('',#4172,1000.);
#600=VECTOR('',#4173,1000.);
#601=VECTOR('',#4174,1000.);
#602=VECTOR('',#4175,1000.);
#603=VECTOR('',#4176,1000.);
#604=VECTOR('',#4177,1000.);
#605=VECTOR('',#4178,1000.);
#606=VECTOR('',#4179,1000.);
#607=VECTOR('',#4182,1000.);
#608=VECTOR('',#4187,1000.);
#609=VECTOR('',#4188,1000.);
#610=VECTOR('',#4189,1000.);
#611=VECTOR('',#4194,1000.);
#612=VECTOR('',#4195,1000.);
#613=VECTOR('',#4200,1000.);
#614=VECTOR('',#4201,1000.);
#615=VECTOR('',#4202,1000.);
#616=VECTOR('',#4203,1000.);
#617=VECTOR('',#4204,1000.);
#618=VECTOR('',#4205,1000.);
#619=VECTOR('',#4208,1000.);
#620=VECTOR('',#4213,1000.);
#621=VECTOR('',#4214,1000.);
#622=VECTOR('',#4215,1000.);
#623=VECTOR('',#4224,1000.);
#624=VECTOR('',#4225,1000.);
#625=VECTOR('',#4226,1000.);
#626=VECTOR('',#4227,1000.);
#627=VECTOR('',#4228,1000.);
#628=VECTOR('',#4229,1000.);
#629=VECTOR('',#4230,1000.);
#630=VECTOR('',#4237,1000.);
#631=VECTOR('',#4244,1000.);
#632=VECTOR('',#4251,1000.);
#633=VECTOR('',#4258,1000.);
#634=VECTOR('',#4271,1000.);
#635=VECTOR('',#4272,1000.);
#636=VECTOR('',#4273,1000.);
#637=VECTOR('',#4274,1000.);
#638=VECTOR('',#4341,1000.);
#639=VECTOR('',#4342,1000.);
#640=VECTOR('',#4343,1000.);
#641=VECTOR('',#4346,1000.);
#642=VECTOR('',#4347,1000.);
#643=VECTOR('',#4350,1000.);
#644=VECTOR('',#4351,1000.);
#645=VECTOR('',#4354,1000.);
#646=VECTOR('',#4361,1000.);
#647=VECTOR('',#4366,1000.);
#648=VECTOR('',#4373,1000.);
#649=VECTOR('',#4374,1000.);
#650=VECTOR('',#4377,1000.);
#651=VECTOR('',#4378,1000.);
#652=VECTOR('',#4399,1000.);
#653=VECTOR('',#4400,1000.);
#654=VECTOR('',#4407,1000.);
#655=VECTOR('',#4408,1000.);
#656=VECTOR('',#4409,1000.);
#657=VECTOR('',#4410,1000.);
#658=VECTOR('',#4417,1000.);
#659=VECTOR('',#4418,1000.);
#660=VECTOR('',#4427,1000.);
#661=VECTOR('',#4428,1000.);
#662=VECTOR('',#4431,1000.);
#663=VECTOR('',#4432,1000.);
#664=VECTOR('',#4435,1000.);
#665=VECTOR('',#4436,1000.);
#666=VECTOR('',#4439,1000.);
#667=VECTOR('',#4440,1000.);
#668=VECTOR('',#4443,1000.);
#669=VECTOR('',#4444,1000.);
#670=VECTOR('',#4447,1000.);
#671=VECTOR('',#4452,1000.);
#672=VECTOR('',#4455,1000.);
#673=VECTOR('',#4456,1000.);
#674=VECTOR('',#4457,1000.);
#675=VECTOR('',#4458,1000.);
#676=VECTOR('',#4459,1000.);
#677=VECTOR('',#4462,1000.);
#678=VECTOR('',#4463,1000.);
#679=VECTOR('',#4464,1000.);
#680=VECTOR('',#4465,1000.);
#681=VECTOR('',#4466,1000.);
#682=VECTOR('',#4467,1000.);
#683=VECTOR('',#4468,1000.);
#684=VECTOR('',#4477,1000.);
#685=VECTOR('',#4478,1000.);
#686=VECTOR('',#4479,1000.);
#687=VECTOR('',#4482,1000.);
#688=VECTOR('',#4483,1000.);
#689=VECTOR('',#4486,1000.);
#690=VECTOR('',#4487,1000.);
#691=VECTOR('',#4490,1000.);
#692=VECTOR('',#4491,1000.);
#693=VECTOR('',#4494,1000.);
#694=VECTOR('',#4495,1000.);
#695=VECTOR('',#4498,1000.);
#696=VECTOR('',#4503,1000.);
#697=VECTOR('',#4504,1000.);
#698=VECTOR('',#4505,1000.);
#699=VECTOR('',#4508,1000.);
#700=VECTOR('',#4509,1000.);
#701=VECTOR('',#4512,1000.);
#702=VECTOR('',#4513,1000.);
#703=VECTOR('',#4516,1000.);
#704=VECTOR('',#4517,1000.);
#705=VECTOR('',#4520,1000.);
#706=VECTOR('',#4521,1000.);
#707=VECTOR('',#4524,1000.);
#708=VECTOR('',#4525,1000.);
#709=VECTOR('',#4528,1000.);
#710=VECTOR('',#4531,1000.);
#711=VECTOR('',#4532,1000.);
#712=VECTOR('',#4533,1000.);
#713=VECTOR('',#4534,1000.);
#714=VECTOR('',#4535,1000.);
#715=VECTOR('',#4536,1000.);
#716=VECTOR('',#4537,1000.);
#717=VECTOR('',#4538,1000.);
#718=VECTOR('',#4539,1000.);
#719=VECTOR('',#4540,1000.);
#720=VECTOR('',#4541,1000.);
#721=VECTOR('',#4542,1000.);
#722=VECTOR('',#4543,1000.);
#723=VECTOR('',#4544,1000.);
#724=VECTOR('',#4545,1000.);
#725=VECTOR('',#4546,1000.);
#726=VECTOR('',#4547,1000.);
#727=VECTOR('',#4548,1000.);
#728=VECTOR('',#4549,1000.);
#729=VECTOR('',#4550,1000.);
#730=VECTOR('',#4553,1000.);
#731=VECTOR('',#4554,1000.);
#732=VECTOR('',#4557,1000.);
#733=VECTOR('',#4558,1000.);
#734=VECTOR('',#4561,1000.);
#735=VECTOR('',#4562,1000.);
#736=VECTOR('',#4565,1000.);
#737=VECTOR('',#4566,1000.);
#738=VECTOR('',#4569,1000.);
#739=VECTOR('',#4570,1000.);
#740=VECTOR('',#4573,1000.);
#741=VECTOR('',#4578,1000.);
#742=VECTOR('',#4581,1000.);
#743=VECTOR('',#4582,1000.);
#744=VECTOR('',#4583,1000.);
#745=VECTOR('',#4584,1000.);
#746=VECTOR('',#4585,1000.);
#747=VECTOR('',#4588,1000.);
#748=VECTOR('',#4589,1000.);
#749=VECTOR('',#4590,1000.);
#750=VECTOR('',#4591,1000.);
#751=VECTOR('',#4592,1000.);
#752=VECTOR('',#4593,1000.);
#753=VECTOR('',#4594,1000.);
#754=VECTOR('',#4603,1000.);
#755=VECTOR('',#4604,1000.);
#756=VECTOR('',#4605,1000.);
#757=VECTOR('',#4606,1000.);
#758=VECTOR('',#4609,1000.);
#759=VECTOR('',#4610,1000.);
#760=VECTOR('',#4611,1000.);
#761=VECTOR('',#4614,1000.);
#762=VECTOR('',#4615,1000.);
#763=VECTOR('',#4616,1000.);
#764=VECTOR('',#4619,1000.);
#765=VECTOR('',#4620,1000.);
#766=VECTOR('',#4621,1000.);
#767=VECTOR('',#4624,1000.);
#768=VECTOR('',#4625,1000.);
#769=VECTOR('',#4628,1000.);
#770=VECTOR('',#4629,1000.);
#771=VECTOR('',#4632,1000.);
#772=VECTOR('',#4633,1000.);
#773=VECTOR('',#4636,1000.);
#774=VECTOR('',#4637,1000.);
#775=VECTOR('',#4640,1000.);
#776=VECTOR('',#4641,1000.);
#777=VECTOR('',#4644,1000.);
#778=VECTOR('',#4645,1000.);
#779=VECTOR('',#4648,1000.);
#780=VECTOR('',#4649,1000.);
#781=VECTOR('',#4652,1000.);
#782=VECTOR('',#4653,1000.);
#783=VECTOR('',#4656,1000.);
#784=VECTOR('',#4657,1000.);
#785=VECTOR('',#4660,1000.);
#786=VECTOR('',#4661,1000.);
#787=VECTOR('',#4664,1000.);
#788=VECTOR('',#4665,1000.);
#789=VECTOR('',#4668,1000.);
#790=VECTOR('',#4669,1000.);
#791=VECTOR('',#4672,1000.);
#792=VECTOR('',#4673,1000.);
#793=VECTOR('',#4676,1000.);
#794=VECTOR('',#4677,1000.);
#795=VECTOR('',#4680,1000.);
#796=VECTOR('',#4681,1000.);
#797=VECTOR('',#4684,1000.);
#798=VECTOR('',#4685,1000.);
#799=VECTOR('',#4688,1000.);
#800=VECTOR('',#4689,1000.);
#801=VECTOR('',#4692,1000.);
#802=VECTOR('',#4693,1000.);
#803=VECTOR('',#4696,1000.);
#804=VECTOR('',#4697,1000.);
#805=VECTOR('',#4700,1000.);
#806=VECTOR('',#4701,1000.);
#807=VECTOR('',#4704,1000.);
#808=VECTOR('',#4705,1000.);
#809=VECTOR('',#4708,1000.);
#810=VECTOR('',#4709,1000.);
#811=VECTOR('',#4712,1000.);
#812=VECTOR('',#4713,1000.);
#813=VECTOR('',#4716,1000.);
#814=VECTOR('',#4717,1000.);
#815=VECTOR('',#4720,1000.);
#816=VECTOR('',#4721,1000.);
#817=VECTOR('',#4724,1000.);
#818=VECTOR('',#4725,1000.);
#819=VECTOR('',#4728,1000.);
#820=VECTOR('',#4731,1000.);
#821=VECTOR('',#4732,1000.);
#822=ORIENTED_EDGE('',*,*,#1688,.F.);
#823=ORIENTED_EDGE('',*,*,#1689,.F.);
#824=ORIENTED_EDGE('',*,*,#1690,.F.);
#825=ORIENTED_EDGE('',*,*,#1691,.T.);
#826=ORIENTED_EDGE('',*,*,#1692,.T.);
#827=ORIENTED_EDGE('',*,*,#1693,.T.);
#828=ORIENTED_EDGE('',*,*,#1694,.T.);
#829=ORIENTED_EDGE('',*,*,#1695,.T.);
#830=ORIENTED_EDGE('',*,*,#1696,.F.);
#831=ORIENTED_EDGE('',*,*,#1697,.T.);
#832=ORIENTED_EDGE('',*,*,#1698,.T.);
#833=ORIENTED_EDGE('',*,*,#1699,.T.);
#834=ORIENTED_EDGE('',*,*,#1700,.T.);
#835=ORIENTED_EDGE('',*,*,#1701,.T.);
#836=ORIENTED_EDGE('',*,*,#1702,.T.);
#837=ORIENTED_EDGE('',*,*,#1703,.T.);
#838=ORIENTED_EDGE('',*,*,#1704,.T.);
#839=ORIENTED_EDGE('',*,*,#1705,.T.);
#840=ORIENTED_EDGE('',*,*,#1706,.T.);
#841=ORIENTED_EDGE('',*,*,#1707,.T.);
#842=ORIENTED_EDGE('',*,*,#1708,.T.);
#843=ORIENTED_EDGE('',*,*,#1709,.T.);
#844=ORIENTED_EDGE('',*,*,#1710,.T.);
#845=ORIENTED_EDGE('',*,*,#1711,.T.);
#846=ORIENTED_EDGE('',*,*,#1712,.T.);
#847=ORIENTED_EDGE('',*,*,#1713,.T.);
#848=ORIENTED_EDGE('',*,*,#1714,.T.);
#849=ORIENTED_EDGE('',*,*,#1715,.T.);
#850=ORIENTED_EDGE('',*,*,#1716,.T.);
#851=ORIENTED_EDGE('',*,*,#1717,.T.);
#852=ORIENTED_EDGE('',*,*,#1718,.T.);
#853=ORIENTED_EDGE('',*,*,#1719,.T.);
#854=ORIENTED_EDGE('',*,*,#1720,.T.);
#855=ORIENTED_EDGE('',*,*,#1721,.T.);
#856=ORIENTED_EDGE('',*,*,#1722,.T.);
#857=ORIENTED_EDGE('',*,*,#1723,.T.);
#858=ORIENTED_EDGE('',*,*,#1724,.T.);
#859=ORIENTED_EDGE('',*,*,#1725,.T.);
#860=ORIENTED_EDGE('',*,*,#1726,.T.);
#861=ORIENTED_EDGE('',*,*,#1727,.T.);
#862=ORIENTED_EDGE('',*,*,#1728,.T.);
#863=ORIENTED_EDGE('',*,*,#1729,.T.);
#864=ORIENTED_EDGE('',*,*,#1730,.T.);
#865=ORIENTED_EDGE('',*,*,#1731,.T.);
#866=ORIENTED_EDGE('',*,*,#1732,.T.);
#867=ORIENTED_EDGE('',*,*,#1733,.T.);
#868=ORIENTED_EDGE('',*,*,#1734,.T.);
#869=ORIENTED_EDGE('',*,*,#1735,.T.);
#870=ORIENTED_EDGE('',*,*,#1736,.T.);
#871=ORIENTED_EDGE('',*,*,#1737,.T.);
#872=ORIENTED_EDGE('',*,*,#1738,.T.);
#873=ORIENTED_EDGE('',*,*,#1739,.T.);
#874=ORIENTED_EDGE('',*,*,#1740,.T.);
#875=ORIENTED_EDGE('',*,*,#1741,.T.);
#876=ORIENTED_EDGE('',*,*,#1742,.T.);
#877=ORIENTED_EDGE('',*,*,#1743,.T.);
#878=ORIENTED_EDGE('',*,*,#1744,.T.);
#879=ORIENTED_EDGE('',*,*,#1745,.T.);
#880=ORIENTED_EDGE('',*,*,#1746,.T.);
#881=ORIENTED_EDGE('',*,*,#1747,.T.);
#882=ORIENTED_EDGE('',*,*,#1748,.T.);
#883=ORIENTED_EDGE('',*,*,#1749,.T.);
#884=ORIENTED_EDGE('',*,*,#1750,.T.);
#885=ORIENTED_EDGE('',*,*,#1751,.T.);
#886=ORIENTED_EDGE('',*,*,#1752,.T.);
#887=ORIENTED_EDGE('',*,*,#1753,.T.);
#888=ORIENTED_EDGE('',*,*,#1754,.T.);
#889=ORIENTED_EDGE('',*,*,#1755,.T.);
#890=ORIENTED_EDGE('',*,*,#1756,.T.);
#891=ORIENTED_EDGE('',*,*,#1757,.T.);
#892=ORIENTED_EDGE('',*,*,#1758,.T.);
#893=ORIENTED_EDGE('',*,*,#1759,.T.);
#894=ORIENTED_EDGE('',*,*,#1760,.F.);
#895=ORIENTED_EDGE('',*,*,#1761,.F.);
#896=ORIENTED_EDGE('',*,*,#1762,.F.);
#897=ORIENTED_EDGE('',*,*,#1763,.T.);
#898=ORIENTED_EDGE('',*,*,#1764,.F.);
#899=ORIENTED_EDGE('',*,*,#1765,.F.);
#900=ORIENTED_EDGE('',*,*,#1766,.F.);
#901=ORIENTED_EDGE('',*,*,#1767,.T.);
#902=ORIENTED_EDGE('',*,*,#1768,.F.);
#903=ORIENTED_EDGE('',*,*,#1769,.T.);
#904=ORIENTED_EDGE('',*,*,#1770,.F.);
#905=ORIENTED_EDGE('',*,*,#1771,.T.);
#906=ORIENTED_EDGE('',*,*,#1772,.T.);
#907=ORIENTED_EDGE('',*,*,#1773,.T.);
#908=ORIENTED_EDGE('',*,*,#1774,.T.);
#909=ORIENTED_EDGE('',*,*,#1775,.T.);
#910=ORIENTED_EDGE('',*,*,#1776,.T.);
#911=ORIENTED_EDGE('',*,*,#1777,.T.);
#912=ORIENTED_EDGE('',*,*,#1778,.T.);
#913=ORIENTED_EDGE('',*,*,#1779,.T.);
#914=ORIENTED_EDGE('',*,*,#1780,.T.);
#915=ORIENTED_EDGE('',*,*,#1781,.T.);
#916=ORIENTED_EDGE('',*,*,#1782,.T.);
#917=ORIENTED_EDGE('',*,*,#1783,.T.);
#918=ORIENTED_EDGE('',*,*,#1784,.T.);
#919=ORIENTED_EDGE('',*,*,#1785,.T.);
#920=ORIENTED_EDGE('',*,*,#1786,.T.);
#921=ORIENTED_EDGE('',*,*,#1787,.T.);
#922=ORIENTED_EDGE('',*,*,#1788,.T.);
#923=ORIENTED_EDGE('',*,*,#1789,.T.);
#924=ORIENTED_EDGE('',*,*,#1790,.T.);
#925=ORIENTED_EDGE('',*,*,#1791,.T.);
#926=ORIENTED_EDGE('',*,*,#1792,.T.);
#927=ORIENTED_EDGE('',*,*,#1793,.T.);
#928=ORIENTED_EDGE('',*,*,#1794,.T.);
#929=ORIENTED_EDGE('',*,*,#1795,.T.);
#930=ORIENTED_EDGE('',*,*,#1796,.T.);
#931=ORIENTED_EDGE('',*,*,#1797,.T.);
#932=ORIENTED_EDGE('',*,*,#1798,.T.);
#933=ORIENTED_EDGE('',*,*,#1799,.T.);
#934=ORIENTED_EDGE('',*,*,#1800,.T.);
#935=ORIENTED_EDGE('',*,*,#1801,.T.);
#936=ORIENTED_EDGE('',*,*,#1802,.T.);
#937=ORIENTED_EDGE('',*,*,#1803,.T.);
#938=ORIENTED_EDGE('',*,*,#1804,.T.);
#939=ORIENTED_EDGE('',*,*,#1805,.T.);
#940=ORIENTED_EDGE('',*,*,#1806,.T.);
#941=ORIENTED_EDGE('',*,*,#1807,.T.);
#942=ORIENTED_EDGE('',*,*,#1808,.T.);
#943=ORIENTED_EDGE('',*,*,#1809,.T.);
#944=ORIENTED_EDGE('',*,*,#1810,.T.);
#945=ORIENTED_EDGE('',*,*,#1811,.T.);
#946=ORIENTED_EDGE('',*,*,#1812,.T.);
#947=ORIENTED_EDGE('',*,*,#1813,.F.);
#948=ORIENTED_EDGE('',*,*,#1769,.F.);
#949=ORIENTED_EDGE('',*,*,#1814,.F.);
#950=ORIENTED_EDGE('',*,*,#1815,.T.);
#951=ORIENTED_EDGE('',*,*,#1816,.T.);
#952=ORIENTED_EDGE('',*,*,#1771,.F.);
#953=ORIENTED_EDGE('',*,*,#1817,.T.);
#954=ORIENTED_EDGE('',*,*,#1818,.T.);
#955=ORIENTED_EDGE('',*,*,#1819,.F.);
#956=ORIENTED_EDGE('',*,*,#1804,.F.);
#957=ORIENTED_EDGE('',*,*,#1820,.F.);
#958=ORIENTED_EDGE('',*,*,#1821,.T.);
#959=ORIENTED_EDGE('',*,*,#1822,.T.);
#960=ORIENTED_EDGE('',*,*,#1806,.F.);
#961=ORIENTED_EDGE('',*,*,#1761,.T.);
#962=ORIENTED_EDGE('',*,*,#1823,.T.);
#963=ORIENTED_EDGE('',*,*,#1760,.T.);
#964=ORIENTED_EDGE('',*,*,#1824,.T.);
#965=ORIENTED_EDGE('',*,*,#1825,.F.);
#966=ORIENTED_EDGE('',*,*,#1826,.F.);
#967=ORIENTED_EDGE('',*,*,#1827,.T.);
#968=ORIENTED_EDGE('',*,*,#1828,.T.);
#969=ORIENTED_EDGE('',*,*,#1829,.F.);
#970=ORIENTED_EDGE('',*,*,#1830,.F.);
#971=ORIENTED_EDGE('',*,*,#1831,.F.);
#972=ORIENTED_EDGE('',*,*,#1832,.F.);
#973=ORIENTED_EDGE('',*,*,#1833,.T.);
#974=ORIENTED_EDGE('',*,*,#1834,.F.);
#975=ORIENTED_EDGE('',*,*,#1835,.F.);
#976=ORIENTED_EDGE('',*,*,#1830,.T.);
#977=ORIENTED_EDGE('',*,*,#1833,.F.);
#978=ORIENTED_EDGE('',*,*,#1835,.T.);
#979=ORIENTED_EDGE('',*,*,#1834,.T.);
#980=ORIENTED_EDGE('',*,*,#1836,.F.);
#981=ORIENTED_EDGE('',*,*,#1831,.T.);
#982=ORIENTED_EDGE('',*,*,#1837,.F.);
#983=ORIENTED_EDGE('',*,*,#1838,.T.);
#984=ORIENTED_EDGE('',*,*,#1836,.T.);
#985=ORIENTED_EDGE('',*,*,#1837,.T.);
#986=ORIENTED_EDGE('',*,*,#1838,.F.);
#987=ORIENTED_EDGE('',*,*,#1839,.T.);
#988=ORIENTED_EDGE('',*,*,#1840,.F.);
#989=ORIENTED_EDGE('',*,*,#1841,.F.);
#990=ORIENTED_EDGE('',*,*,#1832,.T.);
#991=ORIENTED_EDGE('',*,*,#1839,.F.);
#992=ORIENTED_EDGE('',*,*,#1841,.T.);
#993=ORIENTED_EDGE('',*,*,#1840,.T.);
#994=ORIENTED_EDGE('',*,*,#1842,.F.);
#995=ORIENTED_EDGE('',*,*,#1829,.T.);
#996=ORIENTED_EDGE('',*,*,#1843,.F.);
#997=ORIENTED_EDGE('',*,*,#1844,.T.);
#998=ORIENTED_EDGE('',*,*,#1842,.T.);
#999=ORIENTED_EDGE('',*,*,#1843,.T.);
#1000=ORIENTED_EDGE('',*,*,#1844,.F.);
#1001=ORIENTED_EDGE('',*,*,#1825,.T.);
#1002=ORIENTED_EDGE('',*,*,#1845,.F.);
#1003=ORIENTED_EDGE('',*,*,#1846,.T.);
#1004=ORIENTED_EDGE('',*,*,#1847,.T.);
#1005=ORIENTED_EDGE('',*,*,#1828,.F.);
#1006=ORIENTED_EDGE('',*,*,#1848,.F.);
#1007=ORIENTED_EDGE('',*,*,#1849,.F.);
#1008=ORIENTED_EDGE('',*,*,#1845,.T.);
#1009=ORIENTED_EDGE('',*,*,#1824,.F.);
#1010=ORIENTED_EDGE('',*,*,#1823,.F.);
#1011=ORIENTED_EDGE('',*,*,#1827,.F.);
#1012=ORIENTED_EDGE('',*,*,#1850,.F.);
#1013=ORIENTED_EDGE('',*,*,#1851,.F.);
#1014=ORIENTED_EDGE('',*,*,#1848,.T.);
#1015=ORIENTED_EDGE('',*,*,#1826,.T.);
#1016=ORIENTED_EDGE('',*,*,#1847,.F.);
#1017=ORIENTED_EDGE('',*,*,#1852,.T.);
#1018=ORIENTED_EDGE('',*,*,#1850,.T.);
#1019=ORIENTED_EDGE('',*,*,#1853,.T.);
#1020=ORIENTED_EDGE('',*,*,#1854,.T.);
#1021=ORIENTED_EDGE('',*,*,#1855,.F.);
#1022=ORIENTED_EDGE('',*,*,#1856,.T.);
#1023=ORIENTED_EDGE('',*,*,#1814,.T.);
#1024=ORIENTED_EDGE('',*,*,#1770,.T.);
#1025=ORIENTED_EDGE('',*,*,#1813,.T.);
#1026=ORIENTED_EDGE('',*,*,#1857,.T.);
#1027=ORIENTED_EDGE('',*,*,#1858,.T.);
#1028=ORIENTED_EDGE('',*,*,#1859,.T.);
#1029=ORIENTED_EDGE('',*,*,#1820,.T.);
#1030=ORIENTED_EDGE('',*,*,#1805,.F.);
#1031=ORIENTED_EDGE('',*,*,#1819,.T.);
#1032=ORIENTED_EDGE('',*,*,#1860,.T.);
#1033=ORIENTED_EDGE('',*,*,#1846,.F.);
#1034=ORIENTED_EDGE('',*,*,#1849,.T.);
#1035=ORIENTED_EDGE('',*,*,#1851,.T.);
#1036=ORIENTED_EDGE('',*,*,#1852,.F.);
#1037=ORIENTED_EDGE('',*,*,#1858,.F.);
#1038=ORIENTED_EDGE('',*,*,#1861,.T.);
#1039=ORIENTED_EDGE('',*,*,#1696,.T.);
#1040=ORIENTED_EDGE('',*,*,#1862,.T.);
#1041=ORIENTED_EDGE('',*,*,#1692,.F.);
#1042=ORIENTED_EDGE('',*,*,#1863,.T.);
#1043=ORIENTED_EDGE('',*,*,#1855,.T.);
#1044=ORIENTED_EDGE('',*,*,#1864,.T.);
#1045=ORIENTED_EDGE('',*,*,#1800,.F.);
#1046=ORIENTED_EDGE('',*,*,#1854,.F.);
#1047=ORIENTED_EDGE('',*,*,#1799,.F.);
#1048=ORIENTED_EDGE('',*,*,#1853,.F.);
#1049=ORIENTED_EDGE('',*,*,#1822,.F.);
#1050=ORIENTED_EDGE('',*,*,#1865,.T.);
#1051=ORIENTED_EDGE('',*,*,#1807,.F.);
#1052=ORIENTED_EDGE('',*,*,#1803,.F.);
#1053=ORIENTED_EDGE('',*,*,#1866,.T.);
#1054=ORIENTED_EDGE('',*,*,#1817,.F.);
#1055=ORIENTED_EDGE('',*,*,#1816,.F.);
#1056=ORIENTED_EDGE('',*,*,#1867,.T.);
#1057=ORIENTED_EDGE('',*,*,#1762,.T.);
#1058=ORIENTED_EDGE('',*,*,#1768,.T.);
#1059=ORIENTED_EDGE('',*,*,#1868,.T.);
#1060=ORIENTED_EDGE('',*,*,#1811,.F.);
#1061=ORIENTED_EDGE('',*,*,#1869,.T.);
#1062=ORIENTED_EDGE('',*,*,#1870,.T.);
#1063=ORIENTED_EDGE('',*,*,#1871,.T.);
#1064=ORIENTED_EDGE('',*,*,#1810,.F.);
#1065=ORIENTED_EDGE('',*,*,#1872,.F.);
#1066=ORIENTED_EDGE('',*,*,#1873,.T.);
#1067=ORIENTED_EDGE('',*,*,#1809,.F.);
#1068=ORIENTED_EDGE('',*,*,#1874,.T.);
#1069=ORIENTED_EDGE('',*,*,#1872,.T.);
#1070=ORIENTED_EDGE('',*,*,#1871,.F.);
#1071=ORIENTED_EDGE('',*,*,#1875,.T.);
#1072=ORIENTED_EDGE('',*,*,#1801,.F.);
#1073=ORIENTED_EDGE('',*,*,#1694,.F.);
#1074=ORIENTED_EDGE('',*,*,#1876,.T.);
#1075=ORIENTED_EDGE('',*,*,#1869,.F.);
#1076=ORIENTED_EDGE('',*,*,#1877,.T.);
#1077=ORIENTED_EDGE('',*,*,#1878,.F.);
#1078=ORIENTED_EDGE('',*,*,#1879,.T.);
#1079=ORIENTED_EDGE('',*,*,#1880,.F.);
#1080=ORIENTED_EDGE('',*,*,#1881,.T.);
#1081=ORIENTED_EDGE('',*,*,#1882,.T.);
#1082=ORIENTED_EDGE('',*,*,#1765,.T.);
#1083=ORIENTED_EDGE('',*,*,#1764,.T.);
#1084=ORIENTED_EDGE('',*,*,#1883,.T.);
#1085=ORIENTED_EDGE('',*,*,#1878,.T.);
#1086=ORIENTED_EDGE('',*,*,#1882,.F.);
#1087=ORIENTED_EDGE('',*,*,#1884,.T.);
#1088=ORIENTED_EDGE('',*,*,#1766,.T.);
#1089=ORIENTED_EDGE('',*,*,#1880,.T.);
#1090=ORIENTED_EDGE('',*,*,#1885,.T.);
#1091=ORIENTED_EDGE('',*,*,#1690,.T.);
#1092=ORIENTED_EDGE('',*,*,#1886,.T.);
#1093=ORIENTED_EDGE('',*,*,#1691,.F.);
#1094=ORIENTED_EDGE('',*,*,#1885,.F.);
#1095=ORIENTED_EDGE('',*,*,#1879,.F.);
#1096=ORIENTED_EDGE('',*,*,#1883,.F.);
#1097=ORIENTED_EDGE('',*,*,#1763,.F.);
#1098=ORIENTED_EDGE('',*,*,#1867,.F.);
#1099=ORIENTED_EDGE('',*,*,#1815,.F.);
#1100=ORIENTED_EDGE('',*,*,#1856,.F.);
#1101=ORIENTED_EDGE('',*,*,#1863,.F.);
#1102=ORIENTED_EDGE('',*,*,#1697,.F.);
#1103=ORIENTED_EDGE('',*,*,#1861,.F.);
#1104=ORIENTED_EDGE('',*,*,#1857,.F.);
#1105=ORIENTED_EDGE('',*,*,#1812,.F.);
#1106=ORIENTED_EDGE('',*,*,#1868,.F.);
#1107=ORIENTED_EDGE('',*,*,#1767,.F.);
#1108=ORIENTED_EDGE('',*,*,#1884,.F.);
#1109=ORIENTED_EDGE('',*,*,#1881,.F.);
#1110=ORIENTED_EDGE('',*,*,#1886,.F.);
#1111=ORIENTED_EDGE('',*,*,#1693,.F.);
#1112=ORIENTED_EDGE('',*,*,#1864,.F.);
#1113=ORIENTED_EDGE('',*,*,#1860,.F.);
#1114=ORIENTED_EDGE('',*,*,#1818,.F.);
#1115=ORIENTED_EDGE('',*,*,#1866,.F.);
#1116=ORIENTED_EDGE('',*,*,#1802,.F.);
#1117=ORIENTED_EDGE('',*,*,#1875,.F.);
#1118=ORIENTED_EDGE('',*,*,#1870,.F.);
#1119=ORIENTED_EDGE('',*,*,#1876,.F.);
#1120=ORIENTED_EDGE('',*,*,#1695,.F.);
#1121=ORIENTED_EDGE('',*,*,#1877,.F.);
#1122=ORIENTED_EDGE('',*,*,#1873,.F.);
#1123=ORIENTED_EDGE('',*,*,#1874,.F.);
#1124=ORIENTED_EDGE('',*,*,#1808,.F.);
#1125=ORIENTED_EDGE('',*,*,#1865,.F.);
#1126=ORIENTED_EDGE('',*,*,#1821,.F.);
#1127=ORIENTED_EDGE('',*,*,#1859,.F.);
#1128=ORIENTED_EDGE('',*,*,#1862,.F.);
#1129=ORIENTED_EDGE('',*,*,#1742,.F.);
#1130=ORIENTED_EDGE('',*,*,#1887,.F.);
#1131=ORIENTED_EDGE('',*,*,#1888,.T.);
#1132=ORIENTED_EDGE('',*,*,#1889,.T.);
#1133=ORIENTED_EDGE('',*,*,#1741,.F.);
#1134=ORIENTED_EDGE('',*,*,#1890,.F.);
#1135=ORIENTED_EDGE('',*,*,#1891,.T.);
#1136=ORIENTED_EDGE('',*,*,#1887,.T.);
#1137=ORIENTED_EDGE('',*,*,#1759,.F.);
#1138=ORIENTED_EDGE('',*,*,#1892,.F.);
#1139=ORIENTED_EDGE('',*,*,#1893,.T.);
#1140=ORIENTED_EDGE('',*,*,#1890,.T.);
#1141=ORIENTED_EDGE('',*,*,#1758,.F.);
#1142=ORIENTED_EDGE('',*,*,#1894,.F.);
#1143=ORIENTED_EDGE('',*,*,#1895,.T.);
#1144=ORIENTED_EDGE('',*,*,#1892,.T.);
#1145=ORIENTED_EDGE('',*,*,#1757,.F.);
#1146=ORIENTED_EDGE('',*,*,#1896,.F.);
#1147=ORIENTED_EDGE('',*,*,#1897,.T.);
#1148=ORIENTED_EDGE('',*,*,#1894,.T.);
#1149=ORIENTED_EDGE('',*,*,#1756,.F.);
#1150=ORIENTED_EDGE('',*,*,#1898,.F.);
#1151=ORIENTED_EDGE('',*,*,#1899,.T.);
#1152=ORIENTED_EDGE('',*,*,#1896,.T.);
#1153=ORIENTED_EDGE('',*,*,#1755,.F.);
#1154=ORIENTED_EDGE('',*,*,#1900,.F.);
#1155=ORIENTED_EDGE('',*,*,#1901,.T.);
#1156=ORIENTED_EDGE('',*,*,#1898,.T.);
#1157=ORIENTED_EDGE('',*,*,#1754,.F.);
#1158=ORIENTED_EDGE('',*,*,#1902,.F.);
#1159=ORIENTED_EDGE('',*,*,#1903,.T.);
#1160=ORIENTED_EDGE('',*,*,#1900,.T.);
#1161=ORIENTED_EDGE('',*,*,#1753,.F.);
#1162=ORIENTED_EDGE('',*,*,#1904,.F.);
#1163=ORIENTED_EDGE('',*,*,#1905,.T.);
#1164=ORIENTED_EDGE('',*,*,#1902,.T.);
#1165=ORIENTED_EDGE('',*,*,#1752,.F.);
#1166=ORIENTED_EDGE('',*,*,#1906,.F.);
#1167=ORIENTED_EDGE('',*,*,#1907,.T.);
#1168=ORIENTED_EDGE('',*,*,#1904,.T.);
#1169=ORIENTED_EDGE('',*,*,#1751,.F.);
#1170=ORIENTED_EDGE('',*,*,#1908,.F.);
#1171=ORIENTED_EDGE('',*,*,#1909,.T.);
#1172=ORIENTED_EDGE('',*,*,#1906,.T.);
#1173=ORIENTED_EDGE('',*,*,#1750,.F.);
#1174=ORIENTED_EDGE('',*,*,#1910,.F.);
#1175=ORIENTED_EDGE('',*,*,#1911,.T.);
#1176=ORIENTED_EDGE('',*,*,#1908,.T.);
#1177=ORIENTED_EDGE('',*,*,#1749,.F.);
#1178=ORIENTED_EDGE('',*,*,#1912,.F.);
#1179=ORIENTED_EDGE('',*,*,#1913,.T.);
#1180=ORIENTED_EDGE('',*,*,#1910,.T.);
#1181=ORIENTED_EDGE('',*,*,#1748,.F.);
#1182=ORIENTED_EDGE('',*,*,#1914,.F.);
#1183=ORIENTED_EDGE('',*,*,#1915,.T.);
#1184=ORIENTED_EDGE('',*,*,#1912,.T.);
#1185=ORIENTED_EDGE('',*,*,#1747,.F.);
#1186=ORIENTED_EDGE('',*,*,#1916,.F.);
#1187=ORIENTED_EDGE('',*,*,#1917,.T.);
#1188=ORIENTED_EDGE('',*,*,#1914,.T.);
#1189=ORIENTED_EDGE('',*,*,#1746,.F.);
#1190=ORIENTED_EDGE('',*,*,#1918,.F.);
#1191=ORIENTED_EDGE('',*,*,#1919,.T.);
#1192=ORIENTED_EDGE('',*,*,#1916,.T.);
#1193=ORIENTED_EDGE('',*,*,#1745,.F.);
#1194=ORIENTED_EDGE('',*,*,#1920,.F.);
#1195=ORIENTED_EDGE('',*,*,#1921,.T.);
#1196=ORIENTED_EDGE('',*,*,#1918,.T.);
#1197=ORIENTED_EDGE('',*,*,#1744,.F.);
#1198=ORIENTED_EDGE('',*,*,#1922,.F.);
#1199=ORIENTED_EDGE('',*,*,#1923,.T.);
#1200=ORIENTED_EDGE('',*,*,#1920,.T.);
#1201=ORIENTED_EDGE('',*,*,#1743,.F.);
#1202=ORIENTED_EDGE('',*,*,#1889,.F.);
#1203=ORIENTED_EDGE('',*,*,#1924,.T.);
#1204=ORIENTED_EDGE('',*,*,#1922,.T.);
#1205=ORIENTED_EDGE('',*,*,#1888,.F.);
#1206=ORIENTED_EDGE('',*,*,#1891,.F.);
#1207=ORIENTED_EDGE('',*,*,#1893,.F.);
#1208=ORIENTED_EDGE('',*,*,#1895,.F.);
#1209=ORIENTED_EDGE('',*,*,#1897,.F.);
#1210=ORIENTED_EDGE('',*,*,#1899,.F.);
#1211=ORIENTED_EDGE('',*,*,#1901,.F.);
#1212=ORIENTED_EDGE('',*,*,#1903,.F.);
#1213=ORIENTED_EDGE('',*,*,#1905,.F.);
#1214=ORIENTED_EDGE('',*,*,#1907,.F.);
#1215=ORIENTED_EDGE('',*,*,#1909,.F.);
#1216=ORIENTED_EDGE('',*,*,#1911,.F.);
#1217=ORIENTED_EDGE('',*,*,#1913,.F.);
#1218=ORIENTED_EDGE('',*,*,#1915,.F.);
#1219=ORIENTED_EDGE('',*,*,#1917,.F.);
#1220=ORIENTED_EDGE('',*,*,#1919,.F.);
#1221=ORIENTED_EDGE('',*,*,#1921,.F.);
#1222=ORIENTED_EDGE('',*,*,#1923,.F.);
#1223=ORIENTED_EDGE('',*,*,#1924,.F.);
#1224=ORIENTED_EDGE('',*,*,#1736,.F.);
#1225=ORIENTED_EDGE('',*,*,#1925,.F.);
#1226=ORIENTED_EDGE('',*,*,#1926,.T.);
#1227=ORIENTED_EDGE('',*,*,#1927,.T.);
#1228=ORIENTED_EDGE('',*,*,#1735,.F.);
#1229=ORIENTED_EDGE('',*,*,#1928,.F.);
#1230=ORIENTED_EDGE('',*,*,#1929,.T.);
#1231=ORIENTED_EDGE('',*,*,#1925,.T.);
#1232=ORIENTED_EDGE('',*,*,#1740,.F.);
#1233=ORIENTED_EDGE('',*,*,#1930,.F.);
#1234=ORIENTED_EDGE('',*,*,#1931,.T.);
#1235=ORIENTED_EDGE('',*,*,#1928,.T.);
#1236=ORIENTED_EDGE('',*,*,#1739,.F.);
#1237=ORIENTED_EDGE('',*,*,#1932,.F.);
#1238=ORIENTED_EDGE('',*,*,#1933,.T.);
#1239=ORIENTED_EDGE('',*,*,#1930,.T.);
#1240=ORIENTED_EDGE('',*,*,#1738,.F.);
#1241=ORIENTED_EDGE('',*,*,#1934,.F.);
#1242=ORIENTED_EDGE('',*,*,#1935,.T.);
#1243=ORIENTED_EDGE('',*,*,#1932,.T.);
#1244=ORIENTED_EDGE('',*,*,#1737,.F.);
#1245=ORIENTED_EDGE('',*,*,#1927,.F.);
#1246=ORIENTED_EDGE('',*,*,#1936,.T.);
#1247=ORIENTED_EDGE('',*,*,#1934,.T.);
#1248=ORIENTED_EDGE('',*,*,#1926,.F.);
#1249=ORIENTED_EDGE('',*,*,#1929,.F.);
#1250=ORIENTED_EDGE('',*,*,#1931,.F.);
#1251=ORIENTED_EDGE('',*,*,#1933,.F.);
#1252=ORIENTED_EDGE('',*,*,#1935,.F.);
#1253=ORIENTED_EDGE('',*,*,#1936,.F.);
#1254=ORIENTED_EDGE('',*,*,#1729,.F.);
#1255=ORIENTED_EDGE('',*,*,#1937,.F.);
#1256=ORIENTED_EDGE('',*,*,#1938,.T.);
#1257=ORIENTED_EDGE('',*,*,#1939,.T.);
#1258=ORIENTED_EDGE('',*,*,#1728,.F.);
#1259=ORIENTED_EDGE('',*,*,#1940,.F.);
#1260=ORIENTED_EDGE('',*,*,#1941,.T.);
#1261=ORIENTED_EDGE('',*,*,#1937,.T.);
#1262=ORIENTED_EDGE('',*,*,#1734,.F.);
#1263=ORIENTED_EDGE('',*,*,#1942,.F.);
#1264=ORIENTED_EDGE('',*,*,#1943,.T.);
#1265=ORIENTED_EDGE('',*,*,#1940,.T.);
#1266=ORIENTED_EDGE('',*,*,#1733,.F.);
#1267=ORIENTED_EDGE('',*,*,#1944,.F.);
#1268=ORIENTED_EDGE('',*,*,#1945,.T.);
#1269=ORIENTED_EDGE('',*,*,#1942,.T.);
#1270=ORIENTED_EDGE('',*,*,#1732,.F.);
#1271=ORIENTED_EDGE('',*,*,#1946,.F.);
#1272=ORIENTED_EDGE('',*,*,#1947,.T.);
#1273=ORIENTED_EDGE('',*,*,#1944,.T.);
#1274=ORIENTED_EDGE('',*,*,#1731,.F.);
#1275=ORIENTED_EDGE('',*,*,#1948,.F.);
#1276=ORIENTED_EDGE('',*,*,#1949,.T.);
#1277=ORIENTED_EDGE('',*,*,#1946,.T.);
#1278=ORIENTED_EDGE('',*,*,#1730,.F.);
#1279=ORIENTED_EDGE('',*,*,#1939,.F.);
#1280=ORIENTED_EDGE('',*,*,#1950,.T.);
#1281=ORIENTED_EDGE('',*,*,#1948,.T.);
#1282=ORIENTED_EDGE('',*,*,#1938,.F.);
#1283=ORIENTED_EDGE('',*,*,#1941,.F.);
#1284=ORIENTED_EDGE('',*,*,#1943,.F.);
#1285=ORIENTED_EDGE('',*,*,#1945,.F.);
#1286=ORIENTED_EDGE('',*,*,#1947,.F.);
#1287=ORIENTED_EDGE('',*,*,#1949,.F.);
#1288=ORIENTED_EDGE('',*,*,#1950,.F.);
#1289=ORIENTED_EDGE('',*,*,#1951,.F.);
#1290=ORIENTED_EDGE('',*,*,#1952,.F.);
#1291=ORIENTED_EDGE('',*,*,#1953,.T.);
#1292=ORIENTED_EDGE('',*,*,#1954,.T.);
#1293=ORIENTED_EDGE('',*,*,#1955,.F.);
#1294=ORIENTED_EDGE('',*,*,#1956,.F.);
#1295=ORIENTED_EDGE('',*,*,#1957,.T.);
#1296=ORIENTED_EDGE('',*,*,#1952,.T.);
#1297=ORIENTED_EDGE('',*,*,#1958,.F.);
#1298=ORIENTED_EDGE('',*,*,#1959,.F.);
#1299=ORIENTED_EDGE('',*,*,#1960,.T.);
#1300=ORIENTED_EDGE('',*,*,#1956,.T.);
#1301=ORIENTED_EDGE('',*,*,#1961,.F.);
#1302=ORIENTED_EDGE('',*,*,#1962,.F.);
#1303=ORIENTED_EDGE('',*,*,#1963,.T.);
#1304=ORIENTED_EDGE('',*,*,#1959,.T.);
#1305=ORIENTED_EDGE('',*,*,#1964,.F.);
#1306=ORIENTED_EDGE('',*,*,#1965,.F.);
#1307=ORIENTED_EDGE('',*,*,#1966,.T.);
#1308=ORIENTED_EDGE('',*,*,#1962,.T.);
#1309=ORIENTED_EDGE('',*,*,#1967,.F.);
#1310=ORIENTED_EDGE('',*,*,#1968,.F.);
#1311=ORIENTED_EDGE('',*,*,#1969,.T.);
#1312=ORIENTED_EDGE('',*,*,#1965,.T.);
#1313=ORIENTED_EDGE('',*,*,#1970,.F.);
#1314=ORIENTED_EDGE('',*,*,#1971,.F.);
#1315=ORIENTED_EDGE('',*,*,#1972,.T.);
#1316=ORIENTED_EDGE('',*,*,#1968,.T.);
#1317=ORIENTED_EDGE('',*,*,#1973,.F.);
#1318=ORIENTED_EDGE('',*,*,#1974,.F.);
#1319=ORIENTED_EDGE('',*,*,#1975,.T.);
#1320=ORIENTED_EDGE('',*,*,#1971,.T.);
#1321=ORIENTED_EDGE('',*,*,#1976,.F.);
#1322=ORIENTED_EDGE('',*,*,#1977,.F.);
#1323=ORIENTED_EDGE('',*,*,#1978,.T.);
#1324=ORIENTED_EDGE('',*,*,#1974,.T.);
#1325=ORIENTED_EDGE('',*,*,#1979,.F.);
#1326=ORIENTED_EDGE('',*,*,#1980,.F.);
#1327=ORIENTED_EDGE('',*,*,#1981,.T.);
#1328=ORIENTED_EDGE('',*,*,#1977,.T.);
#1329=ORIENTED_EDGE('',*,*,#1982,.F.);
#1330=ORIENTED_EDGE('',*,*,#1983,.F.);
#1331=ORIENTED_EDGE('',*,*,#1984,.T.);
#1332=ORIENTED_EDGE('',*,*,#1980,.T.);
#1333=ORIENTED_EDGE('',*,*,#1773,.F.);
#1334=ORIENTED_EDGE('',*,*,#1985,.F.);
#1335=ORIENTED_EDGE('',*,*,#1986,.T.);
#1336=ORIENTED_EDGE('',*,*,#1987,.T.);
#1337=ORIENTED_EDGE('',*,*,#1772,.F.);
#1338=ORIENTED_EDGE('',*,*,#1988,.F.);
#1339=ORIENTED_EDGE('',*,*,#1989,.T.);
#1340=ORIENTED_EDGE('',*,*,#1985,.T.);
#1341=ORIENTED_EDGE('',*,*,#1779,.F.);
#1342=ORIENTED_EDGE('',*,*,#1990,.F.);
#1343=ORIENTED_EDGE('',*,*,#1991,.T.);
#1344=ORIENTED_EDGE('',*,*,#1988,.T.);
#1345=ORIENTED_EDGE('',*,*,#1778,.F.);
#1346=ORIENTED_EDGE('',*,*,#1992,.F.);
#1347=ORIENTED_EDGE('',*,*,#1993,.T.);
#1348=ORIENTED_EDGE('',*,*,#1990,.T.);
#1349=ORIENTED_EDGE('',*,*,#1777,.F.);
#1350=ORIENTED_EDGE('',*,*,#1994,.F.);
#1351=ORIENTED_EDGE('',*,*,#1995,.T.);
#1352=ORIENTED_EDGE('',*,*,#1992,.T.);
#1353=ORIENTED_EDGE('',*,*,#1776,.F.);
#1354=ORIENTED_EDGE('',*,*,#1996,.F.);
#1355=ORIENTED_EDGE('',*,*,#1997,.T.);
#1356=ORIENTED_EDGE('',*,*,#1994,.T.);
#1357=ORIENTED_EDGE('',*,*,#1775,.F.);
#1358=ORIENTED_EDGE('',*,*,#1998,.F.);
#1359=ORIENTED_EDGE('',*,*,#1999,.T.);
#1360=ORIENTED_EDGE('',*,*,#1996,.T.);
#1361=ORIENTED_EDGE('',*,*,#1774,.F.);
#1362=ORIENTED_EDGE('',*,*,#1987,.F.);
#1363=ORIENTED_EDGE('',*,*,#2000,.T.);
#1364=ORIENTED_EDGE('',*,*,#1998,.T.);
#1365=ORIENTED_EDGE('',*,*,#2001,.F.);
#1366=ORIENTED_EDGE('',*,*,#1954,.F.);
#1367=ORIENTED_EDGE('',*,*,#2002,.T.);
#1368=ORIENTED_EDGE('',*,*,#1983,.T.);
#1369=ORIENTED_EDGE('',*,*,#1986,.F.);
#1370=ORIENTED_EDGE('',*,*,#1989,.F.);
#1371=ORIENTED_EDGE('',*,*,#1991,.F.);
#1372=ORIENTED_EDGE('',*,*,#1993,.F.);
#1373=ORIENTED_EDGE('',*,*,#1995,.F.);
#1374=ORIENTED_EDGE('',*,*,#1997,.F.);
#1375=ORIENTED_EDGE('',*,*,#1999,.F.);
#1376=ORIENTED_EDGE('',*,*,#2000,.F.);
#1377=ORIENTED_EDGE('',*,*,#1953,.F.);
#1378=ORIENTED_EDGE('',*,*,#1957,.F.);
#1379=ORIENTED_EDGE('',*,*,#1960,.F.);
#1380=ORIENTED_EDGE('',*,*,#1963,.F.);
#1381=ORIENTED_EDGE('',*,*,#1966,.F.);
#1382=ORIENTED_EDGE('',*,*,#1969,.F.);
#1383=ORIENTED_EDGE('',*,*,#1972,.F.);
#1384=ORIENTED_EDGE('',*,*,#1975,.F.);
#1385=ORIENTED_EDGE('',*,*,#1978,.F.);
#1386=ORIENTED_EDGE('',*,*,#1981,.F.);
#1387=ORIENTED_EDGE('',*,*,#1984,.F.);
#1388=ORIENTED_EDGE('',*,*,#2002,.F.);
#1389=ORIENTED_EDGE('',*,*,#1781,.F.);
#1390=ORIENTED_EDGE('',*,*,#2003,.F.);
#1391=ORIENTED_EDGE('',*,*,#2004,.T.);
#1392=ORIENTED_EDGE('',*,*,#2005,.T.);
#1393=ORIENTED_EDGE('',*,*,#1780,.F.);
#1394=ORIENTED_EDGE('',*,*,#2006,.F.);
#1395=ORIENTED_EDGE('',*,*,#2007,.T.);
#1396=ORIENTED_EDGE('',*,*,#2003,.T.);
#1397=ORIENTED_EDGE('',*,*,#1798,.F.);
#1398=ORIENTED_EDGE('',*,*,#2008,.F.);
#1399=ORIENTED_EDGE('',*,*,#2009,.T.);
#1400=ORIENTED_EDGE('',*,*,#2006,.T.);
#1401=ORIENTED_EDGE('',*,*,#1797,.F.);
#1402=ORIENTED_EDGE('',*,*,#2010,.F.);
#1403=ORIENTED_EDGE('',*,*,#2011,.T.);
#1404=ORIENTED_EDGE('',*,*,#2008,.T.);
#1405=ORIENTED_EDGE('',*,*,#1796,.F.);
#1406=ORIENTED_EDGE('',*,*,#2012,.F.);
#1407=ORIENTED_EDGE('',*,*,#2013,.T.);
#1408=ORIENTED_EDGE('',*,*,#2010,.T.);
#1409=ORIENTED_EDGE('',*,*,#1795,.F.);
#1410=ORIENTED_EDGE('',*,*,#2014,.F.);
#1411=ORIENTED_EDGE('',*,*,#2015,.T.);
#1412=ORIENTED_EDGE('',*,*,#2012,.T.);
#1413=ORIENTED_EDGE('',*,*,#1794,.F.);
#1414=ORIENTED_EDGE('',*,*,#2016,.F.);
#1415=ORIENTED_EDGE('',*,*,#2017,.T.);
#1416=ORIENTED_EDGE('',*,*,#2014,.T.);
#1417=ORIENTED_EDGE('',*,*,#1793,.F.);
#1418=ORIENTED_EDGE('',*,*,#2018,.F.);
#1419=ORIENTED_EDGE('',*,*,#2019,.T.);
#1420=ORIENTED_EDGE('',*,*,#2016,.T.);
#1421=ORIENTED_EDGE('',*,*,#1792,.F.);
#1422=ORIENTED_EDGE('',*,*,#2020,.F.);
#1423=ORIENTED_EDGE('',*,*,#2021,.T.);
#1424=ORIENTED_EDGE('',*,*,#2018,.T.);
#1425=ORIENTED_EDGE('',*,*,#1791,.F.);
#1426=ORIENTED_EDGE('',*,*,#2022,.F.);
#1427=ORIENTED_EDGE('',*,*,#2023,.T.);
#1428=ORIENTED_EDGE('',*,*,#2020,.T.);
#1429=ORIENTED_EDGE('',*,*,#1790,.F.);
#1430=ORIENTED_EDGE('',*,*,#2024,.F.);
#1431=ORIENTED_EDGE('',*,*,#2025,.T.);
#1432=ORIENTED_EDGE('',*,*,#2022,.T.);
#1433=ORIENTED_EDGE('',*,*,#1789,.F.);
#1434=ORIENTED_EDGE('',*,*,#2026,.F.);
#1435=ORIENTED_EDGE('',*,*,#2027,.T.);
#1436=ORIENTED_EDGE('',*,*,#2024,.T.);
#1437=ORIENTED_EDGE('',*,*,#1788,.F.);
#1438=ORIENTED_EDGE('',*,*,#2028,.F.);
#1439=ORIENTED_EDGE('',*,*,#2029,.T.);
#1440=ORIENTED_EDGE('',*,*,#2026,.T.);
#1441=ORIENTED_EDGE('',*,*,#1787,.F.);
#1442=ORIENTED_EDGE('',*,*,#2030,.F.);
#1443=ORIENTED_EDGE('',*,*,#2031,.T.);
#1444=ORIENTED_EDGE('',*,*,#2028,.T.);
#1445=ORIENTED_EDGE('',*,*,#1786,.F.);
#1446=ORIENTED_EDGE('',*,*,#2032,.F.);
#1447=ORIENTED_EDGE('',*,*,#2033,.T.);
#1448=ORIENTED_EDGE('',*,*,#2030,.T.);
#1449=ORIENTED_EDGE('',*,*,#1785,.F.);
#1450=ORIENTED_EDGE('',*,*,#2034,.F.);
#1451=ORIENTED_EDGE('',*,*,#2035,.T.);
#1452=ORIENTED_EDGE('',*,*,#2032,.T.);
#1453=ORIENTED_EDGE('',*,*,#1784,.F.);
#1454=ORIENTED_EDGE('',*,*,#2036,.F.);
#1455=ORIENTED_EDGE('',*,*,#2037,.T.);
#1456=ORIENTED_EDGE('',*,*,#2034,.T.);
#1457=ORIENTED_EDGE('',*,*,#1783,.F.);
#1458=ORIENTED_EDGE('',*,*,#2038,.F.);
#1459=ORIENTED_EDGE('',*,*,#2039,.T.);
#1460=ORIENTED_EDGE('',*,*,#2036,.T.);
#1461=ORIENTED_EDGE('',*,*,#1782,.F.);
#1462=ORIENTED_EDGE('',*,*,#2005,.F.);
#1463=ORIENTED_EDGE('',*,*,#2040,.T.);
#1464=ORIENTED_EDGE('',*,*,#2038,.T.);
#1465=ORIENTED_EDGE('',*,*,#2004,.F.);
#1466=ORIENTED_EDGE('',*,*,#2007,.F.);
#1467=ORIENTED_EDGE('',*,*,#2009,.F.);
#1468=ORIENTED_EDGE('',*,*,#2011,.F.);
#1469=ORIENTED_EDGE('',*,*,#2013,.F.);
#1470=ORIENTED_EDGE('',*,*,#2015,.F.);
#1471=ORIENTED_EDGE('',*,*,#2017,.F.);
#1472=ORIENTED_EDGE('',*,*,#2019,.F.);
#1473=ORIENTED_EDGE('',*,*,#2021,.F.);
#1474=ORIENTED_EDGE('',*,*,#2023,.F.);
#1475=ORIENTED_EDGE('',*,*,#2025,.F.);
#1476=ORIENTED_EDGE('',*,*,#2027,.F.);
#1477=ORIENTED_EDGE('',*,*,#2029,.F.);
#1478=ORIENTED_EDGE('',*,*,#2031,.F.);
#1479=ORIENTED_EDGE('',*,*,#2033,.F.);
#1480=ORIENTED_EDGE('',*,*,#2035,.F.);
#1481=ORIENTED_EDGE('',*,*,#2037,.F.);
#1482=ORIENTED_EDGE('',*,*,#2039,.F.);
#1483=ORIENTED_EDGE('',*,*,#2040,.F.);
#1484=ORIENTED_EDGE('',*,*,#2041,.F.);
#1485=ORIENTED_EDGE('',*,*,#2042,.F.);
#1486=ORIENTED_EDGE('',*,*,#2043,.T.);
#1487=ORIENTED_EDGE('',*,*,#2044,.T.);
#1488=ORIENTED_EDGE('',*,*,#2045,.F.);
#1489=ORIENTED_EDGE('',*,*,#2046,.F.);
#1490=ORIENTED_EDGE('',*,*,#2047,.T.);
#1491=ORIENTED_EDGE('',*,*,#2042,.T.);
#1492=ORIENTED_EDGE('',*,*,#2048,.F.);
#1493=ORIENTED_EDGE('',*,*,#2049,.F.);
#1494=ORIENTED_EDGE('',*,*,#2050,.T.);
#1495=ORIENTED_EDGE('',*,*,#2046,.T.);
#1496=ORIENTED_EDGE('',*,*,#1701,.F.);
#1497=ORIENTED_EDGE('',*,*,#2051,.F.);
#1498=ORIENTED_EDGE('',*,*,#2052,.T.);
#1499=ORIENTED_EDGE('',*,*,#2053,.T.);
#1500=ORIENTED_EDGE('',*,*,#1700,.F.);
#1501=ORIENTED_EDGE('',*,*,#2054,.F.);
#1502=ORIENTED_EDGE('',*,*,#2055,.T.);
#1503=ORIENTED_EDGE('',*,*,#2051,.T.);
#1504=ORIENTED_EDGE('',*,*,#1727,.F.);
#1505=ORIENTED_EDGE('',*,*,#2056,.F.);
#1506=ORIENTED_EDGE('',*,*,#2057,.T.);
#1507=ORIENTED_EDGE('',*,*,#2054,.T.);
#1508=ORIENTED_EDGE('',*,*,#1726,.F.);
#1509=ORIENTED_EDGE('',*,*,#2058,.F.);
#1510=ORIENTED_EDGE('',*,*,#2059,.T.);
#1511=ORIENTED_EDGE('',*,*,#2056,.T.);
#1512=ORIENTED_EDGE('',*,*,#1725,.F.);
#1513=ORIENTED_EDGE('',*,*,#2060,.F.);
#1514=ORIENTED_EDGE('',*,*,#2061,.T.);
#1515=ORIENTED_EDGE('',*,*,#2058,.T.);
#1516=ORIENTED_EDGE('',*,*,#1724,.F.);
#1517=ORIENTED_EDGE('',*,*,#2062,.F.);
#1518=ORIENTED_EDGE('',*,*,#2063,.T.);
#1519=ORIENTED_EDGE('',*,*,#2060,.T.);
#1520=ORIENTED_EDGE('',*,*,#1723,.F.);
#1521=ORIENTED_EDGE('',*,*,#2064,.F.);
#1522=ORIENTED_EDGE('',*,*,#2065,.T.);
#1523=ORIENTED_EDGE('',*,*,#2062,.T.);
#1524=ORIENTED_EDGE('',*,*,#1722,.F.);
#1525=ORIENTED_EDGE('',*,*,#2066,.F.);
#1526=ORIENTED_EDGE('',*,*,#2067,.T.);
#1527=ORIENTED_EDGE('',*,*,#2064,.T.);
#1528=ORIENTED_EDGE('',*,*,#1721,.F.);
#1529=ORIENTED_EDGE('',*,*,#2068,.F.);
#1530=ORIENTED_EDGE('',*,*,#2069,.T.);
#1531=ORIENTED_EDGE('',*,*,#2066,.T.);
#1532=ORIENTED_EDGE('',*,*,#1720,.F.);
#1533=ORIENTED_EDGE('',*,*,#2070,.F.);
#1534=ORIENTED_EDGE('',*,*,#2071,.T.);
#1535=ORIENTED_EDGE('',*,*,#2068,.T.);
#1536=ORIENTED_EDGE('',*,*,#1719,.F.);
#1537=ORIENTED_EDGE('',*,*,#2072,.F.);
#1538=ORIENTED_EDGE('',*,*,#2073,.T.);
#1539=ORIENTED_EDGE('',*,*,#2070,.T.);
#1540=ORIENTED_EDGE('',*,*,#1718,.F.);
#1541=ORIENTED_EDGE('',*,*,#2074,.F.);
#1542=ORIENTED_EDGE('',*,*,#2075,.T.);
#1543=ORIENTED_EDGE('',*,*,#2072,.T.);
#1544=ORIENTED_EDGE('',*,*,#1717,.F.);
#1545=ORIENTED_EDGE('',*,*,#2076,.F.);
#1546=ORIENTED_EDGE('',*,*,#2077,.T.);
#1547=ORIENTED_EDGE('',*,*,#2074,.T.);
#1548=ORIENTED_EDGE('',*,*,#1716,.F.);
#1549=ORIENTED_EDGE('',*,*,#2078,.F.);
#1550=ORIENTED_EDGE('',*,*,#2079,.T.);
#1551=ORIENTED_EDGE('',*,*,#2076,.T.);
#1552=ORIENTED_EDGE('',*,*,#1715,.F.);
#1553=ORIENTED_EDGE('',*,*,#2080,.F.);
#1554=ORIENTED_EDGE('',*,*,#2081,.T.);
#1555=ORIENTED_EDGE('',*,*,#2078,.T.);
#1556=ORIENTED_EDGE('',*,*,#1714,.F.);
#1557=ORIENTED_EDGE('',*,*,#2082,.F.);
#1558=ORIENTED_EDGE('',*,*,#2083,.T.);
#1559=ORIENTED_EDGE('',*,*,#2080,.T.);
#1560=ORIENTED_EDGE('',*,*,#1713,.F.);
#1561=ORIENTED_EDGE('',*,*,#2084,.F.);
#1562=ORIENTED_EDGE('',*,*,#2085,.T.);
#1563=ORIENTED_EDGE('',*,*,#2082,.T.);
#1564=ORIENTED_EDGE('',*,*,#1712,.F.);
#1565=ORIENTED_EDGE('',*,*,#2086,.F.);
#1566=ORIENTED_EDGE('',*,*,#2087,.T.);
#1567=ORIENTED_EDGE('',*,*,#2084,.T.);
#1568=ORIENTED_EDGE('',*,*,#1711,.F.);
#1569=ORIENTED_EDGE('',*,*,#2088,.F.);
#1570=ORIENTED_EDGE('',*,*,#2089,.T.);
#1571=ORIENTED_EDGE('',*,*,#2086,.T.);
#1572=ORIENTED_EDGE('',*,*,#1710,.F.);
#1573=ORIENTED_EDGE('',*,*,#2090,.F.);
#1574=ORIENTED_EDGE('',*,*,#2091,.T.);
#1575=ORIENTED_EDGE('',*,*,#2088,.T.);
#1576=ORIENTED_EDGE('',*,*,#1709,.F.);
#1577=ORIENTED_EDGE('',*,*,#2092,.F.);
#1578=ORIENTED_EDGE('',*,*,#2093,.T.);
#1579=ORIENTED_EDGE('',*,*,#2090,.T.);
#1580=ORIENTED_EDGE('',*,*,#1708,.F.);
#1581=ORIENTED_EDGE('',*,*,#2094,.F.);
#1582=ORIENTED_EDGE('',*,*,#2095,.T.);
#1583=ORIENTED_EDGE('',*,*,#2092,.T.);
#1584=ORIENTED_EDGE('',*,*,#1707,.F.);
#1585=ORIENTED_EDGE('',*,*,#2096,.F.);
#1586=ORIENTED_EDGE('',*,*,#2097,.T.);
#1587=ORIENTED_EDGE('',*,*,#2094,.T.);
#1588=ORIENTED_EDGE('',*,*,#1706,.F.);
#1589=ORIENTED_EDGE('',*,*,#2098,.F.);
#1590=ORIENTED_EDGE('',*,*,#2099,.T.);
#1591=ORIENTED_EDGE('',*,*,#2096,.T.);
#1592=ORIENTED_EDGE('',*,*,#1705,.F.);
#1593=ORIENTED_EDGE('',*,*,#2100,.F.);
#1594=ORIENTED_EDGE('',*,*,#2101,.T.);
#1595=ORIENTED_EDGE('',*,*,#2098,.T.);
#1596=ORIENTED_EDGE('',*,*,#1704,.F.);
#1597=ORIENTED_EDGE('',*,*,#2102,.F.);
#1598=ORIENTED_EDGE('',*,*,#2103,.T.);
#1599=ORIENTED_EDGE('',*,*,#2100,.T.);
#1600=ORIENTED_EDGE('',*,*,#1703,.F.);
#1601=ORIENTED_EDGE('',*,*,#2104,.F.);
#1602=ORIENTED_EDGE('',*,*,#2105,.T.);
#1603=ORIENTED_EDGE('',*,*,#2102,.T.);
#1604=ORIENTED_EDGE('',*,*,#1702,.F.);
#1605=ORIENTED_EDGE('',*,*,#2053,.F.);
#1606=ORIENTED_EDGE('',*,*,#2106,.T.);
#1607=ORIENTED_EDGE('',*,*,#2104,.T.);
#1608=ORIENTED_EDGE('',*,*,#2107,.F.);
#1609=ORIENTED_EDGE('',*,*,#2044,.F.);
#1610=ORIENTED_EDGE('',*,*,#2108,.T.);
#1611=ORIENTED_EDGE('',*,*,#2049,.T.);
#1612=ORIENTED_EDGE('',*,*,#2052,.F.);
#1613=ORIENTED_EDGE('',*,*,#2055,.F.);
#1614=ORIENTED_EDGE('',*,*,#2057,.F.);
#1615=ORIENTED_EDGE('',*,*,#2059,.F.);
#1616=ORIENTED_EDGE('',*,*,#2061,.F.);
#1617=ORIENTED_EDGE('',*,*,#2063,.F.);
#1618=ORIENTED_EDGE('',*,*,#2065,.F.);
#1619=ORIENTED_EDGE('',*,*,#2067,.F.);
#1620=ORIENTED_EDGE('',*,*,#2069,.F.);
#1621=ORIENTED_EDGE('',*,*,#2071,.F.);
#1622=ORIENTED_EDGE('',*,*,#2073,.F.);
#1623=ORIENTED_EDGE('',*,*,#2075,.F.);
#1624=ORIENTED_EDGE('',*,*,#2077,.F.);
#1625=ORIENTED_EDGE('',*,*,#2079,.F.);
#1626=ORIENTED_EDGE('',*,*,#2081,.F.);
#1627=ORIENTED_EDGE('',*,*,#2083,.F.);
#1628=ORIENTED_EDGE('',*,*,#2085,.F.);
#1629=ORIENTED_EDGE('',*,*,#2087,.F.);
#1630=ORIENTED_EDGE('',*,*,#2089,.F.);
#1631=ORIENTED_EDGE('',*,*,#2091,.F.);
#1632=ORIENTED_EDGE('',*,*,#2093,.F.);
#1633=ORIENTED_EDGE('',*,*,#2095,.F.);
#1634=ORIENTED_EDGE('',*,*,#2097,.F.);
#1635=ORIENTED_EDGE('',*,*,#2099,.F.);
#1636=ORIENTED_EDGE('',*,*,#2101,.F.);
#1637=ORIENTED_EDGE('',*,*,#2103,.F.);
#1638=ORIENTED_EDGE('',*,*,#2105,.F.);
#1639=ORIENTED_EDGE('',*,*,#2106,.F.);
#1640=ORIENTED_EDGE('',*,*,#2043,.F.);
#1641=ORIENTED_EDGE('',*,*,#2047,.F.);
#1642=ORIENTED_EDGE('',*,*,#2050,.F.);
#1643=ORIENTED_EDGE('',*,*,#2108,.F.);
#1644=ORIENTED_EDGE('',*,*,#1955,.T.);
#1645=ORIENTED_EDGE('',*,*,#1951,.T.);
#1646=ORIENTED_EDGE('',*,*,#2001,.T.);
#1647=ORIENTED_EDGE('',*,*,#1982,.T.);
#1648=ORIENTED_EDGE('',*,*,#1979,.T.);
#1649=ORIENTED_EDGE('',*,*,#1976,.T.);
#1650=ORIENTED_EDGE('',*,*,#1973,.T.);
#1651=ORIENTED_EDGE('',*,*,#1970,.T.);
#1652=ORIENTED_EDGE('',*,*,#1967,.T.);
#1653=ORIENTED_EDGE('',*,*,#1964,.T.);
#1654=ORIENTED_EDGE('',*,*,#1961,.T.);
#1655=ORIENTED_EDGE('',*,*,#1958,.T.);
#1656=ORIENTED_EDGE('',*,*,#2045,.T.);
#1657=ORIENTED_EDGE('',*,*,#2041,.T.);
#1658=ORIENTED_EDGE('',*,*,#2107,.T.);
#1659=ORIENTED_EDGE('',*,*,#2048,.T.);
#1660=ORIENTED_EDGE('',*,*,#2109,.T.);
#1661=ORIENTED_EDGE('',*,*,#2110,.F.);
#1662=ORIENTED_EDGE('',*,*,#2111,.F.);
#1663=ORIENTED_EDGE('',*,*,#1689,.T.);
#1664=ORIENTED_EDGE('',*,*,#2109,.F.);
#1665=ORIENTED_EDGE('',*,*,#2111,.T.);
#1666=ORIENTED_EDGE('',*,*,#2110,.T.);
#1667=ORIENTED_EDGE('',*,*,#2112,.T.);
#1668=ORIENTED_EDGE('',*,*,#1698,.F.);
#1669=ORIENTED_EDGE('',*,*,#2113,.F.);
#1670=ORIENTED_EDGE('',*,*,#2114,.T.);
#1671=ORIENTED_EDGE('',*,*,#2112,.F.);
#1672=ORIENTED_EDGE('',*,*,#2113,.T.);
#1673=ORIENTED_EDGE('',*,*,#2114,.F.);
#1674=ORIENTED_EDGE('',*,*,#2115,.T.);
#1675=ORIENTED_EDGE('',*,*,#2116,.F.);
#1676=ORIENTED_EDGE('',*,*,#2117,.F.);
#1677=ORIENTED_EDGE('',*,*,#1688,.T.);
#1678=ORIENTED_EDGE('',*,*,#2115,.F.);
#1679=ORIENTED_EDGE('',*,*,#2117,.T.);
#1680=ORIENTED_EDGE('',*,*,#2116,.T.);
#1681=ORIENTED_EDGE('',*,*,#2118,.T.);
#1682=ORIENTED_EDGE('',*,*,#1699,.F.);
#1683=ORIENTED_EDGE('',*,*,#2119,.F.);
#1684=ORIENTED_EDGE('',*,*,#2120,.T.);
#1685=ORIENTED_EDGE('',*,*,#2118,.F.);
#1686=ORIENTED_EDGE('',*,*,#2119,.T.);
#1687=ORIENTED_EDGE('',*,*,#2120,.F.);
#1688=EDGE_CURVE('',#2121,#2121,#2423,.T.);
#1689=EDGE_CURVE('',#2122,#2122,#2424,.T.);
#1690=EDGE_CURVE('',#2123,#2124,#300,.T.);
#1691=EDGE_CURVE('',#2123,#2125,#2425,.F.);
#1692=EDGE_CURVE('',#2125,#2126,#301,.T.);
#1693=EDGE_CURVE('',#2126,#2127,#2426,.F.);
#1694=EDGE_CURVE('',#2127,#2128,#302,.T.);
#1695=EDGE_CURVE('',#2128,#2129,#2427,.F.);
#1696=EDGE_CURVE('',#2130,#2129,#303,.T.);
#1697=EDGE_CURVE('',#2130,#2124,#2428,.F.);
#1698=EDGE_CURVE('',#2131,#2131,#2429,.T.);
#1699=EDGE_CURVE('',#2132,#2132,#2430,.T.);
#1700=EDGE_CURVE('',#2133,#2134,#304,.T.);
#1701=EDGE_CURVE('',#2134,#2135,#305,.T.);
#1702=EDGE_CURVE('',#2135,#2136,#306,.T.);
#1703=EDGE_CURVE('',#2136,#2137,#307,.T.);
#1704=EDGE_CURVE('',#2137,#2138,#308,.T.);
#1705=EDGE_CURVE('',#2138,#2139,#309,.T.);
#1706=EDGE_CURVE('',#2139,#2140,#310,.T.);
#1707=EDGE_CURVE('',#2140,#2141,#311,.T.);
#1708=EDGE_CURVE('',#2141,#2142,#312,.T.);
#1709=EDGE_CURVE('',#2142,#2143,#313,.T.);
#1710=EDGE_CURVE('',#2143,#2144,#314,.T.);
#1711=EDGE_CURVE('',#2144,#2145,#315,.T.);
#1712=EDGE_CURVE('',#2145,#2146,#316,.T.);
#1713=EDGE_CURVE('',#2146,#2147,#317,.T.);
#1714=EDGE_CURVE('',#2147,#2148,#318,.T.);
#1715=EDGE_CURVE('',#2148,#2149,#319,.T.);
#1716=EDGE_CURVE('',#2149,#2150,#320,.T.);
#1717=EDGE_CURVE('',#2150,#2151,#321,.T.);
#1718=EDGE_CURVE('',#2151,#2152,#322,.T.);
#1719=EDGE_CURVE('',#2152,#2153,#323,.T.);
#1720=EDGE_CURVE('',#2153,#2154,#324,.T.);
#1721=EDGE_CURVE('',#2154,#2155,#325,.T.);
#1722=EDGE_CURVE('',#2155,#2156,#326,.T.);
#1723=EDGE_CURVE('',#2156,#2157,#327,.T.);
#1724=EDGE_CURVE('',#2157,#2158,#328,.T.);
#1725=EDGE_CURVE('',#2158,#2159,#329,.T.);
#1726=EDGE_CURVE('',#2159,#2160,#330,.T.);
#1727=EDGE_CURVE('',#2160,#2133,#331,.T.);
#1728=EDGE_CURVE('',#2161,#2162,#332,.T.);
#1729=EDGE_CURVE('',#2162,#2163,#333,.T.);
#1730=EDGE_CURVE('',#2163,#2164,#334,.T.);
#1731=EDGE_CURVE('',#2164,#2165,#335,.T.);
#1732=EDGE_CURVE('',#2165,#2166,#336,.T.);
#1733=EDGE_CURVE('',#2166,#2167,#337,.T.);
#1734=EDGE_CURVE('',#2167,#2161,#338,.T.);
#1735=EDGE_CURVE('',#2168,#2169,#339,.T.);
#1736=EDGE_CURVE('',#2169,#2170,#340,.T.);
#1737=EDGE_CURVE('',#2170,#2171,#341,.T.);
#1738=EDGE_CURVE('',#2171,#2172,#342,.T.);
#1739=EDGE_CURVE('',#2172,#2173,#343,.T.);
#1740=EDGE_CURVE('',#2173,#2168,#344,.T.);
#1741=EDGE_CURVE('',#2174,#2175,#345,.T.);
#1742=EDGE_CURVE('',#2175,#2176,#204,.T.);
#1743=EDGE_CURVE('',#2176,#2177,#2431,.F.);
#1744=EDGE_CURVE('',#2177,#2178,#205,.T.);
#1745=EDGE_CURVE('',#2178,#2179,#206,.T.);
#1746=EDGE_CURVE('',#2179,#2180,#207,.T.);
#1747=EDGE_CURVE('',#2180,#2181,#208,.T.);
#1748=EDGE_CURVE('',#2181,#2182,#209,.T.);
#1749=EDGE_CURVE('',#2182,#2183,#346,.T.);
#1750=EDGE_CURVE('',#2183,#2184,#210,.T.);
#1751=EDGE_CURVE('',#2184,#2185,#211,.T.);
#1752=EDGE_CURVE('',#2185,#2186,#212,.T.);
#1753=EDGE_CURVE('',#2186,#2187,#213,.T.);
#1754=EDGE_CURVE('',#2187,#2188,#214,.T.);
#1755=EDGE_CURVE('',#2188,#2189,#2432,.T.);
#1756=EDGE_CURVE('',#2189,#2190,#2433,.T.);
#1757=EDGE_CURVE('',#2190,#2191,#347,.T.);
#1758=EDGE_CURVE('',#2191,#2192,#348,.T.);
#1759=EDGE_CURVE('',#2192,#2174,#349,.T.);
#1760=EDGE_CURVE('',#2193,#2193,#2434,.F.);
#1761=EDGE_CURVE('',#2194,#2194,#2435,.F.);
#1762=EDGE_CURVE('',#2195,#2196,#350,.T.);
#1763=EDGE_CURVE('',#2195,#2197,#351,.F.);
#1764=EDGE_CURVE('',#2198,#2197,#2436,.T.);
#1765=EDGE_CURVE('',#2199,#2198,#215,.T.);
#1766=EDGE_CURVE('',#2200,#2199,#2437,.F.);
#1767=EDGE_CURVE('',#2200,#2201,#352,.F.);
#1768=EDGE_CURVE('',#2202,#2201,#353,.T.);
#1769=EDGE_CURVE('',#2202,#2203,#354,.F.);
#1770=EDGE_CURVE('',#2204,#2203,#355,.T.);
#1771=EDGE_CURVE('',#2204,#2196,#356,.T.);
#1772=EDGE_CURVE('',#2205,#2206,#216,.T.);
#1773=EDGE_CURVE('',#2206,#2207,#217,.T.);
#1774=EDGE_CURVE('',#2207,#2208,#218,.T.);
#1775=EDGE_CURVE('',#2208,#2209,#219,.T.);
#1776=EDGE_CURVE('',#2209,#2210,#220,.T.);
#1777=EDGE_CURVE('',#2210,#2211,#221,.T.);
#1778=EDGE_CURVE('',#2211,#2212,#222,.T.);
#1779=EDGE_CURVE('',#2212,#2205,#223,.T.);
#1780=EDGE_CURVE('',#2213,#2214,#357,.T.);
#1781=EDGE_CURVE('',#2214,#2215,#224,.T.);
#1782=EDGE_CURVE('',#2215,#2216,#2438,.F.);
#1783=EDGE_CURVE('',#2216,#2217,#225,.T.);
#1784=EDGE_CURVE('',#2217,#2218,#226,.T.);
#1785=EDGE_CURVE('',#2218,#2219,#227,.T.);
#1786=EDGE_CURVE('',#2219,#2220,#228,.T.);
#1787=EDGE_CURVE('',#2220,#2221,#229,.T.);
#1788=EDGE_CURVE('',#2221,#2222,#358,.T.);
#1789=EDGE_CURVE('',#2222,#2223,#230,.T.);
#1790=EDGE_CURVE('',#2223,#2224,#231,.T.);
#1791=EDGE_CURVE('',#2224,#2225,#232,.T.);
#1792=EDGE_CURVE('',#2225,#2226,#233,.T.);
#1793=EDGE_CURVE('',#2226,#2227,#234,.T.);
#1794=EDGE_CURVE('',#2227,#2228,#2439,.T.);
#1795=EDGE_CURVE('',#2228,#2229,#2440,.T.);
#1796=EDGE_CURVE('',#2229,#2230,#359,.T.);
#1797=EDGE_CURVE('',#2230,#2231,#360,.T.);
#1798=EDGE_CURVE('',#2231,#2213,#361,.T.);
#1799=EDGE_CURVE('',#2232,#2232,#2441,.F.);
#1800=EDGE_CURVE('',#2233,#2233,#2442,.F.);
#1801=EDGE_CURVE('',#2234,#2235,#2443,.F.);
#1802=EDGE_CURVE('',#2235,#2236,#362,.T.);
#1803=EDGE_CURVE('',#2236,#2237,#363,.T.);
#1804=EDGE_CURVE('',#2237,#2238,#364,.F.);
#1805=EDGE_CURVE('',#2238,#2239,#365,.T.);
#1806=EDGE_CURVE('',#2239,#2240,#366,.T.);
#1807=EDGE_CURVE('',#2240,#2241,#367,.T.);
#1808=EDGE_CURVE('',#2241,#2242,#368,.T.);
#1809=EDGE_CURVE('',#2242,#2243,#2444,.T.);
#1810=EDGE_CURVE('',#2243,#2234,#235,.T.);
#1811=EDGE_CURVE('',#2202,#2244,#2445,.F.);
#1812=EDGE_CURVE('',#2244,#2245,#369,.F.);
#1813=EDGE_CURVE('',#2203,#2245,#2446,.T.);
#1814=EDGE_CURVE('',#2246,#2204,#2447,.T.);
#1815=EDGE_CURVE('',#2246,#2247,#370,.F.);
#1816=EDGE_CURVE('',#2247,#2196,#2448,.F.);
#1817=EDGE_CURVE('',#2237,#2248,#2449,.F.);
#1818=EDGE_CURVE('',#2248,#2249,#371,.T.);
#1819=EDGE_CURVE('',#2238,#2249,#2450,.T.);
#1820=EDGE_CURVE('',#2250,#2239,#2451,.T.);
#1821=EDGE_CURVE('',#2250,#2251,#372,.T.);
#1822=EDGE_CURVE('',#2251,#2240,#2452,.F.);
#1823=EDGE_CURVE('',#2252,#2252,#2453,.T.);
#1824=EDGE_CURVE('',#2253,#2253,#2454,.T.);
#1825=EDGE_CURVE('',#2254,#2255,#373,.T.);
#1826=EDGE_CURVE('',#2256,#2254,#374,.T.);
#1827=EDGE_CURVE('',#2256,#2257,#375,.T.);
#1828=EDGE_CURVE('',#2257,#2255,#376,.T.);
#1829=EDGE_CURVE('',#2258,#2258,#2455,.T.);
#1830=EDGE_CURVE('',#2259,#2259,#2456,.T.);
#1831=EDGE_CURVE('',#2260,#2260,#2457,.T.);
#1832=EDGE_CURVE('',#2261,#2261,#2458,.T.);
#1833=EDGE_CURVE('',#2262,#2262,#2459,.T.);
#1834=EDGE_CURVE('',#2263,#2263,#2460,.T.);
#1835=EDGE_CURVE('',#2264,#2264,#2461,.T.);
#1836=EDGE_CURVE('',#2265,#2265,#2462,.T.);
#1837=EDGE_CURVE('',#2266,#2266,#2463,.T.);
#1838=EDGE_CURVE('',#2267,#2267,#2464,.T.);
#1839=EDGE_CURVE('',#2268,#2268,#2465,.T.);
#1840=EDGE_CURVE('',#2269,#2269,#2466,.T.);
#1841=EDGE_CURVE('',#2270,#2270,#2467,.T.);
#1842=EDGE_CURVE('',#2271,#2271,#2468,.T.);
#1843=EDGE_CURVE('',#2272,#2272,#2469,.T.);
#1844=EDGE_CURVE('',#2273,#2273,#2470,.T.);
#1845=EDGE_CURVE('',#2274,#2255,#377,.T.);
#1846=EDGE_CURVE('',#2274,#2275,#378,.T.);
#1847=EDGE_CURVE('',#2275,#2254,#379,.T.);
#1848=EDGE_CURVE('',#2276,#2257,#380,.T.);
#1849=EDGE_CURVE('',#2274,#2276,#381,.T.);
#1850=EDGE_CURVE('',#2277,#2256,#382,.T.);
#1851=EDGE_CURVE('',#2276,#2277,#383,.T.);
#1852=EDGE_CURVE('',#2275,#2277,#384,.T.);
#1853=EDGE_CURVE('',#2278,#2278,#2471,.T.);
#1854=EDGE_CURVE('',#2279,#2279,#2472,.T.);
#1855=EDGE_CURVE('',#2280,#2281,#385,.T.);
#1856=EDGE_CURVE('',#2280,#2246,#2473,.T.);
#1857=EDGE_CURVE('',#2245,#2282,#2474,.T.);
#1858=EDGE_CURVE('',#2282,#2283,#386,.T.);
#1859=EDGE_CURVE('',#2283,#2250,#2475,.T.);
#1860=EDGE_CURVE('',#2249,#2281,#2476,.T.);
#1861=EDGE_CURVE('',#2282,#2130,#387,.F.);
#1862=EDGE_CURVE('',#2129,#2283,#388,.T.);
#1863=EDGE_CURVE('',#2125,#2280,#389,.T.);
#1864=EDGE_CURVE('',#2281,#2126,#390,.F.);
#1865=EDGE_CURVE('',#2251,#2241,#2477,.F.);
#1866=EDGE_CURVE('',#2236,#2248,#2478,.F.);
#1867=EDGE_CURVE('',#2247,#2195,#2479,.F.);
#1868=EDGE_CURVE('',#2201,#2244,#2480,.F.);
#1869=EDGE_CURVE('',#2284,#2285,#236,.T.);
#1870=EDGE_CURVE('',#2285,#2286,#237,.T.);
#1871=EDGE_CURVE('',#2286,#2234,#391,.T.);
#1872=EDGE_CURVE('',#2287,#2243,#392,.T.);
#1873=EDGE_CURVE('',#2287,#2284,#238,.T.);
#1874=EDGE_CURVE('',#2242,#2287,#239,.T.);
#1875=EDGE_CURVE('',#2286,#2235,#240,.T.);
#1876=EDGE_CURVE('',#2127,#2285,#393,.T.);
#1877=EDGE_CURVE('',#2284,#2128,#394,.F.);
#1878=EDGE_CURVE('',#2288,#2198,#395,.T.);
#1879=EDGE_CURVE('',#2288,#2289,#241,.T.);
#1880=EDGE_CURVE('',#2290,#2289,#242,.T.);
#1881=EDGE_CURVE('',#2290,#2291,#243,.T.);
#1882=EDGE_CURVE('',#2291,#2199,#396,.T.);
#1883=EDGE_CURVE('',#2197,#2288,#244,.T.);
#1884=EDGE_CURVE('',#2291,#2200,#245,.T.);
#1885=EDGE_CURVE('',#2289,#2123,#397,.F.);
#1886=EDGE_CURVE('',#2124,#2290,#398,.T.);
#1887=EDGE_CURVE('',#2292,#2175,#399,.T.);
#1888=EDGE_CURVE('',#2292,#2293,#246,.T.);
#1889=EDGE_CURVE('',#2293,#2176,#400,.T.);
#1890=EDGE_CURVE('',#2294,#2174,#401,.T.);
#1891=EDGE_CURVE('',#2294,#2292,#402,.T.);
#1892=EDGE_CURVE('',#2295,#2192,#403,.T.);
#1893=EDGE_CURVE('',#2295,#2294,#404,.T.);
#1894=EDGE_CURVE('',#2296,#2191,#405,.T.);
#1895=EDGE_CURVE('',#2296,#2295,#406,.T.);
#1896=EDGE_CURVE('',#2297,#2190,#407,.T.);
#1897=EDGE_CURVE('',#2297,#2296,#408,.T.);
#1898=EDGE_CURVE('',#2298,#2189,#409,.T.);
#1899=EDGE_CURVE('',#2298,#2297,#2481,.T.);
#1900=EDGE_CURVE('',#2299,#2188,#410,.T.);
#1901=EDGE_CURVE('',#2299,#2298,#2482,.T.);
#1902=EDGE_CURVE('',#2300,#2187,#411,.T.);
#1903=EDGE_CURVE('',#2300,#2299,#247,.T.);
#1904=EDGE_CURVE('',#2301,#2186,#412,.T.);
#1905=EDGE_CURVE('',#2301,#2300,#248,.T.);
#1906=EDGE_CURVE('',#2302,#2185,#413,.T.);
#1907=EDGE_CURVE('',#2302,#2301,#249,.T.);
#1908=EDGE_CURVE('',#2303,#2184,#414,.T.);
#1909=EDGE_CURVE('',#2303,#2302,#250,.T.);
#1910=EDGE_CURVE('',#2304,#2183,#415,.T.);
#1911=EDGE_CURVE('',#2304,#2303,#251,.T.);
#1912=EDGE_CURVE('',#2305,#2182,#416,.T.);
#1913=EDGE_CURVE('',#2305,#2304,#417,.T.);
#1914=EDGE_CURVE('',#2306,#2181,#418,.T.);
#1915=EDGE_CURVE('',#2306,#2305,#252,.T.);
#1916=EDGE_CURVE('',#2307,#2180,#419,.T.);
#1917=EDGE_CURVE('',#2307,#2306,#253,.T.);
#1918=EDGE_CURVE('',#2308,#2179,#420,.T.);
#1919=EDGE_CURVE('',#2308,#2307,#254,.T.);
#1920=EDGE_CURVE('',#2309,#2178,#421,.T.);
#1921=EDGE_CURVE('',#2309,#2308,#255,.T.);
#1922=EDGE_CURVE('',#2310,#2177,#422,.T.);
#1923=EDGE_CURVE('',#2310,#2309,#256,.T.);
#1924=EDGE_CURVE('',#2293,#2310,#2483,.F.);
#1925=EDGE_CURVE('',#2311,#2169,#423,.T.);
#1926=EDGE_CURVE('',#2311,#2312,#424,.T.);
#1927=EDGE_CURVE('',#2312,#2170,#425,.T.);
#1928=EDGE_CURVE('',#2313,#2168,#426,.T.);
#1929=EDGE_CURVE('',#2313,#2311,#427,.T.);
#1930=EDGE_CURVE('',#2314,#2173,#428,.T.);
#1931=EDGE_CURVE('',#2314,#2313,#429,.T.);
#1932=EDGE_CURVE('',#2315,#2172,#430,.T.);
#1933=EDGE_CURVE('',#2315,#2314,#431,.T.);
#1934=EDGE_CURVE('',#2316,#2171,#432,.T.);
#1935=EDGE_CURVE('',#2316,#2315,#433,.T.);
#1936=EDGE_CURVE('',#2312,#2316,#434,.T.);
#1937=EDGE_CURVE('',#2317,#2162,#435,.T.);
#1938=EDGE_CURVE('',#2317,#2318,#436,.T.);
#1939=EDGE_CURVE('',#2318,#2163,#437,.T.);
#1940=EDGE_CURVE('',#2319,#2161,#438,.T.);
#1941=EDGE_CURVE('',#2319,#2317,#439,.T.);
#1942=EDGE_CURVE('',#2320,#2167,#440,.T.);
#1943=EDGE_CURVE('',#2320,#2319,#441,.T.);
#1944=EDGE_CURVE('',#2321,#2166,#442,.T.);
#1945=EDGE_CURVE('',#2321,#2320,#443,.T.);
#1946=EDGE_CURVE('',#2322,#2165,#444,.T.);
#1947=EDGE_CURVE('',#2322,#2321,#445,.T.);
#1948=EDGE_CURVE('',#2323,#2164,#446,.T.);
#1949=EDGE_CURVE('',#2323,#2322,#447,.T.);
#1950=EDGE_CURVE('',#2318,#2323,#448,.T.);
#1951=EDGE_CURVE('',#2324,#2325,#257,.T.);
#1952=EDGE_CURVE('',#2326,#2324,#449,.T.);
#1953=EDGE_CURVE('',#2326,#2327,#258,.T.);
#1954=EDGE_CURVE('',#2327,#2325,#450,.T.);
#1955=EDGE_CURVE('',#2328,#2324,#259,.T.);
#1956=EDGE_CURVE('',#2329,#2328,#451,.T.);
#1957=EDGE_CURVE('',#2329,#2326,#260,.T.);
#1958=EDGE_CURVE('',#2330,#2328,#261,.T.);
#1959=EDGE_CURVE('',#2331,#2330,#452,.T.);
#1960=EDGE_CURVE('',#2331,#2329,#262,.T.);
#1961=EDGE_CURVE('',#2332,#2330,#263,.T.);
#1962=EDGE_CURVE('',#2333,#2332,#453,.T.);
#1963=EDGE_CURVE('',#2333,#2331,#264,.T.);
#1964=EDGE_CURVE('',#2334,#2332,#265,.T.);
#1965=EDGE_CURVE('',#2335,#2334,#454,.T.);
#1966=EDGE_CURVE('',#2335,#2333,#266,.T.);
#1967=EDGE_CURVE('',#2336,#2334,#267,.T.);
#1968=EDGE_CURVE('',#2337,#2336,#455,.T.);
#1969=EDGE_CURVE('',#2337,#2335,#268,.T.);
#1970=EDGE_CURVE('',#2338,#2336,#269,.T.);
#1971=EDGE_CURVE('',#2339,#2338,#456,.T.);
#1972=EDGE_CURVE('',#2339,#2337,#270,.T.);
#1973=EDGE_CURVE('',#2340,#2338,#271,.T.);
#1974=EDGE_CURVE('',#2341,#2340,#457,.T.);
#1975=EDGE_CURVE('',#2341,#2339,#272,.T.);
#1976=EDGE_CURVE('',#2342,#2340,#273,.T.);
#1977=EDGE_CURVE('',#2343,#2342,#458,.T.);
#1978=EDGE_CURVE('',#2343,#2341,#274,.T.);
#1979=EDGE_CURVE('',#2344,#2342,#275,.T.);
#1980=EDGE_CURVE('',#2345,#2344,#459,.T.);
#1981=EDGE_CURVE('',#2345,#2343,#276,.T.);
#1982=EDGE_CURVE('',#2346,#2344,#277,.T.);
#1983=EDGE_CURVE('',#2347,#2346,#460,.T.);
#1984=EDGE_CURVE('',#2347,#2345,#278,.T.);
#1985=EDGE_CURVE('',#2348,#2206,#461,.T.);
#1986=EDGE_CURVE('',#2348,#2349,#279,.T.);
#1987=EDGE_CURVE('',#2349,#2207,#462,.T.);
#1988=EDGE_CURVE('',#2350,#2205,#463,.T.);
#1989=EDGE_CURVE('',#2350,#2348,#280,.T.);
#1990=EDGE_CURVE('',#2351,#2212,#464,.T.);
#1991=EDGE_CURVE('',#2351,#2350,#281,.T.);
#1992=EDGE_CURVE('',#2352,#2211,#465,.T.);
#1993=EDGE_CURVE('',#2352,#2351,#282,.T.);
#1994=EDGE_CURVE('',#2353,#2210,#466,.T.);
#1995=EDGE_CURVE('',#2353,#2352,#283,.T.);
#1996=EDGE_CURVE('',#2354,#2209,#467,.T.);
#1997=EDGE_CURVE('',#2354,#2353,#284,.T.);
#1998=EDGE_CURVE('',#2355,#2208,#468,.T.);
#1999=EDGE_CURVE('',#2355,#2354,#285,.T.);
#2000=EDGE_CURVE('',#2349,#2355,#286,.T.);
#2001=EDGE_CURVE('',#2325,#2346,#287,.T.);
#2002=EDGE_CURVE('',#2327,#2347,#288,.T.);
#2003=EDGE_CURVE('',#2356,#2214,#469,.T.);
#2004=EDGE_CURVE('',#2356,#2357,#289,.T.);
#2005=EDGE_CURVE('',#2357,#2215,#470,.T.);
#2006=EDGE_CURVE('',#2358,#2213,#471,.T.);
#2007=EDGE_CURVE('',#2358,#2356,#472,.T.);
#2008=EDGE_CURVE('',#2359,#2231,#473,.T.);
#2009=EDGE_CURVE('',#2359,#2358,#474,.T.);
#2010=EDGE_CURVE('',#2360,#2230,#475,.T.);
#2011=EDGE_CURVE('',#2360,#2359,#476,.T.);
#2012=EDGE_CURVE('',#2361,#2229,#477,.T.);
#2013=EDGE_CURVE('',#2361,#2360,#478,.T.);
#2014=EDGE_CURVE('',#2362,#2228,#479,.T.);
#2015=EDGE_CURVE('',#2362,#2361,#2484,.T.);
#2016=EDGE_CURVE('',#2363,#2227,#480,.T.);
#2017=EDGE_CURVE('',#2363,#2362,#2485,.T.);
#2018=EDGE_CURVE('',#2364,#2226,#481,.T.);
#2019=EDGE_CURVE('',#2364,#2363,#290,.T.);
#2020=EDGE_CURVE('',#2365,#2225,#482,.T.);
#2021=EDGE_CURVE('',#2365,#2364,#291,.T.);
#2022=EDGE_CURVE('',#2366,#2224,#483,.T.);
#2023=EDGE_CURVE('',#2366,#2365,#292,.T.);
#2024=EDGE_CURVE('',#2367,#2223,#484,.T.);
#2025=EDGE_CURVE('',#2367,#2366,#293,.T.);
#2026=EDGE_CURVE('',#2368,#2222,#485,.T.);
#2027=EDGE_CURVE('',#2368,#2367,#294,.T.);
#2028=EDGE_CURVE('',#2369,#2221,#486,.T.);
#2029=EDGE_CURVE('',#2369,#2368,#487,.T.);
#2030=EDGE_CURVE('',#2370,#2220,#488,.T.);
#2031=EDGE_CURVE('',#2370,#2369,#295,.T.);
#2032=EDGE_CURVE('',#2371,#2219,#489,.T.);
#2033=EDGE_CURVE('',#2371,#2370,#296,.T.);
#2034=EDGE_CURVE('',#2372,#2218,#490,.T.);
#2035=EDGE_CURVE('',#2372,#2371,#297,.T.);
#2036=EDGE_CURVE('',#2373,#2217,#491,.T.);
#2037=EDGE_CURVE('',#2373,#2372,#298,.T.);
#2038=EDGE_CURVE('',#2374,#2216,#492,.T.);
#2039=EDGE_CURVE('',#2374,#2373,#299,.T.);
#2040=EDGE_CURVE('',#2357,#2374,#2486,.F.);
#2041=EDGE_CURVE('',#2375,#2376,#493,.T.);
#2042=EDGE_CURVE('',#2377,#2375,#494,.T.);
#2043=EDGE_CURVE('',#2377,#2378,#495,.T.);
#2044=EDGE_CURVE('',#2378,#2376,#496,.T.);
#2045=EDGE_CURVE('',#2379,#2375,#497,.T.);
#2046=EDGE_CURVE('',#2380,#2379,#498,.T.);
#2047=EDGE_CURVE('',#2380,#2377,#499,.T.);
#2048=EDGE_CURVE('',#2381,#2379,#500,.T.);
#2049=EDGE_CURVE('',#2382,#2381,#501,.T.);
#2050=EDGE_CURVE('',#2382,#2380,#502,.T.);
#2051=EDGE_CURVE('',#2383,#2134,#503,.T.);
#2052=EDGE_CURVE('',#2383,#2384,#504,.T.);
#2053=EDGE_CURVE('',#2384,#2135,#505,.T.);
#2054=EDGE_CURVE('',#2385,#2133,#506,.T.);
#2055=EDGE_CURVE('',#2385,#2383,#507,.T.);
#2056=EDGE_CURVE('',#2386,#2160,#508,.T.);
#2057=EDGE_CURVE('',#2386,#2385,#509,.T.);
#2058=EDGE_CURVE('',#2387,#2159,#510,.T.);
#2059=EDGE_CURVE('',#2387,#2386,#511,.T.);
#2060=EDGE_CURVE('',#2388,#2158,#512,.T.);
#2061=EDGE_CURVE('',#2388,#2387,#513,.T.);
#2062=EDGE_CURVE('',#2389,#2157,#514,.T.);
#2063=EDGE_CURVE('',#2389,#2388,#515,.T.);
#2064=EDGE_CURVE('',#2390,#2156,#516,.T.);
#2065=EDGE_CURVE('',#2390,#2389,#517,.T.);
#2066=EDGE_CURVE('',#2391,#2155,#518,.T.);
#2067=EDGE_CURVE('',#2391,#2390,#519,.T.);
#2068=EDGE_CURVE('',#2392,#2154,#520,.T.);
#2069=EDGE_CURVE('',#2392,#2391,#521,.T.);
#2070=EDGE_CURVE('',#2393,#2153,#522,.T.);
#2071=EDGE_CURVE('',#2393,#2392,#523,.T.);
#2072=EDGE_CURVE('',#2394,#2152,#524,.T.);
#2073=EDGE_CURVE('',#2394,#2393,#525,.T.);
#2074=EDGE_CURVE('',#2395,#2151,#526,.T.);
#2075=EDGE_CURVE('',#2395,#2394,#527,.T.);
#2076=EDGE_CURVE('',#2396,#2150,#528,.T.);
#2077=EDGE_CURVE('',#2396,#2395,#529,.T.);
#2078=EDGE_CURVE('',#2397,#2149,#530,.T.);
#2079=EDGE_CURVE('',#2397,#2396,#531,.T.);
#2080=EDGE_CURVE('',#2398,#2148,#532,.T.);
#2081=EDGE_CURVE('',#2398,#2397,#533,.T.);
#2082=EDGE_CURVE('',#2399,#2147,#534,.T.);
#2083=EDGE_CURVE('',#2399,#2398,#535,.T.);
#2084=EDGE_CURVE('',#2400,#2146,#536,.T.);
#2085=EDGE_CURVE('',#2400,#2399,#537,.T.);
#2086=EDGE_CURVE('',#2401,#2145,#538,.T.);
#2087=EDGE_CURVE('',#2401,#2400,#539,.T.);
#2088=EDGE_CURVE('',#2402,#2144,#540,.T.);
#2089=EDGE_CURVE('',#2402,#2401,#541,.T.);
#2090=EDGE_CURVE('',#2403,#2143,#542,.T.);
#2091=EDGE_CURVE('',#2403,#2402,#543,.T.);
#2092=EDGE_CURVE('',#2404,#2142,#544,.T.);
#2093=EDGE_CURVE('',#2404,#2403,#545,.T.);
#2094=EDGE_CURVE('',#2405,#2141,#546,.T.);
#2095=EDGE_CURVE('',#2405,#2404,#547,.T.);
#2096=EDGE_CURVE('',#2406,#2140,#548,.T.);
#2097=EDGE_CURVE('',#2406,#2405,#549,.T.);
#2098=EDGE_CURVE('',#2407,#2139,#550,.T.);
#2099=EDGE_CURVE('',#2407,#2406,#551,.T.);
#2100=EDGE_CURVE('',#2408,#2138,#552,.T.);
#2101=EDGE_CURVE('',#2408,#2407,#553,.T.);
#2102=EDGE_CURVE('',#2409,#2137,#554,.T.);
#2103=EDGE_CURVE('',#2409,#2408,#555,.T.);
#2104=EDGE_CURVE('',#2410,#2136,#556,.T.);
#2105=EDGE_CURVE('',#2410,#2409,#557,.T.);
#2106=EDGE_CURVE('',#2384,#2410,#558,.T.);
#2107=EDGE_CURVE('',#2376,#2381,#559,.T.);
#2108=EDGE_CURVE('',#2378,#2382,#560,.T.);
#2109=EDGE_CURVE('',#2411,#2411,#2487,.T.);
#2110=EDGE_CURVE('',#2412,#2412,#2488,.T.);
#2111=EDGE_CURVE('',#2413,#2413,#2489,.T.);
#2112=EDGE_CURVE('',#2414,#2414,#2490,.T.);
#2113=EDGE_CURVE('',#2415,#2415,#2491,.T.);
#2114=EDGE_CURVE('',#2416,#2416,#2492,.T.);
#2115=EDGE_CURVE('',#2417,#2417,#2493,.T.);
#2116=EDGE_CURVE('',#2418,#2418,#2494,.T.);
#2117=EDGE_CURVE('',#2419,#2419,#2495,.T.);
#2118=EDGE_CURVE('',#2420,#2420,#2496,.T.);
#2119=EDGE_CURVE('',#2421,#2421,#2497,.T.);
#2120=EDGE_CURVE('',#2422,#2422,#2498,.T.);
#2121=VERTEX_POINT('',#4798);
#2122=VERTEX_POINT('',#4800);
#2123=VERTEX_POINT('',#4802);
#2124=VERTEX_POINT('',#4803);
#2125=VERTEX_POINT('',#4805);
#2126=VERTEX_POINT('',#4807);
#2127=VERTEX_POINT('',#4809);
#2128=VERTEX_POINT('',#4811);
#2129=VERTEX_POINT('',#4813);
#2130=VERTEX_POINT('',#4815);
#2131=VERTEX_POINT('',#4818);
#2132=VERTEX_POINT('',#4820);
#2133=VERTEX_POINT('',#4823);
#2134=VERTEX_POINT('',#4824);
#2135=VERTEX_POINT('',#4826);
#2136=VERTEX_POINT('',#4828);
#2137=VERTEX_POINT('',#4830);
#2138=VERTEX_POINT('',#4832);
#2139=VERTEX_POINT('',#4834);
#2140=VERTEX_POINT('',#4836);
#2141=VERTEX_POINT('',#4838);
#2142=VERTEX_POINT('',#4840);
#2143=VERTEX_POINT('',#4842);
#2144=VERTEX_POINT('',#4844);
#2145=VERTEX_POINT('',#4846);
#2146=VERTEX_POINT('',#4848);
#2147=VERTEX_POINT('',#4850);
#2148=VERTEX_POINT('',#4852);
#2149=VERTEX_POINT('',#4854);
#2150=VERTEX_POINT('',#4856);
#2151=VERTEX_POINT('',#4858);
#2152=VERTEX_POINT('',#4860);
#2153=VERTEX_POINT('',#4862);
#2154=VERTEX_POINT('',#4864);
#2155=VERTEX_POINT('',#4866);
#2156=VERTEX_POINT('',#4868);
#2157=VERTEX_POINT('',#4870);
#2158=VERTEX_POINT('',#4872);
#2159=VERTEX_POINT('',#4874);
#2160=VERTEX_POINT('',#4876);
#2161=VERTEX_POINT('',#4879);
#2162=VERTEX_POINT('',#4880);
#2163=VERTEX_POINT('',#4882);
#2164=VERTEX_POINT('',#4884);
#2165=VERTEX_POINT('',#4886);
#2166=VERTEX_POINT('',#4888);
#2167=VERTEX_POINT('',#4890);
#2168=VERTEX_POINT('',#4893);
#2169=VERTEX_POINT('',#4894);
#2170=VERTEX_POINT('',#4896);
#2171=VERTEX_POINT('',#4898);
#2172=VERTEX_POINT('',#4900);
#2173=VERTEX_POINT('',#4902);
#2174=VERTEX_POINT('',#4905);
#2175=VERTEX_POINT('',#4906);
#2176=VERTEX_POINT('',#4910);
#2177=VERTEX_POINT('',#4912);
#2178=VERTEX_POINT('',#4916);
#2179=VERTEX_POINT('',#4920);
#2180=VERTEX_POINT('',#4924);
#2181=VERTEX_POINT('',#4928);
#2182=VERTEX_POINT('',#4932);
#2183=VERTEX_POINT('',#4934);
#2184=VERTEX_POINT('',#4938);
#2185=VERTEX_POINT('',#4942);
#2186=VERTEX_POINT('',#4946);
#2187=VERTEX_POINT('',#4950);
#2188=VERTEX_POINT('',#4954);
#2189=VERTEX_POINT('',#4956);
#2190=VERTEX_POINT('',#4958);
#2191=VERTEX_POINT('',#4960);
#2192=VERTEX_POINT('',#4962);
#2193=VERTEX_POINT('',#4965);
#2194=VERTEX_POINT('',#4967);
#2195=VERTEX_POINT('',#4969);
#2196=VERTEX_POINT('',#4970);
#2197=VERTEX_POINT('',#4972);
#2198=VERTEX_POINT('',#4974);
#2199=VERTEX_POINT('',#4986);
#2200=VERTEX_POINT('',#4988);
#2201=VERTEX_POINT('',#4990);
#2202=VERTEX_POINT('',#4992);
#2203=VERTEX_POINT('',#4994);
#2204=VERTEX_POINT('',#4996);
#2205=VERTEX_POINT('',#5001);
#2206=VERTEX_POINT('',#5002);
#2207=VERTEX_POINT('',#5006);
#2208=VERTEX_POINT('',#5010);
#2209=VERTEX_POINT('',#5014);
#2210=VERTEX_POINT('',#5018);
#2211=VERTEX_POINT('',#5022);
#2212=VERTEX_POINT('',#5026);
#2213=VERTEX_POINT('',#5031);
#2214=VERTEX_POINT('',#5032);
#2215=VERTEX_POINT('',#5036);
#2216=VERTEX_POINT('',#5038);
#2217=VERTEX_POINT('',#5042);
#2218=VERTEX_POINT('',#5046);
#2219=VERTEX_POINT('',#5050);
#2220=VERTEX_POINT('',#5054);
#2221=VERTEX_POINT('',#5058);
#2222=VERTEX_POINT('',#5060);
#2223=VERTEX_POINT('',#5064);
#2224=VERTEX_POINT('',#5068);
#2225=VERTEX_POINT('',#5072);
#2226=VERTEX_POINT('',#5076);
#2227=VERTEX_POINT('',#5080);
#2228=VERTEX_POINT('',#5082);
#2229=VERTEX_POINT('',#5084);
#2230=VERTEX_POINT('',#5086);
#2231=VERTEX_POINT('',#5088);
#2232=VERTEX_POINT('',#5092);
#2233=VERTEX_POINT('',#5094);
#2234=VERTEX_POINT('',#5096);
#2235=VERTEX_POINT('',#5097);
#2236=VERTEX_POINT('',#5099);
#2237=VERTEX_POINT('',#5101);
#2238=VERTEX_POINT('',#5103);
#2239=VERTEX_POINT('',#5105);
#2240=VERTEX_POINT('',#5107);
#2241=VERTEX_POINT('',#5109);
#2242=VERTEX_POINT('',#5111);
#2243=VERTEX_POINT('',#5113);
#2244=VERTEX_POINT('',#5127);
#2245=VERTEX_POINT('',#5129);
#2246=VERTEX_POINT('',#5133);
#2247=VERTEX_POINT('',#5135);
#2248=VERTEX_POINT('',#5139);
#2249=VERTEX_POINT('',#5141);
#2250=VERTEX_POINT('',#5145);
#2251=VERTEX_POINT('',#5147);
#2252=VERTEX_POINT('',#5151);
#2253=VERTEX_POINT('',#5154);
#2254=VERTEX_POINT('',#5157);
#2255=VERTEX_POINT('',#5158);
#2256=VERTEX_POINT('',#5160);
#2257=VERTEX_POINT('',#5162);
#2258=VERTEX_POINT('',#5165);
#2259=VERTEX_POINT('',#5167);
#2260=VERTEX_POINT('',#5169);
#2261=VERTEX_POINT('',#5171);
#2262=VERTEX_POINT('',#5174);
#2263=VERTEX_POINT('',#5176);
#2264=VERTEX_POINT('',#5179);
#2265=VERTEX_POINT('',#5184);
#2266=VERTEX_POINT('',#5187);
#2267=VERTEX_POINT('',#5189);
#2268=VERTEX_POINT('',#5194);
#2269=VERTEX_POINT('',#5196);
#2270=VERTEX_POINT('',#5199);
#2271=VERTEX_POINT('',#5204);
#2272=VERTEX_POINT('',#5207);
#2273=VERTEX_POINT('',#5209);
#2274=VERTEX_POINT('',#5214);
#2275=VERTEX_POINT('',#5216);
#2276=VERTEX_POINT('',#5220);
#2277=VERTEX_POINT('',#5224);
#2278=VERTEX_POINT('',#5229);
#2279=VERTEX_POINT('',#5231);
#2280=VERTEX_POINT('',#5234);
#2281=VERTEX_POINT('',#5235);
#2282=VERTEX_POINT('',#5238);
#2283=VERTEX_POINT('',#5240);
#2284=VERTEX_POINT('',#5314);
#2285=VERTEX_POINT('',#5315);
#2286=VERTEX_POINT('',#5320);
#2287=VERTEX_POINT('',#5323);
#2288=VERTEX_POINT('',#5386);
#2289=VERTEX_POINT('',#5391);
#2290=VERTEX_POINT('',#5403);
#2291=VERTEX_POINT('',#5408);
#2292=VERTEX_POINT('',#5436);
#2293=VERTEX_POINT('',#5440);
#2294=VERTEX_POINT('',#5444);
#2295=VERTEX_POINT('',#5448);
#2296=VERTEX_POINT('',#5452);
#2297=VERTEX_POINT('',#5456);
#2298=VERTEX_POINT('',#5460);
#2299=VERTEX_POINT('',#5464);
#2300=VERTEX_POINT('',#5475);
#2301=VERTEX_POINT('',#5488);
#2302=VERTEX_POINT('',#5501);
#2303=VERTEX_POINT('',#5514);
#2304=VERTEX_POINT('',#5527);
#2305=VERTEX_POINT('',#5533);
#2306=VERTEX_POINT('',#5544);
#2307=VERTEX_POINT('',#5557);
#2308=VERTEX_POINT('',#5570);
#2309=VERTEX_POINT('',#5583);
#2310=VERTEX_POINT('',#5596);
#2311=VERTEX_POINT('',#5605);
#2312=VERTEX_POINT('',#5607);
#2313=VERTEX_POINT('',#5611);
#2314=VERTEX_POINT('',#5615);
#2315=VERTEX_POINT('',#5619);
#2316=VERTEX_POINT('',#5623);
#2317=VERTEX_POINT('',#5630);
#2318=VERTEX_POINT('',#5632);
#2319=VERTEX_POINT('',#5636);
#2320=VERTEX_POINT('',#5640);
#2321=VERTEX_POINT('',#5644);
#2322=VERTEX_POINT('',#5648);
#2323=VERTEX_POINT('',#5652);
#2324=VERTEX_POINT('',#5668);
#2325=VERTEX_POINT('',#5669);
#2326=VERTEX_POINT('',#5671);
#2327=VERTEX_POINT('',#5675);
#2328=VERTEX_POINT('',#5688);
#2329=VERTEX_POINT('',#5690);
#2330=VERTEX_POINT('',#5705);
#2331=VERTEX_POINT('',#5707);
#2332=VERTEX_POINT('',#5722);
#2333=VERTEX_POINT('',#5724);
#2334=VERTEX_POINT('',#5739);
#2335=VERTEX_POINT('',#5741);
#2336=VERTEX_POINT('',#5756);
#2337=VERTEX_POINT('',#5758);
#2338=VERTEX_POINT('',#5773);
#2339=VERTEX_POINT('',#5775);
#2340=VERTEX_POINT('',#5790);
#2341=VERTEX_POINT('',#5792);
#2342=VERTEX_POINT('',#5807);
#2343=VERTEX_POINT('',#5809);
#2344=VERTEX_POINT('',#5824);
#2345=VERTEX_POINT('',#5826);
#2346=VERTEX_POINT('',#5841);
#2347=VERTEX_POINT('',#5843);
#2348=VERTEX_POINT('',#5856);
#2349=VERTEX_POINT('',#5860);
#2350=VERTEX_POINT('',#5871);
#2351=VERTEX_POINT('',#5884);
#2352=VERTEX_POINT('',#5897);
#2353=VERTEX_POINT('',#5910);
#2354=VERTEX_POINT('',#5923);
#2355=VERTEX_POINT('',#5936);
#2356=VERTEX_POINT('',#5975);
#2357=VERTEX_POINT('',#5979);
#2358=VERTEX_POINT('',#5983);
#2359=VERTEX_POINT('',#5987);
#2360=VERTEX_POINT('',#5991);
#2361=VERTEX_POINT('',#5995);
#2362=VERTEX_POINT('',#5999);
#2363=VERTEX_POINT('',#6003);
#2364=VERTEX_POINT('',#6014);
#2365=VERTEX_POINT('',#6027);
#2366=VERTEX_POINT('',#6040);
#2367=VERTEX_POINT('',#6053);
#2368=VERTEX_POINT('',#6066);
#2369=VERTEX_POINT('',#6072);
#2370=VERTEX_POINT('',#6083);
#2371=VERTEX_POINT('',#6096);
#2372=VERTEX_POINT('',#6109);
#2373=VERTEX_POINT('',#6122);
#2374=VERTEX_POINT('',#6135);
#2375=VERTEX_POINT('',#6144);
#2376=VERTEX_POINT('',#6145);
#2377=VERTEX_POINT('',#6147);
#2378=VERTEX_POINT('',#6149);
#2379=VERTEX_POINT('',#6153);
#2380=VERTEX_POINT('',#6155);
#2381=VERTEX_POINT('',#6159);
#2382=VERTEX_POINT('',#6161);
#2383=VERTEX_POINT('',#6165);
#2384=VERTEX_POINT('',#6167);
#2385=VERTEX_POINT('',#6171);
#2386=VERTEX_POINT('',#6175);
#2387=VERTEX_POINT('',#6179);
#2388=VERTEX_POINT('',#6183);
#2389=VERTEX_POINT('',#6187);
#2390=VERTEX_POINT('',#6191);
#2391=VERTEX_POINT('',#6195);
#2392=VERTEX_POINT('',#6199);
#2393=VERTEX_POINT('',#6203);
#2394=VERTEX_POINT('',#6207);
#2395=VERTEX_POINT('',#6211);
#2396=VERTEX_POINT('',#6215);
#2397=VERTEX_POINT('',#6219);
#2398=VERTEX_POINT('',#6223);
#2399=VERTEX_POINT('',#6227);
#2400=VERTEX_POINT('',#6231);
#2401=VERTEX_POINT('',#6235);
#2402=VERTEX_POINT('',#6239);
#2403=VERTEX_POINT('',#6243);
#2404=VERTEX_POINT('',#6247);
#2405=VERTEX_POINT('',#6251);
#2406=VERTEX_POINT('',#6255);
#2407=VERTEX_POINT('',#6259);
#2408=VERTEX_POINT('',#6263);
#2409=VERTEX_POINT('',#6267);
#2410=VERTEX_POINT('',#6271);
#2411=VERTEX_POINT('',#6283);
#2412=VERTEX_POINT('',#6285);
#2413=VERTEX_POINT('',#6288);
#2414=VERTEX_POINT('',#6293);
#2415=VERTEX_POINT('',#6296);
#2416=VERTEX_POINT('',#6298);
#2417=VERTEX_POINT('',#6303);
#2418=VERTEX_POINT('',#6305);
#2419=VERTEX_POINT('',#6308);
#2420=VERTEX_POINT('',#6313);
#2421=VERTEX_POINT('',#6316);
#2422=VERTEX_POINT('',#6318);
#2423=CIRCLE('',#3903,4.125);
#2424=CIRCLE('',#3904,4.125);
#2425=CIRCLE('',#3905,6.51837661840736);
#2426=CIRCLE('',#3906,6.51837661840736);
#2427=CIRCLE('',#3907,6.51837661840736);
#2428=CIRCLE('',#3908,6.51837661840736);
#2429=CIRCLE('',#3909,4.125);
#2430=CIRCLE('',#3910,4.125);
#2431=CIRCLE('',#3912,5.34130451543846);
#2432=CIRCLE('',#3913,4.69523093359597);
#2433=CIRCLE('',#3914,18.6742263869526);
#2434=CIRCLE('',#3915,1.6);
#2435=CIRCLE('',#3916,1.6);
#2436=CIRCLE('',#3917,134.65272598876);
#2437=CIRCLE('',#3918,58.0922475038813);
#2438=CIRCLE('',#3919,5.34130451543766);
#2439=CIRCLE('',#3920,4.69523093359663);
#2440=CIRCLE('',#3921,18.6742263869491);
#2441=CIRCLE('',#3923,1.6);
#2442=CIRCLE('',#3924,1.6);
#2443=CIRCLE('',#3925,134.652725988798);
#2444=CIRCLE('',#3926,58.0922475038877);
#2445=CIRCLE('',#3928,4.);
#2446=CIRCLE('',#3929,4.);
#2447=CIRCLE('',#3931,4.);
#2448=CIRCLE('',#3932,4.);
#2449=CIRCLE('',#3934,4.);
#2450=CIRCLE('',#3935,4.);
#2451=CIRCLE('',#3937,4.);
#2452=CIRCLE('',#3938,4.);
#2453=CIRCLE('',#3940,1.6);
#2454=CIRCLE('',#3942,1.6);
#2455=CIRCLE('',#3944,3.5);
#2456=CIRCLE('',#3945,3.5);
#2457=CIRCLE('',#3946,3.5);
#2458=CIRCLE('',#3947,3.5);
#2459=CIRCLE('',#3949,1.85);
#2460=CIRCLE('',#3950,1.85);
#2461=CIRCLE('',#3952,3.5);
#2462=CIRCLE('',#3956,3.5);
#2463=CIRCLE('',#3958,1.85);
#2464=CIRCLE('',#3959,1.85);
#2465=CIRCLE('',#3963,1.85);
#2466=CIRCLE('',#3964,1.85);
#2467=CIRCLE('',#3966,3.5);
#2468=CIRCLE('',#3970,3.5);
#2469=CIRCLE('',#3972,1.85);
#2470=CIRCLE('',#3973,1.85);
#2471=CIRCLE('',#3980,1.6);
#2472=CIRCLE('',#3981,1.6);
#2473=CIRCLE('',#3983,6.51837661840736);
#2474=CIRCLE('',#3984,6.51837661840736);
#2475=CIRCLE('',#3985,6.51837661840736);
#2476=CIRCLE('',#3986,6.51837661840736);
#2477=CIRCLE('',#3992,6.51837661840736);
#2478=CIRCLE('',#3994,6.51837661840736);
#2479=CIRCLE('',#3996,6.51837661840736);
#2480=CIRCLE('',#3998,6.51837661840736);
#2481=CIRCLE('',#4014,18.6742263869526);
#2482=CIRCLE('',#4016,4.69523093359597);
#2483=CIRCLE('',#4019,5.34130451543846);
#2484=CIRCLE('',#4042,18.6742263869491);
#2485=CIRCLE('',#4044,4.69523093359663);
#2486=CIRCLE('',#4047,5.34130451543766);
#2487=CIRCLE('',#4085,3.625);
#2488=CIRCLE('',#4086,3.625);
#2489=CIRCLE('',#4088,4.125);
#2490=CIRCLE('',#4092,4.125);
#2491=CIRCLE('',#4094,3.625);
#2492=CIRCLE('',#4095,3.625);
#2493=CIRCLE('',#4099,3.625);
#2494=CIRCLE('',#4100,3.625);
#2495=CIRCLE('',#4102,4.125);
#2496=CIRCLE('',#4106,4.125);
#2497=CIRCLE('',#4108,3.625);
#2498=CIRCLE('',#4109,3.625);
#2499=EDGE_LOOP('',(#822));
#2500=EDGE_LOOP('',(#823));
#2501=EDGE_LOOP('',(#824,#825,#826,#827,#828,#829,#830,#831));
#2502=EDGE_LOOP('',(#832));
#2503=EDGE_LOOP('',(#833));
#2504=EDGE_LOOP('',(#834,#835,#836,#837,#838,#839,#840,#841,#842,#843,#844,
#845,#846,#847,#848,#849,#850,#851,#852,#853,#854,#855,#856,#857,#858,#859,
#860,#861));
#2505=EDGE_LOOP('',(#862,#863,#864,#865,#866,#867,#868));
#2506=EDGE_LOOP('',(#869,#870,#871,#872,#873,#874));
#2507=EDGE_LOOP('',(#875,#876,#877,#878,#879,#880,#881,#882,#883,#884,#885,
#886,#887,#888,#889,#890,#891,#892,#893));
#2508=EDGE_LOOP('',(#894));
#2509=EDGE_LOOP('',(#895));
#2510=EDGE_LOOP('',(#896,#897,#898,#899,#900,#901,#902,#903,#904,#905));
#2511=EDGE_LOOP('',(#906,#907,#908,#909,#910,#911,#912,#913));
#2512=EDGE_LOOP('',(#914,#915,#916,#917,#918,#919,#920,#921,#922,#923,#924,
#925,#926,#927,#928,#929,#930,#931,#932));
#2513=EDGE_LOOP('',(#933));
#2514=EDGE_LOOP('',(#934));
#2515=EDGE_LOOP('',(#935,#936,#937,#938,#939,#940,#941,#942,#943,#944));
#2516=EDGE_LOOP('',(#945,#946,#947,#948));
#2517=EDGE_LOOP('',(#949,#950,#951,#952));
#2518=EDGE_LOOP('',(#953,#954,#955,#956));
#2519=EDGE_LOOP('',(#957,#958,#959,#960));
#2520=EDGE_LOOP('',(#961));
#2521=EDGE_LOOP('',(#962));
#2522=EDGE_LOOP('',(#963));
#2523=EDGE_LOOP('',(#964));
#2524=EDGE_LOOP('',(#965,#966,#967,#968));
#2525=EDGE_LOOP('',(#969));
#2526=EDGE_LOOP('',(#970));
#2527=EDGE_LOOP('',(#971));
#2528=EDGE_LOOP('',(#972));
#2529=EDGE_LOOP('',(#973));
#2530=EDGE_LOOP('',(#974));
#2531=EDGE_LOOP('',(#975));
#2532=EDGE_LOOP('',(#976));
#2533=EDGE_LOOP('',(#977));
#2534=EDGE_LOOP('',(#978));
#2535=EDGE_LOOP('',(#979));
#2536=EDGE_LOOP('',(#980));
#2537=EDGE_LOOP('',(#981));
#2538=EDGE_LOOP('',(#982));
#2539=EDGE_LOOP('',(#983));
#2540=EDGE_LOOP('',(#984));
#2541=EDGE_LOOP('',(#985));
#2542=EDGE_LOOP('',(#986));
#2543=EDGE_LOOP('',(#987));
#2544=EDGE_LOOP('',(#988));
#2545=EDGE_LOOP('',(#989));
#2546=EDGE_LOOP('',(#990));
#2547=EDGE_LOOP('',(#991));
#2548=EDGE_LOOP('',(#992));
#2549=EDGE_LOOP('',(#993));
#2550=EDGE_LOOP('',(#994));
#2551=EDGE_LOOP('',(#995));
#2552=EDGE_LOOP('',(#996));
#2553=EDGE_LOOP('',(#997));
#2554=EDGE_LOOP('',(#998));
#2555=EDGE_LOOP('',(#999));
#2556=EDGE_LOOP('',(#1000));
#2557=EDGE_LOOP('',(#1001,#1002,#1003,#1004));
#2558=EDGE_LOOP('',(#1005,#1006,#1007,#1008));
#2559=EDGE_LOOP('',(#1009));
#2560=EDGE_LOOP('',(#1010));
#2561=EDGE_LOOP('',(#1011,#1012,#1013,#1014));
#2562=EDGE_LOOP('',(#1015,#1016,#1017,#1018));
#2563=EDGE_LOOP('',(#1019));
#2564=EDGE_LOOP('',(#1020));
#2565=EDGE_LOOP('',(#1021,#1022,#1023,#1024,#1025,#1026,#1027,#1028,#1029,
#1030,#1031,#1032));
#2566=EDGE_LOOP('',(#1033,#1034,#1035,#1036));
#2567=EDGE_LOOP('',(#1037,#1038,#1039,#1040));
#2568=EDGE_LOOP('',(#1041,#1042,#1043,#1044));
#2569=EDGE_LOOP('',(#1045));
#2570=EDGE_LOOP('',(#1046));
#2571=EDGE_LOOP('',(#1047));
#2572=EDGE_LOOP('',(#1048));
#2573=EDGE_LOOP('',(#1049,#1050,#1051));
#2574=EDGE_LOOP('',(#1052,#1053,#1054));
#2575=EDGE_LOOP('',(#1055,#1056,#1057));
#2576=EDGE_LOOP('',(#1058,#1059,#1060));
#2577=EDGE_LOOP('',(#1061,#1062,#1063,#1064,#1065,#1066));
#2578=EDGE_LOOP('',(#1067,#1068,#1069));
#2579=EDGE_LOOP('',(#1070,#1071,#1072));
#2580=EDGE_LOOP('',(#1073,#1074,#1075,#1076));
#2581=EDGE_LOOP('',(#1077,#1078,#1079,#1080,#1081,#1082));
#2582=EDGE_LOOP('',(#1083,#1084,#1085));
#2583=EDGE_LOOP('',(#1086,#1087,#1088));
#2584=EDGE_LOOP('',(#1089,#1090,#1091,#1092));
#2585=EDGE_LOOP('',(#1093,#1094,#1095,#1096,#1097,#1098,#1099,#1100,#1101));
#2586=EDGE_LOOP('',(#1102,#1103,#1104,#1105,#1106,#1107,#1108,#1109,#1110));
#2587=EDGE_LOOP('',(#1111,#1112,#1113,#1114,#1115,#1116,#1117,#1118,#1119));
#2588=EDGE_LOOP('',(#1120,#1121,#1122,#1123,#1124,#1125,#1126,#1127,#1128));
#2589=EDGE_LOOP('',(#1129,#1130,#1131,#1132));
#2590=EDGE_LOOP('',(#1133,#1134,#1135,#1136));
#2591=EDGE_LOOP('',(#1137,#1138,#1139,#1140));
#2592=EDGE_LOOP('',(#1141,#1142,#1143,#1144));
#2593=EDGE_LOOP('',(#1145,#1146,#1147,#1148));
#2594=EDGE_LOOP('',(#1149,#1150,#1151,#1152));
#2595=EDGE_LOOP('',(#1153,#1154,#1155,#1156));
#2596=EDGE_LOOP('',(#1157,#1158,#1159,#1160));
#2597=EDGE_LOOP('',(#1161,#1162,#1163,#1164));
#2598=EDGE_LOOP('',(#1165,#1166,#1167,#1168));
#2599=EDGE_LOOP('',(#1169,#1170,#1171,#1172));
#2600=EDGE_LOOP('',(#1173,#1174,#1175,#1176));
#2601=EDGE_LOOP('',(#1177,#1178,#1179,#1180));
#2602=EDGE_LOOP('',(#1181,#1182,#1183,#1184));
#2603=EDGE_LOOP('',(#1185,#1186,#1187,#1188));
#2604=EDGE_LOOP('',(#1189,#1190,#1191,#1192));
#2605=EDGE_LOOP('',(#1193,#1194,#1195,#1196));
#2606=EDGE_LOOP('',(#1197,#1198,#1199,#1200));
#2607=EDGE_LOOP('',(#1201,#1202,#1203,#1204));
#2608=EDGE_LOOP('',(#1205,#1206,#1207,#1208,#1209,#1210,#1211,#1212,#1213,
#1214,#1215,#1216,#1217,#1218,#1219,#1220,#1221,#1222,#1223));
#2609=EDGE_LOOP('',(#1224,#1225,#1226,#1227));
#2610=EDGE_LOOP('',(#1228,#1229,#1230,#1231));
#2611=EDGE_LOOP('',(#1232,#1233,#1234,#1235));
#2612=EDGE_LOOP('',(#1236,#1237,#1238,#1239));
#2613=EDGE_LOOP('',(#1240,#1241,#1242,#1243));
#2614=EDGE_LOOP('',(#1244,#1245,#1246,#1247));
#2615=EDGE_LOOP('',(#1248,#1249,#1250,#1251,#1252,#1253));
#2616=EDGE_LOOP('',(#1254,#1255,#1256,#1257));
#2617=EDGE_LOOP('',(#1258,#1259,#1260,#1261));
#2618=EDGE_LOOP('',(#1262,#1263,#1264,#1265));
#2619=EDGE_LOOP('',(#1266,#1267,#1268,#1269));
#2620=EDGE_LOOP('',(#1270,#1271,#1272,#1273));
#2621=EDGE_LOOP('',(#1274,#1275,#1276,#1277));
#2622=EDGE_LOOP('',(#1278,#1279,#1280,#1281));
#2623=EDGE_LOOP('',(#1282,#1283,#1284,#1285,#1286,#1287,#1288));
#2624=EDGE_LOOP('',(#1289,#1290,#1291,#1292));
#2625=EDGE_LOOP('',(#1293,#1294,#1295,#1296));
#2626=EDGE_LOOP('',(#1297,#1298,#1299,#1300));
#2627=EDGE_LOOP('',(#1301,#1302,#1303,#1304));
#2628=EDGE_LOOP('',(#1305,#1306,#1307,#1308));
#2629=EDGE_LOOP('',(#1309,#1310,#1311,#1312));
#2630=EDGE_LOOP('',(#1313,#1314,#1315,#1316));
#2631=EDGE_LOOP('',(#1317,#1318,#1319,#1320));
#2632=EDGE_LOOP('',(#1321,#1322,#1323,#1324));
#2633=EDGE_LOOP('',(#1325,#1326,#1327,#1328));
#2634=EDGE_LOOP('',(#1329,#1330,#1331,#1332));
#2635=EDGE_LOOP('',(#1333,#1334,#1335,#1336));
#2636=EDGE_LOOP('',(#1337,#1338,#1339,#1340));
#2637=EDGE_LOOP('',(#1341,#1342,#1343,#1344));
#2638=EDGE_LOOP('',(#1345,#1346,#1347,#1348));
#2639=EDGE_LOOP('',(#1349,#1350,#1351,#1352));
#2640=EDGE_LOOP('',(#1353,#1354,#1355,#1356));
#2641=EDGE_LOOP('',(#1357,#1358,#1359,#1360));
#2642=EDGE_LOOP('',(#1361,#1362,#1363,#1364));
#2643=EDGE_LOOP('',(#1365,#1366,#1367,#1368));
#2644=EDGE_LOOP('',(#1369,#1370,#1371,#1372,#1373,#1374,#1375,#1376));
#2645=EDGE_LOOP('',(#1377,#1378,#1379,#1380,#1381,#1382,#1383,#1384,#1385,
#1386,#1387,#1388));
#2646=EDGE_LOOP('',(#1389,#1390,#1391,#1392));
#2647=EDGE_LOOP('',(#1393,#1394,#1395,#1396));
#2648=EDGE_LOOP('',(#1397,#1398,#1399,#1400));
#2649=EDGE_LOOP('',(#1401,#1402,#1403,#1404));
#2650=EDGE_LOOP('',(#1405,#1406,#1407,#1408));
#2651=EDGE_LOOP('',(#1409,#1410,#1411,#1412));
#2652=EDGE_LOOP('',(#1413,#1414,#1415,#1416));
#2653=EDGE_LOOP('',(#1417,#1418,#1419,#1420));
#2654=EDGE_LOOP('',(#1421,#1422,#1423,#1424));
#2655=EDGE_LOOP('',(#1425,#1426,#1427,#1428));
#2656=EDGE_LOOP('',(#1429,#1430,#1431,#1432));
#2657=EDGE_LOOP('',(#1433,#1434,#1435,#1436));
#2658=EDGE_LOOP('',(#1437,#1438,#1439,#1440));
#2659=EDGE_LOOP('',(#1441,#1442,#1443,#1444));
#2660=EDGE_LOOP('',(#1445,#1446,#1447,#1448));
#2661=EDGE_LOOP('',(#1449,#1450,#1451,#1452));
#2662=EDGE_LOOP('',(#1453,#1454,#1455,#1456));
#2663=EDGE_LOOP('',(#1457,#1458,#1459,#1460));
#2664=EDGE_LOOP('',(#1461,#1462,#1463,#1464));
#2665=EDGE_LOOP('',(#1465,#1466,#1467,#1468,#1469,#1470,#1471,#1472,#1473,
#1474,#1475,#1476,#1477,#1478,#1479,#1480,#1481,#1482,#1483));
#2666=EDGE_LOOP('',(#1484,#1485,#1486,#1487));
#2667=EDGE_LOOP('',(#1488,#1489,#1490,#1491));
#2668=EDGE_LOOP('',(#1492,#1493,#1494,#1495));
#2669=EDGE_LOOP('',(#1496,#1497,#1498,#1499));
#2670=EDGE_LOOP('',(#1500,#1501,#1502,#1503));
#2671=EDGE_LOOP('',(#1504,#1505,#1506,#1507));
#2672=EDGE_LOOP('',(#1508,#1509,#1510,#1511));
#2673=EDGE_LOOP('',(#1512,#1513,#1514,#1515));
#2674=EDGE_LOOP('',(#1516,#1517,#1518,#1519));
#2675=EDGE_LOOP('',(#1520,#1521,#1522,#1523));
#2676=EDGE_LOOP('',(#1524,#1525,#1526,#1527));
#2677=EDGE_LOOP('',(#1528,#1529,#1530,#1531));
#2678=EDGE_LOOP('',(#1532,#1533,#1534,#1535));
#2679=EDGE_LOOP('',(#1536,#1537,#1538,#1539));
#2680=EDGE_LOOP('',(#1540,#1541,#1542,#1543));
#2681=EDGE_LOOP('',(#1544,#1545,#1546,#1547));
#2682=EDGE_LOOP('',(#1548,#1549,#1550,#1551));
#2683=EDGE_LOOP('',(#1552,#1553,#1554,#1555));
#2684=EDGE_LOOP('',(#1556,#1557,#1558,#1559));
#2685=EDGE_LOOP('',(#1560,#1561,#1562,#1563));
#2686=EDGE_LOOP('',(#1564,#1565,#1566,#1567));
#2687=EDGE_LOOP('',(#1568,#1569,#1570,#1571));
#2688=EDGE_LOOP('',(#1572,#1573,#1574,#1575));
#2689=EDGE_LOOP('',(#1576,#1577,#1578,#1579));
#2690=EDGE_LOOP('',(#1580,#1581,#1582,#1583));
#2691=EDGE_LOOP('',(#1584,#1585,#1586,#1587));
#2692=EDGE_LOOP('',(#1588,#1589,#1590,#1591));
#2693=EDGE_LOOP('',(#1592,#1593,#1594,#1595));
#2694=EDGE_LOOP('',(#1596,#1597,#1598,#1599));
#2695=EDGE_LOOP('',(#1600,#1601,#1602,#1603));
#2696=EDGE_LOOP('',(#1604,#1605,#1606,#1607));
#2697=EDGE_LOOP('',(#1608,#1609,#1610,#1611));
#2698=EDGE_LOOP('',(#1612,#1613,#1614,#1615,#1616,#1617,#1618,#1619,#1620,
#1621,#1622,#1623,#1624,#1625,#1626,#1627,#1628,#1629,#1630,#1631,#1632,
#1633,#1634,#1635,#1636,#1637,#1638,#1639));
#2699=EDGE_LOOP('',(#1640,#1641,#1642,#1643));
#2700=EDGE_LOOP('',(#1644,#1645,#1646,#1647,#1648,#1649,#1650,#1651,#1652,
#1653,#1654,#1655));
#2701=EDGE_LOOP('',(#1656,#1657,#1658,#1659));
#2702=EDGE_LOOP('',(#1660));
#2703=EDGE_LOOP('',(#1661));
#2704=EDGE_LOOP('',(#1662));
#2705=EDGE_LOOP('',(#1663));
#2706=EDGE_LOOP('',(#1664));
#2707=EDGE_LOOP('',(#1665));
#2708=EDGE_LOOP('',(#1666));
#2709=EDGE_LOOP('',(#1667));
#2710=EDGE_LOOP('',(#1668));
#2711=EDGE_LOOP('',(#1669));
#2712=EDGE_LOOP('',(#1670));
#2713=EDGE_LOOP('',(#1671));
#2714=EDGE_LOOP('',(#1672));
#2715=EDGE_LOOP('',(#1673));
#2716=EDGE_LOOP('',(#1674));
#2717=EDGE_LOOP('',(#1675));
#2718=EDGE_LOOP('',(#1676));
#2719=EDGE_LOOP('',(#1677));
#2720=EDGE_LOOP('',(#1678));
#2721=EDGE_LOOP('',(#1679));
#2722=EDGE_LOOP('',(#1680));
#2723=EDGE_LOOP('',(#1681));
#2724=EDGE_LOOP('',(#1682));
#2725=EDGE_LOOP('',(#1683));
#2726=EDGE_LOOP('',(#1684));
#2727=EDGE_LOOP('',(#1685));
#2728=EDGE_LOOP('',(#1686));
#2729=EDGE_LOOP('',(#1687));
#2730=FACE_BOUND('',#2499,.T.);
#2731=FACE_BOUND('',#2500,.T.);
#2732=FACE_BOUND('',#2501,.T.);
#2733=FACE_BOUND('',#2502,.T.);
#2734=FACE_BOUND('',#2503,.T.);
#2735=FACE_BOUND('',#2504,.T.);
#2736=FACE_BOUND('',#2505,.T.);
#2737=FACE_BOUND('',#2506,.T.);
#2738=FACE_BOUND('',#2507,.T.);
#2739=FACE_BOUND('',#2508,.T.);
#2740=FACE_BOUND('',#2509,.T.);
#2741=FACE_BOUND('',#2510,.T.);
#2742=FACE_BOUND('',#2511,.T.);
#2743=FACE_BOUND('',#2512,.T.);
#2744=FACE_BOUND('',#2513,.T.);
#2745=FACE_BOUND('',#2514,.T.);
#2746=FACE_BOUND('',#2515,.T.);
#2747=FACE_BOUND('',#2516,.T.);
#2748=FACE_BOUND('',#2517,.T.);
#2749=FACE_BOUND('',#2518,.T.);
#2750=FACE_BOUND('',#2519,.T.);
#2751=FACE_BOUND('',#2520,.T.);
#2752=FACE_BOUND('',#2521,.T.);
#2753=FACE_BOUND('',#2522,.T.);
#2754=FACE_BOUND('',#2523,.T.);
#2755=FACE_BOUND('',#2524,.T.);
#2756=FACE_BOUND('',#2525,.T.);
#2757=FACE_BOUND('',#2526,.T.);
#2758=FACE_BOUND('',#2527,.T.);
#2759=FACE_BOUND('',#2528,.T.);
#2760=FACE_BOUND('',#2529,.T.);
#2761=FACE_BOUND('',#2530,.T.);
#2762=FACE_BOUND('',#2531,.T.);
#2763=FACE_BOUND('',#2532,.T.);
#2764=FACE_BOUND('',#2533,.T.);
#2765=FACE_BOUND('',#2534,.T.);
#2766=FACE_BOUND('',#2535,.T.);
#2767=FACE_BOUND('',#2536,.T.);
#2768=FACE_BOUND('',#2537,.T.);
#2769=FACE_BOUND('',#2538,.T.);
#2770=FACE_BOUND('',#2539,.T.);
#2771=FACE_BOUND('',#2540,.T.);
#2772=FACE_BOUND('',#2541,.T.);
#2773=FACE_BOUND('',#2542,.T.);
#2774=FACE_BOUND('',#2543,.T.);
#2775=FACE_BOUND('',#2544,.T.);
#2776=FACE_BOUND('',#2545,.T.);
#2777=FACE_BOUND('',#2546,.T.);
#2778=FACE_BOUND('',#2547,.T.);
#2779=FACE_BOUND('',#2548,.T.);
#2780=FACE_BOUND('',#2549,.T.);
#2781=FACE_BOUND('',#2550,.T.);
#2782=FACE_BOUND('',#2551,.T.);
#2783=FACE_BOUND('',#2552,.T.);
#2784=FACE_BOUND('',#2553,.T.);
#2785=FACE_BOUND('',#2554,.T.);
#2786=FACE_BOUND('',#2555,.T.);
#2787=FACE_BOUND('',#2556,.T.);
#2788=FACE_BOUND('',#2557,.T.);
#2789=FACE_BOUND('',#2558,.T.);
#2790=FACE_BOUND('',#2559,.T.);
#2791=FACE_BOUND('',#2560,.T.);
#2792=FACE_BOUND('',#2561,.T.);
#2793=FACE_BOUND('',#2562,.T.);
#2794=FACE_BOUND('',#2563,.T.);
#2795=FACE_BOUND('',#2564,.T.);
#2796=FACE_BOUND('',#2565,.T.);
#2797=FACE_BOUND('',#2566,.T.);
#2798=FACE_BOUND('',#2567,.T.);
#2799=FACE_BOUND('',#2568,.T.);
#2800=FACE_BOUND('',#2569,.T.);
#2801=FACE_BOUND('',#2570,.T.);
#2802=FACE_BOUND('',#2571,.T.);
#2803=FACE_BOUND('',#2572,.T.);
#2804=FACE_BOUND('',#2573,.T.);
#2805=FACE_BOUND('',#2574,.T.);
#2806=FACE_BOUND('',#2575,.T.);
#2807=FACE_BOUND('',#2576,.T.);
#2808=FACE_BOUND('',#2577,.T.);
#2809=FACE_BOUND('',#2578,.T.);
#2810=FACE_BOUND('',#2579,.T.);
#2811=FACE_BOUND('',#2580,.T.);
#2812=FACE_BOUND('',#2581,.T.);
#2813=FACE_BOUND('',#2582,.T.);
#2814=FACE_BOUND('',#2583,.T.);
#2815=FACE_BOUND('',#2584,.T.);
#2816=FACE_BOUND('',#2585,.T.);
#2817=FACE_BOUND('',#2586,.T.);
#2818=FACE_BOUND('',#2587,.T.);
#2819=FACE_BOUND('',#2588,.T.);
#2820=FACE_BOUND('',#2589,.T.);
#2821=FACE_BOUND('',#2590,.T.);
#2822=FACE_BOUND('',#2591,.T.);
#2823=FACE_BOUND('',#2592,.T.);
#2824=FACE_BOUND('',#2593,.T.);
#2825=FACE_BOUND('',#2594,.T.);
#2826=FACE_BOUND('',#2595,.T.);
#2827=FACE_BOUND('',#2596,.T.);
#2828=FACE_BOUND('',#2597,.T.);
#2829=FACE_BOUND('',#2598,.T.);
#2830=FACE_BOUND('',#2599,.T.);
#2831=FACE_BOUND('',#2600,.T.);
#2832=FACE_BOUND('',#2601,.T.);
#2833=FACE_BOUND('',#2602,.T.);
#2834=FACE_BOUND('',#2603,.T.);
#2835=FACE_BOUND('',#2604,.T.);
#2836=FACE_BOUND('',#2605,.T.);
#2837=FACE_BOUND('',#2606,.T.);
#2838=FACE_BOUND('',#2607,.T.);
#2839=FACE_BOUND('',#2608,.T.);
#2840=FACE_BOUND('',#2609,.T.);
#2841=FACE_BOUND('',#2610,.T.);
#2842=FACE_BOUND('',#2611,.T.);
#2843=FACE_BOUND('',#2612,.T.);
#2844=FACE_BOUND('',#2613,.T.);
#2845=FACE_BOUND('',#2614,.T.);
#2846=FACE_BOUND('',#2615,.T.);
#2847=FACE_BOUND('',#2616,.T.);
#2848=FACE_BOUND('',#2617,.T.);
#2849=FACE_BOUND('',#2618,.T.);
#2850=FACE_BOUND('',#2619,.T.);
#2851=FACE_BOUND('',#2620,.T.);
#2852=FACE_BOUND('',#2621,.T.);
#2853=FACE_BOUND('',#2622,.T.);
#2854=FACE_BOUND('',#2623,.T.);
#2855=FACE_BOUND('',#2624,.T.);
#2856=FACE_BOUND('',#2625,.T.);
#2857=FACE_BOUND('',#2626,.T.);
#2858=FACE_BOUND('',#2627,.T.);
#2859=FACE_BOUND('',#2628,.T.);
#2860=FACE_BOUND('',#2629,.T.);
#2861=FACE_BOUND('',#2630,.T.);
#2862=FACE_BOUND('',#2631,.T.);
#2863=FACE_BOUND('',#2632,.T.);
#2864=FACE_BOUND('',#2633,.T.);
#2865=FACE_BOUND('',#2634,.T.);
#2866=FACE_BOUND('',#2635,.T.);
#2867=FACE_BOUND('',#2636,.T.);
#2868=FACE_BOUND('',#2637,.T.);
#2869=FACE_BOUND('',#2638,.T.);
#2870=FACE_BOUND('',#2639,.T.);
#2871=FACE_BOUND('',#2640,.T.);
#2872=FACE_BOUND('',#2641,.T.);
#2873=FACE_BOUND('',#2642,.T.);
#2874=FACE_BOUND('',#2643,.T.);
#2875=FACE_BOUND('',#2644,.T.);
#2876=FACE_BOUND('',#2645,.T.);
#2877=FACE_BOUND('',#2646,.T.);
#2878=FACE_BOUND('',#2647,.T.);
#2879=FACE_BOUND('',#2648,.T.);
#2880=FACE_BOUND('',#2649,.T.);
#2881=FACE_BOUND('',#2650,.T.);
#2882=FACE_BOUND('',#2651,.T.);
#2883=FACE_BOUND('',#2652,.T.);
#2884=FACE_BOUND('',#2653,.T.);
#2885=FACE_BOUND('',#2654,.T.);
#2886=FACE_BOUND('',#2655,.T.);
#2887=FACE_BOUND('',#2656,.T.);
#2888=FACE_BOUND('',#2657,.T.);
#2889=FACE_BOUND('',#2658,.T.);
#2890=FACE_BOUND('',#2659,.T.);
#2891=FACE_BOUND('',#2660,.T.);
#2892=FACE_BOUND('',#2661,.T.);
#2893=FACE_BOUND('',#2662,.T.);
#2894=FACE_BOUND('',#2663,.T.);
#2895=FACE_BOUND('',#2664,.T.);
#2896=FACE_BOUND('',#2665,.T.);
#2897=FACE_BOUND('',#2666,.T.);
#2898=FACE_BOUND('',#2667,.T.);
#2899=FACE_BOUND('',#2668,.T.);
#2900=FACE_BOUND('',#2669,.T.);
#2901=FACE_BOUND('',#2670,.T.);
#2902=FACE_BOUND('',#2671,.T.);
#2903=FACE_BOUND('',#2672,.T.);
#2904=FACE_BOUND('',#2673,.T.);
#2905=FACE_BOUND('',#2674,.T.);
#2906=FACE_BOUND('',#2675,.T.);
#2907=FACE_BOUND('',#2676,.T.);
#2908=FACE_BOUND('',#2677,.T.);
#2909=FACE_BOUND('',#2678,.T.);
#2910=FACE_BOUND('',#2679,.T.);
#2911=FACE_BOUND('',#2680,.T.);
#2912=FACE_BOUND('',#2681,.T.);
#2913=FACE_BOUND('',#2682,.T.);
#2914=FACE_BOUND('',#2683,.T.);
#2915=FACE_BOUND('',#2684,.T.);
#2916=FACE_BOUND('',#2685,.T.);
#2917=FACE_BOUND('',#2686,.T.);
#2918=FACE_BOUND('',#2687,.T.);
#2919=FACE_BOUND('',#2688,.T.);
#2920=FACE_BOUND('',#2689,.T.);
#2921=FACE_BOUND('',#2690,.T.);
#2922=FACE_BOUND('',#2691,.T.);
#2923=FACE_BOUND('',#2692,.T.);
#2924=FACE_BOUND('',#2693,.T.);
#2925=FACE_BOUND('',#2694,.T.);
#2926=FACE_BOUND('',#2695,.T.);
#2927=FACE_BOUND('',#2696,.T.);
#2928=FACE_BOUND('',#2697,.T.);
#2929=FACE_BOUND('',#2698,.T.);
#2930=FACE_BOUND('',#2699,.T.);
#2931=FACE_BOUND('',#2700,.T.);
#2932=FACE_BOUND('',#2701,.T.);
#2933=FACE_BOUND('',#2702,.T.);
#2934=FACE_BOUND('',#2703,.T.);
#2935=FACE_BOUND('',#2704,.T.);
#2936=FACE_BOUND('',#2705,.T.);
#2937=FACE_BOUND('',#2706,.T.);
#2938=FACE_BOUND('',#2707,.T.);
#2939=FACE_BOUND('',#2708,.T.);
#2940=FACE_BOUND('',#2709,.T.);
#2941=FACE_BOUND('',#2710,.T.);
#2942=FACE_BOUND('',#2711,.T.);
#2943=FACE_BOUND('',#2712,.T.);
#2944=FACE_BOUND('',#2713,.T.);
#2945=FACE_BOUND('',#2714,.T.);
#2946=FACE_BOUND('',#2715,.T.);
#2947=FACE_BOUND('',#2716,.T.);
#2948=FACE_BOUND('',#2717,.T.);
#2949=FACE_BOUND('',#2718,.T.);
#2950=FACE_BOUND('',#2719,.T.);
#2951=FACE_BOUND('',#2720,.T.);
#2952=FACE_BOUND('',#2721,.T.);
#2953=FACE_BOUND('',#2722,.T.);
#2954=FACE_BOUND('',#2723,.T.);
#2955=FACE_BOUND('',#2724,.T.);
#2956=FACE_BOUND('',#2725,.T.);
#2957=FACE_BOUND('',#2726,.T.);
#2958=FACE_BOUND('',#2727,.T.);
#2959=FACE_BOUND('',#2728,.T.);
#2960=FACE_BOUND('',#2729,.T.);
#2961=PLANE('',#3902);
#2962=PLANE('',#3911);
#2963=PLANE('',#3922);
#2964=PLANE('',#3943);
#2965=PLANE('',#3953);
#2966=PLANE('',#3954);
#2967=PLANE('',#3960);
#2968=PLANE('',#3961);
#2969=PLANE('',#3967);
#2970=PLANE('',#3968);
#2971=PLANE('',#3974);
#2972=PLANE('',#3975);
#2973=PLANE('',#3976);
#2974=PLANE('',#3977);
#2975=PLANE('',#3978);
#2976=PLANE('',#3979);
#2977=PLANE('',#3982);
#2978=PLANE('',#3987);
#2979=PLANE('',#3988);
#2980=PLANE('',#3991);
#2981=PLANE('',#3993);
#2982=PLANE('',#3995);
#2983=PLANE('',#3997);
#2984=PLANE('',#4001);
#2985=PLANE('',#4004);
#2986=PLANE('',#4009);
#2987=PLANE('',#4010);
#2988=PLANE('',#4011);
#2989=PLANE('',#4012);
#2990=PLANE('',#4017);
#2991=PLANE('',#4020);
#2992=PLANE('',#4021);
#2993=PLANE('',#4022);
#2994=PLANE('',#4023);
#2995=PLANE('',#4024);
#2996=PLANE('',#4025);
#2997=PLANE('',#4026);
#2998=PLANE('',#4027);
#2999=PLANE('',#4028);
#3000=PLANE('',#4029);
#3001=PLANE('',#4030);
#3002=PLANE('',#4031);
#3003=PLANE('',#4032);
#3004=PLANE('',#4033);
#3005=PLANE('',#4034);
#3006=PLANE('',#4035);
#3007=PLANE('',#4036);
#3008=PLANE('',#4037);
#3009=PLANE('',#4038);
#3010=PLANE('',#4039);
#3011=PLANE('',#4040);
#3012=PLANE('',#4045);
#3013=PLANE('',#4048);
#3014=PLANE('',#4049);
#3015=PLANE('',#4050);
#3016=PLANE('',#4051);
#3017=PLANE('',#4052);
#3018=PLANE('',#4053);
#3019=PLANE('',#4054);
#3020=PLANE('',#4055);
#3021=PLANE('',#4056);
#3022=PLANE('',#4057);
#3023=PLANE('',#4058);
#3024=PLANE('',#4059);
#3025=PLANE('',#4060);
#3026=PLANE('',#4061);
#3027=PLANE('',#4062);
#3028=PLANE('',#4063);
#3029=PLANE('',#4064);
#3030=PLANE('',#4065);
#3031=PLANE('',#4066);
#3032=PLANE('',#4067);
#3033=PLANE('',#4068);
#3034=PLANE('',#4069);
#3035=PLANE('',#4070);
#3036=PLANE('',#4071);
#3037=PLANE('',#4072);
#3038=PLANE('',#4073);
#3039=PLANE('',#4074);
#3040=PLANE('',#4075);
#3041=PLANE('',#4076);
#3042=PLANE('',#4077);
#3043=PLANE('',#4078);
#3044=PLANE('',#4079);
#3045=PLANE('',#4080);
#3046=PLANE('',#4081);
#3047=PLANE('',#4082);
#3048=PLANE('',#4083);
#3049=PLANE('',#4089);
#3050=PLANE('',#4090);
#3051=PLANE('',#4096);
#3052=PLANE('',#4097);
#3053=PLANE('',#4103);
#3054=PLANE('',#4104);
#3055=PLANE('',#4110);
#3056=PLANE('',#4111);
#3057=ADVANCED_FACE('',(#2730,#2731,#2732,#2733,#2734),#2961,.F.);
#3058=ADVANCED_FACE('',(#2735,#2736,#2737,#2738,#2739,#2740,#2741,#2742,
#2743),#2962,.F.);
#3059=ADVANCED_FACE('',(#2744,#2745,#2746),#2963,.T.);
#3060=ADVANCED_FACE('',(#2747),#166,.T.);
#3061=ADVANCED_FACE('',(#2748),#167,.T.);
#3062=ADVANCED_FACE('',(#2749),#168,.T.);
#3063=ADVANCED_FACE('',(#2750),#169,.T.);
#3064=ADVANCED_FACE('',(#2751,#2752),#170,.F.);
#3065=ADVANCED_FACE('',(#2753,#2754),#171,.F.);
#3066=ADVANCED_FACE('',(#2755,#2756,#2757,#2758,#2759),#2964,.T.);
#3067=ADVANCED_FACE('',(#2760,#2761),#172,.F.);
#3068=ADVANCED_FACE('',(#2762,#2763),#173,.T.);
#3069=ADVANCED_FACE('',(#2764,#2765),#2965,.T.);
#3070=ADVANCED_FACE('',(#2766),#2966,.T.);
#3071=ADVANCED_FACE('',(#2767,#2768),#174,.T.);
#3072=ADVANCED_FACE('',(#2769,#2770),#175,.F.);
#3073=ADVANCED_FACE('',(#2771,#2772),#2967,.T.);
#3074=ADVANCED_FACE('',(#2773),#2968,.T.);
#3075=ADVANCED_FACE('',(#2774,#2775),#176,.F.);
#3076=ADVANCED_FACE('',(#2776,#2777),#177,.T.);
#3077=ADVANCED_FACE('',(#2778,#2779),#2969,.T.);
#3078=ADVANCED_FACE('',(#2780),#2970,.T.);
#3079=ADVANCED_FACE('',(#2781,#2782),#178,.T.);
#3080=ADVANCED_FACE('',(#2783,#2784),#179,.F.);
#3081=ADVANCED_FACE('',(#2785,#2786),#2971,.T.);
#3082=ADVANCED_FACE('',(#2787),#2972,.T.);
#3083=ADVANCED_FACE('',(#2788),#2973,.T.);
#3084=ADVANCED_FACE('',(#2789,#2790,#2791),#2974,.F.);
#3085=ADVANCED_FACE('',(#2792),#2975,.F.);
#3086=ADVANCED_FACE('',(#2793,#2794,#2795),#2976,.T.);
#3087=ADVANCED_FACE('',(#2796,#2797),#2977,.T.);
#3088=ADVANCED_FACE('',(#2798),#2978,.F.);
#3089=ADVANCED_FACE('',(#2799),#2979,.T.);
#3090=ADVANCED_FACE('',(#2800,#2801),#180,.F.);
#3091=ADVANCED_FACE('',(#2802,#2803),#181,.F.);
#3092=ADVANCED_FACE('',(#2804),#2980,.F.);
#3093=ADVANCED_FACE('',(#2805),#2981,.F.);
#3094=ADVANCED_FACE('',(#2806),#2982,.F.);
#3095=ADVANCED_FACE('',(#2807),#2983,.F.);
#3096=ADVANCED_FACE('',(#2808),#122,.T.);
#3097=ADVANCED_FACE('',(#2809),#182,.T.);
#3098=ADVANCED_FACE('',(#2810),#183,.F.);
#3099=ADVANCED_FACE('',(#2811),#2984,.T.);
#3100=ADVANCED_FACE('',(#2812),#123,.F.);
#3101=ADVANCED_FACE('',(#2813),#184,.F.);
#3102=ADVANCED_FACE('',(#2814),#185,.T.);
#3103=ADVANCED_FACE('',(#2815),#2985,.T.);
#3104=ADVANCED_FACE('',(#2816),#186,.T.);
#3105=ADVANCED_FACE('',(#2817),#187,.T.);
#3106=ADVANCED_FACE('',(#2818),#188,.T.);
#3107=ADVANCED_FACE('',(#2819),#189,.T.);
#3108=ADVANCED_FACE('Face appearance 6',(#2820),#124,.T.);
#3109=ADVANCED_FACE('Face appearance 6',(#2821),#2986,.T.);
#3110=ADVANCED_FACE('Face appearance 6',(#2822),#2987,.T.);
#3111=ADVANCED_FACE('Face appearance 6',(#2823),#2988,.T.);
#3112=ADVANCED_FACE('Face appearance 6',(#2824),#2989,.T.);
#3113=ADVANCED_FACE('Face appearance 6',(#2825),#190,.T.);
#3114=ADVANCED_FACE('Face appearance 6',(#2826),#191,.T.);
#3115=ADVANCED_FACE('Face appearance 6',(#2827),#125,.T.);
#3116=ADVANCED_FACE('Face appearance 6',(#2828),#126,.T.);
#3117=ADVANCED_FACE('Face appearance 6',(#2829),#127,.T.);
#3118=ADVANCED_FACE('Face appearance 6',(#2830),#128,.T.);
#3119=ADVANCED_FACE('Face appearance 6',(#2831),#129,.T.);
#3120=ADVANCED_FACE('Face appearance 6',(#2832),#2990,.T.);
#3121=ADVANCED_FACE('Face appearance 6',(#2833),#130,.T.);
#3122=ADVANCED_FACE('Face appearance 6',(#2834),#131,.T.);
#3123=ADVANCED_FACE('Face appearance 6',(#2835),#132,.T.);
#3124=ADVANCED_FACE('Face appearance 6',(#2836),#133,.T.);
#3125=ADVANCED_FACE('Face appearance 6',(#2837),#134,.T.);
#3126=ADVANCED_FACE('Face appearance 6',(#2838),#192,.F.);
#3127=ADVANCED_FACE('Face appearance 6',(#2839),#2991,.T.);
#3128=ADVANCED_FACE('Face appearance 6',(#2840),#2992,.T.);
#3129=ADVANCED_FACE('Face appearance 6',(#2841),#2993,.T.);
#3130=ADVANCED_FACE('Face appearance 6',(#2842),#2994,.T.);
#3131=ADVANCED_FACE('Face appearance 6',(#2843),#2995,.T.);
#3132=ADVANCED_FACE('Face appearance 6',(#2844),#2996,.T.);
#3133=ADVANCED_FACE('Face appearance 6',(#2845),#2997,.T.);
#3134=ADVANCED_FACE('Face appearance 6',(#2846),#2998,.T.);
#3135=ADVANCED_FACE('Face appearance 6',(#2847),#2999,.T.);
#3136=ADVANCED_FACE('Face appearance 6',(#2848),#3000,.T.);
#3137=ADVANCED_FACE('Face appearance 6',(#2849),#3001,.T.);
#3138=ADVANCED_FACE('Face appearance 6',(#2850),#3002,.T.);
#3139=ADVANCED_FACE('Face appearance 6',(#2851),#3003,.T.);
#3140=ADVANCED_FACE('Face appearance 6',(#2852),#3004,.T.);
#3141=ADVANCED_FACE('Face appearance 6',(#2853),#3005,.T.);
#3142=ADVANCED_FACE('Face appearance 6',(#2854),#3006,.T.);
#3143=ADVANCED_FACE('Face appearance 6',(#2855),#135,.T.);
#3144=ADVANCED_FACE('Face appearance 6',(#2856),#136,.T.);
#3145=ADVANCED_FACE('Face appearance 6',(#2857),#137,.T.);
#3146=ADVANCED_FACE('Face appearance 6',(#2858),#138,.T.);
#3147=ADVANCED_FACE('Face appearance 6',(#2859),#139,.T.);
#3148=ADVANCED_FACE('Face appearance 6',(#2860),#140,.T.);
#3149=ADVANCED_FACE('Face appearance 6',(#2861),#141,.T.);
#3150=ADVANCED_FACE('Face appearance 6',(#2862),#142,.T.);
#3151=ADVANCED_FACE('Face appearance 6',(#2863),#143,.T.);
#3152=ADVANCED_FACE('Face appearance 6',(#2864),#144,.T.);
#3153=ADVANCED_FACE('Face appearance 6',(#2865),#145,.T.);
#3154=ADVANCED_FACE('Face appearance 6',(#2866),#146,.T.);
#3155=ADVANCED_FACE('Face appearance 6',(#2867),#147,.T.);
#3156=ADVANCED_FACE('Face appearance 6',(#2868),#148,.T.);
#3157=ADVANCED_FACE('Face appearance 6',(#2869),#149,.T.);
#3158=ADVANCED_FACE('Face appearance 6',(#2870),#150,.T.);
#3159=ADVANCED_FACE('Face appearance 6',(#2871),#151,.T.);
#3160=ADVANCED_FACE('Face appearance 6',(#2872),#152,.T.);
#3161=ADVANCED_FACE('Face appearance 6',(#2873),#153,.T.);
#3162=ADVANCED_FACE('Face appearance 6',(#2874),#154,.T.);
#3163=ADVANCED_FACE('Face appearance 6',(#2875,#2876),#3007,.T.);
#3164=ADVANCED_FACE('Face appearance 6',(#2877),#155,.T.);
#3165=ADVANCED_FACE('Face appearance 6',(#2878),#3008,.T.);
#3166=ADVANCED_FACE('Face appearance 6',(#2879),#3009,.T.);
#3167=ADVANCED_FACE('Face appearance 6',(#2880),#3010,.T.);
#3168=ADVANCED_FACE('Face appearance 6',(#2881),#3011,.T.);
#3169=ADVANCED_FACE('Face appearance 6',(#2882),#193,.T.);
#3170=ADVANCED_FACE('Face appearance 6',(#2883),#194,.T.);
#3171=ADVANCED_FACE('Face appearance 6',(#2884),#156,.T.);
#3172=ADVANCED_FACE('Face appearance 6',(#2885),#157,.T.);
#3173=ADVANCED_FACE('Face appearance 6',(#2886),#158,.T.);
#3174=ADVANCED_FACE('Face appearance 6',(#2887),#159,.T.);
#3175=ADVANCED_FACE('Face appearance 6',(#2888),#160,.T.);
#3176=ADVANCED_FACE('Face appearance 6',(#2889),#3012,.T.);
#3177=ADVANCED_FACE('Face appearance 6',(#2890),#161,.T.);
#3178=ADVANCED_FACE('Face appearance 6',(#2891),#162,.T.);
#3179=ADVANCED_FACE('Face appearance 6',(#2892),#163,.T.);
#3180=ADVANCED_FACE('Face appearance 6',(#2893),#164,.T.);
#3181=ADVANCED_FACE('Face appearance 6',(#2894),#165,.T.);
#3182=ADVANCED_FACE('Face appearance 6',(#2895),#195,.F.);
#3183=ADVANCED_FACE('Face appearance 6',(#2896),#3013,.T.);
#3184=ADVANCED_FACE('Face appearance 6',(#2897),#3014,.T.);
#3185=ADVANCED_FACE('Face appearance 6',(#2898),#3015,.T.);
#3186=ADVANCED_FACE('Face appearance 6',(#2899),#3016,.T.);
#3187=ADVANCED_FACE('Face appearance 6',(#2900),#3017,.T.);
#3188=ADVANCED_FACE('Face appearance 6',(#2901),#3018,.T.);
#3189=ADVANCED_FACE('Face appearance 6',(#2902),#3019,.T.);
#3190=ADVANCED_FACE('Face appearance 6',(#2903),#3020,.T.);
#3191=ADVANCED_FACE('Face appearance 6',(#2904),#3021,.T.);
#3192=ADVANCED_FACE('Face appearance 6',(#2905),#3022,.T.);
#3193=ADVANCED_FACE('Face appearance 6',(#2906),#3023,.T.);
#3194=ADVANCED_FACE('Face appearance 6',(#2907),#3024,.T.);
#3195=ADVANCED_FACE('Face appearance 6',(#2908),#3025,.T.);
#3196=ADVANCED_FACE('Face appearance 6',(#2909),#3026,.T.);
#3197=ADVANCED_FACE('Face appearance 6',(#2910),#3027,.T.);
#3198=ADVANCED_FACE('Face appearance 6',(#2911),#3028,.T.);
#3199=ADVANCED_FACE('Face appearance 6',(#2912),#3029,.T.);
#3200=ADVANCED_FACE('Face appearance 6',(#2913),#3030,.T.);
#3201=ADVANCED_FACE('Face appearance 6',(#2914),#3031,.T.);
#3202=ADVANCED_FACE('Face appearance 6',(#2915),#3032,.T.);
#3203=ADVANCED_FACE('Face appearance 6',(#2916),#3033,.T.);
#3204=ADVANCED_FACE('Face appearance 6',(#2917),#3034,.T.);
#3205=ADVANCED_FACE('Face appearance 6',(#2918),#3035,.T.);
#3206=ADVANCED_FACE('Face appearance 6',(#2919),#3036,.T.);
#3207=ADVANCED_FACE('Face appearance 6',(#2920),#3037,.T.);
#3208=ADVANCED_FACE('Face appearance 6',(#2921),#3038,.T.);
#3209=ADVANCED_FACE('Face appearance 6',(#2922),#3039,.T.);
#3210=ADVANCED_FACE('Face appearance 6',(#2923),#3040,.T.);
#3211=ADVANCED_FACE('Face appearance 6',(#2924),#3041,.T.);
#3212=ADVANCED_FACE('Face appearance 6',(#2925),#3042,.T.);
#3213=ADVANCED_FACE('Face appearance 6',(#2926),#3043,.T.);
#3214=ADVANCED_FACE('Face appearance 6',(#2927),#3044,.T.);
#3215=ADVANCED_FACE('Face appearance 6',(#2928),#3045,.T.);
#3216=ADVANCED_FACE('Face appearance 6',(#2929,#2930),#3046,.T.);
#3217=ADVANCED_FACE('',(#2931),#3047,.F.);
#3218=ADVANCED_FACE('',(#2932),#3048,.F.);
#3219=ADVANCED_FACE('',(#2933,#2934),#196,.F.);
#3220=ADVANCED_FACE('',(#2935,#2936),#197,.T.);
#3221=ADVANCED_FACE('',(#2937,#2938),#3049,.T.);
#3222=ADVANCED_FACE('',(#2939),#3050,.F.);
#3223=ADVANCED_FACE('',(#2940,#2941),#198,.T.);
#3224=ADVANCED_FACE('',(#2942,#2943),#199,.F.);
#3225=ADVANCED_FACE('',(#2944,#2945),#3051,.T.);
#3226=ADVANCED_FACE('',(#2946),#3052,.F.);
#3227=ADVANCED_FACE('',(#2947,#2948),#200,.F.);
#3228=ADVANCED_FACE('',(#2949,#2950),#201,.T.);
#3229=ADVANCED_FACE('',(#2951,#2952),#3053,.T.);
#3230=ADVANCED_FACE('',(#2953),#3054,.F.);
#3231=ADVANCED_FACE('',(#2954,#2955),#202,.T.);
#3232=ADVANCED_FACE('',(#2956,#2957),#203,.F.);
#3233=ADVANCED_FACE('',(#2958,#2959),#3055,.T.);
#3234=ADVANCED_FACE('',(#2960),#3056,.F.);
#3235=CLOSED_SHELL('',(#3057,#3058,#3059,#3060,#3061,#3062,#3063,#3064,
#3065,#3066,#3067,#3068,#3069,#3070,#3071,#3072,#3073,#3074,#3075,#3076,
#3077,#3078,#3079,#3080,#3081,#3082,#3083,#3084,#3085,#3086,#3087,#3088,
#3089,#3090,#3091,#3092,#3093,#3094,#3095,#3096,#3097,#3098,#3099,#3100,
#3101,#3102,#3103,#3104,#3105,#3106,#3107,#3108,#3109,#3110,#3111,#3112,
#3113,#3114,#3115,#3116,#3117,#3118,#3119,#3120,#3121,#3122,#3123,#3124,
#3125,#3126,#3127,#3128,#3129,#3130,#3131,#3132,#3133,#3134,#3135,#3136,
#3137,#3138,#3139,#3140,#3141,#3142,#3143,#3144,#3145,#3146,#3147,#3148,
#3149,#3150,#3151,#3152,#3153,#3154,#3155,#3156,#3157,#3158,#3159,#3160,
#3161,#3162,#3163,#3164,#3165,#3166,#3167,#3168,#3169,#3170,#3171,#3172,
#3173,#3174,#3175,#3176,#3177,#3178,#3179,#3180,#3181,#3182,#3183,#3184,
#3185,#3186,#3187,#3188,#3189,#3190,#3191,#3192,#3193,#3194,#3195,#3196,
#3197,#3198,#3199,#3200,#3201,#3202,#3203,#3204,#3205,#3206,#3207,#3208,
#3209,#3210,#3211,#3212,#3213,#3214,#3215,#3216,#3217,#3218,#3219,#3220,
#3221,#3222,#3223,#3224,#3225,#3226,#3227,#3228,#3229,#3230,#3231,#3232,
#3233,#3234));
#3236=STYLED_ITEM('',(#3237),#3898);
#3237=PRESENTATION_STYLE_ASSIGNMENT((#3347));
#3238=PRESENTATION_STYLE_ASSIGNMENT((#3348));
#3239=PRESENTATION_STYLE_ASSIGNMENT((#3349));
#3240=PRESENTATION_STYLE_ASSIGNMENT((#3350));
#3241=PRESENTATION_STYLE_ASSIGNMENT((#3351));
#3242=PRESENTATION_STYLE_ASSIGNMENT((#3352));
#3243=PRESENTATION_STYLE_ASSIGNMENT((#3353));
#3244=PRESENTATION_STYLE_ASSIGNMENT((#3354));
#3245=PRESENTATION_STYLE_ASSIGNMENT((#3355));
#3246=PRESENTATION_STYLE_ASSIGNMENT((#3356));
#3247=PRESENTATION_STYLE_ASSIGNMENT((#3357));
#3248=PRESENTATION_STYLE_ASSIGNMENT((#3358));
#3249=PRESENTATION_STYLE_ASSIGNMENT((#3359));
#3250=PRESENTATION_STYLE_ASSIGNMENT((#3360));
#3251=PRESENTATION_STYLE_ASSIGNMENT((#3361));
#3252=PRESENTATION_STYLE_ASSIGNMENT((#3362));
#3253=PRESENTATION_STYLE_ASSIGNMENT((#3363));
#3254=PRESENTATION_STYLE_ASSIGNMENT((#3364));
#3255=PRESENTATION_STYLE_ASSIGNMENT((#3365));
#3256=PRESENTATION_STYLE_ASSIGNMENT((#3366));
#3257=PRESENTATION_STYLE_ASSIGNMENT((#3367));
#3258=PRESENTATION_STYLE_ASSIGNMENT((#3368));
#3259=PRESENTATION_STYLE_ASSIGNMENT((#3369));
#3260=PRESENTATION_STYLE_ASSIGNMENT((#3370));
#3261=PRESENTATION_STYLE_ASSIGNMENT((#3371));
#3262=PRESENTATION_STYLE_ASSIGNMENT((#3372));
#3263=PRESENTATION_STYLE_ASSIGNMENT((#3373));
#3264=PRESENTATION_STYLE_ASSIGNMENT((#3374));
#3265=PRESENTATION_STYLE_ASSIGNMENT((#3375));
#3266=PRESENTATION_STYLE_ASSIGNMENT((#3376));
#3267=PRESENTATION_STYLE_ASSIGNMENT((#3377));
#3268=PRESENTATION_STYLE_ASSIGNMENT((#3378));
#3269=PRESENTATION_STYLE_ASSIGNMENT((#3379));
#3270=PRESENTATION_STYLE_ASSIGNMENT((#3380));
#3271=PRESENTATION_STYLE_ASSIGNMENT((#3381));
#3272=PRESENTATION_STYLE_ASSIGNMENT((#3382));
#3273=PRESENTATION_STYLE_ASSIGNMENT((#3383));
#3274=PRESENTATION_STYLE_ASSIGNMENT((#3384));
#3275=PRESENTATION_STYLE_ASSIGNMENT((#3385));
#3276=PRESENTATION_STYLE_ASSIGNMENT((#3386));
#3277=PRESENTATION_STYLE_ASSIGNMENT((#3387));
#3278=PRESENTATION_STYLE_ASSIGNMENT((#3388));
#3279=PRESENTATION_STYLE_ASSIGNMENT((#3389));
#3280=PRESENTATION_STYLE_ASSIGNMENT((#3390));
#3281=PRESENTATION_STYLE_ASSIGNMENT((#3391));
#3282=PRESENTATION_STYLE_ASSIGNMENT((#3392));
#3283=PRESENTATION_STYLE_ASSIGNMENT((#3393));
#3284=PRESENTATION_STYLE_ASSIGNMENT((#3394));
#3285=PRESENTATION_STYLE_ASSIGNMENT((#3395));
#3286=PRESENTATION_STYLE_ASSIGNMENT((#3396));
#3287=PRESENTATION_STYLE_ASSIGNMENT((#3397));
#3288=PRESENTATION_STYLE_ASSIGNMENT((#3398));
#3289=PRESENTATION_STYLE_ASSIGNMENT((#3399));
#3290=PRESENTATION_STYLE_ASSIGNMENT((#3400));
#3291=PRESENTATION_STYLE_ASSIGNMENT((#3401));
#3292=PRESENTATION_STYLE_ASSIGNMENT((#3402));
#3293=PRESENTATION_STYLE_ASSIGNMENT((#3403));
#3294=PRESENTATION_STYLE_ASSIGNMENT((#3404));
#3295=PRESENTATION_STYLE_ASSIGNMENT((#3405));
#3296=PRESENTATION_STYLE_ASSIGNMENT((#3406));
#3297=PRESENTATION_STYLE_ASSIGNMENT((#3407));
#3298=PRESENTATION_STYLE_ASSIGNMENT((#3408));
#3299=PRESENTATION_STYLE_ASSIGNMENT((#3409));
#3300=PRESENTATION_STYLE_ASSIGNMENT((#3410));
#3301=PRESENTATION_STYLE_ASSIGNMENT((#3411));
#3302=PRESENTATION_STYLE_ASSIGNMENT((#3412));
#3303=PRESENTATION_STYLE_ASSIGNMENT((#3413));
#3304=PRESENTATION_STYLE_ASSIGNMENT((#3414));
#3305=PRESENTATION_STYLE_ASSIGNMENT((#3415));
#3306=PRESENTATION_STYLE_ASSIGNMENT((#3416));
#3307=PRESENTATION_STYLE_ASSIGNMENT((#3417));
#3308=PRESENTATION_STYLE_ASSIGNMENT((#3418));
#3309=PRESENTATION_STYLE_ASSIGNMENT((#3419));
#3310=PRESENTATION_STYLE_ASSIGNMENT((#3420));
#3311=PRESENTATION_STYLE_ASSIGNMENT((#3421));
#3312=PRESENTATION_STYLE_ASSIGNMENT((#3422));
#3313=PRESENTATION_STYLE_ASSIGNMENT((#3423));
#3314=PRESENTATION_STYLE_ASSIGNMENT((#3424));
#3315=PRESENTATION_STYLE_ASSIGNMENT((#3425));
#3316=PRESENTATION_STYLE_ASSIGNMENT((#3426));
#3317=PRESENTATION_STYLE_ASSIGNMENT((#3427));
#3318=PRESENTATION_STYLE_ASSIGNMENT((#3428));
#3319=PRESENTATION_STYLE_ASSIGNMENT((#3429));
#3320=PRESENTATION_STYLE_ASSIGNMENT((#3430));
#3321=PRESENTATION_STYLE_ASSIGNMENT((#3431));
#3322=PRESENTATION_STYLE_ASSIGNMENT((#3432));
#3323=PRESENTATION_STYLE_ASSIGNMENT((#3433));
#3324=PRESENTATION_STYLE_ASSIGNMENT((#3434));
#3325=PRESENTATION_STYLE_ASSIGNMENT((#3435));
#3326=PRESENTATION_STYLE_ASSIGNMENT((#3436));
#3327=PRESENTATION_STYLE_ASSIGNMENT((#3437));
#3328=PRESENTATION_STYLE_ASSIGNMENT((#3438));
#3329=PRESENTATION_STYLE_ASSIGNMENT((#3439));
#3330=PRESENTATION_STYLE_ASSIGNMENT((#3440));
#3331=PRESENTATION_STYLE_ASSIGNMENT((#3441));
#3332=PRESENTATION_STYLE_ASSIGNMENT((#3442));
#3333=PRESENTATION_STYLE_ASSIGNMENT((#3443));
#3334=PRESENTATION_STYLE_ASSIGNMENT((#3444));
#3335=PRESENTATION_STYLE_ASSIGNMENT((#3445));
#3336=PRESENTATION_STYLE_ASSIGNMENT((#3446));
#3337=PRESENTATION_STYLE_ASSIGNMENT((#3447));
#3338=PRESENTATION_STYLE_ASSIGNMENT((#3448));
#3339=PRESENTATION_STYLE_ASSIGNMENT((#3449));
#3340=PRESENTATION_STYLE_ASSIGNMENT((#3450));
#3341=PRESENTATION_STYLE_ASSIGNMENT((#3451));
#3342=PRESENTATION_STYLE_ASSIGNMENT((#3452));
#3343=PRESENTATION_STYLE_ASSIGNMENT((#3453));
#3344=PRESENTATION_STYLE_ASSIGNMENT((#3454));
#3345=PRESENTATION_STYLE_ASSIGNMENT((#3455));
#3346=PRESENTATION_STYLE_ASSIGNMENT((#3456));
#3347=SURFACE_STYLE_USAGE(.BOTH.,#3457);
#3348=SURFACE_STYLE_USAGE(.BOTH.,#3458);
#3349=SURFACE_STYLE_USAGE(.BOTH.,#3459);
#3350=SURFACE_STYLE_USAGE(.BOTH.,#3460);
#3351=SURFACE_STYLE_USAGE(.BOTH.,#3461);
#3352=SURFACE_STYLE_USAGE(.BOTH.,#3462);
#3353=SURFACE_STYLE_USAGE(.BOTH.,#3463);
#3354=SURFACE_STYLE_USAGE(.BOTH.,#3464);
#3355=SURFACE_STYLE_USAGE(.BOTH.,#3465);
#3356=SURFACE_STYLE_USAGE(.BOTH.,#3466);
#3357=SURFACE_STYLE_USAGE(.BOTH.,#3467);
#3358=SURFACE_STYLE_USAGE(.BOTH.,#3468);
#3359=SURFACE_STYLE_USAGE(.BOTH.,#3469);
#3360=SURFACE_STYLE_USAGE(.BOTH.,#3470);
#3361=SURFACE_STYLE_USAGE(.BOTH.,#3471);
#3362=SURFACE_STYLE_USAGE(.BOTH.,#3472);
#3363=SURFACE_STYLE_USAGE(.BOTH.,#3473);
#3364=SURFACE_STYLE_USAGE(.BOTH.,#3474);
#3365=SURFACE_STYLE_USAGE(.BOTH.,#3475);
#3366=SURFACE_STYLE_USAGE(.BOTH.,#3476);
#3367=SURFACE_STYLE_USAGE(.BOTH.,#3477);
#3368=SURFACE_STYLE_USAGE(.BOTH.,#3478);
#3369=SURFACE_STYLE_USAGE(.BOTH.,#3479);
#3370=SURFACE_STYLE_USAGE(.BOTH.,#3480);
#3371=SURFACE_STYLE_USAGE(.BOTH.,#3481);
#3372=SURFACE_STYLE_USAGE(.BOTH.,#3482);
#3373=SURFACE_STYLE_USAGE(.BOTH.,#3483);
#3374=SURFACE_STYLE_USAGE(.BOTH.,#3484);
#3375=SURFACE_STYLE_USAGE(.BOTH.,#3485);
#3376=SURFACE_STYLE_USAGE(.BOTH.,#3486);
#3377=SURFACE_STYLE_USAGE(.BOTH.,#3487);
#3378=SURFACE_STYLE_USAGE(.BOTH.,#3488);
#3379=SURFACE_STYLE_USAGE(.BOTH.,#3489);
#3380=SURFACE_STYLE_USAGE(.BOTH.,#3490);
#3381=SURFACE_STYLE_USAGE(.BOTH.,#3491);
#3382=SURFACE_STYLE_USAGE(.BOTH.,#3492);
#3383=SURFACE_STYLE_USAGE(.BOTH.,#3493);
#3384=SURFACE_STYLE_USAGE(.BOTH.,#3494);
#3385=SURFACE_STYLE_USAGE(.BOTH.,#3495);
#3386=SURFACE_STYLE_USAGE(.BOTH.,#3496);
#3387=SURFACE_STYLE_USAGE(.BOTH.,#3497);
#3388=SURFACE_STYLE_USAGE(.BOTH.,#3498);
#3389=SURFACE_STYLE_USAGE(.BOTH.,#3499);
#3390=SURFACE_STYLE_USAGE(.BOTH.,#3500);
#3391=SURFACE_STYLE_USAGE(.BOTH.,#3501);
#3392=SURFACE_STYLE_USAGE(.BOTH.,#3502);
#3393=SURFACE_STYLE_USAGE(.BOTH.,#3503);
#3394=SURFACE_STYLE_USAGE(.BOTH.,#3504);
#3395=SURFACE_STYLE_USAGE(.BOTH.,#3505);
#3396=SURFACE_STYLE_USAGE(.BOTH.,#3506);
#3397=SURFACE_STYLE_USAGE(.BOTH.,#3507);
#3398=SURFACE_STYLE_USAGE(.BOTH.,#3508);
#3399=SURFACE_STYLE_USAGE(.BOTH.,#3509);
#3400=SURFACE_STYLE_USAGE(.BOTH.,#3510);
#3401=SURFACE_STYLE_USAGE(.BOTH.,#3511);
#3402=SURFACE_STYLE_USAGE(.BOTH.,#3512);
#3403=SURFACE_STYLE_USAGE(.BOTH.,#3513);
#3404=SURFACE_STYLE_USAGE(.BOTH.,#3514);
#3405=SURFACE_STYLE_USAGE(.BOTH.,#3515);
#3406=SURFACE_STYLE_USAGE(.BOTH.,#3516);
#3407=SURFACE_STYLE_USAGE(.BOTH.,#3517);
#3408=SURFACE_STYLE_USAGE(.BOTH.,#3518);
#3409=SURFACE_STYLE_USAGE(.BOTH.,#3519);
#3410=SURFACE_STYLE_USAGE(.BOTH.,#3520);
#3411=SURFACE_STYLE_USAGE(.BOTH.,#3521);
#3412=SURFACE_STYLE_USAGE(.BOTH.,#3522);
#3413=SURFACE_STYLE_USAGE(.BOTH.,#3523);
#3414=SURFACE_STYLE_USAGE(.BOTH.,#3524);
#3415=SURFACE_STYLE_USAGE(.BOTH.,#3525);
#3416=SURFACE_STYLE_USAGE(.BOTH.,#3526);
#3417=SURFACE_STYLE_USAGE(.BOTH.,#3527);
#3418=SURFACE_STYLE_USAGE(.BOTH.,#3528);
#3419=SURFACE_STYLE_USAGE(.BOTH.,#3529);
#3420=SURFACE_STYLE_USAGE(.BOTH.,#3530);
#3421=SURFACE_STYLE_USAGE(.BOTH.,#3531);
#3422=SURFACE_STYLE_USAGE(.BOTH.,#3532);
#3423=SURFACE_STYLE_USAGE(.BOTH.,#3533);
#3424=SURFACE_STYLE_USAGE(.BOTH.,#3534);
#3425=SURFACE_STYLE_USAGE(.BOTH.,#3535);
#3426=SURFACE_STYLE_USAGE(.BOTH.,#3536);
#3427=SURFACE_STYLE_USAGE(.BOTH.,#3537);
#3428=SURFACE_STYLE_USAGE(.BOTH.,#3538);
#3429=SURFACE_STYLE_USAGE(.BOTH.,#3539);
#3430=SURFACE_STYLE_USAGE(.BOTH.,#3540);
#3431=SURFACE_STYLE_USAGE(.BOTH.,#3541);
#3432=SURFACE_STYLE_USAGE(.BOTH.,#3542);
#3433=SURFACE_STYLE_USAGE(.BOTH.,#3543);
#3434=SURFACE_STYLE_USAGE(.BOTH.,#3544);
#3435=SURFACE_STYLE_USAGE(.BOTH.,#3545);
#3436=SURFACE_STYLE_USAGE(.BOTH.,#3546);
#3437=SURFACE_STYLE_USAGE(.BOTH.,#3547);
#3438=SURFACE_STYLE_USAGE(.BOTH.,#3548);
#3439=SURFACE_STYLE_USAGE(.BOTH.,#3549);
#3440=SURFACE_STYLE_USAGE(.BOTH.,#3550);
#3441=SURFACE_STYLE_USAGE(.BOTH.,#3551);
#3442=SURFACE_STYLE_USAGE(.BOTH.,#3552);
#3443=SURFACE_STYLE_USAGE(.BOTH.,#3553);
#3444=SURFACE_STYLE_USAGE(.BOTH.,#3554);
#3445=SURFACE_STYLE_USAGE(.BOTH.,#3555);
#3446=SURFACE_STYLE_USAGE(.BOTH.,#3556);
#3447=SURFACE_STYLE_USAGE(.BOTH.,#3557);
#3448=SURFACE_STYLE_USAGE(.BOTH.,#3558);
#3449=SURFACE_STYLE_USAGE(.BOTH.,#3559);
#3450=SURFACE_STYLE_USAGE(.BOTH.,#3560);
#3451=SURFACE_STYLE_USAGE(.BOTH.,#3561);
#3452=SURFACE_STYLE_USAGE(.BOTH.,#3562);
#3453=SURFACE_STYLE_USAGE(.BOTH.,#3563);
#3454=SURFACE_STYLE_USAGE(.BOTH.,#3564);
#3455=SURFACE_STYLE_USAGE(.BOTH.,#3565);
#3456=SURFACE_STYLE_USAGE(.BOTH.,#3566);
#3457=SURFACE_SIDE_STYLE('',(#3567));
#3458=SURFACE_SIDE_STYLE('',(#3568));
#3459=SURFACE_SIDE_STYLE('',(#3569));
#3460=SURFACE_SIDE_STYLE('',(#3570));
#3461=SURFACE_SIDE_STYLE('',(#3571));
#3462=SURFACE_SIDE_STYLE('',(#3572));
#3463=SURFACE_SIDE_STYLE('',(#3573));
#3464=SURFACE_SIDE_STYLE('',(#3574));
#3465=SURFACE_SIDE_STYLE('',(#3575));
#3466=SURFACE_SIDE_STYLE('',(#3576));
#3467=SURFACE_SIDE_STYLE('',(#3577));
#3468=SURFACE_SIDE_STYLE('',(#3578));
#3469=SURFACE_SIDE_STYLE('',(#3579));
#3470=SURFACE_SIDE_STYLE('',(#3580));
#3471=SURFACE_SIDE_STYLE('',(#3581));
#3472=SURFACE_SIDE_STYLE('',(#3582));
#3473=SURFACE_SIDE_STYLE('',(#3583));
#3474=SURFACE_SIDE_STYLE('',(#3584));
#3475=SURFACE_SIDE_STYLE('',(#3585));
#3476=SURFACE_SIDE_STYLE('',(#3586));
#3477=SURFACE_SIDE_STYLE('',(#3587));
#3478=SURFACE_SIDE_STYLE('',(#3588));
#3479=SURFACE_SIDE_STYLE('',(#3589));
#3480=SURFACE_SIDE_STYLE('',(#3590));
#3481=SURFACE_SIDE_STYLE('',(#3591));
#3482=SURFACE_SIDE_STYLE('',(#3592));
#3483=SURFACE_SIDE_STYLE('',(#3593));
#3484=SURFACE_SIDE_STYLE('',(#3594));
#3485=SURFACE_SIDE_STYLE('',(#3595));
#3486=SURFACE_SIDE_STYLE('',(#3596));
#3487=SURFACE_SIDE_STYLE('',(#3597));
#3488=SURFACE_SIDE_STYLE('',(#3598));
#3489=SURFACE_SIDE_STYLE('',(#3599));
#3490=SURFACE_SIDE_STYLE('',(#3600));
#3491=SURFACE_SIDE_STYLE('',(#3601));
#3492=SURFACE_SIDE_STYLE('',(#3602));
#3493=SURFACE_SIDE_STYLE('',(#3603));
#3494=SURFACE_SIDE_STYLE('',(#3604));
#3495=SURFACE_SIDE_STYLE('',(#3605));
#3496=SURFACE_SIDE_STYLE('',(#3606));
#3497=SURFACE_SIDE_STYLE('',(#3607));
#3498=SURFACE_SIDE_STYLE('',(#3608));
#3499=SURFACE_SIDE_STYLE('',(#3609));
#3500=SURFACE_SIDE_STYLE('',(#3610));
#3501=SURFACE_SIDE_STYLE('',(#3611));
#3502=SURFACE_SIDE_STYLE('',(#3612));
#3503=SURFACE_SIDE_STYLE('',(#3613));
#3504=SURFACE_SIDE_STYLE('',(#3614));
#3505=SURFACE_SIDE_STYLE('',(#3615));
#3506=SURFACE_SIDE_STYLE('',(#3616));
#3507=SURFACE_SIDE_STYLE('',(#3617));
#3508=SURFACE_SIDE_STYLE('',(#3618));
#3509=SURFACE_SIDE_STYLE('',(#3619));
#3510=SURFACE_SIDE_STYLE('',(#3620));
#3511=SURFACE_SIDE_STYLE('',(#3621));
#3512=SURFACE_SIDE_STYLE('',(#3622));
#3513=SURFACE_SIDE_STYLE('',(#3623));
#3514=SURFACE_SIDE_STYLE('',(#3624));
#3515=SURFACE_SIDE_STYLE('',(#3625));
#3516=SURFACE_SIDE_STYLE('',(#3626));
#3517=SURFACE_SIDE_STYLE('',(#3627));
#3518=SURFACE_SIDE_STYLE('',(#3628));
#3519=SURFACE_SIDE_STYLE('',(#3629));
#3520=SURFACE_SIDE_STYLE('',(#3630));
#3521=SURFACE_SIDE_STYLE('',(#3631));
#3522=SURFACE_SIDE_STYLE('',(#3632));
#3523=SURFACE_SIDE_STYLE('',(#3633));
#3524=SURFACE_SIDE_STYLE('',(#3634));
#3525=SURFACE_SIDE_STYLE('',(#3635));
#3526=SURFACE_SIDE_STYLE('',(#3636));
#3527=SURFACE_SIDE_STYLE('',(#3637));
#3528=SURFACE_SIDE_STYLE('',(#3638));
#3529=SURFACE_SIDE_STYLE('',(#3639));
#3530=SURFACE_SIDE_STYLE('',(#3640));
#3531=SURFACE_SIDE_STYLE('',(#3641));
#3532=SURFACE_SIDE_STYLE('',(#3642));
#3533=SURFACE_SIDE_STYLE('',(#3643));
#3534=SURFACE_SIDE_STYLE('',(#3644));
#3535=SURFACE_SIDE_STYLE('',(#3645));
#3536=SURFACE_SIDE_STYLE('',(#3646));
#3537=SURFACE_SIDE_STYLE('',(#3647));
#3538=SURFACE_SIDE_STYLE('',(#3648));
#3539=SURFACE_SIDE_STYLE('',(#3649));
#3540=SURFACE_SIDE_STYLE('',(#3650));
#3541=SURFACE_SIDE_STYLE('',(#3651));
#3542=SURFACE_SIDE_STYLE('',(#3652));
#3543=SURFACE_SIDE_STYLE('',(#3653));
#3544=SURFACE_SIDE_STYLE('',(#3654));
#3545=SURFACE_SIDE_STYLE('',(#3655));
#3546=SURFACE_SIDE_STYLE('',(#3656));
#3547=SURFACE_SIDE_STYLE('',(#3657));
#3548=SURFACE_SIDE_STYLE('',(#3658));
#3549=SURFACE_SIDE_STYLE('',(#3659));
#3550=SURFACE_SIDE_STYLE('',(#3660));
#3551=SURFACE_SIDE_STYLE('',(#3661));
#3552=SURFACE_SIDE_STYLE('',(#3662));
#3553=SURFACE_SIDE_STYLE('',(#3663));
#3554=SURFACE_SIDE_STYLE('',(#3664));
#3555=SURFACE_SIDE_STYLE('',(#3665));
#3556=SURFACE_SIDE_STYLE('',(#3666));
#3557=SURFACE_SIDE_STYLE('',(#3667));
#3558=SURFACE_SIDE_STYLE('',(#3668));
#3559=SURFACE_SIDE_STYLE('',(#3669));
#3560=SURFACE_SIDE_STYLE('',(#3670));
#3561=SURFACE_SIDE_STYLE('',(#3671));
#3562=SURFACE_SIDE_STYLE('',(#3672));
#3563=SURFACE_SIDE_STYLE('',(#3673));
#3564=SURFACE_SIDE_STYLE('',(#3674));
#3565=SURFACE_SIDE_STYLE('',(#3675));
#3566=SURFACE_SIDE_STYLE('',(#3676));
#3567=SURFACE_STYLE_FILL_AREA(#3677);
#3568=SURFACE_STYLE_FILL_AREA(#3678);
#3569=SURFACE_STYLE_FILL_AREA(#3679);
#3570=SURFACE_STYLE_FILL_AREA(#3680);
#3571=SURFACE_STYLE_FILL_AREA(#3681);
#3572=SURFACE_STYLE_FILL_AREA(#3682);
#3573=SURFACE_STYLE_FILL_AREA(#3683);
#3574=SURFACE_STYLE_FILL_AREA(#3684);
#3575=SURFACE_STYLE_FILL_AREA(#3685);
#3576=SURFACE_STYLE_FILL_AREA(#3686);
#3577=SURFACE_STYLE_FILL_AREA(#3687);
#3578=SURFACE_STYLE_FILL_AREA(#3688);
#3579=SURFACE_STYLE_FILL_AREA(#3689);
#3580=SURFACE_STYLE_FILL_AREA(#3690);
#3581=SURFACE_STYLE_FILL_AREA(#3691);
#3582=SURFACE_STYLE_FILL_AREA(#3692);
#3583=SURFACE_STYLE_FILL_AREA(#3693);
#3584=SURFACE_STYLE_FILL_AREA(#3694);
#3585=SURFACE_STYLE_FILL_AREA(#3695);
#3586=SURFACE_STYLE_FILL_AREA(#3696);
#3587=SURFACE_STYLE_FILL_AREA(#3697);
#3588=SURFACE_STYLE_FILL_AREA(#3698);
#3589=SURFACE_STYLE_FILL_AREA(#3699);
#3590=SURFACE_STYLE_FILL_AREA(#3700);
#3591=SURFACE_STYLE_FILL_AREA(#3701);
#3592=SURFACE_STYLE_FILL_AREA(#3702);
#3593=SURFACE_STYLE_FILL_AREA(#3703);
#3594=SURFACE_STYLE_FILL_AREA(#3704);
#3595=SURFACE_STYLE_FILL_AREA(#3705);
#3596=SURFACE_STYLE_FILL_AREA(#3706);
#3597=SURFACE_STYLE_FILL_AREA(#3707);
#3598=SURFACE_STYLE_FILL_AREA(#3708);
#3599=SURFACE_STYLE_FILL_AREA(#3709);
#3600=SURFACE_STYLE_FILL_AREA(#3710);
#3601=SURFACE_STYLE_FILL_AREA(#3711);
#3602=SURFACE_STYLE_FILL_AREA(#3712);
#3603=SURFACE_STYLE_FILL_AREA(#3713);
#3604=SURFACE_STYLE_FILL_AREA(#3714);
#3605=SURFACE_STYLE_FILL_AREA(#3715);
#3606=SURFACE_STYLE_FILL_AREA(#3716);
#3607=SURFACE_STYLE_FILL_AREA(#3717);
#3608=SURFACE_STYLE_FILL_AREA(#3718);
#3609=SURFACE_STYLE_FILL_AREA(#3719);
#3610=SURFACE_STYLE_FILL_AREA(#3720);
#3611=SURFACE_STYLE_FILL_AREA(#3721);
#3612=SURFACE_STYLE_FILL_AREA(#3722);
#3613=SURFACE_STYLE_FILL_AREA(#3723);
#3614=SURFACE_STYLE_FILL_AREA(#3724);
#3615=SURFACE_STYLE_FILL_AREA(#3725);
#3616=SURFACE_STYLE_FILL_AREA(#3726);
#3617=SURFACE_STYLE_FILL_AREA(#3727);
#3618=SURFACE_STYLE_FILL_AREA(#3728);
#3619=SURFACE_STYLE_FILL_AREA(#3729);
#3620=SURFACE_STYLE_FILL_AREA(#3730);
#3621=SURFACE_STYLE_FILL_AREA(#3731);
#3622=SURFACE_STYLE_FILL_AREA(#3732);
#3623=SURFACE_STYLE_FILL_AREA(#3733);
#3624=SURFACE_STYLE_FILL_AREA(#3734);
#3625=SURFACE_STYLE_FILL_AREA(#3735);
#3626=SURFACE_STYLE_FILL_AREA(#3736);
#3627=SURFACE_STYLE_FILL_AREA(#3737);
#3628=SURFACE_STYLE_FILL_AREA(#3738);
#3629=SURFACE_STYLE_FILL_AREA(#3739);
#3630=SURFACE_STYLE_FILL_AREA(#3740);
#3631=SURFACE_STYLE_FILL_AREA(#3741);
#3632=SURFACE_STYLE_FILL_AREA(#3742);
#3633=SURFACE_STYLE_FILL_AREA(#3743);
#3634=SURFACE_STYLE_FILL_AREA(#3744);
#3635=SURFACE_STYLE_FILL_AREA(#3745);
#3636=SURFACE_STYLE_FILL_AREA(#3746);
#3637=SURFACE_STYLE_FILL_AREA(#3747);
#3638=SURFACE_STYLE_FILL_AREA(#3748);
#3639=SURFACE_STYLE_FILL_AREA(#3749);
#3640=SURFACE_STYLE_FILL_AREA(#3750);
#3641=SURFACE_STYLE_FILL_AREA(#3751);
#3642=SURFACE_STYLE_FILL_AREA(#3752);
#3643=SURFACE_STYLE_FILL_AREA(#3753);
#3644=SURFACE_STYLE_FILL_AREA(#3754);
#3645=SURFACE_STYLE_FILL_AREA(#3755);
#3646=SURFACE_STYLE_FILL_AREA(#3756);
#3647=SURFACE_STYLE_FILL_AREA(#3757);
#3648=SURFACE_STYLE_FILL_AREA(#3758);
#3649=SURFACE_STYLE_FILL_AREA(#3759);
#3650=SURFACE_STYLE_FILL_AREA(#3760);
#3651=SURFACE_STYLE_FILL_AREA(#3761);
#3652=SURFACE_STYLE_FILL_AREA(#3762);
#3653=SURFACE_STYLE_FILL_AREA(#3763);
#3654=SURFACE_STYLE_FILL_AREA(#3764);
#3655=SURFACE_STYLE_FILL_AREA(#3765);
#3656=SURFACE_STYLE_FILL_AREA(#3766);
#3657=SURFACE_STYLE_FILL_AREA(#3767);
#3658=SURFACE_STYLE_FILL_AREA(#3768);
#3659=SURFACE_STYLE_FILL_AREA(#3769);
#3660=SURFACE_STYLE_FILL_AREA(#3770);
#3661=SURFACE_STYLE_FILL_AREA(#3771);
#3662=SURFACE_STYLE_FILL_AREA(#3772);
#3663=SURFACE_STYLE_FILL_AREA(#3773);
#3664=SURFACE_STYLE_FILL_AREA(#3774);
#3665=SURFACE_STYLE_FILL_AREA(#3775);
#3666=SURFACE_STYLE_FILL_AREA(#3776);
#3667=SURFACE_STYLE_FILL_AREA(#3777);
#3668=SURFACE_STYLE_FILL_AREA(#3778);
#3669=SURFACE_STYLE_FILL_AREA(#3779);
#3670=SURFACE_STYLE_FILL_AREA(#3780);
#3671=SURFACE_STYLE_FILL_AREA(#3781);
#3672=SURFACE_STYLE_FILL_AREA(#3782);
#3673=SURFACE_STYLE_FILL_AREA(#3783);
#3674=SURFACE_STYLE_FILL_AREA(#3784);
#3675=SURFACE_STYLE_FILL_AREA(#3785);
#3676=SURFACE_STYLE_FILL_AREA(#3786);
#3677=FILL_AREA_STYLE('',(#3787));
#3678=FILL_AREA_STYLE('',(#3788));
#3679=FILL_AREA_STYLE('',(#3789));
#3680=FILL_AREA_STYLE('',(#3790));
#3681=FILL_AREA_STYLE('',(#3791));
#3682=FILL_AREA_STYLE('',(#3792));
#3683=FILL_AREA_STYLE('',(#3793));
#3684=FILL_AREA_STYLE('',(#3794));
#3685=FILL_AREA_STYLE('',(#3795));
#3686=FILL_AREA_STYLE('',(#3796));
#3687=FILL_AREA_STYLE('',(#3797));
#3688=FILL_AREA_STYLE('',(#3798));
#3689=FILL_AREA_STYLE('',(#3799));
#3690=FILL_AREA_STYLE('',(#3800));
#3691=FILL_AREA_STYLE('',(#3801));
#3692=FILL_AREA_STYLE('',(#3802));
#3693=FILL_AREA_STYLE('',(#3803));
#3694=FILL_AREA_STYLE('',(#3804));
#3695=FILL_AREA_STYLE('',(#3805));
#3696=FILL_AREA_STYLE('',(#3806));
#3697=FILL_AREA_STYLE('',(#3807));
#3698=FILL_AREA_STYLE('',(#3808));
#3699=FILL_AREA_STYLE('',(#3809));
#3700=FILL_AREA_STYLE('',(#3810));
#3701=FILL_AREA_STYLE('',(#3811));
#3702=FILL_AREA_STYLE('',(#3812));
#3703=FILL_AREA_STYLE('',(#3813));
#3704=FILL_AREA_STYLE('',(#3814));
#3705=FILL_AREA_STYLE('',(#3815));
#3706=FILL_AREA_STYLE('',(#3816));
#3707=FILL_AREA_STYLE('',(#3817));
#3708=FILL_AREA_STYLE('',(#3818));
#3709=FILL_AREA_STYLE('',(#3819));
#3710=FILL_AREA_STYLE('',(#3820));
#3711=FILL_AREA_STYLE('',(#3821));
#3712=FILL_AREA_STYLE('',(#3822));
#3713=FILL_AREA_STYLE('',(#3823));
#3714=FILL_AREA_STYLE('',(#3824));
#3715=FILL_AREA_STYLE('',(#3825));
#3716=FILL_AREA_STYLE('',(#3826));
#3717=FILL_AREA_STYLE('',(#3827));
#3718=FILL_AREA_STYLE('',(#3828));
#3719=FILL_AREA_STYLE('',(#3829));
#3720=FILL_AREA_STYLE('',(#3830));
#3721=FILL_AREA_STYLE('',(#3831));
#3722=FILL_AREA_STYLE('',(#3832));
#3723=FILL_AREA_STYLE('',(#3833));
#3724=FILL_AREA_STYLE('',(#3834));
#3725=FILL_AREA_STYLE('',(#3835));
#3726=FILL_AREA_STYLE('',(#3836));
#3727=FILL_AREA_STYLE('',(#3837));
#3728=FILL_AREA_STYLE('',(#3838));
#3729=FILL_AREA_STYLE('',(#3839));
#3730=FILL_AREA_STYLE('',(#3840));
#3731=FILL_AREA_STYLE('',(#3841));
#3732=FILL_AREA_STYLE('',(#3842));
#3733=FILL_AREA_STYLE('',(#3843));
#3734=FILL_AREA_STYLE('',(#3844));
#3735=FILL_AREA_STYLE('',(#3845));
#3736=FILL_AREA_STYLE('',(#3846));
#3737=FILL_AREA_STYLE('',(#3847));
#3738=FILL_AREA_STYLE('',(#3848));
#3739=FILL_AREA_STYLE('',(#3849));
#3740=FILL_AREA_STYLE('',(#3850));
#3741=FILL_AREA_STYLE('',(#3851));
#3742=FILL_AREA_STYLE('',(#3852));
#3743=FILL_AREA_STYLE('',(#3853));
#3744=FILL_AREA_STYLE('',(#3854));
#3745=FILL_AREA_STYLE('',(#3855));
#3746=FILL_AREA_STYLE('',(#3856));
#3747=FILL_AREA_STYLE('',(#3857));
#3748=FILL_AREA_STYLE('',(#3858));
#3749=FILL_AREA_STYLE('',(#3859));
#3750=FILL_AREA_STYLE('',(#3860));
#3751=FILL_AREA_STYLE('',(#3861));
#3752=FILL_AREA_STYLE('',(#3862));
#3753=FILL_AREA_STYLE('',(#3863));
#3754=FILL_AREA_STYLE('',(#3864));
#3755=FILL_AREA_STYLE('',(#3865));
#3756=FILL_AREA_STYLE('',(#3866));
#3757=FILL_AREA_STYLE('',(#3867));
#3758=FILL_AREA_STYLE('',(#3868));
#3759=FILL_AREA_STYLE('',(#3869));
#3760=FILL_AREA_STYLE('',(#3870));
#3761=FILL_AREA_STYLE('',(#3871));
#3762=FILL_AREA_STYLE('',(#3872));
#3763=FILL_AREA_STYLE('',(#3873));
#3764=FILL_AREA_STYLE('',(#3874));
#3765=FILL_AREA_STYLE('',(#3875));
#3766=FILL_AREA_STYLE('',(#3876));
#3767=FILL_AREA_STYLE('',(#3877));
#3768=FILL_AREA_STYLE('',(#3878));
#3769=FILL_AREA_STYLE('',(#3879));
#3770=FILL_AREA_STYLE('',(#3880));
#3771=FILL_AREA_STYLE('',(#3881));
#3772=FILL_AREA_STYLE('',(#3882));
#3773=FILL_AREA_STYLE('',(#3883));
#3774=FILL_AREA_STYLE('',(#3884));
#3775=FILL_AREA_STYLE('',(#3885));
#3776=FILL_AREA_STYLE('',(#3886));
#3777=FILL_AREA_STYLE('',(#3887));
#3778=FILL_AREA_STYLE('',(#3888));
#3779=FILL_AREA_STYLE('',(#3889));
#3780=FILL_AREA_STYLE('',(#3890));
#3781=FILL_AREA_STYLE('',(#3891));
#3782=FILL_AREA_STYLE('',(#3892));
#3783=FILL_AREA_STYLE('',(#3893));
#3784=FILL_AREA_STYLE('',(#3894));
#3785=FILL_AREA_STYLE('',(#3895));
#3786=FILL_AREA_STYLE('',(#3896));
#3787=FILL_AREA_STYLE_COLOUR('',#3897);
#3788=FILL_AREA_STYLE_COLOUR('',#121);
#3789=FILL_AREA_STYLE_COLOUR('',#121);
#3790=FILL_AREA_STYLE_COLOUR('',#121);
#3791=FILL_AREA_STYLE_COLOUR('',#121);
#3792=FILL_AREA_STYLE_COLOUR('',#121);
#3793=FILL_AREA_STYLE_COLOUR('',#121);
#3794=FILL_AREA_STYLE_COLOUR('',#121);
#3795=FILL_AREA_STYLE_COLOUR('',#121);
#3796=FILL_AREA_STYLE_COLOUR('',#121);
#3797=FILL_AREA_STYLE_COLOUR('',#121);
#3798=FILL_AREA_STYLE_COLOUR('',#121);
#3799=FILL_AREA_STYLE_COLOUR('',#121);
#3800=FILL_AREA_STYLE_COLOUR('',#121);
#3801=FILL_AREA_STYLE_COLOUR('',#121);
#3802=FILL_AREA_STYLE_COLOUR('',#121);
#3803=FILL_AREA_STYLE_COLOUR('',#121);
#3804=FILL_AREA_STYLE_COLOUR('',#121);
#3805=FILL_AREA_STYLE_COLOUR('',#121);
#3806=FILL_AREA_STYLE_COLOUR('',#121);
#3807=FILL_AREA_STYLE_COLOUR('',#121);
#3808=FILL_AREA_STYLE_COLOUR('',#121);
#3809=FILL_AREA_STYLE_COLOUR('',#121);
#3810=FILL_AREA_STYLE_COLOUR('',#121);
#3811=FILL_AREA_STYLE_COLOUR('',#121);
#3812=FILL_AREA_STYLE_COLOUR('',#121);
#3813=FILL_AREA_STYLE_COLOUR('',#121);
#3814=FILL_AREA_STYLE_COLOUR('',#121);
#3815=FILL_AREA_STYLE_COLOUR('',#121);
#3816=FILL_AREA_STYLE_COLOUR('',#121);
#3817=FILL_AREA_STYLE_COLOUR('',#121);
#3818=FILL_AREA_STYLE_COLOUR('',#121);
#3819=FILL_AREA_STYLE_COLOUR('',#121);
#3820=FILL_AREA_STYLE_COLOUR('',#121);
#3821=FILL_AREA_STYLE_COLOUR('',#121);
#3822=FILL_AREA_STYLE_COLOUR('',#121);
#3823=FILL_AREA_STYLE_COLOUR('',#121);
#3824=FILL_AREA_STYLE_COLOUR('',#121);
#3825=FILL_AREA_STYLE_COLOUR('',#121);
#3826=FILL_AREA_STYLE_COLOUR('',#121);
#3827=FILL_AREA_STYLE_COLOUR('',#121);
#3828=FILL_AREA_STYLE_COLOUR('',#121);
#3829=FILL_AREA_STYLE_COLOUR('',#121);
#3830=FILL_AREA_STYLE_COLOUR('',#121);
#3831=FILL_AREA_STYLE_COLOUR('',#121);
#3832=FILL_AREA_STYLE_COLOUR('',#121);
#3833=FILL_AREA_STYLE_COLOUR('',#121);
#3834=FILL_AREA_STYLE_COLOUR('',#121);
#3835=FILL_AREA_STYLE_COLOUR('',#121);
#3836=FILL_AREA_STYLE_COLOUR('',#121);
#3837=FILL_AREA_STYLE_COLOUR('',#121);
#3838=FILL_AREA_STYLE_COLOUR('',#121);
#3839=FILL_AREA_STYLE_COLOUR('',#121);
#3840=FILL_AREA_STYLE_COLOUR('',#121);
#3841=FILL_AREA_STYLE_COLOUR('',#121);
#3842=FILL_AREA_STYLE_COLOUR('',#121);
#3843=FILL_AREA_STYLE_COLOUR('',#121);
#3844=FILL_AREA_STYLE_COLOUR('',#121);
#3845=FILL_AREA_STYLE_COLOUR('',#121);
#3846=FILL_AREA_STYLE_COLOUR('',#121);
#3847=FILL_AREA_STYLE_COLOUR('',#121);
#3848=FILL_AREA_STYLE_COLOUR('',#121);
#3849=FILL_AREA_STYLE_COLOUR('',#121);
#3850=FILL_AREA_STYLE_COLOUR('',#121);
#3851=FILL_AREA_STYLE_COLOUR('',#121);
#3852=FILL_AREA_STYLE_COLOUR('',#121);
#3853=FILL_AREA_STYLE_COLOUR('',#121);
#3854=FILL_AREA_STYLE_COLOUR('',#121);
#3855=FILL_AREA_STYLE_COLOUR('',#121);
#3856=FILL_AREA_STYLE_COLOUR('',#121);
#3857=FILL_AREA_STYLE_COLOUR('',#121);
#3858=FILL_AREA_STYLE_COLOUR('',#121);
#3859=FILL_AREA_STYLE_COLOUR('',#121);
#3860=FILL_AREA_STYLE_COLOUR('',#121);
#3861=FILL_AREA_STYLE_COLOUR('',#121);
#3862=FILL_AREA_STYLE_COLOUR('',#121);
#3863=FILL_AREA_STYLE_COLOUR('',#121);
#3864=FILL_AREA_STYLE_COLOUR('',#121);
#3865=FILL_AREA_STYLE_COLOUR('',#121);
#3866=FILL_AREA_STYLE_COLOUR('',#121);
#3867=FILL_AREA_STYLE_COLOUR('',#121);
#3868=FILL_AREA_STYLE_COLOUR('',#121);
#3869=FILL_AREA_STYLE_COLOUR('',#121);
#3870=FILL_AREA_STYLE_COLOUR('',#121);
#3871=FILL_AREA_STYLE_COLOUR('',#121);
#3872=FILL_AREA_STYLE_COLOUR('',#121);
#3873=FILL_AREA_STYLE_COLOUR('',#121);
#3874=FILL_AREA_STYLE_COLOUR('',#121);
#3875=FILL_AREA_STYLE_COLOUR('',#121);
#3876=FILL_AREA_STYLE_COLOUR('',#121);
#3877=FILL_AREA_STYLE_COLOUR('',#121);
#3878=FILL_AREA_STYLE_COLOUR('',#121);
#3879=FILL_AREA_STYLE_COLOUR('',#121);
#3880=FILL_AREA_STYLE_COLOUR('',#121);
#3881=FILL_AREA_STYLE_COLOUR('',#121);
#3882=FILL_AREA_STYLE_COLOUR('',#121);
#3883=FILL_AREA_STYLE_COLOUR('',#121);
#3884=FILL_AREA_STYLE_COLOUR('',#121);
#3885=FILL_AREA_STYLE_COLOUR('',#121);
#3886=FILL_AREA_STYLE_COLOUR('',#121);
#3887=FILL_AREA_STYLE_COLOUR('',#121);
#3888=FILL_AREA_STYLE_COLOUR('',#121);
#3889=FILL_AREA_STYLE_COLOUR('',#121);
#3890=FILL_AREA_STYLE_COLOUR('',#121);
#3891=FILL_AREA_STYLE_COLOUR('',#121);
#3892=FILL_AREA_STYLE_COLOUR('',#121);
#3893=FILL_AREA_STYLE_COLOUR('',#121);
#3894=FILL_AREA_STYLE_COLOUR('',#121);
#3895=FILL_AREA_STYLE_COLOUR('',#121);
#3896=FILL_AREA_STYLE_COLOUR('',#121);
#3897=COLOUR_RGB('',0.984313725490196,0.368627450980392,0.8);
#3898=MANIFOLD_SOLID_BREP('Part 1',#3235);
#3899=SHAPE_DEFINITION_REPRESENTATION(#6327,#3900);
#3900=SHAPE_REPRESENTATION('Part 1',(#3901),#6322);
#3901=AXIS2_PLACEMENT_3D('',#4795,#4112,#4113);
#3902=AXIS2_PLACEMENT_3D('',#4796,#4114,#4115);
#3903=AXIS2_PLACEMENT_3D('',#4797,#4116,#4117);
#3904=AXIS2_PLACEMENT_3D('',#4799,#4118,#4119);
#3905=AXIS2_PLACEMENT_3D('',#4804,#4121,#4122);
#3906=AXIS2_PLACEMENT_3D('',#4808,#4124,#4125);
#3907=AXIS2_PLACEMENT_3D('',#4812,#4127,#4128);
#3908=AXIS2_PLACEMENT_3D('',#4816,#4130,#4131);
#3909=AXIS2_PLACEMENT_3D('',#4817,#4132,#4133);
#3910=AXIS2_PLACEMENT_3D('',#4819,#4134,#4135);
#3911=AXIS2_PLACEMENT_3D('',#4821,#4136,#4137);
#3912=AXIS2_PLACEMENT_3D('',#4911,#4180,#4181);
#3913=AXIS2_PLACEMENT_3D('',#4955,#4183,#4184);
#3914=AXIS2_PLACEMENT_3D('',#4957,#4185,#4186);
#3915=AXIS2_PLACEMENT_3D('',#4964,#4190,#4191);
#3916=AXIS2_PLACEMENT_3D('',#4966,#4192,#4193);
#3917=AXIS2_PLACEMENT_3D('',#4973,#4196,#4197);
#3918=AXIS2_PLACEMENT_3D('',#4987,#4198,#4199);
#3919=AXIS2_PLACEMENT_3D('',#5037,#4206,#4207);
#3920=AXIS2_PLACEMENT_3D('',#5081,#4209,#4210);
#3921=AXIS2_PLACEMENT_3D('',#5083,#4211,#4212);
#3922=AXIS2_PLACEMENT_3D('',#5090,#4216,#4217);
#3923=AXIS2_PLACEMENT_3D('',#5091,#4218,#4219);
#3924=AXIS2_PLACEMENT_3D('',#5093,#4220,#4221);
#3925=AXIS2_PLACEMENT_3D('',#5095,#4222,#4223);
#3926=AXIS2_PLACEMENT_3D('',#5112,#4231,#4232);
#3927=AXIS2_PLACEMENT_3D('',#5125,#4233,#4234);
#3928=AXIS2_PLACEMENT_3D('',#5126,#4235,#4236);
#3929=AXIS2_PLACEMENT_3D('',#5130,#4238,#4239);
#3930=AXIS2_PLACEMENT_3D('',#5131,#4240,#4241);
#3931=AXIS2_PLACEMENT_3D('',#5132,#4242,#4243);
#3932=AXIS2_PLACEMENT_3D('',#5136,#4245,#4246);
#3933=AXIS2_PLACEMENT_3D('',#5137,#4247,#4248);
#3934=AXIS2_PLACEMENT_3D('',#5138,#4249,#4250);
#3935=AXIS2_PLACEMENT_3D('',#5142,#4252,#4253);
#3936=AXIS2_PLACEMENT_3D('',#5143,#4254,#4255);
#3937=AXIS2_PLACEMENT_3D('',#5144,#4256,#4257);
#3938=AXIS2_PLACEMENT_3D('',#5148,#4259,#4260);
#3939=AXIS2_PLACEMENT_3D('',#5149,#4261,#4262);
#3940=AXIS2_PLACEMENT_3D('',#5150,#4263,#4264);
#3941=AXIS2_PLACEMENT_3D('',#5152,#4265,#4266);
#3942=AXIS2_PLACEMENT_3D('',#5153,#4267,#4268);
#3943=AXIS2_PLACEMENT_3D('',#5155,#4269,#4270);
#3944=AXIS2_PLACEMENT_3D('',#5164,#4275,#4276);
#3945=AXIS2_PLACEMENT_3D('',#5166,#4277,#4278);
#3946=AXIS2_PLACEMENT_3D('',#5168,#4279,#4280);
#3947=AXIS2_PLACEMENT_3D('',#5170,#4281,#4282);
#3948=AXIS2_PLACEMENT_3D('',#5172,#4283,#4284);
#3949=AXIS2_PLACEMENT_3D('',#5173,#4285,#4286);
#3950=AXIS2_PLACEMENT_3D('',#5175,#4287,#4288);
#3951=AXIS2_PLACEMENT_3D('',#5177,#4289,#4290);
#3952=AXIS2_PLACEMENT_3D('',#5178,#4291,#4292);
#3953=AXIS2_PLACEMENT_3D('',#5180,#4293,#4294);
#3954=AXIS2_PLACEMENT_3D('',#5181,#4295,#4296);
#3955=AXIS2_PLACEMENT_3D('',#5182,#4297,#4298);
#3956=AXIS2_PLACEMENT_3D('',#5183,#4299,#4300);
#3957=AXIS2_PLACEMENT_3D('',#5185,#4301,#4302);
#3958=AXIS2_PLACEMENT_3D('',#5186,#4303,#4304);
#3959=AXIS2_PLACEMENT_3D('',#5188,#4305,#4306);
#3960=AXIS2_PLACEMENT_3D('',#5190,#4307,#4308);
#3961=AXIS2_PLACEMENT_3D('',#5191,#4309,#4310);
#3962=AXIS2_PLACEMENT_3D('',#5192,#4311,#4312);
#3963=AXIS2_PLACEMENT_3D('',#5193,#4313,#4314);
#3964=AXIS2_PLACEMENT_3D('',#5195,#4315,#4316);
#3965=AXIS2_PLACEMENT_3D('',#5197,#4317,#4318);
#3966=AXIS2_PLACEMENT_3D('',#5198,#4319,#4320);
#3967=AXIS2_PLACEMENT_3D('',#5200,#4321,#4322);
#3968=AXIS2_PLACEMENT_3D('',#5201,#4323,#4324);
#3969=AXIS2_PLACEMENT_3D('',#5202,#4325,#4326);
#3970=AXIS2_PLACEMENT_3D('',#5203,#4327,#4328);
#3971=AXIS2_PLACEMENT_3D('',#5205,#4329,#4330);
#3972=AXIS2_PLACEMENT_3D('',#5206,#4331,#4332);
#3973=AXIS2_PLACEMENT_3D('',#5208,#4333,#4334);
#3974=AXIS2_PLACEMENT_3D('',#5210,#4335,#4336);
#3975=AXIS2_PLACEMENT_3D('',#5211,#4337,#4338);
#3976=AXIS2_PLACEMENT_3D('',#5212,#4339,#4340);
#3977=AXIS2_PLACEMENT_3D('',#5218,#4344,#4345);
#3978=AXIS2_PLACEMENT_3D('',#5222,#4348,#4349);
#3979=AXIS2_PLACEMENT_3D('',#5226,#4352,#4353);
#3980=AXIS2_PLACEMENT_3D('',#5228,#4355,#4356);
#3981=AXIS2_PLACEMENT_3D('',#5230,#4357,#4358);
#3982=AXIS2_PLACEMENT_3D('',#5232,#4359,#4360);
#3983=AXIS2_PLACEMENT_3D('',#5236,#4362,#4363);
#3984=AXIS2_PLACEMENT_3D('',#5237,#4364,#4365);
#3985=AXIS2_PLACEMENT_3D('',#5241,#4367,#4368);
#3986=AXIS2_PLACEMENT_3D('',#5242,#4369,#4370);
#3987=AXIS2_PLACEMENT_3D('',#5243,#4371,#4372);
#3988=AXIS2_PLACEMENT_3D('',#5246,#4375,#4376);
#3989=AXIS2_PLACEMENT_3D('',#5249,#4379,#4380);
#3990=AXIS2_PLACEMENT_3D('',#5250,#4381,#4382);
#3991=AXIS2_PLACEMENT_3D('',#5251,#4383,#4384);
#3992=AXIS2_PLACEMENT_3D('',#5252,#4385,#4386);
#3993=AXIS2_PLACEMENT_3D('',#5253,#4387,#4388);
#3994=AXIS2_PLACEMENT_3D('',#5254,#4389,#4390);
#3995=AXIS2_PLACEMENT_3D('',#5255,#4391,#4392);
#3996=AXIS2_PLACEMENT_3D('',#5256,#4393,#4394);
#3997=AXIS2_PLACEMENT_3D('',#5257,#4395,#4396);
#3998=AXIS2_PLACEMENT_3D('',#5258,#4397,#4398);
#3999=AXIS2_PLACEMENT_3D('',#5328,#4401,#4402);
#4000=AXIS2_PLACEMENT_3D('',#5333,#4403,#4404);
#4001=AXIS2_PLACEMENT_3D('',#5338,#4405,#4406);
#4002=AXIS2_PLACEMENT_3D('',#5410,#4411,#4412);
#4003=AXIS2_PLACEMENT_3D('',#5415,#4413,#4414);
#4004=AXIS2_PLACEMENT_3D('',#5420,#4415,#4416);
#4005=AXIS2_PLACEMENT_3D('',#5423,#4419,#4420);
#4006=AXIS2_PLACEMENT_3D('',#5424,#4421,#4422);
#4007=AXIS2_PLACEMENT_3D('',#5425,#4423,#4424);
#4008=AXIS2_PLACEMENT_3D('',#5426,#4425,#4426);
#4009=AXIS2_PLACEMENT_3D('',#5442,#4429,#4430);
#4010=AXIS2_PLACEMENT_3D('',#5446,#4433,#4434);
#4011=AXIS2_PLACEMENT_3D('',#5450,#4437,#4438);
#4012=AXIS2_PLACEMENT_3D('',#5454,#4441,#4442);
#4013=AXIS2_PLACEMENT_3D('',#5458,#4445,#4446);
#4014=AXIS2_PLACEMENT_3D('',#5461,#4448,#4449);
#4015=AXIS2_PLACEMENT_3D('',#5462,#4450,#4451);
#4016=AXIS2_PLACEMENT_3D('',#5465,#4453,#4454);
#4017=AXIS2_PLACEMENT_3D('',#5531,#4460,#4461);
#4018=AXIS2_PLACEMENT_3D('',#5600,#4469,#4470);
#4019=AXIS2_PLACEMENT_3D('',#5601,#4471,#4472);
#4020=AXIS2_PLACEMENT_3D('',#5602,#4473,#4474);
#4021=AXIS2_PLACEMENT_3D('',#5603,#4475,#4476);
#4022=AXIS2_PLACEMENT_3D('',#5609,#4480,#4481);
#4023=AXIS2_PLACEMENT_3D('',#5613,#4484,#4485);
#4024=AXIS2_PLACEMENT_3D('',#5617,#4488,#4489);
#4025=AXIS2_PLACEMENT_3D('',#5621,#4492,#4493);
#4026=AXIS2_PLACEMENT_3D('',#5625,#4496,#4497);
#4027=AXIS2_PLACEMENT_3D('',#5627,#4499,#4500);
#4028=AXIS2_PLACEMENT_3D('',#5628,#4501,#4502);
#4029=AXIS2_PLACEMENT_3D('',#5634,#4506,#4507);
#4030=AXIS2_PLACEMENT_3D('',#5638,#4510,#4511);
#4031=AXIS2_PLACEMENT_3D('',#5642,#4514,#4515);
#4032=AXIS2_PLACEMENT_3D('',#5646,#4518,#4519);
#4033=AXIS2_PLACEMENT_3D('',#5650,#4522,#4523);
#4034=AXIS2_PLACEMENT_3D('',#5654,#4526,#4527);
#4035=AXIS2_PLACEMENT_3D('',#5656,#4529,#4530);
#4036=AXIS2_PLACEMENT_3D('',#5965,#4551,#4552);
#4037=AXIS2_PLACEMENT_3D('',#5981,#4555,#4556);
#4038=AXIS2_PLACEMENT_3D('',#5985,#4559,#4560);
#4039=AXIS2_PLACEMENT_3D('',#5989,#4563,#4564);
#4040=AXIS2_PLACEMENT_3D('',#5993,#4567,#4568);
#4041=AXIS2_PLACEMENT_3D('',#5997,#4571,#4572);
#4042=AXIS2_PLACEMENT_3D('',#6000,#4574,#4575);
#4043=AXIS2_PLACEMENT_3D('',#6001,#4576,#4577);
#4044=AXIS2_PLACEMENT_3D('',#6004,#4579,#4580);
#4045=AXIS2_PLACEMENT_3D('',#6070,#4586,#4587);
#4046=AXIS2_PLACEMENT_3D('',#6139,#4595,#4596);
#4047=AXIS2_PLACEMENT_3D('',#6140,#4597,#4598);
#4048=AXIS2_PLACEMENT_3D('',#6141,#4599,#4600);
#4049=AXIS2_PLACEMENT_3D('',#6142,#4601,#4602);
#4050=AXIS2_PLACEMENT_3D('',#6151,#4607,#4608);
#4051=AXIS2_PLACEMENT_3D('',#6157,#4612,#4613);
#4052=AXIS2_PLACEMENT_3D('',#6163,#4617,#4618);
#4053=AXIS2_PLACEMENT_3D('',#6169,#4622,#4623);
#4054=AXIS2_PLACEMENT_3D('',#6173,#4626,#4627);
#4055=AXIS2_PLACEMENT_3D('',#6177,#4630,#4631);
#4056=AXIS2_PLACEMENT_3D('',#6181,#4634,#4635);
#4057=AXIS2_PLACEMENT_3D('',#6185,#4638,#4639);
#4058=AXIS2_PLACEMENT_3D('',#6189,#4642,#4643);
#4059=AXIS2_PLACEMENT_3D('',#6193,#4646,#4647);
#4060=AXIS2_PLACEMENT_3D('',#6197,#4650,#4651);
#4061=AXIS2_PLACEMENT_3D('',#6201,#4654,#4655);
#4062=AXIS2_PLACEMENT_3D('',#6205,#4658,#4659);
#4063=AXIS2_PLACEMENT_3D('',#6209,#4662,#4663);
#4064=AXIS2_PLACEMENT_3D('',#6213,#4666,#4667);
#4065=AXIS2_PLACEMENT_3D('',#6217,#4670,#4671);
#4066=AXIS2_PLACEMENT_3D('',#6221,#4674,#4675);
#4067=AXIS2_PLACEMENT_3D('',#6225,#4678,#4679);
#4068=AXIS2_PLACEMENT_3D('',#6229,#4682,#4683);
#4069=AXIS2_PLACEMENT_3D('',#6233,#4686,#4687);
#4070=AXIS2_PLACEMENT_3D('',#6237,#4690,#4691);
#4071=AXIS2_PLACEMENT_3D('',#6241,#4694,#4695);
#4072=AXIS2_PLACEMENT_3D('',#6245,#4698,#4699);
#4073=AXIS2_PLACEMENT_3D('',#6249,#4702,#4703);
#4074=AXIS2_PLACEMENT_3D('',#6253,#4706,#4707);
#4075=AXIS2_PLACEMENT_3D('',#6257,#4710,#4711);
#4076=AXIS2_PLACEMENT_3D('',#6261,#4714,#4715);
#4077=AXIS2_PLACEMENT_3D('',#6265,#4718,#4719);
#4078=AXIS2_PLACEMENT_3D('',#6269,#4722,#4723);
#4079=AXIS2_PLACEMENT_3D('',#6273,#4726,#4727);
#4080=AXIS2_PLACEMENT_3D('',#6275,#4729,#4730);
#4081=AXIS2_PLACEMENT_3D('',#6278,#4733,#4734);
#4082=AXIS2_PLACEMENT_3D('',#6279,#4735,#4736);
#4083=AXIS2_PLACEMENT_3D('',#6280,#4737,#4738);
#4084=AXIS2_PLACEMENT_3D('',#6281,#4739,#4740);
#4085=AXIS2_PLACEMENT_3D('',#6282,#4741,#4742);
#4086=AXIS2_PLACEMENT_3D('',#6284,#4743,#4744);
#4087=AXIS2_PLACEMENT_3D('',#6286,#4745,#4746);
#4088=AXIS2_PLACEMENT_3D('',#6287,#4747,#4748);
#4089=AXIS2_PLACEMENT_3D('',#6289,#4749,#4750);
#4090=AXIS2_PLACEMENT_3D('',#6290,#4751,#4752);
#4091=AXIS2_PLACEMENT_3D('',#6291,#4753,#4754);
#4092=AXIS2_PLACEMENT_3D('',#6292,#4755,#4756);
#4093=AXIS2_PLACEMENT_3D('',#6294,#4757,#4758);
#4094=AXIS2_PLACEMENT_3D('',#6295,#4759,#4760);
#4095=AXIS2_PLACEMENT_3D('',#6297,#4761,#4762);
#4096=AXIS2_PLACEMENT_3D('',#6299,#4763,#4764);
#4097=AXIS2_PLACEMENT_3D('',#6300,#4765,#4766);
#4098=AXIS2_PLACEMENT_3D('',#6301,#4767,#4768);
#4099=AXIS2_PLACEMENT_3D('',#6302,#4769,#4770);
#4100=AXIS2_PLACEMENT_3D('',#6304,#4771,#4772);
#4101=AXIS2_PLACEMENT_3D('',#6306,#4773,#4774);
#4102=AXIS2_PLACEMENT_3D('',#6307,#4775,#4776);
#4103=AXIS2_PLACEMENT_3D('',#6309,#4777,#4778);
#4104=AXIS2_PLACEMENT_3D('',#6310,#4779,#4780);
#4105=AXIS2_PLACEMENT_3D('',#6311,#4781,#4782);
#4106=AXIS2_PLACEMENT_3D('',#6312,#4783,#4784);
#4107=AXIS2_PLACEMENT_3D('',#6314,#4785,#4786);
#4108=AXIS2_PLACEMENT_3D('',#6315,#4787,#4788);
#4109=AXIS2_PLACEMENT_3D('',#6317,#4789,#4790);
#4110=AXIS2_PLACEMENT_3D('',#6319,#4791,#4792);
#4111=AXIS2_PLACEMENT_3D('',#6320,#4793,#4794);
#4112=DIRECTION('',(0.,0.,1.));
#4113=DIRECTION('',(1.,0.,0.));
#4114=DIRECTION('',(0.,0.,1.));
#4115=DIRECTION('',(1.,0.,0.));
#4116=DIRECTION('',(0.,0.,-1.));
#4117=DIRECTION('',(-1.,0.,0.));
#4118=DIRECTION('',(0.,0.,-1.));
#4119=DIRECTION('',(-1.,0.,0.));
#4120=DIRECTION('',(-1.,-1.38777878078145E-16,0.));
#4121=DIRECTION('',(0.,0.,1.));
#4122=DIRECTION('',(1.,0.,0.));
#4123=DIRECTION('',(-1.65211759616839E-16,-1.,0.));
#4124=DIRECTION('',(0.,0.,1.));
#4125=DIRECTION('',(1.,0.,0.));
#4126=DIRECTION('',(-1.,1.38777878078145E-16,0.));
#4127=DIRECTION('',(0.,0.,1.));
#4128=DIRECTION('',(1.,0.,0.));
#4129=DIRECTION('',(3.30423519233678E-16,-1.,0.));
#4130=DIRECTION('',(0.,0.,1.));
#4131=DIRECTION('',(1.,0.,0.));
#4132=DIRECTION('',(0.,0.,1.));
#4133=DIRECTION('',(-1.,0.,0.));
#4134=DIRECTION('',(0.,0.,1.));
#4135=DIRECTION('',(-1.,0.,0.));
#4136=DIRECTION('',(-1.38777878078145E-16,-1.,0.));
#4137=DIRECTION('',(1.,-1.38777878078145E-16,0.));
#4138=DIRECTION('',(1.,-1.38777878078145E-16,0.));
#4139=DIRECTION('',(0.207208689649286,-2.87559822688808E-17,-0.978296764245812));
#4140=DIRECTION('',(-1.,1.38777878078145E-16,0.));
#4141=DIRECTION('',(0.,0.,-1.));
#4142=DIRECTION('',(1.,-1.38777878078145E-16,0.));
#4143=DIRECTION('',(0.210780636629488,-2.92516894914009E-17,-0.977533387267191));
#4144=DIRECTION('',(1.,-1.38777878078145E-16,0.));
#4145=DIRECTION('',(-0.210050692564228,2.91503894029082E-17,0.977690496298951));
#4146=DIRECTION('',(1.,-1.38777878078145E-16,0.));
#4147=DIRECTION('',(0.210050692564228,-2.91503894029082E-17,-0.977690496298951));
#4148=DIRECTION('',(1.,-1.38777878078145E-16,0.));
#4149=DIRECTION('',(-0.210050692564228,2.91503894029082E-17,0.977690496298951));
#4150=DIRECTION('',(1.,-1.38777878078145E-16,0.));
#4151=DIRECTION('',(0.,0.,1.));
#4152=DIRECTION('',(-1.,1.38777878078145E-16,0.));
#4153=DIRECTION('',(-0.206395720875003,2.86431601874419E-17,0.978468602666681));
#4154=DIRECTION('',(1.,-1.38777878078145E-16,0.));
#4155=DIRECTION('',(0.,0.,1.));
#4156=DIRECTION('',(-1.,1.38777878078145E-16,0.));
#4157=DIRECTION('',(-0.210050692564228,2.91503894029082E-17,0.977690496298951));
#4158=DIRECTION('',(-1.,1.38777878078145E-16,0.));
#4159=DIRECTION('',(0.210050692564228,-2.91503894029082E-17,-0.977690496298951));
#4160=DIRECTION('',(-1.,1.38777878078145E-16,0.));
#4161=DIRECTION('',(-0.210050692564228,2.91503894029082E-17,0.977690496298951));
#4162=DIRECTION('',(-1.,1.38777878078145E-16,0.));
#4163=DIRECTION('',(0.210780636629488,-2.92516894914008E-17,-0.977533387267191));
#4164=DIRECTION('',(-1.,1.38777878078145E-16,0.));
#4165=DIRECTION('',(0.,0.,-1.));
#4166=DIRECTION('',(0.,0.,-1.));
#4167=DIRECTION('',(0.392162661582504,-5.44235020358974E-17,-0.919895889142096));
#4168=DIRECTION('',(1.,-1.38777878078145E-16,0.));
#4169=DIRECTION('',(-0.401694238971917,5.57462741207379E-17,0.915773846742072));
#4170=DIRECTION('',(1.,-1.38777878078145E-16,0.));
#4171=DIRECTION('',(0.,0.,1.));
#4172=DIRECTION('',(-1.,1.38777878078145E-16,0.));
#4173=DIRECTION('',(1.,-1.38777878078145E-16,0.));
#4174=DIRECTION('',(0.,0.,1.));
#4175=DIRECTION('',(-1.,1.38777878078145E-16,0.));
#4176=DIRECTION('',(0.,0.,-1.));
#4177=DIRECTION('',(1.,-1.38777878078145E-16,0.));
#4178=DIRECTION('',(0.,0.,1.));
#4179=DIRECTION('',(0.,0.,1.));
#4180=DIRECTION('',(-1.38777878078145E-16,-1.,0.));
#4181=DIRECTION('',(1.,-1.38777878078145E-16,0.));
#4182=DIRECTION('',(1.,-1.38777878078145E-16,0.));
#4183=DIRECTION('',(-1.38777878078145E-16,-1.,0.));
#4184=DIRECTION('',(1.,-1.38777878078145E-16,0.));
#4185=DIRECTION('',(-1.38777878078145E-16,-1.,0.));
#4186=DIRECTION('',(1.,-1.38777878078145E-16,0.));
#4187=DIRECTION('',(-1.,1.38777878078145E-16,0.));
#4188=DIRECTION('',(0.,0.,-1.));
#4189=DIRECTION('',(1.,-1.38777878078145E-16,0.));
#4190=DIRECTION('',(1.38777878078145E-16,-1.,0.));
#4191=DIRECTION('',(1.,1.38777878078145E-16,0.));
#4192=DIRECTION('',(1.38777878078145E-16,-1.,0.));
#4193=DIRECTION('',(1.,1.38777878078145E-16,0.));
#4194=DIRECTION('',(-1.,1.38777878078145E-16,0.));
#4195=DIRECTION('',(0.,0.,1.));
#4196=DIRECTION('',(1.38777878078145E-16,-1.,0.));
#4197=DIRECTION('',(1.,1.38777878078145E-16,0.));
#4198=DIRECTION('',(1.38777878078145E-16,-1.,0.));
#4199=DIRECTION('',(1.,1.38777878078145E-16,0.));
#4200=DIRECTION('',(0.,0.,-1.));
#4201=DIRECTION('',(-1.,1.38777878078145E-16,0.));
#4202=DIRECTION('',(0.,0.,-1.));
#4203=DIRECTION('',(-1.,1.38777878078145E-16,0.));
#4204=DIRECTION('',(0.,0.,-1.));
#4205=DIRECTION('',(0.,0.,1.));
#4206=DIRECTION('',(-1.38777878078145E-16,-1.,0.));
#4207=DIRECTION('',(1.,-1.38777878078145E-16,0.));
#4208=DIRECTION('',(1.,-1.38777878078145E-16,0.));
#4209=DIRECTION('',(-1.38777878078145E-16,-1.,0.));
#4210=DIRECTION('',(1.,-1.38777878078145E-16,0.));
#4211=DIRECTION('',(-1.38777878078145E-16,-1.,0.));
#4212=DIRECTION('',(1.,-1.38777878078145E-16,0.));
#4213=DIRECTION('',(-1.,1.38777878078145E-16,0.));
#4214=DIRECTION('',(0.,0.,-1.));
#4215=DIRECTION('',(1.,-1.38777878078145E-16,0.));
#4216=DIRECTION('',(-1.38777878078145E-16,-1.,0.));
#4217=DIRECTION('',(1.,-1.38777878078145E-16,0.));
#4218=DIRECTION('',(-1.38777878078145E-16,-1.,0.));
#4219=DIRECTION('',(1.,-1.38777878078145E-16,0.));
#4220=DIRECTION('',(-1.38777878078145E-16,-1.,0.));
#4221=DIRECTION('',(1.,-1.38777878078145E-16,0.));
#4222=DIRECTION('',(1.38777878078145E-16,1.,0.));
#4223=DIRECTION('',(-1.,1.38777878078145E-16,0.));
#4224=DIRECTION('',(0.,0.,1.));
#4225=DIRECTION('',(-1.,1.38777878078145E-16,0.));
#4226=DIRECTION('',(0.,0.,-1.));
#4227=DIRECTION('',(-1.,1.38777878078145E-16,0.));
#4228=DIRECTION('',(0.,0.,-1.));
#4229=DIRECTION('',(-1.,1.38777878078145E-16,0.));
#4230=DIRECTION('',(0.,0.,-1.));
#4231=DIRECTION('',(1.38777878078145E-16,1.,0.));
#4232=DIRECTION('',(-1.,1.38777878078145E-16,0.));
#4233=DIRECTION('',(0.,0.,-1.));
#4234=DIRECTION('',(-1.,0.,0.));
#4235=DIRECTION('',(0.,0.,-1.));
#4236=DIRECTION('',(-1.,0.,0.));
#4237=DIRECTION('',(0.,0.,-1.));
#4238=DIRECTION('',(0.,0.,1.));
#4239=DIRECTION('',(1.,0.,0.));
#4240=DIRECTION('',(0.,0.,1.));
#4241=DIRECTION('',(1.,0.,0.));
#4242=DIRECTION('',(0.,0.,1.));
#4243=DIRECTION('',(1.,0.,0.));
#4244=DIRECTION('',(0.,0.,1.));
#4245=DIRECTION('',(0.,0.,-1.));
#4246=DIRECTION('',(-1.,0.,0.));
#4247=DIRECTION('',(0.,0.,-1.));
#4248=DIRECTION('',(-1.,0.,0.));
#4249=DIRECTION('',(0.,0.,-1.));
#4250=DIRECTION('',(-1.,0.,0.));
#4251=DIRECTION('',(0.,0.,1.));
#4252=DIRECTION('',(0.,0.,1.));
#4253=DIRECTION('',(1.,0.,0.));
#4254=DIRECTION('',(0.,0.,1.));
#4255=DIRECTION('',(1.,0.,0.));
#4256=DIRECTION('',(0.,0.,1.));
#4257=DIRECTION('',(1.,0.,0.));
#4258=DIRECTION('',(0.,0.,-1.));
#4259=DIRECTION('',(0.,0.,-1.));
#4260=DIRECTION('',(-1.,0.,0.));
#4261=DIRECTION('',(0.,-1.,0.));
#4262=DIRECTION('',(0.,0.,1.));
#4263=DIRECTION('',(0.,-1.,0.));
#4264=DIRECTION('',(0.,0.,-1.));
#4265=DIRECTION('',(0.,-1.,0.));
#4266=DIRECTION('',(0.,0.,1.));
#4267=DIRECTION('',(0.,-1.,0.));
#4268=DIRECTION('',(0.,0.,-1.));
#4269=DIRECTION('',(0.,0.,1.));
#4270=DIRECTION('',(1.,0.,0.));
#4271=DIRECTION('',(-3.65204942310907E-16,1.,0.));
#4272=DIRECTION('',(-1.,0.,0.));
#4273=DIRECTION('',(1.82602471155453E-16,1.,0.));
#4274=DIRECTION('',(-1.,0.,0.));
#4275=DIRECTION('',(0.,0.,1.));
#4276=DIRECTION('',(1.,0.,0.));
#4277=DIRECTION('',(0.,0.,1.));
#4278=DIRECTION('',(1.,0.,0.));
#4279=DIRECTION('',(0.,0.,1.));
#4280=DIRECTION('',(1.,0.,0.));
#4281=DIRECTION('',(0.,0.,1.));
#4282=DIRECTION('',(1.,0.,0.));
#4283=DIRECTION('',(0.,0.,-1.));
#4284=DIRECTION('',(-1.,0.,0.));
#4285=DIRECTION('',(0.,0.,1.));
#4286=DIRECTION('',(1.,0.,0.));
#4287=DIRECTION('',(0.,0.,1.));
#4288=DIRECTION('',(1.,0.,0.));
#4289=DIRECTION('',(0.,0.,-1.));
#4290=DIRECTION('',(-1.,0.,0.));
#4291=DIRECTION('',(0.,0.,1.));
#4292=DIRECTION('',(1.,0.,0.));
#4293=DIRECTION('',(0.,0.,1.));
#4294=DIRECTION('',(1.,0.,0.));
#4295=DIRECTION('',(0.,0.,1.));
#4296=DIRECTION('',(1.,0.,0.));
#4297=DIRECTION('',(0.,0.,-1.));
#4298=DIRECTION('',(-1.,0.,0.));
#4299=DIRECTION('',(0.,0.,1.));
#4300=DIRECTION('',(1.,0.,0.));
#4301=DIRECTION('',(0.,0.,-1.));
#4302=DIRECTION('',(-1.,0.,0.));
#4303=DIRECTION('',(0.,0.,-1.));
#4304=DIRECTION('',(1.,0.,0.));
#4305=DIRECTION('',(0.,0.,-1.));
#4306=DIRECTION('',(1.,0.,0.));
#4307=DIRECTION('',(0.,0.,1.));
#4308=DIRECTION('',(1.,0.,0.));
#4309=DIRECTION('',(0.,0.,1.));
#4310=DIRECTION('',(1.,0.,0.));
#4311=DIRECTION('',(0.,0.,-1.));
#4312=DIRECTION('',(-1.,0.,0.));
#4313=DIRECTION('',(0.,0.,1.));
#4314=DIRECTION('',(1.,0.,0.));
#4315=DIRECTION('',(0.,0.,1.));
#4316=DIRECTION('',(1.,0.,0.));
#4317=DIRECTION('',(0.,0.,-1.));
#4318=DIRECTION('',(-1.,0.,0.));
#4319=DIRECTION('',(0.,0.,1.));
#4320=DIRECTION('',(1.,0.,0.));
#4321=DIRECTION('',(0.,0.,1.));
#4322=DIRECTION('',(1.,0.,0.));
#4323=DIRECTION('',(0.,0.,1.));
#4324=DIRECTION('',(1.,0.,0.));
#4325=DIRECTION('',(0.,0.,-1.));
#4326=DIRECTION('',(-1.,0.,0.));
#4327=DIRECTION('',(0.,0.,1.));
#4328=DIRECTION('',(1.,0.,0.));
#4329=DIRECTION('',(0.,0.,-1.));
#4330=DIRECTION('',(-1.,0.,0.));
#4331=DIRECTION('',(0.,0.,-1.));
#4332=DIRECTION('',(1.,0.,0.));
#4333=DIRECTION('',(0.,0.,-1.));
#4334=DIRECTION('',(1.,0.,0.));
#4335=DIRECTION('',(0.,0.,1.));
#4336=DIRECTION('',(1.,0.,0.));
#4337=DIRECTION('',(0.,0.,1.));
#4338=DIRECTION('',(1.,0.,0.));
#4339=DIRECTION('',(1.,3.65204942310907E-16,0.));
#4340=DIRECTION('',(-3.65204942310907E-16,1.,0.));
#4341=DIRECTION('',(0.,0.,-1.));
#4342=DIRECTION('',(3.65204942310907E-16,-1.,0.));
#4343=DIRECTION('',(0.,0.,-1.));
#4344=DIRECTION('',(0.,1.,0.));
#4345=DIRECTION('',(0.,0.,1.));
#4346=DIRECTION('',(0.,0.,-1.));
#4347=DIRECTION('',(1.,0.,0.));
#4348=DIRECTION('',(1.,-1.82602471155453E-16,0.));
#4349=DIRECTION('',(1.82602471155453E-16,1.,0.));
#4350=DIRECTION('',(0.,0.,-1.));
#4351=DIRECTION('',(-1.82602471155453E-16,-1.,0.));
#4352=DIRECTION('',(0.,1.,0.));
#4353=DIRECTION('',(0.,0.,1.));
#4354=DIRECTION('',(1.,0.,0.));
#4355=DIRECTION('',(0.,-1.,0.));
#4356=DIRECTION('',(0.,0.,-1.));
#4357=DIRECTION('',(0.,-1.,0.));
#4358=DIRECTION('',(0.,0.,-1.));
#4359=DIRECTION('',(0.,0.,1.));
#4360=DIRECTION('',(1.,0.,0.));
#4361=DIRECTION('',(-1.65211759616839E-16,-1.,0.));
#4362=DIRECTION('',(0.,0.,1.));
#4363=DIRECTION('',(1.,0.,0.));
#4364=DIRECTION('',(0.,0.,1.));
#4365=DIRECTION('',(1.,0.,0.));
#4366=DIRECTION('',(3.30423519233678E-16,-1.,0.));
#4367=DIRECTION('',(0.,0.,1.));
#4368=DIRECTION('',(1.,0.,0.));
#4369=DIRECTION('',(0.,0.,1.));
#4370=DIRECTION('',(1.,0.,0.));
#4371=DIRECTION('',(1.,3.30423519233678E-16,0.));
#4372=DIRECTION('',(-3.30423519233678E-16,1.,0.));
#4373=DIRECTION('',(0.,0.,1.));
#4374=DIRECTION('',(0.,0.,1.));
#4375=DIRECTION('',(1.,-1.65211759616839E-16,0.));
#4376=DIRECTION('',(1.65211759616839E-16,1.,0.));
#4377=DIRECTION('',(0.,0.,1.));
#4378=DIRECTION('',(0.,0.,1.));
#4379=DIRECTION('',(0.,1.,0.));
#4380=DIRECTION('',(0.,0.,1.));
#4381=DIRECTION('',(0.,1.,0.));
#4382=DIRECTION('',(0.,0.,1.));
#4383=DIRECTION('',(0.,0.,-1.));
#4384=DIRECTION('',(1.,0.,0.));
#4385=DIRECTION('',(0.,0.,-1.));
#4386=DIRECTION('',(-1.,0.,0.));
#4387=DIRECTION('',(0.,0.,-1.));
#4388=DIRECTION('',(1.,0.,0.));
#4389=DIRECTION('',(0.,0.,-1.));
#4390=DIRECTION('',(-1.,0.,0.));
#4391=DIRECTION('',(0.,0.,-1.));
#4392=DIRECTION('',(1.,0.,0.));
#4393=DIRECTION('',(0.,0.,-1.));
#4394=DIRECTION('',(-1.,0.,0.));
#4395=DIRECTION('',(0.,0.,-1.));
#4396=DIRECTION('',(1.,0.,0.));
#4397=DIRECTION('',(0.,0.,-1.));
#4398=DIRECTION('',(-1.,0.,0.));
#4399=DIRECTION('',(1.38777878078145E-16,1.,0.));
#4400=DIRECTION('',(1.38777878078145E-16,1.,0.));
#4401=DIRECTION('',(1.38777878078145E-16,1.,0.));
#4402=DIRECTION('',(-0.0878479127057879,0.,0.99613389874717));
#4403=DIRECTION('',(1.38777878078145E-16,1.,0.));
#4404=DIRECTION('',(0.0493344391760376,0.,-0.998782315177429));
#4405=DIRECTION('',(-1.38777878078145E-16,-1.,0.));
#4406=DIRECTION('',(1.,-1.38777878078145E-16,0.));
#4407=DIRECTION('',(0.,0.,1.));
#4408=DIRECTION('',(0.,0.,1.));
#4409=DIRECTION('',(1.38777878078145E-16,-1.,0.));
#4410=DIRECTION('',(1.38777878078145E-16,-1.,0.));
#4411=DIRECTION('',(1.38777878078145E-16,-1.,0.));
#4412=DIRECTION('',(0.0493344391760366,0.,-0.99878231517743));
#4413=DIRECTION('',(1.38777878078145E-16,-1.,0.));
#4414=DIRECTION('',(-0.0878479127057881,0.,0.99613389874717));
#4415=DIRECTION('',(-1.38777878078145E-16,1.,0.));
#4416=DIRECTION('',(1.,1.38777878078145E-16,0.));
#4417=DIRECTION('',(0.,0.,1.));
#4418=DIRECTION('',(0.,0.,1.));
#4419=DIRECTION('',(0.,0.,1.));
#4420=DIRECTION('',(1.,0.,0.));
#4421=DIRECTION('',(0.,0.,-1.));
#4422=DIRECTION('',(-1.,0.,0.));
#4423=DIRECTION('',(0.,0.,1.));
#4424=DIRECTION('',(1.,0.,0.));
#4425=DIRECTION('',(0.,0.,-1.));
#4426=DIRECTION('',(-1.,0.,0.));
#4427=DIRECTION('',(-1.38777878078145E-16,-1.,0.));
#4428=DIRECTION('',(-1.38777878078145E-16,-1.,0.));
#4429=DIRECTION('',(1.,-1.38777878078145E-16,0.));
#4430=DIRECTION('',(1.38777878078145E-16,1.,0.));
#4431=DIRECTION('',(-1.38777878078145E-16,-1.,0.));
#4432=DIRECTION('',(0.,0.,1.));
#4433=DIRECTION('',(0.,0.,-1.));
#4434=DIRECTION('',(-1.,0.,0.));
#4435=DIRECTION('',(-1.38777878078145E-16,-1.,0.));
#4436=DIRECTION('',(1.,-1.38777878078145E-16,0.));
#4437=DIRECTION('',(-1.,1.38777878078145E-16,0.));
#4438=DIRECTION('',(-1.38777878078145E-16,-1.,0.));
#4439=DIRECTION('',(-1.38777878078145E-16,-1.,0.));
#4440=DIRECTION('',(0.,0.,-1.));
#4441=DIRECTION('',(0.,0.,1.));
#4442=DIRECTION('',(1.,0.,0.));
#4443=DIRECTION('',(-1.38777878078145E-16,-1.,0.));
#4444=DIRECTION('',(-1.,1.38777878078145E-16,0.));
#4445=DIRECTION('',(-1.38777878078145E-16,-1.,0.));
#4446=DIRECTION('',(-0.653680373363377,0.,-0.756770750940809));
#4447=DIRECTION('',(-1.38777878078145E-16,-1.,0.));
#4448=DIRECTION('',(-1.38777878078145E-16,-1.,0.));
#4449=DIRECTION('',(1.,-1.38777878078145E-16,0.));
#4450=DIRECTION('',(-1.38777878078145E-16,-1.,0.));
#4451=DIRECTION('',(-0.774281081613293,0.,-0.632841849639978));
#4452=DIRECTION('',(-1.38777878078145E-16,-1.,0.));
#4453=DIRECTION('',(-1.38777878078145E-16,-1.,0.));
#4454=DIRECTION('',(1.,-1.38777878078145E-16,0.));
#4455=DIRECTION('',(-1.38777878078145E-16,-1.,0.));
#4456=DIRECTION('',(-1.38777878078145E-16,-1.,0.));
#4457=DIRECTION('',(-1.38777878078145E-16,-1.,0.));
#4458=DIRECTION('',(-1.38777878078145E-16,-1.,0.));
#4459=DIRECTION('',(-1.38777878078145E-16,-1.,0.));
#4460=DIRECTION('',(0.,0.,-1.));
#4461=DIRECTION('',(-1.,0.,0.));
#4462=DIRECTION('',(-1.38777878078145E-16,-1.,0.));
#4463=DIRECTION('',(1.,-1.38777878078145E-16,0.));
#4464=DIRECTION('',(-1.38777878078145E-16,-1.,0.));
#4465=DIRECTION('',(-1.38777878078145E-16,-1.,0.));
#4466=DIRECTION('',(-1.38777878078145E-16,-1.,0.));
#4467=DIRECTION('',(-1.38777878078145E-16,-1.,0.));
#4468=DIRECTION('',(-1.38777878078145E-16,-1.,0.));
#4469=DIRECTION('',(-1.38777878078145E-16,-1.,0.));
#4470=DIRECTION('',(-0.749698280384656,0.,-0.661779788440452));
#4471=DIRECTION('',(-1.38777878078145E-16,-1.,0.));
#4472=DIRECTION('',(1.,-1.38777878078145E-16,0.));
#4473=DIRECTION('',(1.38777878078145E-16,1.,0.));
#4474=DIRECTION('',(-1.,1.38777878078145E-16,0.));
#4475=DIRECTION('',(1.,-1.38777878078145E-16,0.));
#4476=DIRECTION('',(1.38777878078145E-16,1.,0.));
#4477=DIRECTION('',(-1.38777878078145E-16,-1.,0.));
#4478=DIRECTION('',(0.,0.,1.));
#4479=DIRECTION('',(-1.38777878078145E-16,-1.,0.));
#4480=DIRECTION('',(0.,0.,-1.));
#4481=DIRECTION('',(-1.,0.,0.));
#4482=DIRECTION('',(-1.38777878078145E-16,-1.,0.));
#4483=DIRECTION('',(1.,-1.38777878078145E-16,0.));
#4484=DIRECTION('',(1.,-1.38777878078145E-16,0.));
#4485=DIRECTION('',(1.38777878078145E-16,1.,0.));
#4486=DIRECTION('',(-1.38777878078145E-16,-1.,0.));
#4487=DIRECTION('',(0.,0.,1.));
#4488=DIRECTION('',(0.,0.,-1.));
#4489=DIRECTION('',(-1.,0.,0.));
#4490=DIRECTION('',(-1.38777878078145E-16,-1.,0.));
#4491=DIRECTION('',(1.,-1.38777878078145E-16,0.));
#4492=DIRECTION('',(-1.,1.38777878078145E-16,0.));
#4493=DIRECTION('',(-1.38777878078145E-16,-1.,0.));
#4494=DIRECTION('',(-1.38777878078145E-16,-1.,0.));
#4495=DIRECTION('',(0.,0.,-1.));
#4496=DIRECTION('',(0.,0.,1.));
#4497=DIRECTION('',(1.,0.,0.));
#4498=DIRECTION('',(-1.,1.38777878078145E-16,0.));
#4499=DIRECTION('',(1.38777878078145E-16,1.,0.));
#4500=DIRECTION('',(-1.,1.38777878078145E-16,0.));
#4501=DIRECTION('',(-0.919895889142096,1.27661199547948E-16,-0.392162661582504));
#4502=DIRECTION('',(-0.392162661582504,0.,0.919895889142096));
#4503=DIRECTION('',(-1.38777878078145E-16,-1.,0.));
#4504=DIRECTION('',(0.392162661582504,-5.44235020358974E-17,-0.919895889142096));
#4505=DIRECTION('',(-1.38777878078145E-16,-1.,0.));
#4506=DIRECTION('',(-1.,1.38777878078145E-16,0.));
#4507=DIRECTION('',(-1.38777878078145E-16,-1.,0.));
#4508=DIRECTION('',(-1.38777878078145E-16,-1.,0.));
#4509=DIRECTION('',(0.,0.,-1.));
#4510=DIRECTION('',(0.,0.,1.));
#4511=DIRECTION('',(1.,0.,0.));
#4512=DIRECTION('',(-1.38777878078145E-16,-1.,0.));
#4513=DIRECTION('',(-1.,1.38777878078145E-16,0.));
#4514=DIRECTION('',(1.,-1.38777878078145E-16,0.));
#4515=DIRECTION('',(1.38777878078145E-16,1.,0.));
#4516=DIRECTION('',(-1.38777878078145E-16,-1.,0.));
#4517=DIRECTION('',(0.,0.,1.));
#4518=DIRECTION('',(0.,0.,-1.));
#4519=DIRECTION('',(-1.,0.,0.));
#4520=DIRECTION('',(-1.38777878078145E-16,-1.,0.));
#4521=DIRECTION('',(1.,-1.38777878078145E-16,0.));
#4522=DIRECTION('',(0.915773846742072,-1.27089151250325E-16,0.401694238971917));
#4523=DIRECTION('',(0.401694238971917,0.,-0.915773846742072));
#4524=DIRECTION('',(-1.38777878078145E-16,-1.,0.));
#4525=DIRECTION('',(-0.401694238971917,5.57462741207379E-17,0.915773846742072));
#4526=DIRECTION('',(0.,0.,-1.));
#4527=DIRECTION('',(-1.,0.,0.));
#4528=DIRECTION('',(1.,-1.38777878078145E-16,0.));
#4529=DIRECTION('',(1.38777878078145E-16,1.,0.));
#4530=DIRECTION('',(-1.,1.38777878078145E-16,0.));
#4531=DIRECTION('',(-1.38777878078145E-16,-1.,0.));
#4532=DIRECTION('',(-1.38777878078145E-16,-1.,0.));
#4533=DIRECTION('',(-1.38777878078145E-16,-1.,0.));
#4534=DIRECTION('',(-1.38777878078145E-16,-1.,0.));
#4535=DIRECTION('',(-1.38777878078145E-16,-1.,0.));
#4536=DIRECTION('',(-1.38777878078145E-16,-1.,0.));
#4537=DIRECTION('',(-1.38777878078145E-16,-1.,0.));
#4538=DIRECTION('',(-1.38777878078145E-16,-1.,0.));
#4539=DIRECTION('',(-1.38777878078145E-16,-1.,0.));
#4540=DIRECTION('',(-1.38777878078145E-16,-1.,0.));
#4541=DIRECTION('',(-1.38777878078145E-16,-1.,0.));
#4542=DIRECTION('',(-1.38777878078145E-16,-1.,0.));
#4543=DIRECTION('',(-1.38777878078145E-16,-1.,0.));
#4544=DIRECTION('',(-1.38777878078145E-16,-1.,0.));
#4545=DIRECTION('',(-1.38777878078145E-16,-1.,0.));
#4546=DIRECTION('',(-1.38777878078145E-16,-1.,0.));
#4547=DIRECTION('',(-1.38777878078145E-16,-1.,0.));
#4548=DIRECTION('',(-1.38777878078145E-16,-1.,0.));
#4549=DIRECTION('',(-1.38777878078145E-16,-1.,0.));
#4550=DIRECTION('',(-1.38777878078145E-16,-1.,0.));
#4551=DIRECTION('',(1.38777878078145E-16,1.,0.));
#4552=DIRECTION('',(-1.,1.38777878078145E-16,0.));
#4553=DIRECTION('',(-1.38777878078145E-16,-1.,0.));
#4554=DIRECTION('',(-1.38777878078145E-16,-1.,0.));
#4555=DIRECTION('',(1.,-1.38777878078145E-16,0.));
#4556=DIRECTION('',(1.38777878078145E-16,1.,0.));
#4557=DIRECTION('',(-1.38777878078145E-16,-1.,0.));
#4558=DIRECTION('',(0.,0.,1.));
#4559=DIRECTION('',(0.,0.,-1.));
#4560=DIRECTION('',(-1.,0.,0.));
#4561=DIRECTION('',(-1.38777878078145E-16,-1.,0.));
#4562=DIRECTION('',(1.,-1.38777878078145E-16,0.));
#4563=DIRECTION('',(-1.,1.38777878078145E-16,0.));
#4564=DIRECTION('',(-1.38777878078145E-16,-1.,0.));
#4565=DIRECTION('',(-1.38777878078145E-16,-1.,0.));
#4566=DIRECTION('',(0.,0.,-1.));
#4567=DIRECTION('',(0.,0.,1.));
#4568=DIRECTION('',(1.,0.,0.));
#4569=DIRECTION('',(-1.38777878078145E-16,-1.,0.));
#4570=DIRECTION('',(-1.,1.38777878078145E-16,0.));
#4571=DIRECTION('',(-1.38777878078145E-16,-1.,0.));
#4572=DIRECTION('',(-0.65368037336338,0.,-0.756770750940807));
#4573=DIRECTION('',(-1.38777878078145E-16,-1.,0.));
#4574=DIRECTION('',(-1.38777878078145E-16,-1.,0.));
#4575=DIRECTION('',(1.,-1.38777878078145E-16,0.));
#4576=DIRECTION('',(-1.38777878078145E-16,-1.,0.));
#4577=DIRECTION('',(-0.774281081613289,0.,-0.632841849639984));
#4578=DIRECTION('',(-1.38777878078145E-16,-1.,0.));
#4579=DIRECTION('',(-1.38777878078145E-16,-1.,0.));
#4580=DIRECTION('',(1.,-1.38777878078145E-16,0.));
#4581=DIRECTION('',(-1.38777878078145E-16,-1.,0.));
#4582=DIRECTION('',(-1.38777878078145E-16,-1.,0.));
#4583=DIRECTION('',(-1.38777878078145E-16,-1.,0.));
#4584=DIRECTION('',(-1.38777878078145E-16,-1.,0.));
#4585=DIRECTION('',(-1.38777878078145E-16,-1.,0.));
#4586=DIRECTION('',(0.,0.,-1.));
#4587=DIRECTION('',(-1.,0.,0.));
#4588=DIRECTION('',(-1.38777878078145E-16,-1.,0.));
#4589=DIRECTION('',(1.,-1.38777878078145E-16,0.));
#4590=DIRECTION('',(-1.38777878078145E-16,-1.,0.));
#4591=DIRECTION('',(-1.38777878078145E-16,-1.,0.));
#4592=DIRECTION('',(-1.38777878078145E-16,-1.,0.));
#4593=DIRECTION('',(-1.38777878078145E-16,-1.,0.));
#4594=DIRECTION('',(-1.38777878078145E-16,-1.,0.));
#4595=DIRECTION('',(-1.38777878078145E-16,-1.,0.));
#4596=DIRECTION('',(-0.749698280384647,0.,-0.661779788440462));
#4597=DIRECTION('',(-1.38777878078145E-16,-1.,0.));
#4598=DIRECTION('',(1.,-1.38777878078145E-16,0.));
#4599=DIRECTION('',(1.38777878078145E-16,1.,0.));
#4600=DIRECTION('',(-1.,1.38777878078145E-16,0.));
#4601=DIRECTION('',(0.,0.,-1.));
#4602=DIRECTION('',(-1.,0.,0.));
#4603=DIRECTION('',(1.,-1.38777878078145E-16,0.));
#4604=DIRECTION('',(-1.38777878078145E-16,-1.,0.));
#4605=DIRECTION('',(1.,-1.38777878078145E-16,0.));
#4606=DIRECTION('',(-1.38777878078145E-16,-1.,0.));
#4607=DIRECTION('',(0.978468602666681,-1.35789796444169E-16,0.206395720875003));
#4608=DIRECTION('',(0.206395720875003,0.,-0.978468602666681));
#4609=DIRECTION('',(-0.206395720875003,2.86431601874419E-17,0.978468602666681));
#4610=DIRECTION('',(-1.38777878078145E-16,-1.,0.));
#4611=DIRECTION('',(-0.206395720875003,2.86431601874419E-17,0.978468602666681));
#4612=DIRECTION('',(0.,0.,1.));
#4613=DIRECTION('',(1.,0.,0.));
#4614=DIRECTION('',(-1.,1.38777878078145E-16,0.));
#4615=DIRECTION('',(-1.38777878078145E-16,-1.,0.));
#4616=DIRECTION('',(-1.,1.38777878078145E-16,0.));
#4617=DIRECTION('',(-0.978296764245812,1.35765949072749E-16,-0.207208689649286));
#4618=DIRECTION('',(-0.207208689649286,0.,0.978296764245812));
#4619=DIRECTION('',(-1.38777878078145E-16,-1.,0.));
#4620=DIRECTION('',(0.207208689649286,-2.87559822688808E-17,-0.978296764245812));
#4621=DIRECTION('',(-1.38777878078145E-16,-1.,0.));
#4622=DIRECTION('',(0.,0.,-1.));
#4623=DIRECTION('',(-1.,0.,0.));
#4624=DIRECTION('',(-1.38777878078145E-16,-1.,0.));
#4625=DIRECTION('',(1.,-1.38777878078145E-16,0.));
#4626=DIRECTION('',(-1.,1.38777878078145E-16,0.));
#4627=DIRECTION('',(-1.38777878078145E-16,-1.,0.));
#4628=DIRECTION('',(-1.38777878078145E-16,-1.,0.));
#4629=DIRECTION('',(0.,0.,-1.));
#4630=DIRECTION('',(0.,0.,1.));
#4631=DIRECTION('',(1.,0.,0.));
#4632=DIRECTION('',(-1.38777878078145E-16,-1.,0.));
#4633=DIRECTION('',(-1.,1.38777878078145E-16,0.));
#4634=DIRECTION('',(-0.977533387267191,1.35660009235482E-16,-0.210780636629488));
#4635=DIRECTION('',(-0.210780636629488,0.,0.977533387267191));
#4636=DIRECTION('',(-1.38777878078145E-16,-1.,0.));
#4637=DIRECTION('',(0.210780636629488,-2.92516894914008E-17,-0.977533387267191));
#4638=DIRECTION('',(0.,0.,1.));
#4639=DIRECTION('',(1.,0.,0.));
#4640=DIRECTION('',(-1.38777878078145E-16,-1.,0.));
#4641=DIRECTION('',(-1.,1.38777878078145E-16,0.));
#4642=DIRECTION('',(0.977690496298951,-1.35681812493536E-16,0.210050692564228));
#4643=DIRECTION('',(0.210050692564228,0.,-0.977690496298951));
#4644=DIRECTION('',(-1.38777878078145E-16,-1.,0.));
#4645=DIRECTION('',(-0.210050692564228,2.91503894029082E-17,0.977690496298951));
#4646=DIRECTION('',(0.,0.,1.));
#4647=DIRECTION('',(1.,0.,0.));
#4648=DIRECTION('',(-1.38777878078145E-16,-1.,0.));
#4649=DIRECTION('',(-1.,1.38777878078145E-16,0.));
#4650=DIRECTION('',(-0.977690496298951,1.35681812493536E-16,-0.210050692564228));
#4651=DIRECTION('',(-0.210050692564228,0.,0.977690496298951));
#4652=DIRECTION('',(-1.38777878078145E-16,-1.,0.));
#4653=DIRECTION('',(0.210050692564228,-2.91503894029082E-17,-0.977690496298951));
#4654=DIRECTION('',(0.,0.,1.));
#4655=DIRECTION('',(1.,0.,0.));
#4656=DIRECTION('',(-1.38777878078145E-16,-1.,0.));
#4657=DIRECTION('',(-1.,1.38777878078145E-16,0.));
#4658=DIRECTION('',(0.977690496298951,-1.35681812493536E-16,0.210050692564228));
#4659=DIRECTION('',(0.210050692564228,0.,-0.977690496298951));
#4660=DIRECTION('',(-1.38777878078145E-16,-1.,0.));
#4661=DIRECTION('',(-0.210050692564228,2.91503894029082E-17,0.977690496298951));
#4662=DIRECTION('',(0.,0.,1.));
#4663=DIRECTION('',(1.,0.,0.));
#4664=DIRECTION('',(-1.38777878078145E-16,-1.,0.));
#4665=DIRECTION('',(-1.,1.38777878078145E-16,0.));
#4666=DIRECTION('',(1.,-1.38777878078145E-16,0.));
#4667=DIRECTION('',(1.38777878078145E-16,1.,0.));
#4668=DIRECTION('',(-1.38777878078145E-16,-1.,0.));
#4669=DIRECTION('',(0.,0.,1.));
#4670=DIRECTION('',(0.,0.,-1.));
#4671=DIRECTION('',(-1.,0.,0.));
#4672=DIRECTION('',(-1.38777878078145E-16,-1.,0.));
#4673=DIRECTION('',(1.,-1.38777878078145E-16,0.));
#4674=DIRECTION('',(0.978468602666681,-1.35789796444169E-16,0.206395720875003));
#4675=DIRECTION('',(0.206395720875003,0.,-0.978468602666681));
#4676=DIRECTION('',(-1.38777878078145E-16,-1.,0.));
#4677=DIRECTION('',(-0.206395720875003,2.86431601874419E-17,0.978468602666681));
#4678=DIRECTION('',(0.,0.,1.));
#4679=DIRECTION('',(1.,0.,0.));
#4680=DIRECTION('',(-1.38777878078145E-16,-1.,0.));
#4681=DIRECTION('',(-1.,1.38777878078145E-16,0.));
#4682=DIRECTION('',(1.,-1.38777878078145E-16,0.));
#4683=DIRECTION('',(1.38777878078145E-16,1.,0.));
#4684=DIRECTION('',(-1.38777878078145E-16,-1.,0.));
#4685=DIRECTION('',(0.,0.,1.));
#4686=DIRECTION('',(0.,0.,-1.));
#4687=DIRECTION('',(-1.,0.,0.));
#4688=DIRECTION('',(-1.38777878078145E-16,-1.,0.));
#4689=DIRECTION('',(1.,-1.38777878078145E-16,0.));
#4690=DIRECTION('',(0.977690496298951,-1.35681812493536E-16,0.210050692564228));
#4691=DIRECTION('',(0.210050692564228,0.,-0.977690496298951));
#4692=DIRECTION('',(-1.38777878078145E-16,-1.,0.));
#4693=DIRECTION('',(-0.210050692564228,2.91503894029082E-17,0.977690496298951));
#4694=DIRECTION('',(0.,0.,-1.));
#4695=DIRECTION('',(-1.,0.,0.));
#4696=DIRECTION('',(-1.38777878078145E-16,-1.,0.));
#4697=DIRECTION('',(1.,-1.38777878078145E-16,0.));
#4698=DIRECTION('',(-0.977690496298951,1.35681812493536E-16,-0.210050692564228));
#4699=DIRECTION('',(-0.210050692564228,0.,0.977690496298951));
#4700=DIRECTION('',(-1.38777878078145E-16,-1.,0.));
#4701=DIRECTION('',(0.210050692564228,-2.91503894029082E-17,-0.977690496298951));
#4702=DIRECTION('',(0.,0.,-1.));
#4703=DIRECTION('',(-1.,0.,0.));
#4704=DIRECTION('',(-1.38777878078145E-16,-1.,0.));
#4705=DIRECTION('',(1.,-1.38777878078145E-16,0.));
#4706=DIRECTION('',(0.977690496298951,-1.35681812493536E-16,0.210050692564228));
#4707=DIRECTION('',(0.210050692564228,0.,-0.977690496298951));
#4708=DIRECTION('',(-1.38777878078145E-16,-1.,0.));
#4709=DIRECTION('',(-0.210050692564228,2.91503894029082E-17,0.977690496298951));
#4710=DIRECTION('',(0.,0.,-1.));
#4711=DIRECTION('',(-1.,0.,0.));
#4712=DIRECTION('',(-1.38777878078145E-16,-1.,0.));
#4713=DIRECTION('',(1.,-1.38777878078145E-16,0.));
#4714=DIRECTION('',(-0.977533387267191,1.35660009235482E-16,-0.210780636629488));
#4715=DIRECTION('',(-0.210780636629488,0.,0.977533387267191));
#4716=DIRECTION('',(-1.38777878078145E-16,-1.,0.));
#4717=DIRECTION('',(0.210780636629488,-2.92516894914009E-17,-0.977533387267191));
#4718=DIRECTION('',(0.,0.,-1.));
#4719=DIRECTION('',(-1.,0.,0.));
#4720=DIRECTION('',(-1.38777878078145E-16,-1.,0.));
#4721=DIRECTION('',(1.,-1.38777878078145E-16,0.));
#4722=DIRECTION('',(-1.,1.38777878078145E-16,0.));
#4723=DIRECTION('',(-1.38777878078145E-16,-1.,0.));
#4724=DIRECTION('',(-1.38777878078145E-16,-1.,0.));
#4725=DIRECTION('',(0.,0.,-1.));
#4726=DIRECTION('',(0.,0.,1.));
#4727=DIRECTION('',(1.,0.,0.));
#4728=DIRECTION('',(-1.,1.38777878078145E-16,0.));
#4729=DIRECTION('',(-0.978468602666681,1.35789796444169E-16,-0.206395720875003));
#4730=DIRECTION('',(-0.206395720875003,0.,0.978468602666681));
#4731=DIRECTION('',(0.206395720875003,-2.86431601874419E-17,-0.978468602666681));
#4732=DIRECTION('',(0.206395720875003,-2.86431601874419E-17,-0.978468602666681));
#4733=DIRECTION('',(1.38777878078145E-16,1.,0.));
#4734=DIRECTION('',(-1.,1.38777878078145E-16,0.));
#4735=DIRECTION('',(-1.38777878078145E-16,-1.,0.));
#4736=DIRECTION('',(1.,-1.38777878078145E-16,0.));
#4737=DIRECTION('',(-1.38777878078145E-16,-1.,0.));
#4738=DIRECTION('',(1.,-1.38777878078145E-16,0.));
#4739=DIRECTION('',(0.,0.,1.));
#4740=DIRECTION('',(1.,0.,0.));
#4741=DIRECTION('',(0.,0.,-1.));
#4742=DIRECTION('',(-1.,0.,0.));
#4743=DIRECTION('',(0.,0.,-1.));
#4744=DIRECTION('',(-1.,0.,0.));
#4745=DIRECTION('',(0.,0.,1.));
#4746=DIRECTION('',(1.,0.,0.));
#4747=DIRECTION('',(0.,0.,-1.));
#4748=DIRECTION('',(-1.,0.,0.));
#4749=DIRECTION('',(0.,0.,-1.));
#4750=DIRECTION('',(1.,0.,0.));
#4751=DIRECTION('',(0.,0.,1.));
#4752=DIRECTION('',(1.,0.,0.));
#4753=DIRECTION('',(0.,0.,1.));
#4754=DIRECTION('',(1.,0.,0.));
#4755=DIRECTION('',(0.,0.,1.));
#4756=DIRECTION('',(-1.,0.,0.));
#4757=DIRECTION('',(0.,0.,1.));
#4758=DIRECTION('',(1.,0.,0.));
#4759=DIRECTION('',(0.,0.,1.));
#4760=DIRECTION('',(-1.,0.,0.));
#4761=DIRECTION('',(0.,0.,1.));
#4762=DIRECTION('',(-1.,0.,0.));
#4763=DIRECTION('',(0.,0.,-1.));
#4764=DIRECTION('',(1.,0.,0.));
#4765=DIRECTION('',(0.,0.,1.));
#4766=DIRECTION('',(1.,0.,0.));
#4767=DIRECTION('',(0.,0.,1.));
#4768=DIRECTION('',(1.,0.,0.));
#4769=DIRECTION('',(0.,0.,-1.));
#4770=DIRECTION('',(-1.,0.,0.));
#4771=DIRECTION('',(0.,0.,-1.));
#4772=DIRECTION('',(-1.,0.,0.));
#4773=DIRECTION('',(0.,0.,1.));
#4774=DIRECTION('',(1.,0.,0.));
#4775=DIRECTION('',(0.,0.,-1.));
#4776=DIRECTION('',(-1.,0.,0.));
#4777=DIRECTION('',(0.,0.,-1.));
#4778=DIRECTION('',(1.,0.,0.));
#4779=DIRECTION('',(0.,0.,1.));
#4780=DIRECTION('',(1.,0.,0.));
#4781=DIRECTION('',(0.,0.,1.));
#4782=DIRECTION('',(1.,0.,0.));
#4783=DIRECTION('',(0.,0.,1.));
#4784=DIRECTION('',(-1.,0.,0.));
#4785=DIRECTION('',(0.,0.,1.));
#4786=DIRECTION('',(1.,0.,0.));
#4787=DIRECTION('',(0.,0.,1.));
#4788=DIRECTION('',(-1.,0.,0.));
#4789=DIRECTION('',(0.,0.,1.));
#4790=DIRECTION('',(-1.,0.,0.));
#4791=DIRECTION('',(0.,0.,-1.));
#4792=DIRECTION('',(1.,0.,0.));
#4793=DIRECTION('',(0.,0.,1.));
#4794=DIRECTION('',(1.,0.,0.));
#4795=CARTESIAN_POINT('',(0.,0.,0.));
#4796=CARTESIAN_POINT('',(0.,-6.93889390390723E-15,0.));
#4797=CARTESIAN_POINT('',(40.,35.,0.));
#4798=CARTESIAN_POINT('',(35.875,35.,0.));
#4799=CARTESIAN_POINT('',(-40.,-35.,0.));
#4800=CARTESIAN_POINT('',(-44.125,-35.,0.));
#4801=CARTESIAN_POINT('',(-7.07767178198537E-15,43.,0.));
#4802=CARTESIAN_POINT('',(43.4816233815926,43.,0.));
#4803=CARTESIAN_POINT('',(-43.4816233815926,43.,0.));
#4804=CARTESIAN_POINT('',(43.4816233815926,36.4816233815926,0.));
#4805=CARTESIAN_POINT('',(50.,36.4816233815926,0.));
#4806=CARTESIAN_POINT('',(50.,-6.93889390390723E-15,0.));
#4807=CARTESIAN_POINT('',(50.,-36.4816233815926,0.));
#4808=CARTESIAN_POINT('',(43.4816233815926,-36.4816233815926,0.));
#4809=CARTESIAN_POINT('',(43.4816233815926,-43.,0.));
#4810=CARTESIAN_POINT('',(-7.07767178198537E-15,-43.,0.));
#4811=CARTESIAN_POINT('',(-43.4816233815926,-43.,0.));
#4812=CARTESIAN_POINT('',(-43.4816233815926,-36.4816233815926,0.));
#4813=CARTESIAN_POINT('',(-50.,-36.4816233815926,0.));
#4814=CARTESIAN_POINT('',(-50.,0.,0.));
#4815=CARTESIAN_POINT('',(-50.,36.4816233815926,0.));
#4816=CARTESIAN_POINT('',(-43.4816233815926,36.4816233815926,0.));
#4817=CARTESIAN_POINT('',(40.,-35.,0.));
#4818=CARTESIAN_POINT('',(35.875,-35.,0.));
#4819=CARTESIAN_POINT('',(-40.,35.,0.));
#4820=CARTESIAN_POINT('',(-44.125,35.,0.));
#4821=CARTESIAN_POINT('',(6.93889390390723E-15,42.,4.));
#4822=CARTESIAN_POINT('',(3.20520951249314,42.,15.4701363191837));
#4823=CARTESIAN_POINT('',(2.68709994593842,42.,15.4701363191837));
#4824=CARTESIAN_POINT('',(3.72331907904784,42.,15.4701363191837));
#4825=CARTESIAN_POINT('',(3.84999115744399,42.,14.8720779818379));
#4826=CARTESIAN_POINT('',(3.97666323584013,42.,14.2740196444922));
#4827=CARTESIAN_POINT('',(3.51773652558526,42.,14.2740196444922));
#4828=CARTESIAN_POINT('',(3.05880981533038,42.,14.2740196444922));
#4829=CARTESIAN_POINT('',(3.05880981533038,42.,14.0082159390052));
#4830=CARTESIAN_POINT('',(3.05880981533038,42.,13.7424122335182));
#4831=CARTESIAN_POINT('',(3.57380449471141,42.,13.7424122335182));
#4832=CARTESIAN_POINT('',(4.08879917409245,42.,13.7424122335182));
#4833=CARTESIAN_POINT('',(4.23208398408153,42.,13.0779029698008));
#4834=CARTESIAN_POINT('',(4.37536879407061,42.,12.4133937060833));
#4835=CARTESIAN_POINT('',(4.66401500549788,42.,12.4133937060833));
#4836=CARTESIAN_POINT('',(4.95266121692516,42.,12.4133937060833));
#4837=CARTESIAN_POINT('',(4.80989555479836,42.,13.0779029698008));
#4838=CARTESIAN_POINT('',(4.66712989267156,42.,13.7424122335182));
#4839=CARTESIAN_POINT('',(5.3648646195749,42.,13.7424122335182));
#4840=CARTESIAN_POINT('',(6.06259934647824,42.,13.7424122335182));
#4841=CARTESIAN_POINT('',(6.20536500860504,42.,13.0779029698008));
#4842=CARTESIAN_POINT('',(6.34813067073184,42.,12.4133937060833));
#4843=CARTESIAN_POINT('',(6.63729603002139,42.,12.4133937060833));
#4844=CARTESIAN_POINT('',(6.92646138931094,42.,12.4133937060833));
#4845=CARTESIAN_POINT('',(6.78369572718414,42.,13.0779029698008));
#4846=CARTESIAN_POINT('',(6.64093006505735,42.,13.7424122335182));
#4847=CARTESIAN_POINT('',(7.16267366664801,42.,13.7424122335182));
#4848=CARTESIAN_POINT('',(7.68441726823868,42.,13.7424122335182));
#4849=CARTESIAN_POINT('',(7.68441726823868,42.,14.0082159390052));
#4850=CARTESIAN_POINT('',(7.68441726823868,42.,14.2740196444922));
#4851=CARTESIAN_POINT('',(7.10608654965957,42.,14.2740196444922));
#4852=CARTESIAN_POINT('',(6.52775583108046,42.,14.2740196444922));
#4853=CARTESIAN_POINT('',(6.4016029005466,42.,14.8720779818379));
#4854=CARTESIAN_POINT('',(6.27544997001274,42.,15.4701363191837));
#4855=CARTESIAN_POINT('',(6.79044464939378,42.,15.4701363191837));
#4856=CARTESIAN_POINT('',(7.30543932877481,42.,15.4701363191837));
#4857=CARTESIAN_POINT('',(7.30543932877481,42.,15.7359400246706));
#4858=CARTESIAN_POINT('',(7.30543932877481,42.,16.0017437301576));
#4859=CARTESIAN_POINT('',(6.73385753240533,42.,16.0017437301576));
#4860=CARTESIAN_POINT('',(6.16227573603586,42.,16.0017437301576));
#4861=CARTESIAN_POINT('',(6.01951007390906,42.,16.6662529938751));
#4862=CARTESIAN_POINT('',(5.87674441178226,42.,17.3307622575925));
#4863=CARTESIAN_POINT('',(5.58757905249271,42.,17.3307622575925));
#4864=CARTESIAN_POINT('',(5.29841369320315,42.,17.3307622575925));
#4865=CARTESIAN_POINT('',(5.44117935532995,42.,16.6662529938751));
#4866=CARTESIAN_POINT('',(5.58394501745675,42.,16.0017437301576));
#4867=CARTESIAN_POINT('',(4.88621029055341,42.,16.0017437301576));
#4868=CARTESIAN_POINT('',(4.18847556365007,42.,16.0017437301576));
#4869=CARTESIAN_POINT('',(4.04570990152328,42.,16.6662529938751));
#4870=CARTESIAN_POINT('',(3.90294423939648,42.,17.3307622575925));
#4871=CARTESIAN_POINT('',(3.61377888010692,42.,17.3307622575925));
#4872=CARTESIAN_POINT('',(3.32461352081736,42.,17.3307622575925));
#4873=CARTESIAN_POINT('',(3.46789833080645,42.,16.6662529938751));
#4874=CARTESIAN_POINT('',(3.61118314079553,42.,16.0017437301576));
#4875=CARTESIAN_POINT('',(3.14914154336698,42.,16.0017437301576));
#4876=CARTESIAN_POINT('',(2.68709994593842,42.,16.0017437301576));
#4877=CARTESIAN_POINT('',(2.68709994593842,42.,15.7359400246706));
#4878=CARTESIAN_POINT('',(-9.04148855867485,42.,16.9751459719313));
#4879=CARTESIAN_POINT('',(-9.04148855867485,42.,17.2040901791964));
#4880=CARTESIAN_POINT('',(-9.04148855867485,42.,16.7462017646661));
#4881=CARTESIAN_POINT('',(-8.11792451168003,42.,14.5797977353747));
#4882=CARTESIAN_POINT('',(-7.19436046468521,42.,12.4133937060833));
#4883=CARTESIAN_POINT('',(-6.88858237380272,42.,12.4133937060833));
#4884=CARTESIAN_POINT('',(-6.58280428292023,42.,12.4133937060833));
#4885=CARTESIAN_POINT('',(-7.51986617433431,42.,14.5496871593625));
#4886=CARTESIAN_POINT('',(-8.4569280657484,42.,16.6859806126417));
#4887=CARTESIAN_POINT('',(-7.17411369805632,42.,16.6859806126417));
#4888=CARTESIAN_POINT('',(-5.89129933036424,42.,16.6859806126417));
#4889=CARTESIAN_POINT('',(-5.89129933036424,42.,16.9450353959191));
#4890=CARTESIAN_POINT('',(-5.89129933036424,42.,17.2040901791964));
#4891=CARTESIAN_POINT('',(-7.46639394451955,42.,17.2040901791964));
#4892=CARTESIAN_POINT('',(-9.87160599045941,42.,16.6662529938751));
#4893=CARTESIAN_POINT('',(-10.1908819257612,42.,16.6662529938751));
#4894=CARTESIAN_POINT('',(-9.55233005515765,42.,16.6662529938751));
#4895=CARTESIAN_POINT('',(-9.55233005515765,42.,16.9419205087454));
#4896=CARTESIAN_POINT('',(-9.55233005515765,42.,17.2175880236157));
#4897=CARTESIAN_POINT('',(-10.1768649334796,42.,17.2175880236157));
#4898=CARTESIAN_POINT('',(-10.8013998118016,42.,17.2175880236157));
#4899=CARTESIAN_POINT('',(-10.8013998118016,42.,14.8154908648495));
#4900=CARTESIAN_POINT('',(-10.8013998118016,42.,12.4133937060833));
#4901=CARTESIAN_POINT('',(-10.4961408687814,42.,12.4133937060833));
#4902=CARTESIAN_POINT('',(-10.1908819257612,42.,12.4133937060833));
#4903=CARTESIAN_POINT('',(-10.1908819257612,42.,14.5398233499792));
#4904=CARTESIAN_POINT('',(-11.7649382441919,42.,12.682312298744));
#4905=CARTESIAN_POINT('',(-11.7649382441919,42.,12.4663467880358));
#4906=CARTESIAN_POINT('',(-11.7649382441919,42.,12.8982778094521));
#4907=CARTESIAN_POINT('',(-11.7649382441919,42.,12.8982778094521));
#4908=CARTESIAN_POINT('',(-12.609072668258,42.,13.5762849175889));
#4909=CARTESIAN_POINT('',(-13.0877269972795,42.,14.0113308261789));
#4910=CARTESIAN_POINT('',(-13.0877269972795,42.,14.0113308261789));
#4911=CARTESIAN_POINT('',(-9.52448662523422,42.,17.9912846662385));
#4912=CARTESIAN_POINT('',(-13.8950019231237,42.,14.9219161766167));
#4913=CARTESIAN_POINT('',(-13.8950019231237,42.,14.9219161766167));
#4914=CARTESIAN_POINT('',(-14.2236225199465,42.,15.3974556184645));
#4915=CARTESIAN_POINT('',(-14.2236225199465,42.,15.8553440329949));
#4916=CARTESIAN_POINT('',(-14.2236225199465,42.,15.8553440329949));
#4917=CARTESIAN_POINT('',(-14.2236225199465,42.,15.8553440329949));
#4918=CARTESIAN_POINT('',(-14.2236225199465,42.,16.2872750544112));
#4919=CARTESIAN_POINT('',(-14.014405931448,42.,16.5364660283052));
#4920=CARTESIAN_POINT('',(-14.014405931448,42.,16.5364660283052));
#4921=CARTESIAN_POINT('',(-14.014405931448,42.,16.5364660283052));
#4922=CARTESIAN_POINT('',(-13.8051893429494,42.,16.7856570021993));
#4923=CARTESIAN_POINT('',(-13.3400328583472,42.,16.7856570021993));
#4924=CARTESIAN_POINT('',(-13.3400328583472,42.,16.7856570021993));
#4925=CARTESIAN_POINT('',(-13.3400328583472,42.,16.7856570021993));
#4926=CARTESIAN_POINT('',(-12.8883742181642,42.,16.7856570021993));
#4927=CARTESIAN_POINT('',(-12.6391832442702,42.,16.5032405651194));
#4928=CARTESIAN_POINT('',(-12.6391832442702,42.,16.5032405651194));
#4929=CARTESIAN_POINT('',(-12.6391832442702,42.,16.5032405651194));
#4930=CARTESIAN_POINT('',(-12.3899922703761,42.,16.2208241280395));
#4931=CARTESIAN_POINT('',(-12.3702646516095,42.,15.7494378690899));
#4932=CARTESIAN_POINT('',(-12.3702646516095,42.,15.7494378690899));
#4933=CARTESIAN_POINT('',(-12.0779844051463,42.,15.7494378690899));
#4934=CARTESIAN_POINT('',(-11.7857041586831,42.,15.7494378690899));
#4935=CARTESIAN_POINT('',(-11.7857041586831,42.,15.7494378690899));
#4936=CARTESIAN_POINT('',(-11.811661551797,42.,16.4938959035984));
#4937=CARTESIAN_POINT('',(-12.2368436510038,42.,16.8988312361762));
#4938=CARTESIAN_POINT('',(-12.2368436510038,42.,16.8988312361762));
#4939=CARTESIAN_POINT('',(-12.2368436510038,42.,16.8988312361762));
#4940=CARTESIAN_POINT('',(-12.6620257502105,42.,17.303766568754));
#4941=CARTESIAN_POINT('',(-13.3338030839999,42.,17.303766568754));
#4942=CARTESIAN_POINT('',(-13.3338030839999,42.,17.303766568754));
#4943=CARTESIAN_POINT('',(-13.3338030839999,42.,17.303766568754));
#4944=CARTESIAN_POINT('',(-14.0180399664839,42.,17.303766568754));
#4945=CARTESIAN_POINT('',(-14.4198604118881,42.,16.9253077771524));
#4946=CARTESIAN_POINT('',(-14.4198604118881,42.,16.9253077771524));
#4947=CARTESIAN_POINT('',(-14.4198604118881,42.,16.9253077771524));
#4948=CARTESIAN_POINT('',(-14.8216808572922,42.,16.5468489855509));
#4949=CARTESIAN_POINT('',(-14.8216808572922,42.,15.8823397218334));
#4950=CARTESIAN_POINT('',(-14.8216808572922,42.,15.8823397218334));
#4951=CARTESIAN_POINT('',(-14.8216808572922,42.,15.8823397218334));
#4952=CARTESIAN_POINT('',(-14.8216808572922,42.,15.3310046920928));
#4953=CARTESIAN_POINT('',(-14.4930602604695,42.,14.8092610905021));
#4954=CARTESIAN_POINT('',(-14.4930602604695,42.,14.8092610905021));
#4955=CARTESIAN_POINT('',(-10.506412019236,42.,17.2904076126003));
#4956=CARTESIAN_POINT('',(-13.7457916908557,42.,13.8915977508355));
#4957=CARTESIAN_POINT('',(-1.06150663465046,42.,27.5963016789413));
#4958=CARTESIAN_POINT('',(-12.6752825563692,42.,12.9723003199185));
#4959=CARTESIAN_POINT('',(-13.8186871873687,42.,12.9719968058958));
#4960=CARTESIAN_POINT('',(-14.9618507801076,42.,12.9719968058958));
#4961=CARTESIAN_POINT('',(-14.9618507801076,42.,12.7191717969658));
#4962=CARTESIAN_POINT('',(-14.9618507801076,42.,12.4663467880358));
#4963=CARTESIAN_POINT('',(-13.3633945121498,42.,12.4663467880358));
#4964=CARTESIAN_POINT('',(-40.5,42.,16.));
#4965=CARTESIAN_POINT('',(-38.9,42.,16.));
#4966=CARTESIAN_POINT('',(18.42,42.,16.));
#4967=CARTESIAN_POINT('',(20.02,42.,16.));
#4968=CARTESIAN_POINT('',(6.93889390390723E-15,42.,14.));
#4969=CARTESIAN_POINT('',(46.9510258138301,42.,14.));
#4970=CARTESIAN_POINT('',(46.,42.,14.));
#4971=CARTESIAN_POINT('',(46.9510258138301,42.,14.));
#4972=CARTESIAN_POINT('',(46.95102581383,42.,9.08475531472874));
#4973=CARTESIAN_POINT('',(41.4520186706199,42.,143.625728954359));
#4974=CARTESIAN_POINT('',(46.,42.,9.050801509236));
#4975=CARTESIAN_POINT('',(-45.9999999902516,42.,10.8822104993232));
#4976=CARTESIAN_POINT('',(-44.4488086691263,42.,10.9607649628241));
#4977=CARTESIAN_POINT('',(-37.2163665115321,42.,10.9842426517694));
#4978=CARTESIAN_POINT('',(-24.0317406874669,42.,7.32328190318482));
#4979=CARTESIAN_POINT('',(-10.6985646674402,42.,7.1602803790416));
#4980=CARTESIAN_POINT('',(0.173468098142542,42.,7.72872900313786));
#4981=CARTESIAN_POINT('',(13.0066116794065,42.,11.1692066502083));
#4982=CARTESIAN_POINT('',(28.8170764693723,42.,12.4290015514448));
#4983=CARTESIAN_POINT('',(37.1451275284832,42.,8.9683774484134));
#4984=CARTESIAN_POINT('',(44.4893230106362,42.,9.00475502561707));
#4985=CARTESIAN_POINT('',(46.0000000001958,42.,9.050801509236));
#4986=CARTESIAN_POINT('',(-46.,42.,10.8822104993232));
#4987=CARTESIAN_POINT('',(-42.9064566632285,42.,-47.1268194454985));
#4988=CARTESIAN_POINT('',(-46.95102581383,42.,10.8249314551057));
#4989=CARTESIAN_POINT('',(-46.9510258138301,42.,10.8249314551057));
#4990=CARTESIAN_POINT('',(-46.9510258138301,42.,14.));
#4991=CARTESIAN_POINT('',(6.93889390390723E-15,42.,14.));
#4992=CARTESIAN_POINT('',(-46.,42.,14.));
#4993=CARTESIAN_POINT('',(-46.,42.,4.));
#4994=CARTESIAN_POINT('',(-46.,42.,20.));
#4995=CARTESIAN_POINT('',(6.93889390390723E-15,42.,20.));
#4996=CARTESIAN_POINT('',(46.,42.,20.));
#4997=CARTESIAN_POINT('',(46.,42.,0.));
#4998=CARTESIAN_POINT('',(-2.28374083538559,42.,13.0581753510341));
#4999=CARTESIAN_POINT('',(-1.91151181813136,42.,13.702956995985));
#5000=CARTESIAN_POINT('',(-1.91151181813136,42.,14.8658482074906));
#5001=CARTESIAN_POINT('',(-2.28374083538559,42.,13.0581753510341));
#5002=CARTESIAN_POINT('',(-1.91151181813136,42.,14.8658482074906));
#5003=CARTESIAN_POINT('',(-1.91151181813136,42.,14.8658482074906));
#5004=CARTESIAN_POINT('',(-1.91151181813136,42.,16.0079735045049));
#5005=CARTESIAN_POINT('',(-2.28374083538559,42.,16.6496402622822));
#5006=CARTESIAN_POINT('',(-2.28374083538559,42.,16.6496402622822));
#5007=CARTESIAN_POINT('',(-2.28374083538559,42.,16.6496402622822));
#5008=CARTESIAN_POINT('',(-2.65596985263983,42.,17.2913070200593));
#5009=CARTESIAN_POINT('',(-3.58628282184428,42.,17.2913070200593));
#5010=CARTESIAN_POINT('',(-3.58628282184428,42.,17.2913070200593));
#5011=CARTESIAN_POINT('',(-3.58628282184428,42.,17.2913070200593));
#5012=CARTESIAN_POINT('',(-4.50932772097682,42.,17.2913070200593));
#5013=CARTESIAN_POINT('',(-4.88155673823106,42.,16.6496402622822));
#5014=CARTESIAN_POINT('',(-4.88155673823106,42.,16.6496402622822));
#5015=CARTESIAN_POINT('',(-4.88155673823106,42.,16.6496402622822));
#5016=CARTESIAN_POINT('',(-5.2537857554853,42.,16.0079735045049));
#5017=CARTESIAN_POINT('',(-5.2537857554853,42.,14.8658482074906));
#5018=CARTESIAN_POINT('',(-5.2537857554853,42.,14.8658482074906));
#5019=CARTESIAN_POINT('',(-5.2537857554853,42.,14.8658482074906));
#5020=CARTESIAN_POINT('',(-5.2537857554853,42.,13.702956995985));
#5021=CARTESIAN_POINT('',(-4.88155673823106,42.,13.0581753510341));
#5022=CARTESIAN_POINT('',(-4.88155673823106,42.,13.0581753510341));
#5023=CARTESIAN_POINT('',(-4.88155673823106,42.,13.0581753510341));
#5024=CARTESIAN_POINT('',(-4.50932772097682,42.,12.4133937060833));
#5025=CARTESIAN_POINT('',(-3.58628282184428,42.,12.4133937060833));
#5026=CARTESIAN_POINT('',(-3.58628282184428,42.,12.4133937060833));
#5027=CARTESIAN_POINT('',(-3.58628282184428,42.,12.4133937060833));
#5028=CARTESIAN_POINT('',(-2.65596985263983,42.,12.4133937060833));
#5029=CARTESIAN_POINT('',(-2.28374083538559,42.,13.0581753510341));
#5030=CARTESIAN_POINT('',(1.98313544468773,42.,12.682312298744));
#5031=CARTESIAN_POINT('',(1.98313544468773,42.,12.4663467880358));
#5032=CARTESIAN_POINT('',(1.98313544468773,42.,12.8982778094521));
#5033=CARTESIAN_POINT('',(1.98313544468773,42.,12.8982778094521));
#5034=CARTESIAN_POINT('',(1.13900102062164,42.,13.5762849175889));
#5035=CARTESIAN_POINT('',(0.660346691600151,42.,14.0113308261789));
#5036=CARTESIAN_POINT('',(0.660346691600151,42.,14.0113308261789));
#5037=CARTESIAN_POINT('',(4.22358706364476,42.,17.9912846662381));
#5038=CARTESIAN_POINT('',(-0.146928234244114,42.,14.9219161766167));
#5039=CARTESIAN_POINT('',(-0.146928234244114,42.,14.9219161766167));
#5040=CARTESIAN_POINT('',(-0.475548831066893,42.,15.3974556184645));
#5041=CARTESIAN_POINT('',(-0.475548831066893,42.,15.8553440329949));
#5042=CARTESIAN_POINT('',(-0.475548831066893,42.,15.8553440329949));
#5043=CARTESIAN_POINT('',(-0.475548831066893,42.,15.8553440329949));
#5044=CARTESIAN_POINT('',(-0.475548831066893,42.,16.2872750544112));
#5045=CARTESIAN_POINT('',(-0.266332242568346,42.,16.5364660283052));
#5046=CARTESIAN_POINT('',(-0.266332242568346,42.,16.5364660283052));
#5047=CARTESIAN_POINT('',(-0.266332242568346,42.,16.5364660283052));
#5048=CARTESIAN_POINT('',(-0.0571156540698011,42.,16.7856570021993));
#5049=CARTESIAN_POINT('',(0.408040830532426,42.,16.7856570021993));
#5050=CARTESIAN_POINT('',(0.408040830532426,42.,16.7856570021993));
#5051=CARTESIAN_POINT('',(0.408040830532426,42.,16.7856570021993));
#5052=CARTESIAN_POINT('',(0.859699470715391,42.,16.7856570021993));
#5053=CARTESIAN_POINT('',(1.10889044460944,42.,16.5032405651194));
#5054=CARTESIAN_POINT('',(1.10889044460944,42.,16.5032405651194));
#5055=CARTESIAN_POINT('',(1.10889044460944,42.,16.5032405651194));
#5056=CARTESIAN_POINT('',(1.35808141850349,42.,16.2208241280395));
#5057=CARTESIAN_POINT('',(1.3778090372701,42.,15.7494378690899));
#5058=CARTESIAN_POINT('',(1.3778090372701,42.,15.7494378690899));
#5059=CARTESIAN_POINT('',(1.67008928373333,42.,15.7494378690899));
#5060=CARTESIAN_POINT('',(1.96236953019656,42.,15.7494378690899));
#5061=CARTESIAN_POINT('',(1.96236953019656,42.,15.7494378690899));
#5062=CARTESIAN_POINT('',(1.9364121370826,42.,16.4938959035984));
#5063=CARTESIAN_POINT('',(1.51123003787587,42.,16.8988312361762));
#5064=CARTESIAN_POINT('',(1.51123003787587,42.,16.8988312361762));
#5065=CARTESIAN_POINT('',(1.51123003787587,42.,16.8988312361762));
#5066=CARTESIAN_POINT('',(1.08604793866915,42.,17.303766568754));
#5067=CARTESIAN_POINT('',(0.414270604879776,42.,17.303766568754));
#5068=CARTESIAN_POINT('',(0.414270604879776,42.,17.303766568754));
#5069=CARTESIAN_POINT('',(0.414270604879776,42.,17.303766568754));
#5070=CARTESIAN_POINT('',(-0.269966277604301,42.,17.303766568754));
#5071=CARTESIAN_POINT('',(-0.671786723008457,42.,16.9253077771524));
#5072=CARTESIAN_POINT('',(-0.671786723008457,42.,16.9253077771524));
#5073=CARTESIAN_POINT('',(-0.671786723008457,42.,16.9253077771524));
#5074=CARTESIAN_POINT('',(-1.07360716841261,42.,16.5468489855509));
#5075=CARTESIAN_POINT('',(-1.07360716841261,42.,15.8823397218334));
#5076=CARTESIAN_POINT('',(-1.07360716841261,42.,15.8823397218334));
#5077=CARTESIAN_POINT('',(-1.07360716841261,42.,15.8823397218334));
#5078=CARTESIAN_POINT('',(-1.07360716841261,42.,15.3310046920928));
#5079=CARTESIAN_POINT('',(-0.744986571589833,42.,14.8092610905021));
#5080=CARTESIAN_POINT('',(-0.744986571589833,42.,14.8092610905021));
#5081=CARTESIAN_POINT('',(3.24166166964411,42.,17.2904076126007));
#5082=CARTESIAN_POINT('',(0.0022819980238814,42.,13.8915977508355));
#5083=CARTESIAN_POINT('',(12.6865670542269,42.,27.5963016789385));
#5084=CARTESIAN_POINT('',(1.0727911325104,42.,12.9723003199185));
#5085=CARTESIAN_POINT('',(-0.0706134984890616,42.,12.9719968058958));
#5086=CARTESIAN_POINT('',(-1.21377709122801,42.,12.9719968058958));
#5087=CARTESIAN_POINT('',(-1.21377709122801,42.,12.7191717969658));
#5088=CARTESIAN_POINT('',(-1.21377709122801,42.,12.4663467880358));
#5089=CARTESIAN_POINT('',(0.384679176729859,42.,12.4663467880358));
#5090=CARTESIAN_POINT('',(-6.93889390390723E-15,-42.,4.));
#5091=CARTESIAN_POINT('',(-40.5,-42.,16.));
#5092=CARTESIAN_POINT('',(-38.9,-42.,16.));
#5093=CARTESIAN_POINT('',(18.42,-42.,16.));
#5094=CARTESIAN_POINT('',(20.02,-42.,16.));
#5095=CARTESIAN_POINT('',(41.4520186706178,-42.,143.625728954398));
#5096=CARTESIAN_POINT('',(46.,-42.,9.050801509236));
#5097=CARTESIAN_POINT('',(46.95102581383,-42.,9.08475531472874));
#5098=CARTESIAN_POINT('',(46.95102581383,-42.,9.08475531472874));
#5099=CARTESIAN_POINT('',(46.95102581383,-42.,14.));
#5100=CARTESIAN_POINT('',(-6.93889390390723E-15,-42.,14.));
#5101=CARTESIAN_POINT('',(46.,-42.,14.));
#5102=CARTESIAN_POINT('',(46.,-42.,4.));
#5103=CARTESIAN_POINT('',(46.,-42.,20.));
#5104=CARTESIAN_POINT('',(-6.93889390390723E-15,-42.,20.));
#5105=CARTESIAN_POINT('',(-46.,-42.,20.));
#5106=CARTESIAN_POINT('',(-46.,-42.,0.));
#5107=CARTESIAN_POINT('',(-46.,-42.,14.));
#5108=CARTESIAN_POINT('',(-6.93889390390723E-15,-42.,14.));
#5109=CARTESIAN_POINT('',(-46.95102581383,-42.,14.));
#5110=CARTESIAN_POINT('',(-46.95102581383,-42.,14.));
#5111=CARTESIAN_POINT('',(-46.95102581383,-42.,10.8249314551057));
#5112=CARTESIAN_POINT('',(-42.9064566632279,-42.,-47.126819445505));
#5113=CARTESIAN_POINT('',(-46.,-42.,10.8822104993232));
#5114=CARTESIAN_POINT('',(-45.9999999902516,-42.,10.8822104993232));
#5115=CARTESIAN_POINT('',(-44.4488086691263,-42.,10.9607649628241));
#5116=CARTESIAN_POINT('',(-37.2163665115321,-42.,10.9842426517694));
#5117=CARTESIAN_POINT('',(-24.0317406874669,-42.,7.32328190318482));
#5118=CARTESIAN_POINT('',(-10.6985646674402,-42.,7.1602803790416));
#5119=CARTESIAN_POINT('',(0.173468098142542,-42.,7.72872900313786));
#5120=CARTESIAN_POINT('',(13.0066116794065,-42.,11.1692066502083));
#5121=CARTESIAN_POINT('',(28.8170764693723,-42.,12.4290015514448));
#5122=CARTESIAN_POINT('',(37.1451275284832,-42.,8.9683774484134));
#5123=CARTESIAN_POINT('',(44.4893230106362,-42.,9.00475502561707));
#5124=CARTESIAN_POINT('',(46.0000000001958,-42.,9.050801509236));
#5125=CARTESIAN_POINT('',(-46.,38.,4.));
#5126=CARTESIAN_POINT('',(-46.,38.,14.));
#5127=CARTESIAN_POINT('',(-47.2517192388362,41.7991050192285,14.));
#5128=CARTESIAN_POINT('',(-47.2517192388362,41.7991050192285,14.));
#5129=CARTESIAN_POINT('',(-47.2517192388362,41.7991050192285,20.));
#5130=CARTESIAN_POINT('',(-46.,38.,20.));
#5131=CARTESIAN_POINT('',(46.,38.,4.));
#5132=CARTESIAN_POINT('',(46.,38.,20.));
#5133=CARTESIAN_POINT('',(47.2517192388363,41.7991050192285,20.));
#5134=CARTESIAN_POINT('',(47.2517192388363,41.7991050192285,20.));
#5135=CARTESIAN_POINT('',(47.2517192388363,41.7991050192285,14.));
#5136=CARTESIAN_POINT('',(46.,38.,14.));
#5137=CARTESIAN_POINT('',(46.,-38.,4.));
#5138=CARTESIAN_POINT('',(46.,-38.,14.));
#5139=CARTESIAN_POINT('',(47.2517192388362,-41.7991050192286,14.));
#5140=CARTESIAN_POINT('',(47.2517192388362,-41.7991050192286,14.));
#5141=CARTESIAN_POINT('',(47.2517192388362,-41.7991050192286,20.));
#5142=CARTESIAN_POINT('',(46.,-38.,20.));
#5143=CARTESIAN_POINT('',(-46.,-38.,4.));
#5144=CARTESIAN_POINT('',(-46.,-38.,20.));
#5145=CARTESIAN_POINT('',(-47.2517192388362,-41.7991050192285,20.));
#5146=CARTESIAN_POINT('',(-47.2517192388362,-41.7991050192285,20.));
#5147=CARTESIAN_POINT('',(-47.2517192388362,-41.7991050192285,14.));
#5148=CARTESIAN_POINT('',(-46.,-38.,14.));
#5149=CARTESIAN_POINT('',(18.42,63.,16.));
#5150=CARTESIAN_POINT('',(18.42,38.,16.));
#5151=CARTESIAN_POINT('',(18.42,38.,14.4));
#5152=CARTESIAN_POINT('',(-40.5,63.,16.));
#5153=CARTESIAN_POINT('',(-40.5,38.,16.));
#5154=CARTESIAN_POINT('',(-40.5,38.,14.4));
#5155=CARTESIAN_POINT('',(0.,-6.93889390390723E-15,4.));
#5156=CARTESIAN_POINT('',(-46.,-2.37383212502089E-14,4.));
#5157=CARTESIAN_POINT('',(-46.,-38.,4.));
#5158=CARTESIAN_POINT('',(-46.,38.,4.));
#5159=CARTESIAN_POINT('',(0.,-38.,4.));
#5160=CARTESIAN_POINT('',(44.65631,-38.,4.));
#5161=CARTESIAN_POINT('',(44.65631,-1.50932464625912E-14,4.));
#5162=CARTESIAN_POINT('',(44.65631,38.,4.));
#5163=CARTESIAN_POINT('',(0.,38.,4.));
#5164=CARTESIAN_POINT('',(39.,-33.5,4.));
#5165=CARTESIAN_POINT('',(42.5,-33.5,4.));
#5166=CARTESIAN_POINT('',(-39.,-33.5,4.));
#5167=CARTESIAN_POINT('',(-35.5,-33.5,4.));
#5168=CARTESIAN_POINT('',(-39.,33.5,4.));
#5169=CARTESIAN_POINT('',(-35.5,33.5,4.));
#5170=CARTESIAN_POINT('',(39.,33.5,4.));
#5171=CARTESIAN_POINT('',(42.5,33.5,4.));
#5172=CARTESIAN_POINT('',(-39.,-33.5,10.5));
#5173=CARTESIAN_POINT('',(-39.,-33.5,10.5));
#5174=CARTESIAN_POINT('',(-37.15,-33.5,10.5));
#5175=CARTESIAN_POINT('',(-39.,-33.5,4.));
#5176=CARTESIAN_POINT('',(-37.15,-33.5,4.));
#5177=CARTESIAN_POINT('',(-39.,-33.5,10.5));
#5178=CARTESIAN_POINT('',(-39.,-33.5,10.5));
#5179=CARTESIAN_POINT('',(-35.5,-33.5,10.5));
#5180=CARTESIAN_POINT('',(0.,-6.93889390390723E-15,10.5));
#5181=CARTESIAN_POINT('',(0.,-6.93889390390723E-15,4.));
#5182=CARTESIAN_POINT('',(-39.,33.5,10.5));
#5183=CARTESIAN_POINT('',(-39.,33.5,10.5));
#5184=CARTESIAN_POINT('',(-35.5,33.5,10.5));
#5185=CARTESIAN_POINT('',(-39.,33.5,10.5));
#5186=CARTESIAN_POINT('',(-39.,33.5,10.5));
#5187=CARTESIAN_POINT('',(-37.15,33.5,10.5));
#5188=CARTESIAN_POINT('',(-39.,33.5,4.));
#5189=CARTESIAN_POINT('',(-37.15,33.5,4.));
#5190=CARTESIAN_POINT('',(0.,-6.93889390390723E-15,10.5));
#5191=CARTESIAN_POINT('',(0.,-6.93889390390723E-15,4.));
#5192=CARTESIAN_POINT('',(39.,33.5,10.5));
#5193=CARTESIAN_POINT('',(39.,33.5,10.5));
#5194=CARTESIAN_POINT('',(40.85,33.5,10.5));
#5195=CARTESIAN_POINT('',(39.,33.5,4.));
#5196=CARTESIAN_POINT('',(40.85,33.5,4.));
#5197=CARTESIAN_POINT('',(39.,33.5,10.5));
#5198=CARTESIAN_POINT('',(39.,33.5,10.5));
#5199=CARTESIAN_POINT('',(42.5,33.5,10.5));
#5200=CARTESIAN_POINT('',(0.,-6.93889390390723E-15,10.5));
#5201=CARTESIAN_POINT('',(0.,-6.93889390390723E-15,4.));
#5202=CARTESIAN_POINT('',(39.,-33.5,10.5));
#5203=CARTESIAN_POINT('',(39.,-33.5,10.5));
#5204=CARTESIAN_POINT('',(42.5,-33.5,10.5));
#5205=CARTESIAN_POINT('',(39.,-33.5,10.5));
#5206=CARTESIAN_POINT('',(39.,-33.5,10.5));
#5207=CARTESIAN_POINT('',(40.85,-33.5,10.5));
#5208=CARTESIAN_POINT('',(39.,-33.5,4.));
#5209=CARTESIAN_POINT('',(40.85,-33.5,4.));
#5210=CARTESIAN_POINT('',(0.,-6.93889390390723E-15,10.5));
#5211=CARTESIAN_POINT('',(0.,-6.93889390390723E-15,4.));
#5212=CARTESIAN_POINT('',(-46.,-6.93889390390723E-15,20.));
#5213=CARTESIAN_POINT('',(-46.,38.,20.));
#5214=CARTESIAN_POINT('',(-46.,38.,20.));
#5215=CARTESIAN_POINT('',(-46.,-6.93889390390723E-15,20.));
#5216=CARTESIAN_POINT('',(-46.,-38.,20.));
#5217=CARTESIAN_POINT('',(-46.,-38.,20.));
#5218=CARTESIAN_POINT('',(-0.671845,38.,20.));
#5219=CARTESIAN_POINT('',(44.65631,38.,20.));
#5220=CARTESIAN_POINT('',(44.65631,38.,20.));
#5221=CARTESIAN_POINT('',(-0.671845,38.,20.));
#5222=CARTESIAN_POINT('',(44.65631,6.93889390390723E-15,20.));
#5223=CARTESIAN_POINT('',(44.65631,-38.,20.));
#5224=CARTESIAN_POINT('',(44.65631,-38.,20.));
#5225=CARTESIAN_POINT('',(44.65631,6.93889390390723E-15,20.));
#5226=CARTESIAN_POINT('',(-0.671845,-38.,20.));
#5227=CARTESIAN_POINT('',(-0.671845,-38.,20.));
#5228=CARTESIAN_POINT('',(-40.5,-38.,16.));
#5229=CARTESIAN_POINT('',(-40.5,-38.,14.4));
#5230=CARTESIAN_POINT('',(18.42,-38.,16.));
#5231=CARTESIAN_POINT('',(18.42,-38.,14.4));
#5232=CARTESIAN_POINT('',(0.,-6.93889390390723E-15,20.));
#5233=CARTESIAN_POINT('',(50.,-6.93889390390723E-15,20.));
#5234=CARTESIAN_POINT('',(50.,36.4816233815926,20.));
#5235=CARTESIAN_POINT('',(50.,-36.4816233815926,20.));
#5236=CARTESIAN_POINT('',(43.4816233815926,36.4816233815926,20.));
#5237=CARTESIAN_POINT('',(-43.4816233815926,36.4816233815926,20.));
#5238=CARTESIAN_POINT('',(-50.,36.4816233815926,20.));
#5239=CARTESIAN_POINT('',(-50.,0.,20.));
#5240=CARTESIAN_POINT('',(-50.,-36.4816233815926,20.));
#5241=CARTESIAN_POINT('',(-43.4816233815926,-36.4816233815926,20.));
#5242=CARTESIAN_POINT('',(43.4816233815926,-36.4816233815926,20.));
#5243=CARTESIAN_POINT('',(-50.,0.,4.));
#5244=CARTESIAN_POINT('',(-50.,36.4816233815926,0.));
#5245=CARTESIAN_POINT('',(-50.,-36.4816233815926,10.5315210474764));
#5246=CARTESIAN_POINT('',(50.,-6.93889390390723E-15,4.));
#5247=CARTESIAN_POINT('',(50.,36.4816233815926,4.));
#5248=CARTESIAN_POINT('',(50.,-36.4816233815926,4.));
#5249=CARTESIAN_POINT('',(18.42,-63.,16.));
#5250=CARTESIAN_POINT('',(-40.5,-63.,16.));
#5251=CARTESIAN_POINT('',(0.,0.,14.));
#5252=CARTESIAN_POINT('',(-43.4816233815926,-36.4816233815926,14.));
#5253=CARTESIAN_POINT('',(0.,0.,14.));
#5254=CARTESIAN_POINT('',(43.4816233815926,-36.4816233815926,14.));
#5255=CARTESIAN_POINT('',(0.,0.,14.));
#5256=CARTESIAN_POINT('',(43.4816233815926,36.4816233815926,14.));
#5257=CARTESIAN_POINT('',(0.,0.,14.));
#5258=CARTESIAN_POINT('',(-43.4816233815926,36.4816233815926,14.));
#5259=CARTESIAN_POINT('',(-45.9999999902516,-43.,10.8822104993232));
#5260=CARTESIAN_POINT('',(-45.9999999902516,-42.,10.8822104993232));
#5261=CARTESIAN_POINT('',(-43.9705166980298,-43.,10.9849863265428));
#5262=CARTESIAN_POINT('',(-43.9705166980298,-42.,10.9849863265428));
#5263=CARTESIAN_POINT('',(-39.8288846177275,-43.,10.9111161251629));
#5264=CARTESIAN_POINT('',(-39.8288846177275,-42.,10.9111161251629));
#5265=CARTESIAN_POINT('',(-33.349967307688,-43.,9.81280771242939));
#5266=CARTESIAN_POINT('',(-33.349967307688,-42.,9.81280771242939));
#5267=CARTESIAN_POINT('',(-27.9908187428019,-43.,8.68344231489026));
#5268=CARTESIAN_POINT('',(-27.9908187428019,-42.,8.68344231489026));
#5269=CARTESIAN_POINT('',(-23.8631785158511,-43.,7.96020747373639));
#5270=CARTESIAN_POINT('',(-23.8631785158511,-42.,7.96020747373639));
#5271=CARTESIAN_POINT('',(-19.8911018293932,-43.,7.46954139727154));
#5272=CARTESIAN_POINT('',(-19.8911018293932,-42.,7.46954139727154));
#5273=CARTESIAN_POINT('',(-15.2021961987698,-43.,7.22478340201861));
#5274=CARTESIAN_POINT('',(-15.2021961987698,-42.,7.22478340201861));
#5275=CARTESIAN_POINT('',(-9.9723475893331,-43.,7.27401562153288));
#5276=CARTESIAN_POINT('',(-9.9723475893331,-42.,7.27401562153288));
#5277=CARTESIAN_POINT('',(-5.06743707912949,-43.,7.46475574547216));
#5278=CARTESIAN_POINT('',(-5.06743707912949,-42.,7.46475574547216));
#5279=CARTESIAN_POINT('',(-0.161741355878478,-43.,8.00556636982164));
#5280=CARTESIAN_POINT('',(-0.161741355878478,-42.,8.00556636982164));
#5281=CARTESIAN_POINT('',(5.06154954532191,-43.,9.08337743671017));
#5282=CARTESIAN_POINT('',(5.06154954532191,-42.,9.08337743671017));
#5283=CARTESIAN_POINT('',(10.6320004361457,-43.,10.3275038971515));
#5284=CARTESIAN_POINT('',(10.6320004361457,-42.,10.3275038971515));
#5285=CARTESIAN_POINT('',(16.6426118071174,-43.,11.3326124950485));
#5286=CARTESIAN_POINT('',(16.6426118071174,-42.,11.3326124950485));
#5287=CARTESIAN_POINT('',(22.8223166700247,-43.,11.8120266603004));
#5288=CARTESIAN_POINT('',(22.8223166700247,-42.,11.8120266603004));
#5289=CARTESIAN_POINT('',(28.6333785601204,-43.,11.5437826004725));
#5290=CARTESIAN_POINT('',(28.6333785601204,-42.,11.5437826004725));
#5291=CARTESIAN_POINT('',(32.8145861469685,-43.,10.5317726892683));
#5292=CARTESIAN_POINT('',(32.8145861469685,-42.,10.5317726892683));
#5293=CARTESIAN_POINT('',(36.3356080074585,-43.,9.72746280642411));
#5294=CARTESIAN_POINT('',(36.3356080074585,-42.,9.72746280642411));
#5295=CARTESIAN_POINT('',(39.1887046176321,-43.,9.23552928430258));
#5296=CARTESIAN_POINT('',(39.1887046176321,-42.,9.23552928430258));
#5297=CARTESIAN_POINT('',(42.4316909014697,-43.,8.98618517801941));
#5298=CARTESIAN_POINT('',(42.4316909014697,-42.,8.98618517801941));
#5299=CARTESIAN_POINT('',(44.8351801822935,-43.,9.01529699236394));
#5300=CARTESIAN_POINT('',(44.8351801822935,-42.,9.01529699236394));
#5301=CARTESIAN_POINT('',(46.0000000001958,-43.,9.050801509236));
#5302=CARTESIAN_POINT('',(46.0000000001958,-42.,9.050801509236));
#5303=CARTESIAN_POINT('',(-45.9999999902516,-43.,10.8822104993232));
#5304=CARTESIAN_POINT('',(-44.4488086691263,-43.,10.9607649628241));
#5305=CARTESIAN_POINT('',(-37.2163665115321,-43.,10.9842426517694));
#5306=CARTESIAN_POINT('',(-24.0317406874669,-43.,7.32328190318482));
#5307=CARTESIAN_POINT('',(-10.6985646674402,-43.,7.1602803790416));
#5308=CARTESIAN_POINT('',(0.173468098142542,-43.,7.72872900313786));
#5309=CARTESIAN_POINT('',(13.0066116794065,-43.,11.1692066502083));
#5310=CARTESIAN_POINT('',(28.8170764693723,-43.,12.4290015514448));
#5311=CARTESIAN_POINT('',(37.1451275284832,-43.,8.9683774484134));
#5312=CARTESIAN_POINT('',(44.4893230106362,-43.,9.00475502561707));
#5313=CARTESIAN_POINT('',(46.0000000001958,-43.,9.050801509236));
#5314=CARTESIAN_POINT('',(-43.4816233815843,-43.,10.9404402358184));
#5315=CARTESIAN_POINT('',(43.4816233815932,-43.,9.01776686841288));
#5316=CARTESIAN_POINT('',(43.4816233815926,-43.,9.01776686834178));
#5317=CARTESIAN_POINT('',(44.3552179530471,-43.,9.01138315217501));
#5318=CARTESIAN_POINT('',(45.1946124301469,-42.8312187206119,9.02625273685948));
#5319=CARTESIAN_POINT('',(46.0000000001958,-42.4938619785929,9.050801509236));
#5320=CARTESIAN_POINT('',(46.,-42.4938619785928,9.050801509236));
#5321=CARTESIAN_POINT('',(46.,-43.,9.050801509236));
#5322=CARTESIAN_POINT('',(-46.,-43.,10.8822104993232));
#5323=CARTESIAN_POINT('',(-46.,-42.4938619785928,10.8822104993232));
#5324=CARTESIAN_POINT('',(-46.,-42.4938619785929,10.8822104993232));
#5325=CARTESIAN_POINT('',(-45.1991939064335,-42.8292996544898,10.9227644220996));
#5326=CARTESIAN_POINT('',(-44.3508572691779,-43.,10.9455275052176));
#5327=CARTESIAN_POINT('',(-43.4816233815927,-43.,10.9404402358184));
#5328=CARTESIAN_POINT('',(-42.9064566632279,-43.0000000000047,-47.126819445505));
#5329=CARTESIAN_POINT('',(-46.9510022656433,-42.0000148029427,10.8244607021583));
#5330=CARTESIAN_POINT('',(-46.6476663329739,-42.1907202457471,10.845631175173));
#5331=CARTESIAN_POINT('',(-46.3306955637165,-42.3553395530473,10.8653649835925));
#5332=CARTESIAN_POINT('',(-46.0000357550544,-42.4938470015684,10.8829985895102));
#5333=CARTESIAN_POINT('',(41.4520186706178,-42.9999999999858,143.625728954398));
#5334=CARTESIAN_POINT('',(46.0000278907988,-42.4938502873421,9.04983131199993));
#5335=CARTESIAN_POINT('',(46.3306182245277,-42.3553724487285,9.06100365349823));
#5336=CARTESIAN_POINT('',(46.6476075160248,-42.1907577299882,9.07293381840365));
#5337=CARTESIAN_POINT('',(46.9510088451493,-42.0000106681703,9.0853345619523));
#5338=CARTESIAN_POINT('',(-2.23473832011224,-43.,5.58734521269798));
#5339=CARTESIAN_POINT('',(43.4816233815926,-43.,5.58734521269798));
#5340=CARTESIAN_POINT('',(-43.4816233815926,-43.,0.));
#5341=CARTESIAN_POINT('',(-45.9999999999816,43.0000000000001,10.8822104988304));
#5342=CARTESIAN_POINT('',(-45.9999999999816,42.,10.8822104988304));
#5343=CARTESIAN_POINT('',(-43.970516707557,43.0000000000001,10.9849863260604));
#5344=CARTESIAN_POINT('',(-43.970516707557,42.,10.9849863260604));
#5345=CARTESIAN_POINT('',(-39.8288846273688,43.0000000000002,10.9111161264527));
#5346=CARTESIAN_POINT('',(-39.8288846273688,42.,10.9111161264527));
#5347=CARTESIAN_POINT('',(-33.3499673167622,43.0000000000001,9.8128077142485));
#5348=CARTESIAN_POINT('',(-33.3499673167622,42.,9.8128077142485));
#5349=CARTESIAN_POINT('',(-27.9908187511503,43.0000000000002,8.68344231659703));
#5350=CARTESIAN_POINT('',(-27.9908187511503,42.,8.68344231659703));
#5351=CARTESIAN_POINT('',(-23.8631785234389,43.0000000000001,7.96020747487979));
#5352=CARTESIAN_POINT('',(-23.8631785234389,42.,7.96020747487979));
#5353=CARTESIAN_POINT('',(-19.8911018361971,43.0000000000002,7.46954139780433));
#5354=CARTESIAN_POINT('',(-19.8911018361971,42.,7.46954139780433));
#5355=CARTESIAN_POINT('',(-15.2021962047219,43.0000000000001,7.22478340208934));
#5356=CARTESIAN_POINT('',(-15.2021962047219,42.,7.22478340208934));
#5357=CARTESIAN_POINT('',(-9.97234759434301,43.0000000000001,7.27401562141806));
#5358=CARTESIAN_POINT('',(-9.97234759434301,42.,7.27401562141806));
#5359=CARTESIAN_POINT('',(-5.06743708348513,43.0000000000002,7.46475574517406));
#5360=CARTESIAN_POINT('',(-5.06743708348513,42.,7.46475574517406));
#5361=CARTESIAN_POINT('',(-0.161741359910505,43.0000000000001,8.00556636914631));
#5362=CARTESIAN_POINT('',(-0.161741359910505,42.,8.00556636914631));
#5363=CARTESIAN_POINT('',(5.06154954153418,43.0000000000002,9.08337743583813));
#5364=CARTESIAN_POINT('',(5.06154954153418,42.,9.08337743583813));
#5365=CARTESIAN_POINT('',(10.6320004326734,43.0000000000001,10.3275038964467));
#5366=CARTESIAN_POINT('',(10.6320004326734,42.,10.3275038964467));
#5367=CARTESIAN_POINT('',(16.6426118040184,43.0000000000002,11.332612494682));
#5368=CARTESIAN_POINT('',(16.6426118040184,42.,11.332612494682));
#5369=CARTESIAN_POINT('',(22.8223166676001,43.0000000000001,11.812026660258));
#5370=CARTESIAN_POINT('',(22.8223166676001,42.,11.812026660258));
#5371=CARTESIAN_POINT('',(28.6333785585466,43.0000000000001,11.5437826007491));
#5372=CARTESIAN_POINT('',(28.6333785585466,42.,11.5437826007491));
#5373=CARTESIAN_POINT('',(32.8145861458728,43.0000000000002,10.5317726895482));
#5374=CARTESIAN_POINT('',(32.8145861458728,42.,10.5317726895482));
#5375=CARTESIAN_POINT('',(36.3356080066334,43.0000000000001,9.72746280658919));
#5376=CARTESIAN_POINT('',(36.3356080066334,42.,9.72746280658919));
#5377=CARTESIAN_POINT('',(39.1887046170187,43.0000000000002,9.23552928437396));
#5378=CARTESIAN_POINT('',(39.1887046170187,42.,9.23552928437396));
#5379=CARTESIAN_POINT('',(42.4316909011061,43.0000000000001,8.98618517801721));
#5380=CARTESIAN_POINT('',(42.4316909011061,42.,8.98618517801721));
#5381=CARTESIAN_POINT('',(44.8351801821771,43.0000000000001,9.0152969923604));
#5382=CARTESIAN_POINT('',(44.8351801821771,42.,9.0152969923604));
#5383=CARTESIAN_POINT('',(46.0000000001958,43.0000000000002,9.050801509236));
#5384=CARTESIAN_POINT('',(46.0000000001958,42.,9.050801509236));
#5385=CARTESIAN_POINT('',(46.,43.,9.050801509236));
#5386=CARTESIAN_POINT('',(46.,42.4938619785928,9.050801509236));
#5387=CARTESIAN_POINT('',(46.,42.4938619785928,9.050801509236));
#5388=CARTESIAN_POINT('',(45.1946124300108,42.8312187205606,9.0262527368613));
#5389=CARTESIAN_POINT('',(44.3552179529794,43.0000000000003,9.01138315224714));
#5390=CARTESIAN_POINT('',(43.4816233815905,43.,9.0177668684129));
#5391=CARTESIAN_POINT('',(43.4816233815932,43.,9.01776686841288));
#5392=CARTESIAN_POINT('',(-45.9999999902516,43.,10.8822104993232));
#5393=CARTESIAN_POINT('',(-44.4488086691263,43.,10.9607649628241));
#5394=CARTESIAN_POINT('',(-37.2163665115321,43.,10.9842426517694));
#5395=CARTESIAN_POINT('',(-24.0317406874669,43.,7.32328190318482));
#5396=CARTESIAN_POINT('',(-10.6985646674402,43.,7.1602803790416));
#5397=CARTESIAN_POINT('',(0.173468098142542,43.,7.72872900313786));
#5398=CARTESIAN_POINT('',(13.0066116794065,43.,11.1692066502083));
#5399=CARTESIAN_POINT('',(28.8170764693723,43.,12.4290015514448));
#5400=CARTESIAN_POINT('',(37.1451275284832,43.,8.9683774484134));
#5401=CARTESIAN_POINT('',(44.4893230106362,43.,9.00475502561707));
#5402=CARTESIAN_POINT('',(46.0000000001958,43.,9.050801509236));
#5403=CARTESIAN_POINT('',(-43.4816233815843,43.,10.9404402358184));
#5404=CARTESIAN_POINT('',(-43.4816233815926,43.,10.9404402358184));
#5405=CARTESIAN_POINT('',(-44.3508847529449,43.,10.9455276660688));
#5406=CARTESIAN_POINT('',(-45.1991582534716,42.8293145886224,10.922766227121));
#5407=CARTESIAN_POINT('',(-45.9999999999816,42.4938619786005,10.8822104988304));
#5408=CARTESIAN_POINT('',(-46.,42.4938619785928,10.8822104993232));
#5409=CARTESIAN_POINT('',(-46.,43.,10.8822104993232));
#5410=CARTESIAN_POINT('',(41.4520186706199,42.9999999999858,143.625728954359));
#5411=CARTESIAN_POINT('',(46.9510088439846,42.0000106656111,9.08533456469345));
#5412=CARTESIAN_POINT('',(46.6476075152432,42.1907577272127,9.07293382116283));
#5413=CARTESIAN_POINT('',(46.3306182290688,42.3553724551491,9.06100364589546));
#5414=CARTESIAN_POINT('',(46.0000278952331,42.4938502939002,9.04983130438329));
#5415=CARTESIAN_POINT('',(-42.9064566632285,43.0000000000047,-47.1268194454985));
#5416=CARTESIAN_POINT('',(-46.0000357526703,42.4938469982089,10.8829985856119));
#5417=CARTESIAN_POINT('',(-46.3306955612793,42.3553395497638,10.8653649797094));
#5418=CARTESIAN_POINT('',(-46.6476663333995,42.1907202471966,10.8456311766127));
#5419=CARTESIAN_POINT('',(-46.9510022662764,42.0000148042729,10.8244607035807));
#5420=CARTESIAN_POINT('',(-2.23473832011224,43.,5.58734521269798));
#5421=CARTESIAN_POINT('',(43.4816233815926,43.,5.58734521269798));
#5422=CARTESIAN_POINT('',(-43.4816233815926,43.,10.5315210474764));
#5423=CARTESIAN_POINT('',(43.4816233815926,36.4816233815926,4.));
#5424=CARTESIAN_POINT('',(-43.4816233815926,36.4816233815926,5.58734521269798));
#5425=CARTESIAN_POINT('',(43.4816233815926,-36.4816233815926,5.58734521269798));
#5426=CARTESIAN_POINT('',(-43.4816233815926,-36.4816233815926,4.));
#5427=CARTESIAN_POINT('',(-11.7649382441919,43.,12.8982778094521));
#5428=CARTESIAN_POINT('',(-11.7649382441919,42.,12.8982778094521));
#5429=CARTESIAN_POINT('',(-12.3276945269026,43.,13.35028254821));
#5430=CARTESIAN_POINT('',(-12.3276945269026,42.,13.35028254821));
#5431=CARTESIAN_POINT('',(-12.7686241112652,43.,13.7213002204522));
#5432=CARTESIAN_POINT('',(-12.7686241112652,42.,13.7213002204522));
#5433=CARTESIAN_POINT('',(-13.0877269972795,43.,14.0113308261789));
#5434=CARTESIAN_POINT('',(-13.0877269972795,42.,14.0113308261789));
#5435=CARTESIAN_POINT('',(-11.7649382441919,43.,12.8982778094521));
#5436=CARTESIAN_POINT('',(-11.7649382441919,43.,12.8982778094521));
#5437=CARTESIAN_POINT('',(-11.7649382441919,43.,12.8982778094521));
#5438=CARTESIAN_POINT('',(-12.609072668258,43.,13.5762849175889));
#5439=CARTESIAN_POINT('',(-13.0877269972795,43.,14.0113308261789));
#5440=CARTESIAN_POINT('',(-13.0877269972795,43.,14.0113308261789));
#5441=CARTESIAN_POINT('',(-13.0877269972795,43.,14.0113308261789));
#5442=CARTESIAN_POINT('',(-11.7649382441919,43.,12.682312298744));
#5443=CARTESIAN_POINT('',(-11.7649382441919,43.,12.4663467880358));
#5444=CARTESIAN_POINT('',(-11.7649382441919,43.,12.4663467880358));
#5445=CARTESIAN_POINT('',(-11.7649382441919,43.,12.682312298744));
#5446=CARTESIAN_POINT('',(-13.3633945121498,43.,12.4663467880358));
#5447=CARTESIAN_POINT('',(-14.9618507801076,43.,12.4663467880358));
#5448=CARTESIAN_POINT('',(-14.9618507801076,43.,12.4663467880358));
#5449=CARTESIAN_POINT('',(-13.3633945121498,43.,12.4663467880358));
#5450=CARTESIAN_POINT('',(-14.9618507801076,43.,12.7191717969658));
#5451=CARTESIAN_POINT('',(-14.9618507801076,43.,12.9719968058958));
#5452=CARTESIAN_POINT('',(-14.9618507801076,43.,12.9719968058958));
#5453=CARTESIAN_POINT('',(-14.9618507801076,43.,12.7191717969658));
#5454=CARTESIAN_POINT('',(-13.8186871873687,43.,12.9719968058958));
#5455=CARTESIAN_POINT('',(-12.6755235946297,43.,12.9719968058958));
#5456=CARTESIAN_POINT('',(-12.6752825563692,43.,12.9723003199185));
#5457=CARTESIAN_POINT('',(-13.8186871873687,43.,12.9719968058958));
#5458=CARTESIAN_POINT('',(-1.06150663465046,43.,27.5963016789413));
#5459=CARTESIAN_POINT('',(-13.7454873387873,43.,13.8919268178547));
#5460=CARTESIAN_POINT('',(-13.7457916908558,43.,13.8915977508355));
#5461=CARTESIAN_POINT('',(-1.06150663465046,43.,27.5963016789413));
#5462=CARTESIAN_POINT('',(-10.506412019236,43.,17.2904076126003));
#5463=CARTESIAN_POINT('',(-14.4930602604695,43.,14.8092610905021));
#5464=CARTESIAN_POINT('',(-14.4930602604695,43.,14.8092610905021));
#5465=CARTESIAN_POINT('',(-10.506412019236,43.,17.2904076126003));
#5466=CARTESIAN_POINT('',(-14.8216808572922,43.,15.8823397218334));
#5467=CARTESIAN_POINT('',(-14.8216808572922,42.,15.8823397218334));
#5468=CARTESIAN_POINT('',(-14.8216808572922,43.,15.5147830353397));
#5469=CARTESIAN_POINT('',(-14.8216808572922,42.,15.5147830353397));
#5470=CARTESIAN_POINT('',(-14.7121406583513,43.,15.1570901582292));
#5471=CARTESIAN_POINT('',(-14.7121406583513,42.,15.1570901582292));
#5472=CARTESIAN_POINT('',(-14.4930602604695,43.,14.8092610905021));
#5473=CARTESIAN_POINT('',(-14.4930602604695,42.,14.8092610905021));
#5474=CARTESIAN_POINT('',(-14.8216808572922,43.,15.8823397218334));
#5475=CARTESIAN_POINT('',(-14.8216808572922,43.,15.8823397218334));
#5476=CARTESIAN_POINT('',(-14.8216808572922,43.,15.8823397218334));
#5477=CARTESIAN_POINT('',(-14.8216808572922,43.,15.3310046920928));
#5478=CARTESIAN_POINT('',(-14.4930602604695,43.,14.8092610905021));
#5479=CARTESIAN_POINT('',(-14.4198604118881,43.,16.9253077771524));
#5480=CARTESIAN_POINT('',(-14.4198604118881,42.,16.9253077771524));
#5481=CARTESIAN_POINT('',(-14.6877407088242,43.,16.6730019160847));
#5482=CARTESIAN_POINT('',(-14.6877407088242,42.,16.6730019160847));
#5483=CARTESIAN_POINT('',(-14.8216808572922,43.,16.325345897645));
#5484=CARTESIAN_POINT('',(-14.8216808572922,42.,16.325345897645));
#5485=CARTESIAN_POINT('',(-14.8216808572922,43.,15.8823397218334));
#5486=CARTESIAN_POINT('',(-14.8216808572922,42.,15.8823397218334));
#5487=CARTESIAN_POINT('',(-14.4198604118881,43.,16.9253077771524));
#5488=CARTESIAN_POINT('',(-14.4198604118881,43.,16.9253077771524));
#5489=CARTESIAN_POINT('',(-14.4198604118881,43.,16.9253077771524));
#5490=CARTESIAN_POINT('',(-14.8216808572922,43.,16.5468489855509));
#5491=CARTESIAN_POINT('',(-14.8216808572922,43.,15.8823397218334));
#5492=CARTESIAN_POINT('',(-13.3338030839999,43.,17.303766568754));
#5493=CARTESIAN_POINT('',(-13.3338030839999,42.,17.303766568754));
#5494=CARTESIAN_POINT('',(-13.7899610056559,43.,17.303766568754));
#5495=CARTESIAN_POINT('',(-13.7899610056559,42.,17.303766568754));
#5496=CARTESIAN_POINT('',(-14.151980114952,43.,17.1776136382202));
#5497=CARTESIAN_POINT('',(-14.151980114952,42.,17.1776136382202));
#5498=CARTESIAN_POINT('',(-14.4198604118881,43.,16.9253077771524));
#5499=CARTESIAN_POINT('',(-14.4198604118881,42.,16.9253077771524));
#5500=CARTESIAN_POINT('',(-13.3338030839999,43.,17.303766568754));
#5501=CARTESIAN_POINT('',(-13.3338030839999,43.,17.303766568754));
#5502=CARTESIAN_POINT('',(-13.3338030839999,43.,17.303766568754));
#5503=CARTESIAN_POINT('',(-14.0180399664839,43.,17.303766568754));
#5504=CARTESIAN_POINT('',(-14.4198604118881,43.,16.9253077771524));
#5505=CARTESIAN_POINT('',(-12.2368436510038,43.,16.8988312361762));
#5506=CARTESIAN_POINT('',(-12.2368436510038,42.,16.8988312361762));
#5507=CARTESIAN_POINT('',(-12.5202983838083,43.,17.1687881245614));
#5508=CARTESIAN_POINT('',(-12.5202983838083,42.,17.1687881245614));
#5509=CARTESIAN_POINT('',(-12.8859515281403,43.,17.303766568754));
#5510=CARTESIAN_POINT('',(-12.8859515281403,42.,17.303766568754));
#5511=CARTESIAN_POINT('',(-13.3338030839999,43.,17.303766568754));
#5512=CARTESIAN_POINT('',(-13.3338030839999,42.,17.303766568754));
#5513=CARTESIAN_POINT('',(-12.2368436510038,43.,16.8988312361762));
#5514=CARTESIAN_POINT('',(-12.2368436510038,43.,16.8988312361762));
#5515=CARTESIAN_POINT('',(-12.2368436510038,43.,16.8988312361762));
#5516=CARTESIAN_POINT('',(-12.6620257502105,43.,17.303766568754));
#5517=CARTESIAN_POINT('',(-13.3338030839999,43.,17.303766568754));
#5518=CARTESIAN_POINT('',(-11.7857041586831,43.,15.7494378690899));
#5519=CARTESIAN_POINT('',(-11.7857041586831,42.,15.7494378690899));
#5520=CARTESIAN_POINT('',(-11.8030090874257,43.,16.2457432254289));
#5521=CARTESIAN_POINT('',(-11.8030090874257,42.,16.2457432254289));
#5522=CARTESIAN_POINT('',(-11.9533889181993,43.,16.628874347791));
#5523=CARTESIAN_POINT('',(-11.9533889181993,42.,16.628874347791));
#5524=CARTESIAN_POINT('',(-12.2368436510038,43.,16.8988312361762));
#5525=CARTESIAN_POINT('',(-12.2368436510038,42.,16.8988312361762));
#5526=CARTESIAN_POINT('',(-11.7857041586831,43.,15.7494378690899));
#5527=CARTESIAN_POINT('',(-11.7857041586831,43.,15.7494378690899));
#5528=CARTESIAN_POINT('',(-11.7857041586831,43.,15.7494378690899));
#5529=CARTESIAN_POINT('',(-11.811661551797,43.,16.4938959035984));
#5530=CARTESIAN_POINT('',(-12.2368436510038,43.,16.8988312361762));
#5531=CARTESIAN_POINT('',(-12.0779844051463,43.,15.7494378690899));
#5532=CARTESIAN_POINT('',(-12.3702646516095,43.,15.7494378690899));
#5533=CARTESIAN_POINT('',(-12.3702646516095,43.,15.7494378690899));
#5534=CARTESIAN_POINT('',(-12.0779844051463,43.,15.7494378690899));
#5535=CARTESIAN_POINT('',(-12.6391832442702,43.,16.5032405651194));
#5536=CARTESIAN_POINT('',(-12.6391832442702,42.,16.5032405651194));
#5537=CARTESIAN_POINT('',(-12.4730559283408,43.,16.3149629403994));
#5538=CARTESIAN_POINT('',(-12.4730559283408,42.,16.3149629403994));
#5539=CARTESIAN_POINT('',(-12.3834163974539,43.,16.0636953750563));
#5540=CARTESIAN_POINT('',(-12.3834163974539,42.,16.0636953750563));
#5541=CARTESIAN_POINT('',(-12.3702646516095,43.,15.7494378690899));
#5542=CARTESIAN_POINT('',(-12.3702646516095,42.,15.7494378690899));
#5543=CARTESIAN_POINT('',(-12.6391832442702,43.,16.5032405651194));
#5544=CARTESIAN_POINT('',(-12.6391832442702,43.,16.5032405651194));
#5545=CARTESIAN_POINT('',(-12.6391832442702,43.,16.5032405651194));
#5546=CARTESIAN_POINT('',(-12.3899922703761,43.,16.2208241280395));
#5547=CARTESIAN_POINT('',(-12.3702646516095,43.,15.7494378690899));
#5548=CARTESIAN_POINT('',(-13.3400328583472,43.,16.7856570021993));
#5549=CARTESIAN_POINT('',(-13.3400328583472,42.,16.7856570021993));
#5550=CARTESIAN_POINT('',(-13.0389270982252,43.,16.7856570021993));
#5551=CARTESIAN_POINT('',(-13.0389270982252,42.,16.7856570021993));
#5552=CARTESIAN_POINT('',(-12.8053105601996,43.,16.6915181898393));
#5553=CARTESIAN_POINT('',(-12.8053105601996,42.,16.6915181898393));
#5554=CARTESIAN_POINT('',(-12.6391832442702,43.,16.5032405651194));
#5555=CARTESIAN_POINT('',(-12.6391832442702,42.,16.5032405651194));
#5556=CARTESIAN_POINT('',(-13.3400328583472,43.,16.7856570021993));
#5557=CARTESIAN_POINT('',(-13.3400328583472,43.,16.7856570021993));
#5558=CARTESIAN_POINT('',(-13.3400328583472,43.,16.7856570021993));
#5559=CARTESIAN_POINT('',(-12.8883742181642,43.,16.7856570021993));
#5560=CARTESIAN_POINT('',(-12.6391832442702,43.,16.5032405651194));
#5561=CARTESIAN_POINT('',(-14.014405931448,43.,16.5364660283052));
#5562=CARTESIAN_POINT('',(-14.014405931448,42.,16.5364660283052));
#5563=CARTESIAN_POINT('',(-13.8749282057823,43.,16.7025933442346));
#5564=CARTESIAN_POINT('',(-13.8749282057823,42.,16.7025933442346));
#5565=CARTESIAN_POINT('',(-13.6501371814154,43.,16.7856570021993));
#5566=CARTESIAN_POINT('',(-13.6501371814154,42.,16.7856570021993));
#5567=CARTESIAN_POINT('',(-13.3400328583472,43.,16.7856570021993));
#5568=CARTESIAN_POINT('',(-13.3400328583472,42.,16.7856570021993));
#5569=CARTESIAN_POINT('',(-14.014405931448,43.,16.5364660283052));
#5570=CARTESIAN_POINT('',(-14.014405931448,43.,16.5364660283052));
#5571=CARTESIAN_POINT('',(-14.014405931448,43.,16.5364660283052));
#5572=CARTESIAN_POINT('',(-13.8051893429494,43.,16.7856570021993));
#5573=CARTESIAN_POINT('',(-13.3400328583472,43.,16.7856570021993));
#5574=CARTESIAN_POINT('',(-14.2236225199465,43.,15.8553440329949));
#5575=CARTESIAN_POINT('',(-14.2236225199465,42.,15.8553440329949));
#5576=CARTESIAN_POINT('',(-14.2236225199465,43.,16.1432980472724));
#5577=CARTESIAN_POINT('',(-14.2236225199465,42.,16.1432980472724));
#5578=CARTESIAN_POINT('',(-14.1538836571137,43.,16.3703387123759));
#5579=CARTESIAN_POINT('',(-14.1538836571137,42.,16.3703387123759));
#5580=CARTESIAN_POINT('',(-14.014405931448,43.,16.5364660283052));
#5581=CARTESIAN_POINT('',(-14.014405931448,42.,16.5364660283052));
#5582=CARTESIAN_POINT('',(-14.2236225199465,43.,15.8553440329949));
#5583=CARTESIAN_POINT('',(-14.2236225199465,43.,15.8553440329949));
#5584=CARTESIAN_POINT('',(-14.2236225199465,43.,15.8553440329949));
#5585=CARTESIAN_POINT('',(-14.2236225199465,43.,16.2872750544112));
#5586=CARTESIAN_POINT('',(-14.014405931448,43.,16.5364660283052));
#5587=CARTESIAN_POINT('',(-13.8950019231237,43.,14.9219161766167));
#5588=CARTESIAN_POINT('',(-13.8950019231237,42.,14.9219161766167));
#5589=CARTESIAN_POINT('',(-14.1140823210056,43.,15.2389424711819));
#5590=CARTESIAN_POINT('',(-14.1140823210056,42.,15.2389424711819));
#5591=CARTESIAN_POINT('',(-14.2236225199465,43.,15.5500850899746));
#5592=CARTESIAN_POINT('',(-14.2236225199465,42.,15.5500850899746));
#5593=CARTESIAN_POINT('',(-14.2236225199465,43.,15.8553440329949));
#5594=CARTESIAN_POINT('',(-14.2236225199465,42.,15.8553440329949));
#5595=CARTESIAN_POINT('',(-13.8950019231237,43.,14.9219161766167));
#5596=CARTESIAN_POINT('',(-13.8950019231237,43.,14.9219161766167));
#5597=CARTESIAN_POINT('',(-13.8950019231237,43.,14.9219161766167));
#5598=CARTESIAN_POINT('',(-14.2236225199465,43.,15.3974556184645));
#5599=CARTESIAN_POINT('',(-14.2236225199465,43.,15.8553440329949));
#5600=CARTESIAN_POINT('',(-9.52448662523422,43.,17.9912846662385));
#5601=CARTESIAN_POINT('',(-9.52448662523422,43.,17.9912846662385));
#5602=CARTESIAN_POINT('',(1.98452365651747E-14,43.,13.5801401895208));
#5603=CARTESIAN_POINT('',(-9.55233005515765,43.,16.9419205087454));
#5604=CARTESIAN_POINT('',(-9.55233005515765,43.,16.6662529938751));
#5605=CARTESIAN_POINT('',(-9.55233005515765,43.,16.6662529938751));
#5606=CARTESIAN_POINT('',(-9.55233005515765,43.,16.9419205087454));
#5607=CARTESIAN_POINT('',(-9.55233005515765,43.,17.2175880236157));
#5608=CARTESIAN_POINT('',(-9.55233005515765,43.,17.2175880236157));
#5609=CARTESIAN_POINT('',(-9.87160599045941,43.,16.6662529938751));
#5610=CARTESIAN_POINT('',(-10.1908819257612,43.,16.6662529938751));
#5611=CARTESIAN_POINT('',(-10.1908819257612,43.,16.6662529938751));
#5612=CARTESIAN_POINT('',(-9.87160599045941,43.,16.6662529938751));
#5613=CARTESIAN_POINT('',(-10.1908819257612,43.,14.5398233499792));
#5614=CARTESIAN_POINT('',(-10.1908819257612,43.,12.4133937060833));
#5615=CARTESIAN_POINT('',(-10.1908819257612,43.,12.4133937060833));
#5616=CARTESIAN_POINT('',(-10.1908819257612,43.,14.5398233499792));
#5617=CARTESIAN_POINT('',(-10.4961408687814,43.,12.4133937060833));
#5618=CARTESIAN_POINT('',(-10.8013998118016,43.,12.4133937060833));
#5619=CARTESIAN_POINT('',(-10.8013998118016,43.,12.4133937060833));
#5620=CARTESIAN_POINT('',(-10.4961408687814,43.,12.4133937060833));
#5621=CARTESIAN_POINT('',(-10.8013998118016,43.,14.8154908648495));
#5622=CARTESIAN_POINT('',(-10.8013998118016,43.,17.2175880236157));
#5623=CARTESIAN_POINT('',(-10.8013998118016,43.,17.2175880236157));
#5624=CARTESIAN_POINT('',(-10.8013998118016,43.,14.8154908648495));
#5625=CARTESIAN_POINT('',(-10.1768649334796,43.,17.2175880236157));
#5626=CARTESIAN_POINT('',(-10.1768649334796,43.,17.2175880236157));
#5627=CARTESIAN_POINT('',(1.98452365651747E-14,43.,13.5801401895208));
#5628=CARTESIAN_POINT('',(-8.11792451168003,43.,14.5797977353747));
#5629=CARTESIAN_POINT('',(-9.04148855867485,43.,16.7462017646661));
#5630=CARTESIAN_POINT('',(-9.04148855867485,43.,16.7462017646661));
#5631=CARTESIAN_POINT('',(-8.11792451168003,43.,14.5797977353747));
#5632=CARTESIAN_POINT('',(-7.19436046468521,43.,12.4133937060833));
#5633=CARTESIAN_POINT('',(-7.19436046468521,43.,12.4133937060833));
#5634=CARTESIAN_POINT('',(-9.04148855867485,43.,16.9751459719313));
#5635=CARTESIAN_POINT('',(-9.04148855867485,43.,17.2040901791964));
#5636=CARTESIAN_POINT('',(-9.04148855867485,43.,17.2040901791964));
#5637=CARTESIAN_POINT('',(-9.04148855867485,43.,16.9751459719313));
#5638=CARTESIAN_POINT('',(-7.46639394451955,43.,17.2040901791964));
#5639=CARTESIAN_POINT('',(-5.89129933036424,43.,17.2040901791964));
#5640=CARTESIAN_POINT('',(-5.89129933036424,43.,17.2040901791964));
#5641=CARTESIAN_POINT('',(-7.46639394451955,43.,17.2040901791964));
#5642=CARTESIAN_POINT('',(-5.89129933036424,43.,16.9450353959191));
#5643=CARTESIAN_POINT('',(-5.89129933036424,43.,16.6859806126417));
#5644=CARTESIAN_POINT('',(-5.89129933036424,43.,16.6859806126417));
#5645=CARTESIAN_POINT('',(-5.89129933036424,43.,16.9450353959191));
#5646=CARTESIAN_POINT('',(-7.17411369805632,43.,16.6859806126417));
#5647=CARTESIAN_POINT('',(-8.4569280657484,43.,16.6859806126417));
#5648=CARTESIAN_POINT('',(-8.4569280657484,43.,16.6859806126417));
#5649=CARTESIAN_POINT('',(-7.17411369805632,43.,16.6859806126417));
#5650=CARTESIAN_POINT('',(-7.51986617433431,43.,14.5496871593625));
#5651=CARTESIAN_POINT('',(-6.58280428292023,43.,12.4133937060833));
#5652=CARTESIAN_POINT('',(-6.58280428292023,43.,12.4133937060833));
#5653=CARTESIAN_POINT('',(-7.51986617433431,43.,14.5496871593625));
#5654=CARTESIAN_POINT('',(-6.88858237380272,43.,12.4133937060833));
#5655=CARTESIAN_POINT('',(-6.88858237380272,43.,12.4133937060833));
#5656=CARTESIAN_POINT('',(1.98452365651747E-14,43.,13.5801401895208));
#5657=CARTESIAN_POINT('',(-4.65572741813958,43.,14.8658482074906));
#5658=CARTESIAN_POINT('',(-4.65572741813958,42.,14.8658482074906));
#5659=CARTESIAN_POINT('',(-4.65572741813958,43.,15.2507098227269));
#5660=CARTESIAN_POINT('',(-4.65572741813958,42.,15.2507098227269));
#5661=CARTESIAN_POINT('',(-4.63028917288789,43.,15.5772538281006));
#5662=CARTESIAN_POINT('',(-4.63028917288789,42.,15.5772538281006));
#5663=CARTESIAN_POINT('',(-4.57941268238452,43.,15.8454802236115));
#5664=CARTESIAN_POINT('',(-4.57941268238452,42.,15.8454802236115));
#5665=CARTESIAN_POINT('',(-4.65572741813958,42.,14.8658482074906));
#5666=CARTESIAN_POINT('',(-4.65572741813958,42.,15.4431406303451));
#5667=CARTESIAN_POINT('',(-4.57941268238452,42.,15.8454802236115));
#5668=CARTESIAN_POINT('',(-4.65572741813958,42.,14.8658482074906));
#5669=CARTESIAN_POINT('',(-4.57941268238452,42.,15.8454802236115));
#5670=CARTESIAN_POINT('',(-4.65572741813958,43.,14.8658482074906));
#5671=CARTESIAN_POINT('',(-4.65572741813958,43.,14.8658482074906));
#5672=CARTESIAN_POINT('',(-4.65572741813958,43.,14.8658482074906));
#5673=CARTESIAN_POINT('',(-4.65572741813958,43.,15.4431406303451));
#5674=CARTESIAN_POINT('',(-4.57941268238452,43.,15.8454802236115));
#5675=CARTESIAN_POINT('',(-4.57941268238452,43.,15.8454802236115));
#5676=CARTESIAN_POINT('',(-4.57941268238452,43.,15.8454802236115));
#5677=CARTESIAN_POINT('',(-4.57941268238452,43.,13.8623353897047));
#5678=CARTESIAN_POINT('',(-4.57941268238452,42.,13.8623353897047));
#5679=CARTESIAN_POINT('',(-4.63028917288789,43.,14.1326383766648));
#5680=CARTESIAN_POINT('',(-4.63028917288789,42.,14.1326383766648));
#5681=CARTESIAN_POINT('',(-4.65572741813958,43.,14.4671426492601));
#5682=CARTESIAN_POINT('',(-4.65572741813958,42.,14.4671426492601));
#5683=CARTESIAN_POINT('',(-4.65572741813958,43.,14.8658482074906));
#5684=CARTESIAN_POINT('',(-4.65572741813958,42.,14.8658482074906));
#5685=CARTESIAN_POINT('',(-4.57941268238452,42.,13.8623353897047));
#5686=CARTESIAN_POINT('',(-4.65572741813958,42.,14.2677898701448));
#5687=CARTESIAN_POINT('',(-4.65572741813958,42.,14.8658482074906));
#5688=CARTESIAN_POINT('',(-4.57941268238452,42.,13.8623353897047));
#5689=CARTESIAN_POINT('',(-4.57941268238452,43.,13.8623353897047));
#5690=CARTESIAN_POINT('',(-4.57941268238452,43.,13.8623353897047));
#5691=CARTESIAN_POINT('',(-4.57941268238452,43.,13.8623353897047));
#5692=CARTESIAN_POINT('',(-4.65572741813958,43.,14.2677898701448));
#5693=CARTESIAN_POINT('',(-4.65572741813958,43.,14.8658482074906));
#5694=CARTESIAN_POINT('',(-4.2668856692924,43.,13.2108048225443));
#5695=CARTESIAN_POINT('',(-4.2668856692924,42.,13.2108048225443));
#5696=CARTESIAN_POINT('',(-4.42436052085045,43.,13.3748555470245));
#5697=CARTESIAN_POINT('',(-4.42436052085045,42.,13.3748555470245));
#5698=CARTESIAN_POINT('',(-4.52853619188115,43.,13.5920324027447));
#5699=CARTESIAN_POINT('',(-4.52853619188115,42.,13.5920324027447));
#5700=CARTESIAN_POINT('',(-4.57941268238452,43.,13.8623353897047));
#5701=CARTESIAN_POINT('',(-4.57941268238452,42.,13.8623353897047));
#5702=CARTESIAN_POINT('',(-4.2668856692924,42.,13.2108048225443));
#5703=CARTESIAN_POINT('',(-4.50309794662947,42.,13.4568809092646));
#5704=CARTESIAN_POINT('',(-4.57941268238452,42.,13.8623353897047));
#5705=CARTESIAN_POINT('',(-4.2668856692924,42.,13.2108048225443));
#5706=CARTESIAN_POINT('',(-4.2668856692924,43.,13.2108048225443));
#5707=CARTESIAN_POINT('',(-4.2668856692924,43.,13.2108048225443));
#5708=CARTESIAN_POINT('',(-4.2668856692924,43.,13.2108048225443));
#5709=CARTESIAN_POINT('',(-4.50309794662947,43.,13.4568809092646));
#5710=CARTESIAN_POINT('',(-4.57941268238452,43.,13.8623353897047));
#5711=CARTESIAN_POINT('',(-3.58628282184428,43.,12.9647287358239));
#5712=CARTESIAN_POINT('',(-3.58628282184428,42.,12.9647287358239));
#5713=CARTESIAN_POINT('',(-3.88254320191832,43.,12.9647287358239));
#5714=CARTESIAN_POINT('',(-3.88254320191832,42.,12.9647287358239));
#5715=CARTESIAN_POINT('',(-4.10941081773436,43.,13.046754098064));
#5716=CARTESIAN_POINT('',(-4.10941081773436,42.,13.046754098064));
#5717=CARTESIAN_POINT('',(-4.2668856692924,43.,13.2108048225443));
#5718=CARTESIAN_POINT('',(-4.2668856692924,42.,13.2108048225443));
#5719=CARTESIAN_POINT('',(-3.58628282184428,42.,12.9647287358239));
#5720=CARTESIAN_POINT('',(-4.03067339195534,42.,12.9647287358239));
#5721=CARTESIAN_POINT('',(-4.2668856692924,42.,13.2108048225443));
#5722=CARTESIAN_POINT('',(-3.58628282184428,42.,12.9647287358239));
#5723=CARTESIAN_POINT('',(-3.58628282184428,43.,12.9647287358239));
#5724=CARTESIAN_POINT('',(-3.58628282184428,43.,12.9647287358239));
#5725=CARTESIAN_POINT('',(-3.58628282184428,43.,12.9647287358239));
#5726=CARTESIAN_POINT('',(-4.03067339195534,43.,12.9647287358239));
#5727=CARTESIAN_POINT('',(-4.2668856692924,43.,13.2108048225443));
#5728=CARTESIAN_POINT('',(-2.89789275646197,43.,13.2108048225443));
#5729=CARTESIAN_POINT('',(-2.89789275646197,42.,13.2108048225443));
#5730=CARTESIAN_POINT('',(-3.05502150944516,43.,13.046754098064));
#5731=CARTESIAN_POINT('',(-3.05502150944516,42.,13.046754098064));
#5732=CARTESIAN_POINT('',(-3.2844848645726,43.,12.9647287358239));
#5733=CARTESIAN_POINT('',(-3.2844848645726,42.,12.9647287358239));
#5734=CARTESIAN_POINT('',(-3.58628282184428,43.,12.9647287358239));
#5735=CARTESIAN_POINT('',(-3.58628282184428,42.,12.9647287358239));
#5736=CARTESIAN_POINT('',(-2.89789275646197,42.,13.2108048225443));
#5737=CARTESIAN_POINT('',(-3.13358588593675,42.,12.9647287358239));
#5738=CARTESIAN_POINT('',(-3.58628282184428,42.,12.9647287358239));
#5739=CARTESIAN_POINT('',(-2.89789275646197,42.,13.2108048225443));
#5740=CARTESIAN_POINT('',(-2.89789275646197,43.,13.2108048225443));
#5741=CARTESIAN_POINT('',(-2.89789275646197,43.,13.2108048225443));
#5742=CARTESIAN_POINT('',(-2.89789275646197,43.,13.2108048225443));
#5743=CARTESIAN_POINT('',(-3.13358588593675,43.,12.9647287358239));
#5744=CARTESIAN_POINT('',(-3.58628282184428,43.,12.9647287358239));
#5745=CARTESIAN_POINT('',(-2.58588489123213,43.,13.8623353897047));
#5746=CARTESIAN_POINT('',(-2.58588489123213,42.,13.8623353897047));
#5747=CARTESIAN_POINT('',(-2.6367613817355,43.,13.5920324027447));
#5748=CARTESIAN_POINT('',(-2.6367613817355,42.,13.5920324027447));
#5749=CARTESIAN_POINT('',(-2.74076400347878,43.,13.3748555470245));
#5750=CARTESIAN_POINT('',(-2.74076400347878,42.,13.3748555470245));
#5751=CARTESIAN_POINT('',(-2.89789275646197,43.,13.2108048225443));
#5752=CARTESIAN_POINT('',(-2.89789275646197,42.,13.2108048225443));
#5753=CARTESIAN_POINT('',(-2.58588489123213,42.,13.8623353897047));
#5754=CARTESIAN_POINT('',(-2.66219962698718,42.,13.4568809092646));
#5755=CARTESIAN_POINT('',(-2.89789275646197,42.,13.2108048225443));
#5756=CARTESIAN_POINT('',(-2.58588489123213,42.,13.8623353897047));
#5757=CARTESIAN_POINT('',(-2.58588489123213,43.,13.8623353897047));
#5758=CARTESIAN_POINT('',(-2.58588489123213,43.,13.8623353897047));
#5759=CARTESIAN_POINT('',(-2.58588489123213,43.,13.8623353897047));
#5760=CARTESIAN_POINT('',(-2.66219962698718,43.,13.4568809092646));
#5761=CARTESIAN_POINT('',(-2.89789275646197,43.,13.2108048225443));
#5762=CARTESIAN_POINT('',(-2.50957015547707,43.,14.8658482074906));
#5763=CARTESIAN_POINT('',(-2.50957015547707,42.,14.8658482074906));
#5764=CARTESIAN_POINT('',(-2.50957015547707,43.,14.4671426492601));
#5765=CARTESIAN_POINT('',(-2.50957015547707,42.,14.4671426492601));
#5766=CARTESIAN_POINT('',(-2.53500840072876,43.,14.1326383766648));
#5767=CARTESIAN_POINT('',(-2.53500840072876,42.,14.1326383766648));
#5768=CARTESIAN_POINT('',(-2.58588489123213,43.,13.8623353897047));
#5769=CARTESIAN_POINT('',(-2.58588489123213,42.,13.8623353897047));
#5770=CARTESIAN_POINT('',(-2.50957015547707,42.,14.8658482074906));
#5771=CARTESIAN_POINT('',(-2.50957015547707,42.,14.2677898701448));
#5772=CARTESIAN_POINT('',(-2.58588489123213,42.,13.8623353897047));
#5773=CARTESIAN_POINT('',(-2.50957015547707,42.,14.8658482074906));
#5774=CARTESIAN_POINT('',(-2.50957015547707,43.,14.8658482074906));
#5775=CARTESIAN_POINT('',(-2.50957015547707,43.,14.8658482074906));
#5776=CARTESIAN_POINT('',(-2.50957015547707,43.,14.8658482074906));
#5777=CARTESIAN_POINT('',(-2.50957015547707,43.,14.2677898701448));
#5778=CARTESIAN_POINT('',(-2.58588489123213,43.,13.8623353897047));
#5779=CARTESIAN_POINT('',(-2.58588489123213,43.,15.8454802236115));
#5780=CARTESIAN_POINT('',(-2.58588489123213,42.,15.8454802236115));
#5781=CARTESIAN_POINT('',(-2.53500840072876,43.,15.5772538281006));
#5782=CARTESIAN_POINT('',(-2.53500840072876,42.,15.5772538281006));
#5783=CARTESIAN_POINT('',(-2.50957015547707,43.,15.2507098227269));
#5784=CARTESIAN_POINT('',(-2.50957015547707,42.,15.2507098227269));
#5785=CARTESIAN_POINT('',(-2.50957015547707,43.,14.8658482074906));
#5786=CARTESIAN_POINT('',(-2.50957015547707,42.,14.8658482074906));
#5787=CARTESIAN_POINT('',(-2.58588489123213,42.,15.8454802236115));
#5788=CARTESIAN_POINT('',(-2.50957015547707,42.,15.4431406303451));
#5789=CARTESIAN_POINT('',(-2.50957015547707,42.,14.8658482074906));
#5790=CARTESIAN_POINT('',(-2.58588489123213,42.,15.8454802236115));
#5791=CARTESIAN_POINT('',(-2.58588489123213,43.,15.8454802236115));
#5792=CARTESIAN_POINT('',(-2.58588489123213,43.,15.8454802236115));
#5793=CARTESIAN_POINT('',(-2.58588489123213,43.,15.8454802236115));
#5794=CARTESIAN_POINT('',(-2.50957015547707,43.,15.4431406303451));
#5795=CARTESIAN_POINT('',(-2.50957015547707,43.,14.8658482074906));
#5796=CARTESIAN_POINT('',(-2.89789275646197,43.,16.4933767557361));
#5797=CARTESIAN_POINT('',(-2.89789275646197,42.,16.4933767557361));
#5798=CARTESIAN_POINT('',(-2.74076400347878,43.,16.3296721298307));
#5799=CARTESIAN_POINT('',(-2.74076400347878,42.,16.3296721298307));
#5800=CARTESIAN_POINT('',(-2.6367613817355,43.,16.1137066191225));
#5801=CARTESIAN_POINT('',(-2.6367613817355,42.,16.1137066191225));
#5802=CARTESIAN_POINT('',(-2.58588489123213,43.,15.8454802236115));
#5803=CARTESIAN_POINT('',(-2.58588489123213,42.,15.8454802236115));
#5804=CARTESIAN_POINT('',(-2.89789275646197,42.,16.4933767557361));
#5805=CARTESIAN_POINT('',(-2.66219962698718,42.,16.247819816878));
#5806=CARTESIAN_POINT('',(-2.58588489123213,42.,15.8454802236115));
#5807=CARTESIAN_POINT('',(-2.89789275646197,42.,16.4933767557361));
#5808=CARTESIAN_POINT('',(-2.89789275646197,43.,16.4933767557361));
#5809=CARTESIAN_POINT('',(-2.89789275646197,43.,16.4933767557361));
#5810=CARTESIAN_POINT('',(-2.89789275646197,43.,16.4933767557361));
#5811=CARTESIAN_POINT('',(-2.66219962698718,43.,16.247819816878));
#5812=CARTESIAN_POINT('',(-2.58588489123213,43.,15.8454802236115));
#5813=CARTESIAN_POINT('',(-3.58628282184428,43.,16.7389336945942));
#5814=CARTESIAN_POINT('',(-3.58628282184428,42.,16.7389336945942));
#5815=CARTESIAN_POINT('',(-3.2844848645726,43.,16.7389336945942));
#5816=CARTESIAN_POINT('',(-3.2844848645726,42.,16.7389336945942));
#5817=CARTESIAN_POINT('',(-3.05502150944516,43.,16.6570813816415));
#5818=CARTESIAN_POINT('',(-3.05502150944516,42.,16.6570813816415));
#5819=CARTESIAN_POINT('',(-2.89789275646197,43.,16.4933767557361));
#5820=CARTESIAN_POINT('',(-2.89789275646197,42.,16.4933767557361));
#5821=CARTESIAN_POINT('',(-3.58628282184428,42.,16.7389336945942));
#5822=CARTESIAN_POINT('',(-3.13358588593675,42.,16.7389336945942));
#5823=CARTESIAN_POINT('',(-2.89789275646197,42.,16.4933767557361));
#5824=CARTESIAN_POINT('',(-3.58628282184428,42.,16.7389336945942));
#5825=CARTESIAN_POINT('',(-3.58628282184428,43.,16.7389336945942));
#5826=CARTESIAN_POINT('',(-3.58628282184428,43.,16.7389336945942));
#5827=CARTESIAN_POINT('',(-3.58628282184428,43.,16.7389336945942));
#5828=CARTESIAN_POINT('',(-3.13358588593675,43.,16.7389336945942));
#5829=CARTESIAN_POINT('',(-2.89789275646197,43.,16.4933767557361));
#5830=CARTESIAN_POINT('',(-4.2668856692924,43.,16.4933767557361));
#5831=CARTESIAN_POINT('',(-4.2668856692924,42.,16.4933767557361));
#5832=CARTESIAN_POINT('',(-4.10941081773436,43.,16.6570813816415));
#5833=CARTESIAN_POINT('',(-4.10941081773436,42.,16.6570813816415));
#5834=CARTESIAN_POINT('',(-3.88254320191832,43.,16.7389336945942));
#5835=CARTESIAN_POINT('',(-3.88254320191832,42.,16.7389336945942));
#5836=CARTESIAN_POINT('',(-3.58628282184428,43.,16.7389336945942));
#5837=CARTESIAN_POINT('',(-3.58628282184428,42.,16.7389336945942));
#5838=CARTESIAN_POINT('',(-4.2668856692924,42.,16.4933767557361));
#5839=CARTESIAN_POINT('',(-4.03067339195534,42.,16.7389336945942));
#5840=CARTESIAN_POINT('',(-3.58628282184428,42.,16.7389336945942));
#5841=CARTESIAN_POINT('',(-4.2668856692924,42.,16.4933767557361));
#5842=CARTESIAN_POINT('',(-4.2668856692924,43.,16.4933767557361));
#5843=CARTESIAN_POINT('',(-4.2668856692924,43.,16.4933767557361));
#5844=CARTESIAN_POINT('',(-4.2668856692924,43.,16.4933767557361));
#5845=CARTESIAN_POINT('',(-4.03067339195534,43.,16.7389336945942));
#5846=CARTESIAN_POINT('',(-3.58628282184428,43.,16.7389336945942));
#5847=CARTESIAN_POINT('',(-1.91151181813136,43.,14.8658482074906));
#5848=CARTESIAN_POINT('',(-1.91151181813136,42.,14.8658482074906));
#5849=CARTESIAN_POINT('',(-1.91151181813135,43.,15.6272650721668));
#5850=CARTESIAN_POINT('',(-1.91151181813136,42.,15.6272650721668));
#5851=CARTESIAN_POINT('',(-2.0355881572161,43.,16.221862423764));
#5852=CARTESIAN_POINT('',(-2.0355881572161,42.,16.221862423764));
#5853=CARTESIAN_POINT('',(-2.28374083538559,43.,16.6496402622822));
#5854=CARTESIAN_POINT('',(-2.28374083538559,42.,16.6496402622822));
#5855=CARTESIAN_POINT('',(-1.91151181813136,43.,14.8658482074906));
#5856=CARTESIAN_POINT('',(-1.91151181813136,43.,14.8658482074906));
#5857=CARTESIAN_POINT('',(-1.91151181813136,43.,14.8658482074906));
#5858=CARTESIAN_POINT('',(-1.91151181813136,43.,16.0079735045049));
#5859=CARTESIAN_POINT('',(-2.28374083538559,43.,16.6496402622822));
#5860=CARTESIAN_POINT('',(-2.28374083538559,43.,16.6496402622822));
#5861=CARTESIAN_POINT('',(-2.28374083538559,43.,16.6496402622822));
#5862=CARTESIAN_POINT('',(-2.28374083538559,43.,13.0581753510341));
#5863=CARTESIAN_POINT('',(-2.28374083538559,42.,13.0581753510341));
#5864=CARTESIAN_POINT('',(-2.0355881572161,43.,13.4880297810014));
#5865=CARTESIAN_POINT('',(-2.0355881572161,42.,13.4880297810014));
#5866=CARTESIAN_POINT('',(-1.91151181813135,43.,14.0905873998202));
#5867=CARTESIAN_POINT('',(-1.91151181813136,42.,14.0905873998202));
#5868=CARTESIAN_POINT('',(-1.91151181813136,43.,14.8658482074906));
#5869=CARTESIAN_POINT('',(-1.91151181813136,42.,14.8658482074906));
#5870=CARTESIAN_POINT('',(-2.28374083538559,43.,13.0581753510341));
#5871=CARTESIAN_POINT('',(-2.28374083538559,43.,13.0581753510341));
#5872=CARTESIAN_POINT('',(-2.28374083538559,43.,13.0581753510341));
#5873=CARTESIAN_POINT('',(-1.91151181813136,43.,13.702956995985));
#5874=CARTESIAN_POINT('',(-1.91151181813136,43.,14.8658482074906));
#5875=CARTESIAN_POINT('',(-3.58628282184428,43.,12.4133937060833));
#5876=CARTESIAN_POINT('',(-3.58628282184428,42.,12.4133937060833));
#5877=CARTESIAN_POINT('',(-2.96607417570798,43.,12.4133937060833));
#5878=CARTESIAN_POINT('',(-2.96607417570798,42.,12.4133937060833));
#5879=CARTESIAN_POINT('',(-2.53189351355508,43.,12.6283209210669));
#5880=CARTESIAN_POINT('',(-2.53189351355508,42.,12.6283209210669));
#5881=CARTESIAN_POINT('',(-2.28374083538559,43.,13.0581753510341));
#5882=CARTESIAN_POINT('',(-2.28374083538559,42.,13.0581753510341));
#5883=CARTESIAN_POINT('',(-3.58628282184428,43.,12.4133937060833));
#5884=CARTESIAN_POINT('',(-3.58628282184428,43.,12.4133937060833));
#5885=CARTESIAN_POINT('',(-3.58628282184428,43.,12.4133937060833));
#5886=CARTESIAN_POINT('',(-2.65596985263983,43.,12.4133937060833));
#5887=CARTESIAN_POINT('',(-2.28374083538559,43.,13.0581753510341));
#5888=CARTESIAN_POINT('',(-4.88155673823106,43.,13.0581753510341));
#5889=CARTESIAN_POINT('',(-4.88155673823106,42.,13.0581753510341));
#5890=CARTESIAN_POINT('',(-4.63340406006157,43.,12.6283209210669));
#5891=CARTESIAN_POINT('',(-4.63340406006157,42.,12.6283209210669));
#5892=CARTESIAN_POINT('',(-4.20164608793264,43.,12.4133937060833));
#5893=CARTESIAN_POINT('',(-4.20164608793264,42.,12.4133937060833));
#5894=CARTESIAN_POINT('',(-3.58628282184428,43.,12.4133937060833));
#5895=CARTESIAN_POINT('',(-3.58628282184428,42.,12.4133937060833));
#5896=CARTESIAN_POINT('',(-4.88155673823106,43.,13.0581753510341));
#5897=CARTESIAN_POINT('',(-4.88155673823106,43.,13.0581753510341));
#5898=CARTESIAN_POINT('',(-4.88155673823106,43.,13.0581753510341));
#5899=CARTESIAN_POINT('',(-4.50932772097682,43.,12.4133937060833));
#5900=CARTESIAN_POINT('',(-3.58628282184428,43.,12.4133937060833));
#5901=CARTESIAN_POINT('',(-5.2537857554853,43.,14.8658482074906));
#5902=CARTESIAN_POINT('',(-5.2537857554853,42.,14.8658482074906));
#5903=CARTESIAN_POINT('',(-5.2537857554853,43.,14.0905873998202));
#5904=CARTESIAN_POINT('',(-5.2537857554853,42.,14.0905873998202));
#5905=CARTESIAN_POINT('',(-5.12970941640055,43.,13.4880297810014));
#5906=CARTESIAN_POINT('',(-5.12970941640055,42.,13.4880297810014));
#5907=CARTESIAN_POINT('',(-4.88155673823106,43.,13.0581753510341));
#5908=CARTESIAN_POINT('',(-4.88155673823106,42.,13.0581753510341));
#5909=CARTESIAN_POINT('',(-5.2537857554853,43.,14.8658482074906));
#5910=CARTESIAN_POINT('',(-5.2537857554853,43.,14.8658482074906));
#5911=CARTESIAN_POINT('',(-5.2537857554853,43.,14.8658482074906));
#5912=CARTESIAN_POINT('',(-5.2537857554853,43.,13.702956995985));
#5913=CARTESIAN_POINT('',(-4.88155673823106,43.,13.0581753510341));
#5914=CARTESIAN_POINT('',(-4.88155673823106,43.,16.6496402622822));
#5915=CARTESIAN_POINT('',(-4.88155673823106,42.,16.6496402622822));
#5916=CARTESIAN_POINT('',(-5.12970941640055,43.,16.221862423764));
#5917=CARTESIAN_POINT('',(-5.12970941640055,42.,16.221862423764));
#5918=CARTESIAN_POINT('',(-5.2537857554853,43.,15.6272650721668));
#5919=CARTESIAN_POINT('',(-5.2537857554853,42.,15.6272650721668));
#5920=CARTESIAN_POINT('',(-5.2537857554853,43.,14.8658482074906));
#5921=CARTESIAN_POINT('',(-5.2537857554853,42.,14.8658482074906));
#5922=CARTESIAN_POINT('',(-4.88155673823106,43.,16.6496402622822));
#5923=CARTESIAN_POINT('',(-4.88155673823106,43.,16.6496402622822));
#5924=CARTESIAN_POINT('',(-4.88155673823106,43.,16.6496402622822));
#5925=CARTESIAN_POINT('',(-5.2537857554853,43.,16.0079735045049));
#5926=CARTESIAN_POINT('',(-5.2537857554853,43.,14.8658482074906));
#5927=CARTESIAN_POINT('',(-3.58628282184428,43.,17.2913070200593));
#5928=CARTESIAN_POINT('',(-3.58628282184428,42.,17.2913070200593));
#5929=CARTESIAN_POINT('',(-4.20164608793264,43.,17.2913070200593));
#5930=CARTESIAN_POINT('',(-4.20164608793264,42.,17.2913070200593));
#5931=CARTESIAN_POINT('',(-4.63340406006157,43.,17.0774181008003));
#5932=CARTESIAN_POINT('',(-4.63340406006157,42.,17.0774181008003));
#5933=CARTESIAN_POINT('',(-4.88155673823106,43.,16.6496402622822));
#5934=CARTESIAN_POINT('',(-4.88155673823106,42.,16.6496402622822));
#5935=CARTESIAN_POINT('',(-3.58628282184428,43.,17.2913070200593));
#5936=CARTESIAN_POINT('',(-3.58628282184428,43.,17.2913070200593));
#5937=CARTESIAN_POINT('',(-3.58628282184428,43.,17.2913070200593));
#5938=CARTESIAN_POINT('',(-4.50932772097682,43.,17.2913070200593));
#5939=CARTESIAN_POINT('',(-4.88155673823106,43.,16.6496402622822));
#5940=CARTESIAN_POINT('',(-2.28374083538559,43.,16.6496402622822));
#5941=CARTESIAN_POINT('',(-2.28374083538559,42.,16.6496402622822));
#5942=CARTESIAN_POINT('',(-2.53189351355508,43.,17.0774181008003));
#5943=CARTESIAN_POINT('',(-2.53189351355508,42.,17.0774181008003));
#5944=CARTESIAN_POINT('',(-2.96607417570798,43.,17.2913070200593));
#5945=CARTESIAN_POINT('',(-2.96607417570798,42.,17.2913070200593));
#5946=CARTESIAN_POINT('',(-3.58628282184428,43.,17.2913070200593));
#5947=CARTESIAN_POINT('',(-3.58628282184428,42.,17.2913070200593));
#5948=CARTESIAN_POINT('',(-2.28374083538559,43.,16.6496402622822));
#5949=CARTESIAN_POINT('',(-2.65596985263983,43.,17.2913070200593));
#5950=CARTESIAN_POINT('',(-3.58628282184428,43.,17.2913070200593));
#5951=CARTESIAN_POINT('',(-4.57941268238452,43.,15.8454802236115));
#5952=CARTESIAN_POINT('',(-4.57941268238452,42.,15.8454802236115));
#5953=CARTESIAN_POINT('',(-4.52853619188115,43.,16.1137066191225));
#5954=CARTESIAN_POINT('',(-4.52853619188115,42.,16.1137066191225));
#5955=CARTESIAN_POINT('',(-4.42436052085045,43.,16.3296721298307));
#5956=CARTESIAN_POINT('',(-4.42436052085045,42.,16.3296721298307));
#5957=CARTESIAN_POINT('',(-4.2668856692924,43.,16.4933767557361));
#5958=CARTESIAN_POINT('',(-4.2668856692924,42.,16.4933767557361));
#5959=CARTESIAN_POINT('',(-4.57941268238452,42.,15.8454802236115));
#5960=CARTESIAN_POINT('',(-4.50309794662947,42.,16.247819816878));
#5961=CARTESIAN_POINT('',(-4.2668856692924,42.,16.4933767557361));
#5962=CARTESIAN_POINT('',(-4.57941268238452,43.,15.8454802236115));
#5963=CARTESIAN_POINT('',(-4.50309794662947,43.,16.247819816878));
#5964=CARTESIAN_POINT('',(-4.2668856692924,43.,16.4933767557361));
#5965=CARTESIAN_POINT('',(1.98452365651747E-14,43.,13.5801401895208));
#5966=CARTESIAN_POINT('',(1.98313544468773,43.,12.8982778094521));
#5967=CARTESIAN_POINT('',(1.98313544468773,42.,12.8982778094521));
#5968=CARTESIAN_POINT('',(1.420379161977,43.,13.35028254821));
#5969=CARTESIAN_POINT('',(1.420379161977,42.,13.35028254821));
#5970=CARTESIAN_POINT('',(0.979449577614477,43.,13.7213002204522));
#5971=CARTESIAN_POINT('',(0.979449577614477,42.,13.7213002204522));
#5972=CARTESIAN_POINT('',(0.660346691600151,43.,14.0113308261789));
#5973=CARTESIAN_POINT('',(0.660346691600151,42.,14.0113308261789));
#5974=CARTESIAN_POINT('',(1.98313544468773,43.,12.8982778094521));
#5975=CARTESIAN_POINT('',(1.98313544468773,43.,12.8982778094521));
#5976=CARTESIAN_POINT('',(1.98313544468773,43.,12.8982778094521));
#5977=CARTESIAN_POINT('',(1.13900102062164,43.,13.5762849175889));
#5978=CARTESIAN_POINT('',(0.660346691600151,43.,14.0113308261789));
#5979=CARTESIAN_POINT('',(0.660346691600151,43.,14.0113308261789));
#5980=CARTESIAN_POINT('',(0.660346691600151,43.,14.0113308261789));
#5981=CARTESIAN_POINT('',(1.98313544468773,43.,12.682312298744));
#5982=CARTESIAN_POINT('',(1.98313544468773,43.,12.4663467880358));
#5983=CARTESIAN_POINT('',(1.98313544468773,43.,12.4663467880358));
#5984=CARTESIAN_POINT('',(1.98313544468773,43.,12.682312298744));
#5985=CARTESIAN_POINT('',(0.384679176729859,43.,12.4663467880358));
#5986=CARTESIAN_POINT('',(-1.21377709122801,43.,12.4663467880358));
#5987=CARTESIAN_POINT('',(-1.21377709122801,43.,12.4663467880358));
#5988=CARTESIAN_POINT('',(0.384679176729859,43.,12.4663467880358));
#5989=CARTESIAN_POINT('',(-1.21377709122801,43.,12.7191717969658));
#5990=CARTESIAN_POINT('',(-1.21377709122801,43.,12.9719968058958));
#5991=CARTESIAN_POINT('',(-1.21377709122801,43.,12.9719968058958));
#5992=CARTESIAN_POINT('',(-1.21377709122801,43.,12.7191717969658));
#5993=CARTESIAN_POINT('',(-0.0706134984890615,43.,12.9719968058958));
#5994=CARTESIAN_POINT('',(1.07255009424989,43.,12.9719968058958));
#5995=CARTESIAN_POINT('',(1.0727911325104,43.,12.9723003199185));
#5996=CARTESIAN_POINT('',(-0.0706134984890615,43.,12.9719968058958));
#5997=CARTESIAN_POINT('',(12.6865670542269,43.,27.5963016789385));
#5998=CARTESIAN_POINT('',(0.00258635009231588,43.,13.8919268178547));
#5999=CARTESIAN_POINT('',(0.00228199802388188,43.,13.8915977508355));
#6000=CARTESIAN_POINT('',(12.6865670542269,43.,27.5963016789385));
#6001=CARTESIAN_POINT('',(3.24166166964411,43.,17.2904076126007));
#6002=CARTESIAN_POINT('',(-0.744986571589833,43.,14.8092610905021));
#6003=CARTESIAN_POINT('',(-0.744986571589833,43.,14.8092610905021));
#6004=CARTESIAN_POINT('',(3.24166166964411,43.,17.2904076126007));
#6005=CARTESIAN_POINT('',(-1.07360716841261,43.,15.8823397218334));
#6006=CARTESIAN_POINT('',(-1.07360716841261,42.,15.8823397218334));
#6007=CARTESIAN_POINT('',(-1.07360716841261,43.,15.5147830353397));
#6008=CARTESIAN_POINT('',(-1.07360716841261,42.,15.5147830353397));
#6009=CARTESIAN_POINT('',(-0.964066969471686,43.,15.1570901582292));
#6010=CARTESIAN_POINT('',(-0.964066969471686,42.,15.1570901582292));
#6011=CARTESIAN_POINT('',(-0.744986571589833,43.,14.8092610905021));
#6012=CARTESIAN_POINT('',(-0.744986571589833,42.,14.8092610905021));
#6013=CARTESIAN_POINT('',(-1.07360716841261,43.,15.8823397218334));
#6014=CARTESIAN_POINT('',(-1.07360716841261,43.,15.8823397218334));
#6015=CARTESIAN_POINT('',(-1.07360716841261,43.,15.8823397218334));
#6016=CARTESIAN_POINT('',(-1.07360716841261,43.,15.3310046920928));
#6017=CARTESIAN_POINT('',(-0.744986571589833,43.,14.8092610905021));
#6018=CARTESIAN_POINT('',(-0.671786723008457,43.,16.9253077771524));
#6019=CARTESIAN_POINT('',(-0.671786723008457,42.,16.9253077771524));
#6020=CARTESIAN_POINT('',(-0.93966701994456,43.,16.6730019160847));
#6021=CARTESIAN_POINT('',(-0.93966701994456,42.,16.6730019160847));
#6022=CARTESIAN_POINT('',(-1.07360716841261,43.,16.325345897645));
#6023=CARTESIAN_POINT('',(-1.07360716841261,42.,16.325345897645));
#6024=CARTESIAN_POINT('',(-1.07360716841261,43.,15.8823397218334));
#6025=CARTESIAN_POINT('',(-1.07360716841261,42.,15.8823397218334));
#6026=CARTESIAN_POINT('',(-0.671786723008457,43.,16.9253077771524));
#6027=CARTESIAN_POINT('',(-0.671786723008457,43.,16.9253077771524));
#6028=CARTESIAN_POINT('',(-0.671786723008457,43.,16.9253077771524));
#6029=CARTESIAN_POINT('',(-1.07360716841261,43.,16.5468489855509));
#6030=CARTESIAN_POINT('',(-1.07360716841261,43.,15.8823397218334));
#6031=CARTESIAN_POINT('',(0.414270604879777,43.,17.303766568754));
#6032=CARTESIAN_POINT('',(0.414270604879777,42.,17.303766568754));
#6033=CARTESIAN_POINT('',(-0.0418873167762753,43.,17.303766568754));
#6034=CARTESIAN_POINT('',(-0.0418873167762754,42.,17.303766568754));
#6035=CARTESIAN_POINT('',(-0.403906426072353,43.,17.1776136382202));
#6036=CARTESIAN_POINT('',(-0.403906426072353,42.,17.1776136382202));
#6037=CARTESIAN_POINT('',(-0.671786723008457,43.,16.9253077771524));
#6038=CARTESIAN_POINT('',(-0.671786723008457,42.,16.9253077771524));
#6039=CARTESIAN_POINT('',(0.414270604879777,43.,17.303766568754));
#6040=CARTESIAN_POINT('',(0.414270604879777,43.,17.303766568754));
#6041=CARTESIAN_POINT('',(0.414270604879777,43.,17.303766568754));
#6042=CARTESIAN_POINT('',(-0.269966277604301,43.,17.303766568754));
#6043=CARTESIAN_POINT('',(-0.671786723008457,43.,16.9253077771524));
#6044=CARTESIAN_POINT('',(1.51123003787587,43.,16.8988312361762));
#6045=CARTESIAN_POINT('',(1.51123003787587,42.,16.8988312361762));
#6046=CARTESIAN_POINT('',(1.22777530507139,43.,17.1687881245614));
#6047=CARTESIAN_POINT('',(1.22777530507139,42.,17.1687881245614));
#6048=CARTESIAN_POINT('',(0.86212216073936,43.,17.303766568754));
#6049=CARTESIAN_POINT('',(0.86212216073936,42.,17.303766568754));
#6050=CARTESIAN_POINT('',(0.414270604879777,43.,17.303766568754));
#6051=CARTESIAN_POINT('',(0.414270604879777,42.,17.303766568754));
#6052=CARTESIAN_POINT('',(1.51123003787587,43.,16.8988312361762));
#6053=CARTESIAN_POINT('',(1.51123003787587,43.,16.8988312361762));
#6054=CARTESIAN_POINT('',(1.51123003787587,43.,16.8988312361762));
#6055=CARTESIAN_POINT('',(1.08604793866915,43.,17.303766568754));
#6056=CARTESIAN_POINT('',(0.414270604879777,43.,17.303766568754));
#6057=CARTESIAN_POINT('',(1.96236953019656,43.,15.7494378690899));
#6058=CARTESIAN_POINT('',(1.96236953019656,42.,15.7494378690899));
#6059=CARTESIAN_POINT('',(1.94506460145392,43.,16.2457432254289));
#6060=CARTESIAN_POINT('',(1.94506460145392,42.,16.2457432254289));
#6061=CARTESIAN_POINT('',(1.79468477068036,43.,16.628874347791));
#6062=CARTESIAN_POINT('',(1.79468477068035,42.,16.628874347791));
#6063=CARTESIAN_POINT('',(1.51123003787587,43.,16.8988312361762));
#6064=CARTESIAN_POINT('',(1.51123003787587,42.,16.8988312361762));
#6065=CARTESIAN_POINT('',(1.96236953019656,43.,15.7494378690899));
#6066=CARTESIAN_POINT('',(1.96236953019656,43.,15.7494378690899));
#6067=CARTESIAN_POINT('',(1.96236953019656,43.,15.7494378690899));
#6068=CARTESIAN_POINT('',(1.9364121370826,43.,16.4938959035984));
#6069=CARTESIAN_POINT('',(1.51123003787587,43.,16.8988312361762));
#6070=CARTESIAN_POINT('',(1.67008928373333,43.,15.7494378690899));
#6071=CARTESIAN_POINT('',(1.3778090372701,43.,15.7494378690899));
#6072=CARTESIAN_POINT('',(1.3778090372701,43.,15.7494378690899));
#6073=CARTESIAN_POINT('',(1.67008928373333,43.,15.7494378690899));
#6074=CARTESIAN_POINT('',(1.10889044460944,43.,16.5032405651194));
#6075=CARTESIAN_POINT('',(1.10889044460944,42.,16.5032405651194));
#6076=CARTESIAN_POINT('',(1.27501776053881,43.,16.3149629403994));
#6077=CARTESIAN_POINT('',(1.27501776053881,42.,16.3149629403994));
#6078=CARTESIAN_POINT('',(1.36465729142569,43.,16.0636953750563));
#6079=CARTESIAN_POINT('',(1.36465729142569,42.,16.0636953750563));
#6080=CARTESIAN_POINT('',(1.3778090372701,43.,15.7494378690899));
#6081=CARTESIAN_POINT('',(1.3778090372701,42.,15.7494378690899));
#6082=CARTESIAN_POINT('',(1.10889044460944,43.,16.5032405651194));
#6083=CARTESIAN_POINT('',(1.10889044460944,43.,16.5032405651194));
#6084=CARTESIAN_POINT('',(1.10889044460944,43.,16.5032405651194));
#6085=CARTESIAN_POINT('',(1.35808141850349,43.,16.2208241280395));
#6086=CARTESIAN_POINT('',(1.3778090372701,43.,15.7494378690899));
#6087=CARTESIAN_POINT('',(0.408040830532426,43.,16.7856570021993));
#6088=CARTESIAN_POINT('',(0.408040830532426,42.,16.7856570021993));
#6089=CARTESIAN_POINT('',(0.709146590654403,43.,16.7856570021993));
#6090=CARTESIAN_POINT('',(0.709146590654402,42.,16.7856570021993));
#6091=CARTESIAN_POINT('',(0.942763128680074,43.,16.6915181898393));
#6092=CARTESIAN_POINT('',(0.942763128680074,42.,16.6915181898393));
#6093=CARTESIAN_POINT('',(1.10889044460944,43.,16.5032405651194));
#6094=CARTESIAN_POINT('',(1.10889044460944,42.,16.5032405651194));
#6095=CARTESIAN_POINT('',(0.408040830532426,43.,16.7856570021993));
#6096=CARTESIAN_POINT('',(0.408040830532426,43.,16.7856570021993));
#6097=CARTESIAN_POINT('',(0.408040830532426,43.,16.7856570021993));
#6098=CARTESIAN_POINT('',(0.859699470715391,43.,16.7856570021993));
#6099=CARTESIAN_POINT('',(1.10889044460944,43.,16.5032405651194));
#6100=CARTESIAN_POINT('',(-0.266332242568346,43.,16.5364660283052));
#6101=CARTESIAN_POINT('',(-0.266332242568346,42.,16.5364660283052));
#6102=CARTESIAN_POINT('',(-0.126854516902649,43.,16.7025933442346));
#6103=CARTESIAN_POINT('',(-0.126854516902649,42.,16.7025933442346));
#6104=CARTESIAN_POINT('',(0.0979365074642747,43.,16.7856570021993));
#6105=CARTESIAN_POINT('',(0.0979365074642746,42.,16.7856570021993));
#6106=CARTESIAN_POINT('',(0.408040830532426,43.,16.7856570021993));
#6107=CARTESIAN_POINT('',(0.408040830532426,42.,16.7856570021993));
#6108=CARTESIAN_POINT('',(-0.266332242568346,43.,16.5364660283052));
#6109=CARTESIAN_POINT('',(-0.266332242568346,43.,16.5364660283052));
#6110=CARTESIAN_POINT('',(-0.266332242568346,43.,16.5364660283052));
#6111=CARTESIAN_POINT('',(-0.057115654069801,43.,16.7856570021993));
#6112=CARTESIAN_POINT('',(0.408040830532426,43.,16.7856570021993));
#6113=CARTESIAN_POINT('',(-0.475548831066893,43.,15.8553440329949));
#6114=CARTESIAN_POINT('',(-0.475548831066893,42.,15.8553440329949));
#6115=CARTESIAN_POINT('',(-0.475548831066893,43.,16.1432980472724));
#6116=CARTESIAN_POINT('',(-0.475548831066893,42.,16.1432980472724));
#6117=CARTESIAN_POINT('',(-0.405809968234044,43.,16.3703387123759));
#6118=CARTESIAN_POINT('',(-0.405809968234044,42.,16.3703387123759));
#6119=CARTESIAN_POINT('',(-0.266332242568346,43.,16.5364660283052));
#6120=CARTESIAN_POINT('',(-0.266332242568346,42.,16.5364660283052));
#6121=CARTESIAN_POINT('',(-0.475548831066893,43.,15.8553440329949));
#6122=CARTESIAN_POINT('',(-0.475548831066893,43.,15.8553440329949));
#6123=CARTESIAN_POINT('',(-0.475548831066893,43.,15.8553440329949));
#6124=CARTESIAN_POINT('',(-0.475548831066893,43.,16.2872750544112));
#6125=CARTESIAN_POINT('',(-0.266332242568346,43.,16.5364660283052));
#6126=CARTESIAN_POINT('',(-0.146928234244114,43.,14.9219161766167));
#6127=CARTESIAN_POINT('',(-0.146928234244114,42.,14.9219161766167));
#6128=CARTESIAN_POINT('',(-0.366008632125967,43.,15.2389424711819));
#6129=CARTESIAN_POINT('',(-0.366008632125967,42.,15.2389424711819));
#6130=CARTESIAN_POINT('',(-0.475548831066893,43.,15.5500850899746));
#6131=CARTESIAN_POINT('',(-0.475548831066893,42.,15.5500850899746));
#6132=CARTESIAN_POINT('',(-0.475548831066893,43.,15.8553440329949));
#6133=CARTESIAN_POINT('',(-0.475548831066893,42.,15.8553440329949));
#6134=CARTESIAN_POINT('',(-0.146928234244114,43.,14.9219161766167));
#6135=CARTESIAN_POINT('',(-0.146928234244114,43.,14.9219161766167));
#6136=CARTESIAN_POINT('',(-0.146928234244114,43.,14.9219161766167));
#6137=CARTESIAN_POINT('',(-0.475548831066893,43.,15.3974556184645));
#6138=CARTESIAN_POINT('',(-0.475548831066893,43.,15.8553440329949));
#6139=CARTESIAN_POINT('',(4.22358706364476,43.,17.9912846662381));
#6140=CARTESIAN_POINT('',(4.22358706364476,43.,17.9912846662381));
#6141=CARTESIAN_POINT('',(1.98452365651747E-14,43.,13.5801401895208));
#6142=CARTESIAN_POINT('',(4.99938452453029,43.,15.4701363191837));
#6143=CARTESIAN_POINT('',(4.99938452453029,42.,15.4701363191837));
#6144=CARTESIAN_POINT('',(4.30164979762695,42.,15.4701363191837));
#6145=CARTESIAN_POINT('',(5.69711925143363,42.,15.4701363191837));
#6146=CARTESIAN_POINT('',(4.30164979762695,43.,15.4701363191837));
#6147=CARTESIAN_POINT('',(4.30164979762695,43.,15.4701363191837));
#6148=CARTESIAN_POINT('',(4.99938452453029,43.,15.4701363191837));
#6149=CARTESIAN_POINT('',(5.69711925143363,43.,15.4701363191837));
#6150=CARTESIAN_POINT('',(5.69711925143363,43.,15.4701363191837));
#6151=CARTESIAN_POINT('',(4.42780272816081,43.,14.8720779818379));
#6152=CARTESIAN_POINT('',(4.42780272816081,42.,14.8720779818379));
#6153=CARTESIAN_POINT('',(4.55395565869468,42.,14.2740196444922));
#6154=CARTESIAN_POINT('',(4.55395565869468,43.,14.2740196444922));
#6155=CARTESIAN_POINT('',(4.55395565869468,43.,14.2740196444922));
#6156=CARTESIAN_POINT('',(4.42780272816081,43.,14.8720779818379));
#6157=CARTESIAN_POINT('',(5.25169038559802,43.,14.2740196444922));
#6158=CARTESIAN_POINT('',(5.25169038559802,42.,14.2740196444922));
#6159=CARTESIAN_POINT('',(5.94942511250136,42.,14.2740196444922));
#6160=CARTESIAN_POINT('',(5.94942511250136,43.,14.2740196444922));
#6161=CARTESIAN_POINT('',(5.94942511250136,43.,14.2740196444922));
#6162=CARTESIAN_POINT('',(5.25169038559802,43.,14.2740196444922));
#6163=CARTESIAN_POINT('',(3.84999115744399,43.,14.8720779818379));
#6164=CARTESIAN_POINT('',(3.72331907904784,43.,15.4701363191837));
#6165=CARTESIAN_POINT('',(3.72331907904784,43.,15.4701363191837));
#6166=CARTESIAN_POINT('',(3.84999115744399,43.,14.8720779818379));
#6167=CARTESIAN_POINT('',(3.97666323584013,43.,14.2740196444922));
#6168=CARTESIAN_POINT('',(3.97666323584013,43.,14.2740196444922));
#6169=CARTESIAN_POINT('',(3.20520951249314,43.,15.4701363191837));
#6170=CARTESIAN_POINT('',(2.68709994593842,43.,15.4701363191837));
#6171=CARTESIAN_POINT('',(2.68709994593842,43.,15.4701363191837));
#6172=CARTESIAN_POINT('',(3.20520951249314,43.,15.4701363191837));
#6173=CARTESIAN_POINT('',(2.68709994593842,43.,15.7359400246706));
#6174=CARTESIAN_POINT('',(2.68709994593842,43.,16.0017437301576));
#6175=CARTESIAN_POINT('',(2.68709994593842,43.,16.0017437301576));
#6176=CARTESIAN_POINT('',(2.68709994593842,43.,15.7359400246706));
#6177=CARTESIAN_POINT('',(3.14914154336698,43.,16.0017437301576));
#6178=CARTESIAN_POINT('',(3.61118314079553,43.,16.0017437301576));
#6179=CARTESIAN_POINT('',(3.61118314079553,43.,16.0017437301576));
#6180=CARTESIAN_POINT('',(3.14914154336698,43.,16.0017437301576));
#6181=CARTESIAN_POINT('',(3.46789833080645,43.,16.6662529938751));
#6182=CARTESIAN_POINT('',(3.32461352081736,43.,17.3307622575925));
#6183=CARTESIAN_POINT('',(3.32461352081736,43.,17.3307622575925));
#6184=CARTESIAN_POINT('',(3.46789833080645,43.,16.6662529938751));
#6185=CARTESIAN_POINT('',(3.61377888010692,43.,17.3307622575925));
#6186=CARTESIAN_POINT('',(3.90294423939648,43.,17.3307622575925));
#6187=CARTESIAN_POINT('',(3.90294423939648,43.,17.3307622575925));
#6188=CARTESIAN_POINT('',(3.61377888010692,43.,17.3307622575925));
#6189=CARTESIAN_POINT('',(4.04570990152328,43.,16.6662529938751));
#6190=CARTESIAN_POINT('',(4.18847556365007,43.,16.0017437301576));
#6191=CARTESIAN_POINT('',(4.18847556365007,43.,16.0017437301576));
#6192=CARTESIAN_POINT('',(4.04570990152328,43.,16.6662529938751));
#6193=CARTESIAN_POINT('',(4.88621029055341,43.,16.0017437301576));
#6194=CARTESIAN_POINT('',(5.58394501745675,43.,16.0017437301576));
#6195=CARTESIAN_POINT('',(5.58394501745675,43.,16.0017437301576));
#6196=CARTESIAN_POINT('',(4.88621029055341,43.,16.0017437301576));
#6197=CARTESIAN_POINT('',(5.44117935532995,43.,16.6662529938751));
#6198=CARTESIAN_POINT('',(5.29841369320315,43.,17.3307622575925));
#6199=CARTESIAN_POINT('',(5.29841369320315,43.,17.3307622575925));
#6200=CARTESIAN_POINT('',(5.44117935532995,43.,16.6662529938751));
#6201=CARTESIAN_POINT('',(5.58757905249271,43.,17.3307622575925));
#6202=CARTESIAN_POINT('',(5.87674441178226,43.,17.3307622575925));
#6203=CARTESIAN_POINT('',(5.87674441178226,43.,17.3307622575925));
#6204=CARTESIAN_POINT('',(5.58757905249271,43.,17.3307622575925));
#6205=CARTESIAN_POINT('',(6.01951007390906,43.,16.6662529938751));
#6206=CARTESIAN_POINT('',(6.16227573603586,43.,16.0017437301576));
#6207=CARTESIAN_POINT('',(6.16227573603586,43.,16.0017437301576));
#6208=CARTESIAN_POINT('',(6.01951007390906,43.,16.6662529938751));
#6209=CARTESIAN_POINT('',(6.73385753240533,43.,16.0017437301576));
#6210=CARTESIAN_POINT('',(7.30543932877481,43.,16.0017437301576));
#6211=CARTESIAN_POINT('',(7.30543932877481,43.,16.0017437301576));
#6212=CARTESIAN_POINT('',(6.73385753240533,43.,16.0017437301576));
#6213=CARTESIAN_POINT('',(7.30543932877481,43.,15.7359400246706));
#6214=CARTESIAN_POINT('',(7.30543932877481,43.,15.4701363191837));
#6215=CARTESIAN_POINT('',(7.30543932877481,43.,15.4701363191837));
#6216=CARTESIAN_POINT('',(7.30543932877481,43.,15.7359400246706));
#6217=CARTESIAN_POINT('',(6.79044464939378,43.,15.4701363191837));
#6218=CARTESIAN_POINT('',(6.27544997001274,43.,15.4701363191837));
#6219=CARTESIAN_POINT('',(6.27544997001274,43.,15.4701363191837));
#6220=CARTESIAN_POINT('',(6.79044464939378,43.,15.4701363191837));
#6221=CARTESIAN_POINT('',(6.4016029005466,43.,14.8720779818379));
#6222=CARTESIAN_POINT('',(6.52775583108046,43.,14.2740196444922));
#6223=CARTESIAN_POINT('',(6.52775583108046,43.,14.2740196444922));
#6224=CARTESIAN_POINT('',(6.4016029005466,43.,14.8720779818379));
#6225=CARTESIAN_POINT('',(7.10608654965957,43.,14.2740196444922));
#6226=CARTESIAN_POINT('',(7.68441726823868,43.,14.2740196444922));
#6227=CARTESIAN_POINT('',(7.68441726823868,43.,14.2740196444922));
#6228=CARTESIAN_POINT('',(7.10608654965957,43.,14.2740196444922));
#6229=CARTESIAN_POINT('',(7.68441726823868,43.,14.0082159390052));
#6230=CARTESIAN_POINT('',(7.68441726823868,43.,13.7424122335182));
#6231=CARTESIAN_POINT('',(7.68441726823868,43.,13.7424122335182));
#6232=CARTESIAN_POINT('',(7.68441726823868,43.,14.0082159390052));
#6233=CARTESIAN_POINT('',(7.16267366664801,43.,13.7424122335182));
#6234=CARTESIAN_POINT('',(6.64093006505735,43.,13.7424122335182));
#6235=CARTESIAN_POINT('',(6.64093006505735,43.,13.7424122335182));
#6236=CARTESIAN_POINT('',(7.16267366664801,43.,13.7424122335182));
#6237=CARTESIAN_POINT('',(6.78369572718414,43.,13.0779029698008));
#6238=CARTESIAN_POINT('',(6.92646138931094,43.,12.4133937060833));
#6239=CARTESIAN_POINT('',(6.92646138931094,43.,12.4133937060833));
#6240=CARTESIAN_POINT('',(6.78369572718414,43.,13.0779029698008));
#6241=CARTESIAN_POINT('',(6.63729603002139,43.,12.4133937060833));
#6242=CARTESIAN_POINT('',(6.34813067073184,43.,12.4133937060833));
#6243=CARTESIAN_POINT('',(6.34813067073184,43.,12.4133937060833));
#6244=CARTESIAN_POINT('',(6.63729603002139,43.,12.4133937060833));
#6245=CARTESIAN_POINT('',(6.20536500860504,43.,13.0779029698008));
#6246=CARTESIAN_POINT('',(6.06259934647824,43.,13.7424122335182));
#6247=CARTESIAN_POINT('',(6.06259934647824,43.,13.7424122335182));
#6248=CARTESIAN_POINT('',(6.20536500860504,43.,13.0779029698008));
#6249=CARTESIAN_POINT('',(5.3648646195749,43.,13.7424122335182));
#6250=CARTESIAN_POINT('',(4.66712989267156,43.,13.7424122335182));
#6251=CARTESIAN_POINT('',(4.66712989267156,43.,13.7424122335182));
#6252=CARTESIAN_POINT('',(5.3648646195749,43.,13.7424122335182));
#6253=CARTESIAN_POINT('',(4.80989555479836,43.,13.0779029698008));
#6254=CARTESIAN_POINT('',(4.95266121692516,43.,12.4133937060833));
#6255=CARTESIAN_POINT('',(4.95266121692516,43.,12.4133937060833));
#6256=CARTESIAN_POINT('',(4.80989555479836,43.,13.0779029698008));
#6257=CARTESIAN_POINT('',(4.66401500549788,43.,12.4133937060833));
#6258=CARTESIAN_POINT('',(4.37536879407061,43.,12.4133937060833));
#6259=CARTESIAN_POINT('',(4.37536879407061,43.,12.4133937060833));
#6260=CARTESIAN_POINT('',(4.66401500549788,43.,12.4133937060833));
#6261=CARTESIAN_POINT('',(4.23208398408153,43.,13.0779029698008));
#6262=CARTESIAN_POINT('',(4.08879917409245,43.,13.7424122335182));
#6263=CARTESIAN_POINT('',(4.08879917409245,43.,13.7424122335182));
#6264=CARTESIAN_POINT('',(4.23208398408153,43.,13.0779029698008));
#6265=CARTESIAN_POINT('',(3.57380449471141,43.,13.7424122335182));
#6266=CARTESIAN_POINT('',(3.05880981533038,43.,13.7424122335182));
#6267=CARTESIAN_POINT('',(3.05880981533038,43.,13.7424122335182));
#6268=CARTESIAN_POINT('',(3.57380449471141,43.,13.7424122335182));
#6269=CARTESIAN_POINT('',(3.05880981533038,43.,14.0082159390052));
#6270=CARTESIAN_POINT('',(3.05880981533038,43.,14.2740196444922));
#6271=CARTESIAN_POINT('',(3.05880981533038,43.,14.2740196444922));
#6272=CARTESIAN_POINT('',(3.05880981533038,43.,14.0082159390052));
#6273=CARTESIAN_POINT('',(3.51773652558526,43.,14.2740196444922));
#6274=CARTESIAN_POINT('',(3.51773652558526,43.,14.2740196444922));
#6275=CARTESIAN_POINT('',(5.82327218196749,43.,14.8720779818379));
#6276=CARTESIAN_POINT('',(5.82327218196749,42.,14.8720779818379));
#6277=CARTESIAN_POINT('',(5.82327218196749,43.,14.8720779818379));
#6278=CARTESIAN_POINT('',(1.98452365651747E-14,43.,13.5801401895208));
#6279=CARTESIAN_POINT('',(6.93889390390723E-15,42.,4.));
#6280=CARTESIAN_POINT('',(6.93889390390723E-15,42.,4.));
#6281=CARTESIAN_POINT('',(-40.,-35.,-0.5));
#6282=CARTESIAN_POINT('',(-40.,-35.,-0.5));
#6283=CARTESIAN_POINT('',(-43.625,-35.,-0.5));
#6284=CARTESIAN_POINT('',(-40.,-35.,0.));
#6285=CARTESIAN_POINT('',(-43.625,-35.,0.));
#6286=CARTESIAN_POINT('',(-40.,-35.,-0.5));
#6287=CARTESIAN_POINT('',(-40.,-35.,-0.5));
#6288=CARTESIAN_POINT('',(-44.125,-35.,-0.5));
#6289=CARTESIAN_POINT('',(0.,0.,-0.5));
#6290=CARTESIAN_POINT('',(0.,-6.93889390390723E-15,0.));
#6291=CARTESIAN_POINT('',(40.,-35.,-0.5));
#6292=CARTESIAN_POINT('',(40.,-35.,-0.5));
#6293=CARTESIAN_POINT('',(35.875,-35.,-0.5));
#6294=CARTESIAN_POINT('',(40.,-35.,-0.5));
#6295=CARTESIAN_POINT('',(40.,-35.,-0.5));
#6296=CARTESIAN_POINT('',(36.375,-35.,-0.5));
#6297=CARTESIAN_POINT('',(40.,-35.,0.));
#6298=CARTESIAN_POINT('',(36.375,-35.,0.));
#6299=CARTESIAN_POINT('',(0.,0.,-0.5));
#6300=CARTESIAN_POINT('',(0.,-6.93889390390723E-15,0.));
#6301=CARTESIAN_POINT('',(40.,35.,-0.5));
#6302=CARTESIAN_POINT('',(40.,35.,-0.5));
#6303=CARTESIAN_POINT('',(36.375,35.,-0.5));
#6304=CARTESIAN_POINT('',(40.,35.,0.));
#6305=CARTESIAN_POINT('',(36.375,35.,0.));
#6306=CARTESIAN_POINT('',(40.,35.,-0.5));
#6307=CARTESIAN_POINT('',(40.,35.,-0.5));
#6308=CARTESIAN_POINT('',(35.875,35.,-0.5));
#6309=CARTESIAN_POINT('',(0.,0.,-0.5));
#6310=CARTESIAN_POINT('',(0.,-6.93889390390723E-15,0.));
#6311=CARTESIAN_POINT('',(-40.,35.,-0.5));
#6312=CARTESIAN_POINT('',(-40.,35.,-0.5));
#6313=CARTESIAN_POINT('',(-44.125,35.,-0.5));
#6314=CARTESIAN_POINT('',(-40.,35.,-0.5));
#6315=CARTESIAN_POINT('',(-40.,35.,-0.5));
#6316=CARTESIAN_POINT('',(-43.625,35.,-0.5));
#6317=CARTESIAN_POINT('',(-40.,35.,0.));
#6318=CARTESIAN_POINT('',(-43.625,35.,0.));
#6319=CARTESIAN_POINT('',(0.,0.,-0.5));
#6320=CARTESIAN_POINT('',(0.,-6.93889390390723E-15,0.));
#6321=MECHANICAL_DESIGN_GEOMETRIC_PRESENTATION_REPRESENTATION('',(#3236,
#12,#13,#14,#15,#16,#17,#18,#19,#20,#21,#22,#23,#24,#25,#26,#27,#28,#29,
#30,#31,#32,#33,#34,#35,#36,#37,#38,#39,#40,#41,#42,#43,#44,#45,#46,#47,
#48,#49,#50,#51,#52,#53,#54,#55,#56,#57,#58,#59,#60,#61,#62,#63,#64,#65,
#66,#67,#68,#69,#70,#71,#72,#73,#74,#75,#76,#77,#78,#79,#80,#81,#82,#83,
#84,#85,#86,#87,#88,#89,#90,#91,#92,#93,#94,#95,#96,#97,#98,#99,#100,#101,
#102,#103,#104,#105,#106,#107,#108,#109,#110,#111,#112,#113,#114,#115,#116,
#117,#118,#119,#120),#6322);
#6322=(
GEOMETRIC_REPRESENTATION_CONTEXT(3)
GLOBAL_UNCERTAINTY_ASSIGNED_CONTEXT((#6323))
GLOBAL_UNIT_ASSIGNED_CONTEXT((#6326,#6325,#6324))
REPRESENTATION_CONTEXT('Part 1','TOP_LEVEL_ASSEMBLY_PART')
);
#6323=UNCERTAINTY_MEASURE_WITH_UNIT(LENGTH_MEASURE(1.E-5),#6326,
'DISTANCE_ACCURACY_VALUE','Maximum Tolerance applied to model');
#6324=(
NAMED_UNIT(*)
SI_UNIT($,.STERADIAN.)
SOLID_ANGLE_UNIT()
);
#6325=(
NAMED_UNIT(*)
PLANE_ANGLE_UNIT()
SI_UNIT($,.RADIAN.)
);
#6326=(
LENGTH_UNIT()
NAMED_UNIT(*)
SI_UNIT(.MILLI.,.METRE.)
);
#6327=PRODUCT_DEFINITION_SHAPE('','',#6328);
#6328=PRODUCT_DEFINITION('','',#6330,#6329);
#6329=PRODUCT_DEFINITION_CONTEXT('',#6336,'design');
#6330=PRODUCT_DEFINITION_FORMATION_WITH_SPECIFIED_SOURCE('','',#6332,
 .NOT_KNOWN.);
#6331=PRODUCT_RELATED_PRODUCT_CATEGORY('','',(#6332));
#6332=PRODUCT('Part 1','Part 1','Part 1',(#6334));
#6333=PRODUCT_CATEGORY('','');
#6334=PRODUCT_CONTEXT('',#6336,'mechanical');
#6335=APPLICATION_PROTOCOL_DEFINITION('international standard',
'ap242_managed_model_based_3d_engineering',2020,#6336);
#6336=APPLICATION_CONTEXT('managed model based 3d engineering');
ENDSEC;
END-ISO-10303-21;
