ISO-10303-21;
HEADER;
/* Generated by software containing ST-Developer
 * from STEP Tools, Inc. (www.steptools.com) 
 */
/* OPTION: using custom renumber hook */

FILE_DESCRIPTION(
/* description */ ('STEP AP242 Edition 2',
'CAx-IF Rec.Pracs.---Representation and Presentation of Product Manufa
cturing Information (PMI)---4.0---2014-10-13',
'CAx-IF Rec.Pracs.---3D Tessellated Geometry---0.4---2014-09-14','2;1',
'CAx-IF Rec.Pracs.---User Defined Attributes---1.5---2016-08-15'),
/* implementation_level */ '2;1');

FILE_NAME(
/* name */ 'Part Studio 1 - Part 2',
/* time_stamp */ '2026-06-29T12:25:02Z',
/* author */ (''),
/* organization */ (''),
/* preprocessor_version */ 'ST-DEVELOPER v20',
/* originating_system */ 'ONSHAPE BY PTC INC, 1.217',
/* authorisation */ '  ');

FILE_SCHEMA (('AP242_MANAGED_MODEL_BASED_3D_ENGINEERING_MIM_LF { 1 0 10303 442 3 1 4 }'));
ENDSEC;

DATA;
#10=SHAPE_REPRESENTATION_RELATIONSHIP('','',#4036,#11);
#11=ADVANCED_BREP_SHAPE_REPRESENTATION('',(#4034),#6910);
#12=SPHERICAL_SURFACE('',#4235,2.);
#13=SPHERICAL_SURFACE('',#4239,2.);
#14=SPHERICAL_SURFACE('',#4244,2.);
#15=SPHERICAL_SURFACE('',#4248,2.);
#16=SPHERICAL_SURFACE('',#4253,2.);
#17=SPHERICAL_SURFACE('',#4257,2.);
#18=SPHERICAL_SURFACE('',#4262,2.);
#19=SPHERICAL_SURFACE('',#4266,2.);
#20=CIRCLE('',#4092,10.);
#21=CIRCLE('',#4094,4.);
#22=CIRCLE('',#4095,4.);
#23=CIRCLE('',#4096,4.);
#24=CIRCLE('',#4097,4.);
#25=CIRCLE('',#4099,2.);
#26=CIRCLE('',#4100,2.);
#27=CIRCLE('',#4101,2.);
#28=CIRCLE('',#4102,2.);
#29=CIRCLE('',#4103,2.);
#30=CIRCLE('',#4104,2.);
#31=CIRCLE('',#4105,4.);
#32=CIRCLE('',#4106,4.);
#33=CIRCLE('',#4107,4.);
#34=CIRCLE('',#4108,4.);
#35=CIRCLE('',#4109,2.);
#36=CIRCLE('',#4110,2.);
#37=CIRCLE('',#4112,2.35);
#38=CIRCLE('',#4114,2.35);
#39=CIRCLE('',#4116,2.35);
#40=CIRCLE('',#4118,2.35);
#41=CIRCLE('',#4182,2.);
#42=CIRCLE('',#4183,2.);
#43=CIRCLE('',#4192,2.35);
#44=CIRCLE('',#4193,2.);
#45=CIRCLE('',#4194,2.);
#46=CIRCLE('',#4198,2.35);
#47=CIRCLE('',#4199,2.);
#48=CIRCLE('',#4200,2.);
#49=CIRCLE('',#4207,2.);
#50=CIRCLE('',#4208,2.);
#51=CIRCLE('',#4212,2.);
#52=CIRCLE('',#4214,2.);
#53=CIRCLE('',#4216,2.);
#54=CIRCLE('',#4218,2.);
#55=CIRCLE('',#4220,2.);
#56=CIRCLE('',#4222,2.);
#57=CIRCLE('',#4224,2.);
#58=CIRCLE('',#4226,2.);
#59=CIRCLE('',#4228,2.35);
#60=CIRCLE('',#4231,2.35);
#61=CIRCLE('',#4234,2.);
#62=CIRCLE('',#4236,2.);
#63=CIRCLE('',#4238,2.);
#64=CIRCLE('',#4240,2.);
#65=CIRCLE('',#4243,2.);
#66=CIRCLE('',#4245,2.);
#67=CIRCLE('',#4247,2.);
#68=CIRCLE('',#4249,2.);
#69=CIRCLE('',#4252,2.);
#70=CIRCLE('',#4254,2.);
#71=CIRCLE('',#4256,2.);
#72=CIRCLE('',#4258,2.);
#73=CIRCLE('',#4261,2.);
#74=CIRCLE('',#4263,2.);
#75=CIRCLE('',#4265,2.);
#76=CIRCLE('',#4267,2.);
#77=CIRCLE('',#4274,3.5);
#78=B_SPLINE_SURFACE_WITH_KNOTS('',3,1,((#6039,#6040),(#6041,#6042),(#6043,
#6044),(#6045,#6046),(#6047,#6048),(#6049,#6050),(#6051,#6052),(#6053,#6054),
(#6055,#6056),(#6057,#6058),(#6059,#6060),(#6061,#6062),(#6063,#6064),(#6065,
#6066),(#6067,#6068),(#6069,#6070),(#6071,#6072),(#6073,#6074),(#6075,#6076),
(#6077,#6078),(#6079,#6080),(#6081,#6082),(#6083,#6084)),
 .SURF_OF_LINEAR_EXTRUSION.,.F.,.F.,.F.,(4,1,1,1,1,1,1,1,1,1,1,1,1,1,1,
1,1,1,1,1,4),(2,2),(0.0894595058517804,0.118021771278117,0.132302903991286,
0.146584036704455,0.175146302130792,0.203708567557129,0.232270832983466,
0.246551965696634,0.260833098409803,0.28939536383614,0.317957629262477,
0.346519894688814,0.375082160115151,0.38936329282832,0.403644425541488,
0.432206690967826,0.460768956394163,0.475050089107331,0.4893312218205,0.517893487246837,
0.546455752673174),(0.,1.),.UNSPECIFIED.);
#79=B_SPLINE_SURFACE_WITH_KNOTS('',3,1,((#6149,#6150),(#6151,#6152),(#6153,
#6154),(#6155,#6156),(#6157,#6158),(#6159,#6160),(#6161,#6162)),
 .SURF_OF_LINEAR_EXTRUSION.,.F.,.F.,.F.,(4,1,1,1,4),(2,2),(0.567009655385539,
0.600089716778064,0.633169778170589,0.666249839563114,0.699329900955639),
(0.,1.),.UNSPECIFIED.);
#80=B_SPLINE_SURFACE_WITH_KNOTS('',3,1,((#6163,#6164),(#6165,#6166),(#6167,
#6168),(#6169,#6170)),.SURF_OF_LINEAR_EXTRUSION.,.F.,.F.,.F.,(4,4),(2,2),
(0.706812865723439,0.758213780237356),(0.,1.),.PIECEWISE_BEZIER_KNOTS.);
#81=B_SPLINE_SURFACE_WITH_KNOTS('',3,1,((#6171,#6172),(#6173,#6174),(#6175,
#6176),(#6177,#6178),(#6179,#6180),(#6181,#6182),(#6183,#6184),(#6185,#6186)),
 .SURF_OF_LINEAR_EXTRUSION.,.F.,.F.,.F.,(4,1,1,1,1,4),(2,2),(0.775442298049365,
0.814828115209885,0.854213932370404,0.873906840950664,0.893599749530924,
0.932985566691443),(0.,1.),.UNSPECIFIED.);
#82=B_SPLINE_SURFACE_WITH_KNOTS('',3,1,((#6187,#6188),(#6189,#6190),(#6191,
#6192),(#6193,#6194),(#6195,#6196),(#6197,#6198),(#6199,#6200),(#6201,#6202),
(#6203,#6204)),.SURF_OF_LINEAR_EXTRUSION.,.F.,.F.,.F.,(4,1,1,1,1,1,4),(2,
2),(0.93949048072522,0.975429390033696,0.993398844687934,1.01136829934217,
1.04730720865065,1.06527666330488,1.08324611795912),(0.,1.),
 .UNSPECIFIED.);
#83=B_SPLINE_SURFACE_WITH_KNOTS('',3,1,((#6868,#6869),(#6870,#6871),(#6872,
#6873),(#6874,#6875),(#6876,#6877),(#6878,#6879),(#6880,#6881),(#6882,#6883),
(#6884,#6885),(#6886,#6887),(#6888,#6889),(#6890,#6891),(#6892,#6893),(#6894,
#6895)),.SURF_OF_LINEAR_EXTRUSION.,.T.,.F.,.F.,(1,3,1,1,1,1,1,1,1,1,1,1,
3,1),(2,2),(-0.0648844742506715,0.,0.0798425687201982,0.155754974406564,
0.238227387493002,0.323237367683624,0.414933066715888,0.519186682655718,
0.623680815499826,0.716223217392686,0.822926758966152,0.935115525749329,
1.,1.0798425687202),(0.,1.),.UNSPECIFIED.);
#84=TOROIDAL_SURFACE('',#4090,6.75,3.75);
#85=TOROIDAL_SURFACE('',#4091,6.75,3.25);
#86=TOROIDAL_SURFACE('',#4275,6.75,3.25);
#87=TOROIDAL_SURFACE('',#4276,6.75,4.15);
#88=TOROIDAL_SURFACE('',#4277,6.75,4.15);
#89=TOROIDAL_SURFACE('',#4278,6.75,4.15);
#90=TOROIDAL_SURFACE('',#4279,6.75,4.15);
#91=TOROIDAL_SURFACE('',#4280,6.75,4.15);
#92=TOROIDAL_SURFACE('',#4281,6.75,4.15);
#93=TOROIDAL_SURFACE('',#4282,6.75,4.15);
#94=TOROIDAL_SURFACE('',#4283,6.75,4.15);
#95=TOROIDAL_SURFACE('',#4284,6.75,4.15);
#96=TOROIDAL_SURFACE('',#4285,6.75,4.15);
#97=TOROIDAL_SURFACE('',#4286,6.75,4.15);
#98=TOROIDAL_SURFACE('',#4287,6.75,4.15);
#99=TOROIDAL_SURFACE('',#4288,6.75,4.15);
#100=PLANE('',#4039);
#101=PLANE('',#4040);
#102=PLANE('',#4043);
#103=PLANE('',#4044);
#104=PLANE('',#4047);
#105=PLANE('',#4048);
#106=PLANE('',#4051);
#107=PLANE('',#4052);
#108=PLANE('',#4055);
#109=PLANE('',#4056);
#110=PLANE('',#4059);
#111=PLANE('',#4060);
#112=PLANE('',#4063);
#113=PLANE('',#4064);
#114=PLANE('',#4067);
#115=PLANE('',#4068);
#116=PLANE('',#4071);
#117=PLANE('',#4072);
#118=PLANE('',#4075);
#119=PLANE('',#4076);
#120=PLANE('',#4079);
#121=PLANE('',#4080);
#122=PLANE('',#4083);
#123=PLANE('',#4084);
#124=PLANE('',#4087);
#125=PLANE('',#4088);
#126=PLANE('',#4093);
#127=PLANE('',#4098);
#128=PLANE('',#4111);
#129=PLANE('',#4115);
#130=PLANE('',#4119);
#131=PLANE('',#4121);
#132=PLANE('',#4123);
#133=PLANE('',#4125);
#134=PLANE('',#4127);
#135=PLANE('',#4128);
#136=PLANE('',#4129);
#137=PLANE('',#4130);
#138=PLANE('',#4131);
#139=PLANE('',#4132);
#140=PLANE('',#4133);
#141=PLANE('',#4134);
#142=PLANE('',#4135);
#143=PLANE('',#4136);
#144=PLANE('',#4137);
#145=PLANE('',#4138);
#146=PLANE('',#4139);
#147=PLANE('',#4140);
#148=PLANE('',#4141);
#149=PLANE('',#4142);
#150=PLANE('',#4143);
#151=PLANE('',#4144);
#152=PLANE('',#4145);
#153=PLANE('',#4146);
#154=PLANE('',#4147);
#155=PLANE('',#4148);
#156=PLANE('',#4149);
#157=PLANE('',#4150);
#158=PLANE('',#4151);
#159=PLANE('',#4152);
#160=PLANE('',#4153);
#161=PLANE('',#4154);
#162=PLANE('',#4155);
#163=PLANE('',#4156);
#164=PLANE('',#4157);
#165=PLANE('',#4158);
#166=PLANE('',#4159);
#167=PLANE('',#4160);
#168=PLANE('',#4161);
#169=PLANE('',#4162);
#170=PLANE('',#4163);
#171=PLANE('',#4164);
#172=PLANE('',#4165);
#173=PLANE('',#4166);
#174=PLANE('',#4167);
#175=PLANE('',#4168);
#176=PLANE('',#4169);
#177=PLANE('',#4170);
#178=PLANE('',#4171);
#179=PLANE('',#4172);
#180=PLANE('',#4173);
#181=PLANE('',#4174);
#182=PLANE('',#4175);
#183=PLANE('',#4176);
#184=PLANE('',#4177);
#185=PLANE('',#4178);
#186=PLANE('',#4179);
#187=PLANE('',#4180);
#188=PLANE('',#4181);
#189=PLANE('',#4184);
#190=PLANE('',#4185);
#191=PLANE('',#4186);
#192=PLANE('',#4187);
#193=PLANE('',#4188);
#194=PLANE('',#4189);
#195=PLANE('',#4190);
#196=PLANE('',#4191);
#197=PLANE('',#4195);
#198=PLANE('',#4196);
#199=PLANE('',#4197);
#200=PLANE('',#4201);
#201=PLANE('',#4202);
#202=PLANE('',#4203);
#203=PLANE('',#4204);
#204=PLANE('',#4205);
#205=PLANE('',#4206);
#206=PLANE('',#4209);
#207=PLANE('',#4210);
#208=PLANE('',#4229);
#209=PLANE('',#4232);
#210=PLANE('',#4269);
#211=PLANE('',#4270);
#212=PLANE('',#4271);
#213=PLANE('',#4272);
#214=PLANE('',#4273);
#215=LINE('',#5114,#525);
#216=LINE('',#5121,#526);
#217=LINE('',#5128,#527);
#218=LINE('',#5135,#528);
#219=LINE('',#5142,#529);
#220=LINE('',#5149,#530);
#221=LINE('',#5185,#531);
#222=LINE('',#5195,#532);
#223=LINE('',#5202,#533);
#224=LINE('',#5209,#534);
#225=LINE('',#5245,#535);
#226=LINE('',#5252,#536);
#227=LINE('',#5259,#537);
#228=LINE('',#5266,#538);
#229=LINE('',#5273,#539);
#230=LINE('',#5280,#540);
#231=LINE('',#5316,#541);
#232=LINE('',#5326,#542);
#233=LINE('',#5333,#543);
#234=LINE('',#5340,#544);
#235=LINE('',#5376,#545);
#236=LINE('',#5383,#546);
#237=LINE('',#5393,#547);
#238=LINE('',#5400,#548);
#239=LINE('',#5407,#549);
#240=LINE('',#5414,#550);
#241=LINE('',#5450,#551);
#242=LINE('',#5457,#552);
#243=LINE('',#5464,#553);
#244=LINE('',#5471,#554);
#245=LINE('',#5478,#555);
#246=LINE('',#5485,#556);
#247=LINE('',#5521,#557);
#248=LINE('',#5531,#558);
#249=LINE('',#5538,#559);
#250=LINE('',#5545,#560);
#251=LINE('',#5581,#561);
#252=LINE('',#5591,#562);
#253=LINE('',#5598,#563);
#254=LINE('',#5605,#564);
#255=LINE('',#5612,#565);
#256=LINE('',#5624,#566);
#257=LINE('',#5655,#567);
#258=LINE('',#5665,#568);
#259=LINE('',#5672,#569);
#260=LINE('',#5679,#570);
#261=LINE('',#5715,#571);
#262=LINE('',#5725,#572);
#263=LINE('',#5732,#573);
#264=LINE('',#5739,#574);
#265=LINE('',#5775,#575);
#266=LINE('',#5785,#576);
#267=LINE('',#5792,#577);
#268=LINE('',#5799,#578);
#269=LINE('',#5835,#579);
#270=LINE('',#5845,#580);
#271=LINE('',#5852,#581);
#272=LINE('',#5859,#582);
#273=LINE('',#5895,#583);
#274=LINE('',#5905,#584);
#275=LINE('',#5912,#585);
#276=LINE('',#5919,#586);
#277=LINE('',#6206,#587);
#278=LINE('',#6209,#588);
#279=LINE('',#6211,#589);
#280=LINE('',#6213,#590);
#281=LINE('',#6217,#591);
#282=LINE('',#6221,#592);
#283=LINE('',#6225,#593);
#284=LINE('',#6229,#594);
#285=LINE('',#6230,#595);
#286=LINE('',#6233,#596);
#287=LINE('',#6235,#597);
#288=LINE('',#6237,#598);
#289=LINE('',#6238,#599);
#290=LINE('',#6241,#600);
#291=LINE('',#6243,#601);
#292=LINE('',#6245,#602);
#293=LINE('',#6246,#603);
#294=LINE('',#6249,#604);
#295=LINE('',#6251,#605);
#296=LINE('',#6253,#606);
#297=LINE('',#6254,#607);
#298=LINE('',#6257,#608);
#299=LINE('',#6259,#609);
#300=LINE('',#6261,#610);
#301=LINE('',#6262,#611);
#302=LINE('',#6265,#612);
#303=LINE('',#6267,#613);
#304=LINE('',#6269,#614);
#305=LINE('',#6270,#615);
#306=LINE('',#6273,#616);
#307=LINE('',#6275,#617);
#308=LINE('',#6277,#618);
#309=LINE('',#6278,#619);
#310=LINE('',#6281,#620);
#311=LINE('',#6283,#621);
#312=LINE('',#6285,#622);
#313=LINE('',#6286,#623);
#314=LINE('',#6289,#624);
#315=LINE('',#6291,#625);
#316=LINE('',#6293,#626);
#317=LINE('',#6294,#627);
#318=LINE('',#6297,#628);
#319=LINE('',#6299,#629);
#320=LINE('',#6301,#630);
#321=LINE('',#6302,#631);
#322=LINE('',#6305,#632);
#323=LINE('',#6307,#633);
#324=LINE('',#6309,#634);
#325=LINE('',#6311,#635);
#326=LINE('',#6316,#636);
#327=LINE('',#6318,#637);
#328=LINE('',#6320,#638);
#329=LINE('',#6323,#639);
#330=LINE('',#6326,#640);
#331=LINE('',#6330,#641);
#332=LINE('',#6334,#642);
#333=LINE('',#6335,#643);
#334=LINE('',#6340,#644);
#335=LINE('',#6344,#645);
#336=LINE('',#6346,#646);
#337=LINE('',#6347,#647);
#338=LINE('',#6350,#648);
#339=LINE('',#6352,#649);
#340=LINE('',#6354,#650);
#341=LINE('',#6355,#651);
#342=LINE('',#6358,#652);
#343=LINE('',#6360,#653);
#344=LINE('',#6362,#654);
#345=LINE('',#6363,#655);
#346=LINE('',#6366,#656);
#347=LINE('',#6368,#657);
#348=LINE('',#6370,#658);
#349=LINE('',#6371,#659);
#350=LINE('',#6374,#660);
#351=LINE('',#6376,#661);
#352=LINE('',#6378,#662);
#353=LINE('',#6379,#663);
#354=LINE('',#6382,#664);
#355=LINE('',#6384,#665);
#356=LINE('',#6386,#666);
#357=LINE('',#6387,#667);
#358=LINE('',#6390,#668);
#359=LINE('',#6392,#669);
#360=LINE('',#6394,#670);
#361=LINE('',#6395,#671);
#362=LINE('',#6398,#672);
#363=LINE('',#6400,#673);
#364=LINE('',#6402,#674);
#365=LINE('',#6403,#675);
#366=LINE('',#6406,#676);
#367=LINE('',#6408,#677);
#368=LINE('',#6410,#678);
#369=LINE('',#6411,#679);
#370=LINE('',#6414,#680);
#371=LINE('',#6416,#681);
#372=LINE('',#6418,#682);
#373=LINE('',#6422,#683);
#374=LINE('',#6426,#684);
#375=LINE('',#6430,#685);
#376=LINE('',#6434,#686);
#377=LINE('',#6435,#687);
#378=LINE('',#6438,#688);
#379=LINE('',#6440,#689);
#380=LINE('',#6442,#690);
#381=LINE('',#6443,#691);
#382=LINE('',#6446,#692);
#383=LINE('',#6450,#693);
#384=LINE('',#6454,#694);
#385=LINE('',#6455,#695);
#386=LINE('',#6458,#696);
#387=LINE('',#6460,#697);
#388=LINE('',#6462,#698);
#389=LINE('',#6476,#699);
#390=LINE('',#6479,#700);
#391=LINE('',#6481,#701);
#392=LINE('',#6483,#702);
#393=LINE('',#6484,#703);
#394=LINE('',#6487,#704);
#395=LINE('',#6489,#705);
#396=LINE('',#6491,#706);
#397=LINE('',#6493,#707);
#398=LINE('',#6494,#708);
#399=LINE('',#6496,#709);
#400=LINE('',#6498,#710);
#401=LINE('',#6500,#711);
#402=LINE('',#6502,#712);
#403=LINE('',#6504,#713);
#404=LINE('',#6506,#714);
#405=LINE('',#6508,#715);
#406=LINE('',#6509,#716);
#407=LINE('',#6511,#717);
#408=LINE('',#6513,#718);
#409=LINE('',#6515,#719);
#410=LINE('',#6516,#720);
#411=LINE('',#6518,#721);
#412=LINE('',#6520,#722);
#413=LINE('',#6522,#723);
#414=LINE('',#6523,#724);
#415=LINE('',#6525,#725);
#416=LINE('',#6527,#726);
#417=LINE('',#6529,#727);
#418=LINE('',#6530,#728);
#419=LINE('',#6532,#729);
#420=LINE('',#6534,#730);
#421=LINE('',#6536,#731);
#422=LINE('',#6537,#732);
#423=LINE('',#6539,#733);
#424=LINE('',#6541,#734);
#425=LINE('',#6543,#735);
#426=LINE('',#6544,#736);
#427=LINE('',#6546,#737);
#428=LINE('',#6548,#738);
#429=LINE('',#6550,#739);
#430=LINE('',#6551,#740);
#431=LINE('',#6553,#741);
#432=LINE('',#6555,#742);
#433=LINE('',#6557,#743);
#434=LINE('',#6558,#744);
#435=LINE('',#6560,#745);
#436=LINE('',#6562,#746);
#437=LINE('',#6564,#747);
#438=LINE('',#6565,#748);
#439=LINE('',#6567,#749);
#440=LINE('',#6569,#750);
#441=LINE('',#6581,#751);
#442=LINE('',#6582,#752);
#443=LINE('',#6584,#753);
#444=LINE('',#6586,#754);
#445=LINE('',#6589,#755);
#446=LINE('',#6592,#756);
#447=LINE('',#6594,#757);
#448=LINE('',#6596,#758);
#449=LINE('',#6598,#759);
#450=LINE('',#6600,#760);
#451=LINE('',#6602,#761);
#452=LINE('',#6604,#762);
#453=LINE('',#6606,#763);
#454=LINE('',#6608,#764);
#455=LINE('',#6610,#765);
#456=LINE('',#6611,#766);
#457=LINE('',#6613,#767);
#458=LINE('',#6616,#768);
#459=LINE('',#6618,#769);
#460=LINE('',#6620,#770);
#461=LINE('',#6622,#771);
#462=LINE('',#6623,#772);
#463=LINE('',#6625,#773);
#464=LINE('',#6627,#774);
#465=LINE('',#6630,#775);
#466=LINE('',#6631,#776);
#467=LINE('',#6633,#777);
#468=LINE('',#6635,#778);
#469=LINE('',#6638,#779);
#470=LINE('',#6642,#780);
#471=LINE('',#6646,#781);
#472=LINE('',#6648,#782);
#473=LINE('',#6650,#783);
#474=LINE('',#6652,#784);
#475=LINE('',#6654,#785);
#476=LINE('',#6656,#786);
#477=LINE('',#6658,#787);
#478=LINE('',#6660,#788);
#479=LINE('',#6662,#789);
#480=LINE('',#6664,#790);
#481=LINE('',#6666,#791);
#482=LINE('',#6668,#792);
#483=LINE('',#6670,#793);
#484=LINE('',#6672,#794);
#485=LINE('',#6674,#795);
#486=LINE('',#6676,#796);
#487=LINE('',#6678,#797);
#488=LINE('',#6680,#798);
#489=LINE('',#6683,#799);
#490=LINE('',#6684,#800);
#491=LINE('',#6690,#801);
#492=LINE('',#6694,#802);
#493=LINE('',#6696,#803);
#494=LINE('',#6698,#804);
#495=LINE('',#6700,#805);
#496=LINE('',#6703,#806);
#497=LINE('',#6704,#807);
#498=LINE('',#6708,#808);
#499=LINE('',#6712,#809);
#500=LINE('',#6716,#810);
#501=LINE('',#6718,#811);
#502=LINE('',#6720,#812);
#503=LINE('',#6722,#813);
#504=LINE('',#6724,#814);
#505=LINE('',#6726,#815);
#506=LINE('',#6728,#816);
#507=LINE('',#6730,#817);
#508=LINE('',#6732,#818);
#509=LINE('',#6734,#819);
#510=LINE('',#6736,#820);
#511=LINE('',#6738,#821);
#512=LINE('',#6741,#822);
#513=LINE('',#6742,#823);
#514=LINE('',#6744,#824);
#515=LINE('',#6748,#825);
#516=LINE('',#6752,#826);
#517=LINE('',#6754,#827);
#518=LINE('',#6756,#828);
#519=LINE('',#6758,#829);
#520=LINE('',#6760,#830);
#521=LINE('',#6822,#831);
#522=LINE('',#6823,#832);
#523=LINE('',#6825,#833);
#524=LINE('',#6827,#834);
#525=VECTOR('',#4293,1000.);
#526=VECTOR('',#4294,1000.);
#527=VECTOR('',#4295,1000.);
#528=VECTOR('',#4296,1000.);
#529=VECTOR('',#4299,1000.);
#530=VECTOR('',#4302,1000.);
#531=VECTOR('',#4307,1000.);
#532=VECTOR('',#4308,1000.);
#533=VECTOR('',#4311,1000.);
#534=VECTOR('',#4314,1000.);
#535=VECTOR('',#4319,1000.);
#536=VECTOR('',#4320,1000.);
#537=VECTOR('',#4321,1000.);
#538=VECTOR('',#4322,1000.);
#539=VECTOR('',#4325,1000.);
#540=VECTOR('',#4328,1000.);
#541=VECTOR('',#4333,1000.);
#542=VECTOR('',#4334,1000.);
#543=VECTOR('',#4337,1000.);
#544=VECTOR('',#4340,1000.);
#545=VECTOR('',#4345,1000.);
#546=VECTOR('',#4346,1000.);
#547=VECTOR('',#4347,1000.);
#548=VECTOR('',#4348,1000.);
#549=VECTOR('',#4351,1000.);
#550=VECTOR('',#4354,1000.);
#551=VECTOR('',#4359,1000.);
#552=VECTOR('',#4360,1000.);
#553=VECTOR('',#4361,1000.);
#554=VECTOR('',#4362,1000.);
#555=VECTOR('',#4365,1000.);
#556=VECTOR('',#4368,1000.);
#557=VECTOR('',#4373,1000.);
#558=VECTOR('',#4374,1000.);
#559=VECTOR('',#4377,1000.);
#560=VECTOR('',#4380,1000.);
#561=VECTOR('',#4385,1000.);
#562=VECTOR('',#4386,1000.);
#563=VECTOR('',#4389,1000.);
#564=VECTOR('',#4390,1000.);
#565=VECTOR('',#4393,1000.);
#566=VECTOR('',#4394,1000.);
#567=VECTOR('',#4399,1000.);
#568=VECTOR('',#4400,1000.);
#569=VECTOR('',#4403,1000.);
#570=VECTOR('',#4406,1000.);
#571=VECTOR('',#4411,1000.);
#572=VECTOR('',#4412,1000.);
#573=VECTOR('',#4415,1000.);
#574=VECTOR('',#4418,1000.);
#575=VECTOR('',#4423,1000.);
#576=VECTOR('',#4424,1000.);
#577=VECTOR('',#4427,1000.);
#578=VECTOR('',#4430,1000.);
#579=VECTOR('',#4435,1000.);
#580=VECTOR('',#4436,1000.);
#581=VECTOR('',#4439,1000.);
#582=VECTOR('',#4442,1000.);
#583=VECTOR('',#4447,1000.);
#584=VECTOR('',#4448,1000.);
#585=VECTOR('',#4451,1000.);
#586=VECTOR('',#4454,1000.);
#587=VECTOR('',#4465,1000.);
#588=VECTOR('',#4466,1000.);
#589=VECTOR('',#4467,1000.);
#590=VECTOR('',#4468,1000.);
#591=VECTOR('',#4471,1000.);
#592=VECTOR('',#4474,1000.);
#593=VECTOR('',#4477,1000.);
#594=VECTOR('',#4480,1000.);
#595=VECTOR('',#4481,1000.);
#596=VECTOR('',#4482,1000.);
#597=VECTOR('',#4483,1000.);
#598=VECTOR('',#4484,1000.);
#599=VECTOR('',#4485,1000.);
#600=VECTOR('',#4486,1000.);
#601=VECTOR('',#4487,1000.);
#602=VECTOR('',#4488,1000.);
#603=VECTOR('',#4489,1000.);
#604=VECTOR('',#4490,1000.);
#605=VECTOR('',#4491,1000.);
#606=VECTOR('',#4492,1000.);
#607=VECTOR('',#4493,1000.);
#608=VECTOR('',#4494,1000.);
#609=VECTOR('',#4495,1000.);
#610=VECTOR('',#4496,1000.);
#611=VECTOR('',#4497,1000.);
#612=VECTOR('',#4498,1000.);
#613=VECTOR('',#4499,1000.);
#614=VECTOR('',#4500,1000.);
#615=VECTOR('',#4501,1000.);
#616=VECTOR('',#4502,1000.);
#617=VECTOR('',#4503,1000.);
#618=VECTOR('',#4504,1000.);
#619=VECTOR('',#4505,1000.);
#620=VECTOR('',#4506,1000.);
#621=VECTOR('',#4507,1000.);
#622=VECTOR('',#4508,1000.);
#623=VECTOR('',#4509,1000.);
#624=VECTOR('',#4510,1000.);
#625=VECTOR('',#4511,1000.);
#626=VECTOR('',#4512,1000.);
#627=VECTOR('',#4513,1000.);
#628=VECTOR('',#4514,1000.);
#629=VECTOR('',#4515,1000.);
#630=VECTOR('',#4516,1000.);
#631=VECTOR('',#4517,1000.);
#632=VECTOR('',#4518,1000.);
#633=VECTOR('',#4519,1000.);
#634=VECTOR('',#4520,1000.);
#635=VECTOR('',#4523,1000.);
#636=VECTOR('',#4526,1000.);
#637=VECTOR('',#4527,1000.);
#638=VECTOR('',#4528,1000.);
#639=VECTOR('',#4531,1000.);
#640=VECTOR('',#4532,1000.);
#641=VECTOR('',#4535,1000.);
#642=VECTOR('',#4538,1000.);
#643=VECTOR('',#4539,1000.);
#644=VECTOR('',#4542,1000.);
#645=VECTOR('',#4545,1000.);
#646=VECTOR('',#4546,1000.);
#647=VECTOR('',#4547,1000.);
#648=VECTOR('',#4548,1000.);
#649=VECTOR('',#4549,1000.);
#650=VECTOR('',#4550,1000.);
#651=VECTOR('',#4551,1000.);
#652=VECTOR('',#4552,1000.);
#653=VECTOR('',#4553,1000.);
#654=VECTOR('',#4554,1000.);
#655=VECTOR('',#4555,1000.);
#656=VECTOR('',#4556,1000.);
#657=VECTOR('',#4557,1000.);
#658=VECTOR('',#4558,1000.);
#659=VECTOR('',#4559,1000.);
#660=VECTOR('',#4560,1000.);
#661=VECTOR('',#4561,1000.);
#662=VECTOR('',#4562,1000.);
#663=VECTOR('',#4563,1000.);
#664=VECTOR('',#4564,1000.);
#665=VECTOR('',#4565,1000.);
#666=VECTOR('',#4566,1000.);
#667=VECTOR('',#4567,1000.);
#668=VECTOR('',#4568,1000.);
#669=VECTOR('',#4569,1000.);
#670=VECTOR('',#4570,1000.);
#671=VECTOR('',#4571,1000.);
#672=VECTOR('',#4572,1000.);
#673=VECTOR('',#4573,1000.);
#674=VECTOR('',#4574,1000.);
#675=VECTOR('',#4575,1000.);
#676=VECTOR('',#4576,1000.);
#677=VECTOR('',#4577,1000.);
#678=VECTOR('',#4578,1000.);
#679=VECTOR('',#4579,1000.);
#680=VECTOR('',#4580,1000.);
#681=VECTOR('',#4581,1000.);
#682=VECTOR('',#4582,1000.);
#683=VECTOR('',#4585,1000.);
#684=VECTOR('',#4588,1000.);
#685=VECTOR('',#4591,1000.);
#686=VECTOR('',#4594,1000.);
#687=VECTOR('',#4595,1000.);
#688=VECTOR('',#4596,1000.);
#689=VECTOR('',#4597,1000.);
#690=VECTOR('',#4598,1000.);
#691=VECTOR('',#4599,1000.);
#692=VECTOR('',#4600,1000.);
#693=VECTOR('',#4603,1000.);
#694=VECTOR('',#4606,1000.);
#695=VECTOR('',#4607,1000.);
#696=VECTOR('',#4608,1000.);
#697=VECTOR('',#4609,1000.);
#698=VECTOR('',#4610,1000.);
#699=VECTOR('',#4629,1000.);
#700=VECTOR('',#4630,1000.);
#701=VECTOR('',#4631,1000.);
#702=VECTOR('',#4632,1000.);
#703=VECTOR('',#4633,1000.);
#704=VECTOR('',#4634,1000.);
#705=VECTOR('',#4635,1000.);
#706=VECTOR('',#4636,1000.);
#707=VECTOR('',#4639,1000.);
#708=VECTOR('',#4640,1000.);
#709=VECTOR('',#4643,1000.);
#710=VECTOR('',#4646,1000.);
#711=VECTOR('',#4649,1000.);
#712=VECTOR('',#4652,1000.);
#713=VECTOR('',#4655,1000.);
#714=VECTOR('',#4658,1000.);
#715=VECTOR('',#4661,1000.);
#716=VECTOR('',#4662,1000.);
#717=VECTOR('',#4665,1000.);
#718=VECTOR('',#4668,1000.);
#719=VECTOR('',#4671,1000.);
#720=VECTOR('',#4672,1000.);
#721=VECTOR('',#4675,1000.);
#722=VECTOR('',#4678,1000.);
#723=VECTOR('',#4681,1000.);
#724=VECTOR('',#4682,1000.);
#725=VECTOR('',#4685,1000.);
#726=VECTOR('',#4688,1000.);
#727=VECTOR('',#4691,1000.);
#728=VECTOR('',#4692,1000.);
#729=VECTOR('',#4695,1000.);
#730=VECTOR('',#4698,1000.);
#731=VECTOR('',#4701,1000.);
#732=VECTOR('',#4702,1000.);
#733=VECTOR('',#4705,1000.);
#734=VECTOR('',#4708,1000.);
#735=VECTOR('',#4711,1000.);
#736=VECTOR('',#4712,1000.);
#737=VECTOR('',#4715,1000.);
#738=VECTOR('',#4718,1000.);
#739=VECTOR('',#4721,1000.);
#740=VECTOR('',#4722,1000.);
#741=VECTOR('',#4725,1000.);
#742=VECTOR('',#4728,1000.);
#743=VECTOR('',#4731,1000.);
#744=VECTOR('',#4732,1000.);
#745=VECTOR('',#4735,1000.);
#746=VECTOR('',#4738,1000.);
#747=VECTOR('',#4741,1000.);
#748=VECTOR('',#4742,1000.);
#749=VECTOR('',#4745,1000.);
#750=VECTOR('',#4748,1000.);
#751=VECTOR('',#4771,1000.);
#752=VECTOR('',#4772,1000.);
#753=VECTOR('',#4775,1000.);
#754=VECTOR('',#4778,1000.);
#755=VECTOR('',#4783,1000.);
#756=VECTOR('',#4784,1000.);
#757=VECTOR('',#4785,1000.);
#758=VECTOR('',#4786,1000.);
#759=VECTOR('',#4789,1000.);
#760=VECTOR('',#4790,1000.);
#761=VECTOR('',#4791,1000.);
#762=VECTOR('',#4794,1000.);
#763=VECTOR('',#4795,1000.);
#764=VECTOR('',#4796,1000.);
#765=VECTOR('',#4799,1000.);
#766=VECTOR('',#4800,1000.);
#767=VECTOR('',#4803,1000.);
#768=VECTOR('',#4804,1000.);
#769=VECTOR('',#4805,1000.);
#770=VECTOR('',#4806,1000.);
#771=VECTOR('',#4809,1000.);
#772=VECTOR('',#4810,1000.);
#773=VECTOR('',#4813,1000.);
#774=VECTOR('',#4816,1000.);
#775=VECTOR('',#4821,1000.);
#776=VECTOR('',#4822,1000.);
#777=VECTOR('',#4825,1000.);
#778=VECTOR('',#4828,1000.);
#779=VECTOR('',#4833,1000.);
#780=VECTOR('',#4836,1000.);
#781=VECTOR('',#4839,1000.);
#782=VECTOR('',#4842,1000.);
#783=VECTOR('',#4843,1000.);
#784=VECTOR('',#4846,1000.);
#785=VECTOR('',#4847,1000.);
#786=VECTOR('',#4848,1000.);
#787=VECTOR('',#4851,1000.);
#788=VECTOR('',#4852,1000.);
#789=VECTOR('',#4855,1000.);
#790=VECTOR('',#4856,1000.);
#791=VECTOR('',#4857,1000.);
#792=VECTOR('',#4860,1000.);
#793=VECTOR('',#4861,1000.);
#794=VECTOR('',#4862,1000.);
#795=VECTOR('',#4865,1000.);
#796=VECTOR('',#4866,1000.);
#797=VECTOR('',#4867,1000.);
#798=VECTOR('',#4870,1000.);
#799=VECTOR('',#4871,1000.);
#800=VECTOR('',#4872,1000.);
#801=VECTOR('',#4879,1000.);
#802=VECTOR('',#4884,1000.);
#803=VECTOR('',#4885,1000.);
#804=VECTOR('',#4886,1000.);
#805=VECTOR('',#4889,1000.);
#806=VECTOR('',#4890,1000.);
#807=VECTOR('',#4891,1000.);
#808=VECTOR('',#4896,1000.);
#809=VECTOR('',#4899,1000.);
#810=VECTOR('',#4904,1000.);
#811=VECTOR('',#4905,1000.);
#812=VECTOR('',#4908,1000.);
#813=VECTOR('',#4909,1000.);
#814=VECTOR('',#4910,1000.);
#815=VECTOR('',#4913,1000.);
#816=VECTOR('',#4914,1000.);
#817=VECTOR('',#4915,1000.);
#818=VECTOR('',#4918,1000.);
#819=VECTOR('',#4919,1000.);
#820=VECTOR('',#4920,1000.);
#821=VECTOR('',#4923,1000.);
#822=VECTOR('',#4924,1000.);
#823=VECTOR('',#4925,1000.);
#824=VECTOR('',#4928,1000.);
#825=VECTOR('',#4931,1000.);
#826=VECTOR('',#4936,1000.);
#827=VECTOR('',#4937,1000.);
#828=VECTOR('',#4940,1000.);
#829=VECTOR('',#4941,1000.);
#830=VECTOR('',#4942,1000.);
#831=VECTOR('',#5061,1000.);
#832=VECTOR('',#5062,1000.);
#833=VECTOR('',#5065,1000.);
#834=VECTOR('',#5068,1000.);
#835=ORIENTED_EDGE('',*,*,#1823,.F.);
#836=ORIENTED_EDGE('',*,*,#1824,.F.);
#837=ORIENTED_EDGE('',*,*,#1825,.F.);
#838=ORIENTED_EDGE('',*,*,#1826,.F.);
#839=ORIENTED_EDGE('',*,*,#1827,.T.);
#840=ORIENTED_EDGE('',*,*,#1828,.F.);
#841=ORIENTED_EDGE('',*,*,#1829,.F.);
#842=ORIENTED_EDGE('',*,*,#1830,.T.);
#843=ORIENTED_EDGE('',*,*,#1831,.F.);
#844=ORIENTED_EDGE('',*,*,#1832,.F.);
#845=ORIENTED_EDGE('',*,*,#1833,.F.);
#846=ORIENTED_EDGE('',*,*,#1824,.T.);
#847=ORIENTED_EDGE('',*,*,#1834,.T.);
#848=ORIENTED_EDGE('',*,*,#1835,.T.);
#849=ORIENTED_EDGE('',*,*,#1830,.F.);
#850=ORIENTED_EDGE('',*,*,#1836,.T.);
#851=ORIENTED_EDGE('',*,*,#1837,.F.);
#852=ORIENTED_EDGE('',*,*,#1834,.F.);
#853=ORIENTED_EDGE('',*,*,#1838,.F.);
#854=ORIENTED_EDGE('',*,*,#1832,.T.);
#855=ORIENTED_EDGE('',*,*,#1839,.F.);
#856=ORIENTED_EDGE('',*,*,#1840,.F.);
#857=ORIENTED_EDGE('',*,*,#1841,.F.);
#858=ORIENTED_EDGE('',*,*,#1842,.T.);
#859=ORIENTED_EDGE('',*,*,#1843,.F.);
#860=ORIENTED_EDGE('',*,*,#1844,.F.);
#861=ORIENTED_EDGE('',*,*,#1845,.F.);
#862=ORIENTED_EDGE('',*,*,#1840,.T.);
#863=ORIENTED_EDGE('',*,*,#1846,.T.);
#864=ORIENTED_EDGE('',*,*,#1847,.T.);
#865=ORIENTED_EDGE('',*,*,#1842,.F.);
#866=ORIENTED_EDGE('',*,*,#1848,.T.);
#867=ORIENTED_EDGE('',*,*,#1849,.F.);
#868=ORIENTED_EDGE('',*,*,#1846,.F.);
#869=ORIENTED_EDGE('',*,*,#1850,.F.);
#870=ORIENTED_EDGE('',*,*,#1844,.T.);
#871=ORIENTED_EDGE('',*,*,#1851,.F.);
#872=ORIENTED_EDGE('',*,*,#1852,.F.);
#873=ORIENTED_EDGE('',*,*,#1853,.F.);
#874=ORIENTED_EDGE('',*,*,#1854,.F.);
#875=ORIENTED_EDGE('',*,*,#1855,.T.);
#876=ORIENTED_EDGE('',*,*,#1856,.F.);
#877=ORIENTED_EDGE('',*,*,#1857,.F.);
#878=ORIENTED_EDGE('',*,*,#1858,.T.);
#879=ORIENTED_EDGE('',*,*,#1859,.F.);
#880=ORIENTED_EDGE('',*,*,#1860,.F.);
#881=ORIENTED_EDGE('',*,*,#1861,.F.);
#882=ORIENTED_EDGE('',*,*,#1852,.T.);
#883=ORIENTED_EDGE('',*,*,#1862,.T.);
#884=ORIENTED_EDGE('',*,*,#1863,.T.);
#885=ORIENTED_EDGE('',*,*,#1858,.F.);
#886=ORIENTED_EDGE('',*,*,#1864,.T.);
#887=ORIENTED_EDGE('',*,*,#1865,.F.);
#888=ORIENTED_EDGE('',*,*,#1862,.F.);
#889=ORIENTED_EDGE('',*,*,#1866,.F.);
#890=ORIENTED_EDGE('',*,*,#1860,.T.);
#891=ORIENTED_EDGE('',*,*,#1867,.F.);
#892=ORIENTED_EDGE('',*,*,#1868,.F.);
#893=ORIENTED_EDGE('',*,*,#1869,.F.);
#894=ORIENTED_EDGE('',*,*,#1870,.T.);
#895=ORIENTED_EDGE('',*,*,#1871,.F.);
#896=ORIENTED_EDGE('',*,*,#1872,.F.);
#897=ORIENTED_EDGE('',*,*,#1873,.F.);
#898=ORIENTED_EDGE('',*,*,#1868,.T.);
#899=ORIENTED_EDGE('',*,*,#1874,.T.);
#900=ORIENTED_EDGE('',*,*,#1875,.T.);
#901=ORIENTED_EDGE('',*,*,#1870,.F.);
#902=ORIENTED_EDGE('',*,*,#1876,.T.);
#903=ORIENTED_EDGE('',*,*,#1877,.F.);
#904=ORIENTED_EDGE('',*,*,#1874,.F.);
#905=ORIENTED_EDGE('',*,*,#1878,.F.);
#906=ORIENTED_EDGE('',*,*,#1872,.T.);
#907=ORIENTED_EDGE('',*,*,#1879,.F.);
#908=ORIENTED_EDGE('',*,*,#1880,.F.);
#909=ORIENTED_EDGE('',*,*,#1881,.F.);
#910=ORIENTED_EDGE('',*,*,#1882,.F.);
#911=ORIENTED_EDGE('',*,*,#1883,.T.);
#912=ORIENTED_EDGE('',*,*,#1884,.F.);
#913=ORIENTED_EDGE('',*,*,#1885,.F.);
#914=ORIENTED_EDGE('',*,*,#1886,.T.);
#915=ORIENTED_EDGE('',*,*,#1887,.F.);
#916=ORIENTED_EDGE('',*,*,#1888,.F.);
#917=ORIENTED_EDGE('',*,*,#1889,.F.);
#918=ORIENTED_EDGE('',*,*,#1880,.T.);
#919=ORIENTED_EDGE('',*,*,#1890,.T.);
#920=ORIENTED_EDGE('',*,*,#1891,.T.);
#921=ORIENTED_EDGE('',*,*,#1886,.F.);
#922=ORIENTED_EDGE('',*,*,#1892,.T.);
#923=ORIENTED_EDGE('',*,*,#1893,.F.);
#924=ORIENTED_EDGE('',*,*,#1890,.F.);
#925=ORIENTED_EDGE('',*,*,#1894,.F.);
#926=ORIENTED_EDGE('',*,*,#1888,.T.);
#927=ORIENTED_EDGE('',*,*,#1895,.F.);
#928=ORIENTED_EDGE('',*,*,#1896,.F.);
#929=ORIENTED_EDGE('',*,*,#1897,.F.);
#930=ORIENTED_EDGE('',*,*,#1898,.F.);
#931=ORIENTED_EDGE('',*,*,#1899,.T.);
#932=ORIENTED_EDGE('',*,*,#1900,.F.);
#933=ORIENTED_EDGE('',*,*,#1901,.F.);
#934=ORIENTED_EDGE('',*,*,#1902,.T.);
#935=ORIENTED_EDGE('',*,*,#1903,.F.);
#936=ORIENTED_EDGE('',*,*,#1904,.F.);
#937=ORIENTED_EDGE('',*,*,#1905,.F.);
#938=ORIENTED_EDGE('',*,*,#1896,.T.);
#939=ORIENTED_EDGE('',*,*,#1906,.T.);
#940=ORIENTED_EDGE('',*,*,#1907,.T.);
#941=ORIENTED_EDGE('',*,*,#1902,.F.);
#942=ORIENTED_EDGE('',*,*,#1908,.T.);
#943=ORIENTED_EDGE('',*,*,#1909,.F.);
#944=ORIENTED_EDGE('',*,*,#1906,.F.);
#945=ORIENTED_EDGE('',*,*,#1910,.F.);
#946=ORIENTED_EDGE('',*,*,#1904,.T.);
#947=ORIENTED_EDGE('',*,*,#1911,.F.);
#948=ORIENTED_EDGE('',*,*,#1912,.F.);
#949=ORIENTED_EDGE('',*,*,#1913,.F.);
#950=ORIENTED_EDGE('',*,*,#1914,.T.);
#951=ORIENTED_EDGE('',*,*,#1915,.F.);
#952=ORIENTED_EDGE('',*,*,#1916,.F.);
#953=ORIENTED_EDGE('',*,*,#1917,.F.);
#954=ORIENTED_EDGE('',*,*,#1912,.T.);
#955=ORIENTED_EDGE('',*,*,#1918,.T.);
#956=ORIENTED_EDGE('',*,*,#1919,.T.);
#957=ORIENTED_EDGE('',*,*,#1914,.F.);
#958=ORIENTED_EDGE('',*,*,#1920,.T.);
#959=ORIENTED_EDGE('',*,*,#1921,.F.);
#960=ORIENTED_EDGE('',*,*,#1918,.F.);
#961=ORIENTED_EDGE('',*,*,#1922,.F.);
#962=ORIENTED_EDGE('',*,*,#1916,.T.);
#963=ORIENTED_EDGE('',*,*,#1923,.F.);
#964=ORIENTED_EDGE('',*,*,#1924,.F.);
#965=ORIENTED_EDGE('',*,*,#1925,.T.);
#966=ORIENTED_EDGE('',*,*,#1926,.T.);
#967=ORIENTED_EDGE('',*,*,#1927,.F.);
#968=ORIENTED_EDGE('',*,*,#1928,.F.);
#969=ORIENTED_EDGE('',*,*,#1929,.F.);
#970=ORIENTED_EDGE('',*,*,#1930,.F.);
#971=ORIENTED_EDGE('',*,*,#1931,.T.);
#972=ORIENTED_EDGE('',*,*,#1924,.T.);
#973=ORIENTED_EDGE('',*,*,#1932,.T.);
#974=ORIENTED_EDGE('',*,*,#1933,.T.);
#975=ORIENTED_EDGE('',*,*,#1926,.F.);
#976=ORIENTED_EDGE('',*,*,#1934,.F.);
#977=ORIENTED_EDGE('',*,*,#1935,.T.);
#978=ORIENTED_EDGE('',*,*,#1936,.T.);
#979=ORIENTED_EDGE('',*,*,#1937,.F.);
#980=ORIENTED_EDGE('',*,*,#1932,.F.);
#981=ORIENTED_EDGE('',*,*,#1938,.F.);
#982=ORIENTED_EDGE('',*,*,#1928,.T.);
#983=ORIENTED_EDGE('',*,*,#1939,.F.);
#984=ORIENTED_EDGE('',*,*,#1940,.F.);
#985=ORIENTED_EDGE('',*,*,#1941,.F.);
#986=ORIENTED_EDGE('',*,*,#1942,.T.);
#987=ORIENTED_EDGE('',*,*,#1943,.F.);
#988=ORIENTED_EDGE('',*,*,#1944,.F.);
#989=ORIENTED_EDGE('',*,*,#1945,.F.);
#990=ORIENTED_EDGE('',*,*,#1940,.T.);
#991=ORIENTED_EDGE('',*,*,#1946,.T.);
#992=ORIENTED_EDGE('',*,*,#1947,.T.);
#993=ORIENTED_EDGE('',*,*,#1942,.F.);
#994=ORIENTED_EDGE('',*,*,#1948,.T.);
#995=ORIENTED_EDGE('',*,*,#1949,.F.);
#996=ORIENTED_EDGE('',*,*,#1946,.F.);
#997=ORIENTED_EDGE('',*,*,#1950,.F.);
#998=ORIENTED_EDGE('',*,*,#1944,.T.);
#999=ORIENTED_EDGE('',*,*,#1951,.F.);
#1000=ORIENTED_EDGE('',*,*,#1952,.F.);
#1001=ORIENTED_EDGE('',*,*,#1953,.F.);
#1002=ORIENTED_EDGE('',*,*,#1954,.T.);
#1003=ORIENTED_EDGE('',*,*,#1955,.F.);
#1004=ORIENTED_EDGE('',*,*,#1956,.F.);
#1005=ORIENTED_EDGE('',*,*,#1957,.F.);
#1006=ORIENTED_EDGE('',*,*,#1952,.T.);
#1007=ORIENTED_EDGE('',*,*,#1958,.T.);
#1008=ORIENTED_EDGE('',*,*,#1959,.T.);
#1009=ORIENTED_EDGE('',*,*,#1954,.F.);
#1010=ORIENTED_EDGE('',*,*,#1960,.T.);
#1011=ORIENTED_EDGE('',*,*,#1961,.F.);
#1012=ORIENTED_EDGE('',*,*,#1958,.F.);
#1013=ORIENTED_EDGE('',*,*,#1962,.F.);
#1014=ORIENTED_EDGE('',*,*,#1956,.T.);
#1015=ORIENTED_EDGE('',*,*,#1963,.F.);
#1016=ORIENTED_EDGE('',*,*,#1964,.F.);
#1017=ORIENTED_EDGE('',*,*,#1965,.F.);
#1018=ORIENTED_EDGE('',*,*,#1966,.T.);
#1019=ORIENTED_EDGE('',*,*,#1967,.F.);
#1020=ORIENTED_EDGE('',*,*,#1968,.F.);
#1021=ORIENTED_EDGE('',*,*,#1969,.F.);
#1022=ORIENTED_EDGE('',*,*,#1964,.T.);
#1023=ORIENTED_EDGE('',*,*,#1970,.T.);
#1024=ORIENTED_EDGE('',*,*,#1971,.T.);
#1025=ORIENTED_EDGE('',*,*,#1966,.F.);
#1026=ORIENTED_EDGE('',*,*,#1972,.T.);
#1027=ORIENTED_EDGE('',*,*,#1973,.F.);
#1028=ORIENTED_EDGE('',*,*,#1970,.F.);
#1029=ORIENTED_EDGE('',*,*,#1974,.F.);
#1030=ORIENTED_EDGE('',*,*,#1968,.T.);
#1031=ORIENTED_EDGE('',*,*,#1975,.F.);
#1032=ORIENTED_EDGE('',*,*,#1976,.F.);
#1033=ORIENTED_EDGE('',*,*,#1977,.F.);
#1034=ORIENTED_EDGE('',*,*,#1978,.T.);
#1035=ORIENTED_EDGE('',*,*,#1979,.F.);
#1036=ORIENTED_EDGE('',*,*,#1980,.F.);
#1037=ORIENTED_EDGE('',*,*,#1981,.F.);
#1038=ORIENTED_EDGE('',*,*,#1976,.T.);
#1039=ORIENTED_EDGE('',*,*,#1982,.T.);
#1040=ORIENTED_EDGE('',*,*,#1983,.T.);
#1041=ORIENTED_EDGE('',*,*,#1978,.F.);
#1042=ORIENTED_EDGE('',*,*,#1984,.T.);
#1043=ORIENTED_EDGE('',*,*,#1985,.F.);
#1044=ORIENTED_EDGE('',*,*,#1982,.F.);
#1045=ORIENTED_EDGE('',*,*,#1986,.F.);
#1046=ORIENTED_EDGE('',*,*,#1980,.T.);
#1047=ORIENTED_EDGE('',*,*,#1987,.F.);
#1048=ORIENTED_EDGE('',*,*,#1988,.F.);
#1049=ORIENTED_EDGE('',*,*,#1989,.F.);
#1050=ORIENTED_EDGE('',*,*,#1990,.T.);
#1051=ORIENTED_EDGE('',*,*,#1991,.F.);
#1052=ORIENTED_EDGE('',*,*,#1992,.F.);
#1053=ORIENTED_EDGE('',*,*,#1993,.F.);
#1054=ORIENTED_EDGE('',*,*,#1988,.T.);
#1055=ORIENTED_EDGE('',*,*,#1994,.T.);
#1056=ORIENTED_EDGE('',*,*,#1995,.T.);
#1057=ORIENTED_EDGE('',*,*,#1990,.F.);
#1058=ORIENTED_EDGE('',*,*,#1996,.T.);
#1059=ORIENTED_EDGE('',*,*,#1997,.F.);
#1060=ORIENTED_EDGE('',*,*,#1994,.F.);
#1061=ORIENTED_EDGE('',*,*,#1998,.F.);
#1062=ORIENTED_EDGE('',*,*,#1992,.T.);
#1063=ORIENTED_EDGE('',*,*,#1999,.F.);
#1064=ORIENTED_EDGE('',*,*,#1848,.F.);
#1065=ORIENTED_EDGE('',*,*,#1841,.T.);
#1066=ORIENTED_EDGE('',*,*,#1845,.T.);
#1067=ORIENTED_EDGE('',*,*,#1850,.T.);
#1068=ORIENTED_EDGE('',*,*,#1876,.F.);
#1069=ORIENTED_EDGE('',*,*,#1869,.T.);
#1070=ORIENTED_EDGE('',*,*,#1873,.T.);
#1071=ORIENTED_EDGE('',*,*,#1878,.T.);
#1072=ORIENTED_EDGE('',*,*,#1920,.F.);
#1073=ORIENTED_EDGE('',*,*,#1913,.T.);
#1074=ORIENTED_EDGE('',*,*,#1917,.T.);
#1075=ORIENTED_EDGE('',*,*,#1922,.T.);
#1076=ORIENTED_EDGE('',*,*,#2000,.F.);
#1077=ORIENTED_EDGE('',*,*,#1929,.T.);
#1078=ORIENTED_EDGE('',*,*,#1938,.T.);
#1079=ORIENTED_EDGE('',*,*,#1936,.F.);
#1080=ORIENTED_EDGE('',*,*,#2001,.F.);
#1081=ORIENTED_EDGE('',*,*,#1897,.T.);
#1082=ORIENTED_EDGE('',*,*,#1905,.T.);
#1083=ORIENTED_EDGE('',*,*,#1910,.T.);
#1084=ORIENTED_EDGE('',*,*,#1908,.F.);
#1085=ORIENTED_EDGE('',*,*,#1901,.T.);
#1086=ORIENTED_EDGE('',*,*,#2002,.F.);
#1087=ORIENTED_EDGE('',*,*,#1881,.T.);
#1088=ORIENTED_EDGE('',*,*,#1889,.T.);
#1089=ORIENTED_EDGE('',*,*,#1894,.T.);
#1090=ORIENTED_EDGE('',*,*,#1892,.F.);
#1091=ORIENTED_EDGE('',*,*,#1885,.T.);
#1092=ORIENTED_EDGE('',*,*,#2003,.F.);
#1093=ORIENTED_EDGE('',*,*,#1853,.T.);
#1094=ORIENTED_EDGE('',*,*,#1861,.T.);
#1095=ORIENTED_EDGE('',*,*,#1866,.T.);
#1096=ORIENTED_EDGE('',*,*,#1864,.F.);
#1097=ORIENTED_EDGE('',*,*,#1857,.T.);
#1098=ORIENTED_EDGE('',*,*,#2004,.F.);
#1099=ORIENTED_EDGE('',*,*,#1825,.T.);
#1100=ORIENTED_EDGE('',*,*,#1833,.T.);
#1101=ORIENTED_EDGE('',*,*,#1838,.T.);
#1102=ORIENTED_EDGE('',*,*,#1836,.F.);
#1103=ORIENTED_EDGE('',*,*,#1829,.T.);
#1104=ORIENTED_EDGE('',*,*,#1948,.F.);
#1105=ORIENTED_EDGE('',*,*,#1941,.T.);
#1106=ORIENTED_EDGE('',*,*,#1945,.T.);
#1107=ORIENTED_EDGE('',*,*,#1950,.T.);
#1108=ORIENTED_EDGE('',*,*,#1960,.F.);
#1109=ORIENTED_EDGE('',*,*,#1953,.T.);
#1110=ORIENTED_EDGE('',*,*,#1957,.T.);
#1111=ORIENTED_EDGE('',*,*,#1962,.T.);
#1112=ORIENTED_EDGE('',*,*,#1972,.F.);
#1113=ORIENTED_EDGE('',*,*,#1965,.T.);
#1114=ORIENTED_EDGE('',*,*,#1969,.T.);
#1115=ORIENTED_EDGE('',*,*,#1974,.T.);
#1116=ORIENTED_EDGE('',*,*,#1984,.F.);
#1117=ORIENTED_EDGE('',*,*,#1977,.T.);
#1118=ORIENTED_EDGE('',*,*,#1981,.T.);
#1119=ORIENTED_EDGE('',*,*,#1986,.T.);
#1120=ORIENTED_EDGE('',*,*,#1996,.F.);
#1121=ORIENTED_EDGE('',*,*,#1989,.T.);
#1122=ORIENTED_EDGE('',*,*,#1993,.T.);
#1123=ORIENTED_EDGE('',*,*,#1998,.T.);
#1124=ORIENTED_EDGE('',*,*,#2005,.F.);
#1125=ORIENTED_EDGE('',*,*,#1930,.T.);
#1126=ORIENTED_EDGE('',*,*,#2000,.T.);
#1127=ORIENTED_EDGE('',*,*,#1828,.T.);
#1128=ORIENTED_EDGE('',*,*,#2006,.F.);
#1129=ORIENTED_EDGE('',*,*,#1931,.F.);
#1130=ORIENTED_EDGE('',*,*,#2005,.T.);
#1131=ORIENTED_EDGE('',*,*,#1827,.F.);
#1132=ORIENTED_EDGE('',*,*,#2007,.T.);
#1133=ORIENTED_EDGE('',*,*,#1855,.F.);
#1134=ORIENTED_EDGE('',*,*,#2008,.T.);
#1135=ORIENTED_EDGE('',*,*,#1883,.F.);
#1136=ORIENTED_EDGE('',*,*,#2009,.T.);
#1137=ORIENTED_EDGE('',*,*,#1899,.F.);
#1138=ORIENTED_EDGE('',*,*,#2010,.T.);
#1139=ORIENTED_EDGE('',*,*,#1934,.T.);
#1140=ORIENTED_EDGE('',*,*,#1925,.F.);
#1141=ORIENTED_EDGE('',*,*,#1935,.F.);
#1142=ORIENTED_EDGE('',*,*,#2010,.F.);
#1143=ORIENTED_EDGE('',*,*,#1898,.T.);
#1144=ORIENTED_EDGE('',*,*,#2001,.T.);
#1145=ORIENTED_EDGE('',*,*,#2002,.T.);
#1146=ORIENTED_EDGE('',*,*,#1900,.T.);
#1147=ORIENTED_EDGE('',*,*,#2009,.F.);
#1148=ORIENTED_EDGE('',*,*,#1882,.T.);
#1149=ORIENTED_EDGE('',*,*,#2003,.T.);
#1150=ORIENTED_EDGE('',*,*,#1884,.T.);
#1151=ORIENTED_EDGE('',*,*,#2008,.F.);
#1152=ORIENTED_EDGE('',*,*,#1854,.T.);
#1153=ORIENTED_EDGE('',*,*,#2004,.T.);
#1154=ORIENTED_EDGE('',*,*,#1856,.T.);
#1155=ORIENTED_EDGE('',*,*,#2007,.F.);
#1156=ORIENTED_EDGE('',*,*,#1826,.T.);
#1157=ORIENTED_EDGE('',*,*,#2011,.T.);
#1158=ORIENTED_EDGE('',*,*,#2012,.T.);
#1159=ORIENTED_EDGE('',*,*,#2013,.T.);
#1160=ORIENTED_EDGE('',*,*,#2014,.T.);
#1161=ORIENTED_EDGE('',*,*,#2015,.T.);
#1162=ORIENTED_EDGE('',*,*,#2016,.T.);
#1163=ORIENTED_EDGE('',*,*,#2017,.T.);
#1164=ORIENTED_EDGE('',*,*,#2018,.T.);
#1165=ORIENTED_EDGE('',*,*,#2019,.T.);
#1166=ORIENTED_EDGE('',*,*,#2020,.F.);
#1167=ORIENTED_EDGE('',*,*,#2021,.T.);
#1168=ORIENTED_EDGE('',*,*,#2022,.F.);
#1169=ORIENTED_EDGE('',*,*,#2023,.F.);
#1170=ORIENTED_EDGE('',*,*,#2024,.T.);
#1171=ORIENTED_EDGE('',*,*,#2025,.T.);
#1172=ORIENTED_EDGE('',*,*,#2026,.F.);
#1173=ORIENTED_EDGE('',*,*,#2027,.F.);
#1174=ORIENTED_EDGE('',*,*,#2028,.T.);
#1175=ORIENTED_EDGE('',*,*,#2029,.T.);
#1176=ORIENTED_EDGE('',*,*,#2030,.F.);
#1177=ORIENTED_EDGE('',*,*,#2031,.F.);
#1178=ORIENTED_EDGE('',*,*,#2032,.T.);
#1179=ORIENTED_EDGE('',*,*,#2033,.T.);
#1180=ORIENTED_EDGE('',*,*,#2034,.F.);
#1181=ORIENTED_EDGE('',*,*,#2035,.F.);
#1182=ORIENTED_EDGE('',*,*,#2036,.T.);
#1183=ORIENTED_EDGE('',*,*,#2037,.T.);
#1184=ORIENTED_EDGE('',*,*,#2038,.F.);
#1185=ORIENTED_EDGE('',*,*,#2039,.F.);
#1186=ORIENTED_EDGE('',*,*,#2040,.T.);
#1187=ORIENTED_EDGE('',*,*,#2041,.T.);
#1188=ORIENTED_EDGE('',*,*,#2042,.F.);
#1189=ORIENTED_EDGE('',*,*,#2043,.F.);
#1190=ORIENTED_EDGE('',*,*,#2044,.T.);
#1191=ORIENTED_EDGE('',*,*,#2045,.T.);
#1192=ORIENTED_EDGE('',*,*,#2046,.F.);
#1193=ORIENTED_EDGE('',*,*,#2047,.F.);
#1194=ORIENTED_EDGE('',*,*,#2048,.T.);
#1195=ORIENTED_EDGE('',*,*,#2049,.T.);
#1196=ORIENTED_EDGE('',*,*,#2050,.F.);
#1197=ORIENTED_EDGE('',*,*,#2051,.F.);
#1198=ORIENTED_EDGE('',*,*,#2052,.T.);
#1199=ORIENTED_EDGE('',*,*,#2053,.T.);
#1200=ORIENTED_EDGE('',*,*,#2054,.F.);
#1201=ORIENTED_EDGE('',*,*,#2055,.F.);
#1202=ORIENTED_EDGE('',*,*,#2056,.T.);
#1203=ORIENTED_EDGE('',*,*,#2057,.T.);
#1204=ORIENTED_EDGE('',*,*,#2058,.F.);
#1205=ORIENTED_EDGE('',*,*,#2059,.T.);
#1206=ORIENTED_EDGE('',*,*,#2060,.T.);
#1207=ORIENTED_EDGE('',*,*,#2061,.T.);
#1208=ORIENTED_EDGE('',*,*,#2062,.T.);
#1209=ORIENTED_EDGE('',*,*,#2006,.T.);
#1210=ORIENTED_EDGE('',*,*,#2063,.F.);
#1211=ORIENTED_EDGE('',*,*,#2064,.T.);
#1212=ORIENTED_EDGE('',*,*,#2065,.F.);
#1213=ORIENTED_EDGE('',*,*,#2066,.F.);
#1214=ORIENTED_EDGE('',*,*,#2067,.F.);
#1215=ORIENTED_EDGE('',*,*,#2068,.T.);
#1216=ORIENTED_EDGE('',*,*,#2069,.T.);
#1217=ORIENTED_EDGE('',*,*,#2070,.T.);
#1218=ORIENTED_EDGE('',*,*,#2071,.T.);
#1219=ORIENTED_EDGE('',*,*,#2072,.T.);
#1220=ORIENTED_EDGE('',*,*,#2073,.T.);
#1221=ORIENTED_EDGE('',*,*,#2074,.T.);
#1222=ORIENTED_EDGE('',*,*,#2075,.T.);
#1223=ORIENTED_EDGE('',*,*,#2076,.T.);
#1224=ORIENTED_EDGE('',*,*,#2077,.T.);
#1225=ORIENTED_EDGE('',*,*,#2078,.T.);
#1226=ORIENTED_EDGE('',*,*,#2079,.T.);
#1227=ORIENTED_EDGE('',*,*,#2080,.T.);
#1228=ORIENTED_EDGE('',*,*,#2081,.T.);
#1229=ORIENTED_EDGE('',*,*,#2082,.T.);
#1230=ORIENTED_EDGE('',*,*,#2083,.F.);
#1231=ORIENTED_EDGE('',*,*,#2084,.F.);
#1232=ORIENTED_EDGE('',*,*,#2085,.T.);
#1233=ORIENTED_EDGE('',*,*,#2086,.T.);
#1234=ORIENTED_EDGE('',*,*,#2087,.F.);
#1235=ORIENTED_EDGE('',*,*,#2088,.F.);
#1236=ORIENTED_EDGE('',*,*,#2089,.T.);
#1237=ORIENTED_EDGE('',*,*,#2090,.T.);
#1238=ORIENTED_EDGE('',*,*,#2091,.F.);
#1239=ORIENTED_EDGE('',*,*,#2092,.F.);
#1240=ORIENTED_EDGE('',*,*,#2093,.T.);
#1241=ORIENTED_EDGE('',*,*,#2094,.T.);
#1242=ORIENTED_EDGE('',*,*,#2095,.F.);
#1243=ORIENTED_EDGE('',*,*,#2096,.F.);
#1244=ORIENTED_EDGE('',*,*,#2097,.T.);
#1245=ORIENTED_EDGE('',*,*,#2098,.T.);
#1246=ORIENTED_EDGE('',*,*,#2099,.F.);
#1247=ORIENTED_EDGE('',*,*,#2100,.F.);
#1248=ORIENTED_EDGE('',*,*,#2101,.T.);
#1249=ORIENTED_EDGE('',*,*,#2102,.T.);
#1250=ORIENTED_EDGE('',*,*,#2103,.F.);
#1251=ORIENTED_EDGE('',*,*,#2104,.F.);
#1252=ORIENTED_EDGE('',*,*,#2105,.T.);
#1253=ORIENTED_EDGE('',*,*,#2106,.T.);
#1254=ORIENTED_EDGE('',*,*,#2107,.F.);
#1255=ORIENTED_EDGE('',*,*,#2108,.F.);
#1256=ORIENTED_EDGE('',*,*,#2109,.T.);
#1257=ORIENTED_EDGE('',*,*,#2110,.T.);
#1258=ORIENTED_EDGE('',*,*,#2111,.F.);
#1259=ORIENTED_EDGE('',*,*,#2112,.F.);
#1260=ORIENTED_EDGE('',*,*,#2113,.T.);
#1261=ORIENTED_EDGE('',*,*,#2114,.T.);
#1262=ORIENTED_EDGE('',*,*,#2115,.F.);
#1263=ORIENTED_EDGE('',*,*,#2116,.F.);
#1264=ORIENTED_EDGE('',*,*,#2117,.F.);
#1265=ORIENTED_EDGE('',*,*,#2118,.T.);
#1266=ORIENTED_EDGE('',*,*,#2119,.F.);
#1267=ORIENTED_EDGE('',*,*,#2120,.T.);
#1268=ORIENTED_EDGE('',*,*,#2121,.F.);
#1269=ORIENTED_EDGE('',*,*,#2122,.F.);
#1270=ORIENTED_EDGE('',*,*,#2123,.F.);
#1271=ORIENTED_EDGE('',*,*,#2124,.F.);
#1272=ORIENTED_EDGE('',*,*,#2125,.T.);
#1273=ORIENTED_EDGE('',*,*,#2126,.T.);
#1274=ORIENTED_EDGE('',*,*,#2127,.T.);
#1275=ORIENTED_EDGE('',*,*,#2128,.T.);
#1276=ORIENTED_EDGE('',*,*,#2129,.F.);
#1277=ORIENTED_EDGE('',*,*,#2130,.F.);
#1278=ORIENTED_EDGE('',*,*,#2131,.T.);
#1279=ORIENTED_EDGE('',*,*,#2132,.F.);
#1280=ORIENTED_EDGE('',*,*,#2133,.T.);
#1281=ORIENTED_EDGE('',*,*,#2134,.F.);
#1282=ORIENTED_EDGE('',*,*,#2135,.T.);
#1283=ORIENTED_EDGE('',*,*,#2136,.T.);
#1284=ORIENTED_EDGE('',*,*,#2137,.T.);
#1285=ORIENTED_EDGE('',*,*,#2138,.T.);
#1286=ORIENTED_EDGE('',*,*,#2139,.F.);
#1287=ORIENTED_EDGE('',*,*,#2139,.T.);
#1288=ORIENTED_EDGE('',*,*,#2140,.F.);
#1289=ORIENTED_EDGE('',*,*,#2141,.F.);
#1290=ORIENTED_EDGE('',*,*,#2141,.T.);
#1291=ORIENTED_EDGE('',*,*,#2142,.F.);
#1292=ORIENTED_EDGE('',*,*,#2143,.T.);
#1293=ORIENTED_EDGE('',*,*,#2144,.T.);
#1294=ORIENTED_EDGE('',*,*,#2145,.T.);
#1295=ORIENTED_EDGE('',*,*,#2146,.T.);
#1296=ORIENTED_EDGE('',*,*,#2147,.T.);
#1297=ORIENTED_EDGE('',*,*,#2148,.T.);
#1298=ORIENTED_EDGE('',*,*,#2149,.T.);
#1299=ORIENTED_EDGE('',*,*,#2150,.T.);
#1300=ORIENTED_EDGE('',*,*,#2117,.T.);
#1301=ORIENTED_EDGE('',*,*,#2151,.F.);
#1302=ORIENTED_EDGE('',*,*,#2015,.F.);
#1303=ORIENTED_EDGE('',*,*,#2152,.T.);
#1304=ORIENTED_EDGE('',*,*,#2124,.T.);
#1305=ORIENTED_EDGE('',*,*,#2153,.F.);
#1306=ORIENTED_EDGE('',*,*,#2016,.F.);
#1307=ORIENTED_EDGE('',*,*,#2151,.T.);
#1308=ORIENTED_EDGE('',*,*,#2123,.T.);
#1309=ORIENTED_EDGE('',*,*,#2154,.F.);
#1310=ORIENTED_EDGE('',*,*,#2017,.F.);
#1311=ORIENTED_EDGE('',*,*,#2153,.T.);
#1312=ORIENTED_EDGE('',*,*,#2122,.T.);
#1313=ORIENTED_EDGE('',*,*,#2155,.F.);
#1314=ORIENTED_EDGE('',*,*,#2018,.F.);
#1315=ORIENTED_EDGE('',*,*,#2154,.T.);
#1316=ORIENTED_EDGE('',*,*,#2121,.T.);
#1317=ORIENTED_EDGE('',*,*,#2156,.F.);
#1318=ORIENTED_EDGE('',*,*,#2019,.F.);
#1319=ORIENTED_EDGE('',*,*,#2155,.T.);
#1320=ORIENTED_EDGE('',*,*,#2120,.F.);
#1321=ORIENTED_EDGE('',*,*,#2157,.F.);
#1322=ORIENTED_EDGE('',*,*,#2020,.T.);
#1323=ORIENTED_EDGE('',*,*,#2156,.T.);
#1324=ORIENTED_EDGE('',*,*,#2119,.T.);
#1325=ORIENTED_EDGE('',*,*,#2158,.F.);
#1326=ORIENTED_EDGE('',*,*,#2021,.F.);
#1327=ORIENTED_EDGE('',*,*,#2157,.T.);
#1328=ORIENTED_EDGE('',*,*,#2113,.F.);
#1329=ORIENTED_EDGE('',*,*,#2159,.F.);
#1330=ORIENTED_EDGE('',*,*,#2023,.T.);
#1331=ORIENTED_EDGE('',*,*,#2160,.T.);
#1332=ORIENTED_EDGE('',*,*,#2116,.T.);
#1333=ORIENTED_EDGE('',*,*,#2161,.F.);
#1334=ORIENTED_EDGE('',*,*,#2024,.F.);
#1335=ORIENTED_EDGE('',*,*,#2159,.T.);
#1336=ORIENTED_EDGE('',*,*,#2115,.T.);
#1337=ORIENTED_EDGE('',*,*,#2162,.F.);
#1338=ORIENTED_EDGE('',*,*,#2025,.F.);
#1339=ORIENTED_EDGE('',*,*,#2161,.T.);
#1340=ORIENTED_EDGE('',*,*,#2109,.F.);
#1341=ORIENTED_EDGE('',*,*,#2163,.F.);
#1342=ORIENTED_EDGE('',*,*,#2027,.T.);
#1343=ORIENTED_EDGE('',*,*,#2164,.T.);
#1344=ORIENTED_EDGE('',*,*,#2112,.T.);
#1345=ORIENTED_EDGE('',*,*,#2165,.F.);
#1346=ORIENTED_EDGE('',*,*,#2028,.F.);
#1347=ORIENTED_EDGE('',*,*,#2163,.T.);
#1348=ORIENTED_EDGE('',*,*,#2111,.T.);
#1349=ORIENTED_EDGE('',*,*,#2166,.F.);
#1350=ORIENTED_EDGE('',*,*,#2029,.F.);
#1351=ORIENTED_EDGE('',*,*,#2165,.T.);
#1352=ORIENTED_EDGE('',*,*,#2105,.F.);
#1353=ORIENTED_EDGE('',*,*,#2167,.F.);
#1354=ORIENTED_EDGE('',*,*,#2031,.T.);
#1355=ORIENTED_EDGE('',*,*,#2168,.T.);
#1356=ORIENTED_EDGE('',*,*,#2108,.T.);
#1357=ORIENTED_EDGE('',*,*,#2169,.F.);
#1358=ORIENTED_EDGE('',*,*,#2032,.F.);
#1359=ORIENTED_EDGE('',*,*,#2167,.T.);
#1360=ORIENTED_EDGE('',*,*,#2107,.T.);
#1361=ORIENTED_EDGE('',*,*,#2170,.F.);
#1362=ORIENTED_EDGE('',*,*,#2033,.F.);
#1363=ORIENTED_EDGE('',*,*,#2169,.T.);
#1364=ORIENTED_EDGE('',*,*,#2101,.F.);
#1365=ORIENTED_EDGE('',*,*,#2171,.F.);
#1366=ORIENTED_EDGE('',*,*,#2035,.T.);
#1367=ORIENTED_EDGE('',*,*,#2172,.T.);
#1368=ORIENTED_EDGE('',*,*,#2104,.T.);
#1369=ORIENTED_EDGE('',*,*,#2173,.F.);
#1370=ORIENTED_EDGE('',*,*,#2036,.F.);
#1371=ORIENTED_EDGE('',*,*,#2171,.T.);
#1372=ORIENTED_EDGE('',*,*,#2103,.T.);
#1373=ORIENTED_EDGE('',*,*,#2174,.F.);
#1374=ORIENTED_EDGE('',*,*,#2037,.F.);
#1375=ORIENTED_EDGE('',*,*,#2173,.T.);
#1376=ORIENTED_EDGE('',*,*,#2097,.F.);
#1377=ORIENTED_EDGE('',*,*,#2175,.F.);
#1378=ORIENTED_EDGE('',*,*,#2039,.T.);
#1379=ORIENTED_EDGE('',*,*,#2176,.T.);
#1380=ORIENTED_EDGE('',*,*,#2100,.T.);
#1381=ORIENTED_EDGE('',*,*,#2177,.F.);
#1382=ORIENTED_EDGE('',*,*,#2040,.F.);
#1383=ORIENTED_EDGE('',*,*,#2175,.T.);
#1384=ORIENTED_EDGE('',*,*,#2099,.T.);
#1385=ORIENTED_EDGE('',*,*,#2178,.F.);
#1386=ORIENTED_EDGE('',*,*,#2041,.F.);
#1387=ORIENTED_EDGE('',*,*,#2177,.T.);
#1388=ORIENTED_EDGE('',*,*,#2093,.F.);
#1389=ORIENTED_EDGE('',*,*,#2179,.F.);
#1390=ORIENTED_EDGE('',*,*,#2043,.T.);
#1391=ORIENTED_EDGE('',*,*,#2180,.T.);
#1392=ORIENTED_EDGE('',*,*,#2096,.T.);
#1393=ORIENTED_EDGE('',*,*,#2181,.F.);
#1394=ORIENTED_EDGE('',*,*,#2044,.F.);
#1395=ORIENTED_EDGE('',*,*,#2179,.T.);
#1396=ORIENTED_EDGE('',*,*,#2095,.T.);
#1397=ORIENTED_EDGE('',*,*,#2182,.F.);
#1398=ORIENTED_EDGE('',*,*,#2045,.F.);
#1399=ORIENTED_EDGE('',*,*,#2181,.T.);
#1400=ORIENTED_EDGE('',*,*,#2089,.F.);
#1401=ORIENTED_EDGE('',*,*,#2183,.F.);
#1402=ORIENTED_EDGE('',*,*,#2047,.T.);
#1403=ORIENTED_EDGE('',*,*,#2184,.T.);
#1404=ORIENTED_EDGE('',*,*,#2092,.T.);
#1405=ORIENTED_EDGE('',*,*,#2185,.F.);
#1406=ORIENTED_EDGE('',*,*,#2048,.F.);
#1407=ORIENTED_EDGE('',*,*,#2183,.T.);
#1408=ORIENTED_EDGE('',*,*,#2091,.T.);
#1409=ORIENTED_EDGE('',*,*,#2186,.F.);
#1410=ORIENTED_EDGE('',*,*,#2049,.F.);
#1411=ORIENTED_EDGE('',*,*,#2185,.T.);
#1412=ORIENTED_EDGE('',*,*,#2085,.F.);
#1413=ORIENTED_EDGE('',*,*,#2187,.F.);
#1414=ORIENTED_EDGE('',*,*,#2051,.T.);
#1415=ORIENTED_EDGE('',*,*,#2188,.T.);
#1416=ORIENTED_EDGE('',*,*,#2088,.T.);
#1417=ORIENTED_EDGE('',*,*,#2189,.F.);
#1418=ORIENTED_EDGE('',*,*,#2052,.F.);
#1419=ORIENTED_EDGE('',*,*,#2187,.T.);
#1420=ORIENTED_EDGE('',*,*,#2087,.T.);
#1421=ORIENTED_EDGE('',*,*,#2190,.F.);
#1422=ORIENTED_EDGE('',*,*,#2053,.F.);
#1423=ORIENTED_EDGE('',*,*,#2189,.T.);
#1424=ORIENTED_EDGE('',*,*,#2081,.F.);
#1425=ORIENTED_EDGE('',*,*,#2191,.F.);
#1426=ORIENTED_EDGE('',*,*,#2055,.T.);
#1427=ORIENTED_EDGE('',*,*,#2192,.T.);
#1428=ORIENTED_EDGE('',*,*,#2084,.T.);
#1429=ORIENTED_EDGE('',*,*,#2193,.F.);
#1430=ORIENTED_EDGE('',*,*,#2056,.F.);
#1431=ORIENTED_EDGE('',*,*,#2191,.T.);
#1432=ORIENTED_EDGE('',*,*,#2083,.T.);
#1433=ORIENTED_EDGE('',*,*,#2194,.F.);
#1434=ORIENTED_EDGE('',*,*,#2057,.F.);
#1435=ORIENTED_EDGE('',*,*,#2193,.T.);
#1436=ORIENTED_EDGE('',*,*,#2114,.F.);
#1437=ORIENTED_EDGE('',*,*,#2160,.F.);
#1438=ORIENTED_EDGE('',*,*,#2026,.T.);
#1439=ORIENTED_EDGE('',*,*,#2162,.T.);
#1440=ORIENTED_EDGE('',*,*,#2110,.F.);
#1441=ORIENTED_EDGE('',*,*,#2164,.F.);
#1442=ORIENTED_EDGE('',*,*,#2030,.T.);
#1443=ORIENTED_EDGE('',*,*,#2166,.T.);
#1444=ORIENTED_EDGE('',*,*,#2106,.F.);
#1445=ORIENTED_EDGE('',*,*,#2168,.F.);
#1446=ORIENTED_EDGE('',*,*,#2034,.T.);
#1447=ORIENTED_EDGE('',*,*,#2170,.T.);
#1448=ORIENTED_EDGE('',*,*,#2102,.F.);
#1449=ORIENTED_EDGE('',*,*,#2172,.F.);
#1450=ORIENTED_EDGE('',*,*,#2038,.T.);
#1451=ORIENTED_EDGE('',*,*,#2174,.T.);
#1452=ORIENTED_EDGE('',*,*,#2098,.F.);
#1453=ORIENTED_EDGE('',*,*,#2176,.F.);
#1454=ORIENTED_EDGE('',*,*,#2042,.T.);
#1455=ORIENTED_EDGE('',*,*,#2178,.T.);
#1456=ORIENTED_EDGE('',*,*,#2094,.F.);
#1457=ORIENTED_EDGE('',*,*,#2180,.F.);
#1458=ORIENTED_EDGE('',*,*,#2046,.T.);
#1459=ORIENTED_EDGE('',*,*,#2182,.T.);
#1460=ORIENTED_EDGE('',*,*,#2090,.F.);
#1461=ORIENTED_EDGE('',*,*,#2184,.F.);
#1462=ORIENTED_EDGE('',*,*,#2050,.T.);
#1463=ORIENTED_EDGE('',*,*,#2186,.T.);
#1464=ORIENTED_EDGE('',*,*,#2086,.F.);
#1465=ORIENTED_EDGE('',*,*,#2188,.F.);
#1466=ORIENTED_EDGE('',*,*,#2054,.T.);
#1467=ORIENTED_EDGE('',*,*,#2190,.T.);
#1468=ORIENTED_EDGE('',*,*,#2082,.F.);
#1469=ORIENTED_EDGE('',*,*,#2192,.F.);
#1470=ORIENTED_EDGE('',*,*,#2058,.T.);
#1471=ORIENTED_EDGE('',*,*,#2194,.T.);
#1472=ORIENTED_EDGE('',*,*,#2118,.F.);
#1473=ORIENTED_EDGE('',*,*,#2152,.F.);
#1474=ORIENTED_EDGE('',*,*,#2022,.T.);
#1475=ORIENTED_EDGE('',*,*,#2158,.T.);
#1476=ORIENTED_EDGE('',*,*,#2195,.F.);
#1477=ORIENTED_EDGE('',*,*,#2062,.F.);
#1478=ORIENTED_EDGE('',*,*,#2196,.F.);
#1479=ORIENTED_EDGE('',*,*,#2145,.F.);
#1480=ORIENTED_EDGE('',*,*,#2196,.T.);
#1481=ORIENTED_EDGE('',*,*,#2061,.F.);
#1482=ORIENTED_EDGE('',*,*,#2197,.F.);
#1483=ORIENTED_EDGE('',*,*,#2146,.F.);
#1484=ORIENTED_EDGE('',*,*,#2195,.T.);
#1485=ORIENTED_EDGE('',*,*,#2144,.F.);
#1486=ORIENTED_EDGE('',*,*,#2198,.F.);
#1487=ORIENTED_EDGE('',*,*,#2059,.F.);
#1488=ORIENTED_EDGE('',*,*,#2197,.T.);
#1489=ORIENTED_EDGE('',*,*,#2060,.F.);
#1490=ORIENTED_EDGE('',*,*,#2198,.T.);
#1491=ORIENTED_EDGE('',*,*,#2143,.F.);
#1492=ORIENTED_EDGE('',*,*,#2199,.T.);
#1493=ORIENTED_EDGE('',*,*,#2200,.T.);
#1494=ORIENTED_EDGE('',*,*,#2201,.F.);
#1495=ORIENTED_EDGE('',*,*,#2202,.T.);
#1496=ORIENTED_EDGE('',*,*,#2201,.T.);
#1497=ORIENTED_EDGE('',*,*,#2203,.T.);
#1498=ORIENTED_EDGE('',*,*,#2204,.F.);
#1499=ORIENTED_EDGE('',*,*,#2205,.T.);
#1500=ORIENTED_EDGE('',*,*,#2204,.T.);
#1501=ORIENTED_EDGE('',*,*,#2206,.T.);
#1502=ORIENTED_EDGE('',*,*,#2207,.F.);
#1503=ORIENTED_EDGE('',*,*,#2208,.T.);
#1504=ORIENTED_EDGE('',*,*,#2207,.T.);
#1505=ORIENTED_EDGE('',*,*,#2209,.T.);
#1506=ORIENTED_EDGE('',*,*,#2199,.F.);
#1507=ORIENTED_EDGE('',*,*,#2210,.T.);
#1508=ORIENTED_EDGE('',*,*,#2211,.T.);
#1509=ORIENTED_EDGE('',*,*,#2212,.T.);
#1510=ORIENTED_EDGE('',*,*,#2213,.T.);
#1511=ORIENTED_EDGE('',*,*,#2214,.T.);
#1512=ORIENTED_EDGE('',*,*,#2205,.F.);
#1513=ORIENTED_EDGE('',*,*,#2208,.F.);
#1514=ORIENTED_EDGE('',*,*,#2210,.F.);
#1515=ORIENTED_EDGE('',*,*,#2202,.F.);
#1516=ORIENTED_EDGE('',*,*,#2215,.F.);
#1517=ORIENTED_EDGE('',*,*,#2209,.F.);
#1518=ORIENTED_EDGE('',*,*,#2216,.F.);
#1519=ORIENTED_EDGE('',*,*,#2128,.F.);
#1520=ORIENTED_EDGE('',*,*,#2216,.T.);
#1521=ORIENTED_EDGE('',*,*,#2206,.F.);
#1522=ORIENTED_EDGE('',*,*,#2217,.F.);
#1523=ORIENTED_EDGE('',*,*,#2125,.F.);
#1524=ORIENTED_EDGE('',*,*,#2215,.T.);
#1525=ORIENTED_EDGE('',*,*,#2127,.F.);
#1526=ORIENTED_EDGE('',*,*,#2218,.F.);
#1527=ORIENTED_EDGE('',*,*,#2200,.F.);
#1528=ORIENTED_EDGE('',*,*,#2217,.T.);
#1529=ORIENTED_EDGE('',*,*,#2203,.F.);
#1530=ORIENTED_EDGE('',*,*,#2218,.T.);
#1531=ORIENTED_EDGE('',*,*,#2126,.F.);
#1532=ORIENTED_EDGE('',*,*,#2219,.T.);
#1533=ORIENTED_EDGE('',*,*,#2212,.F.);
#1534=ORIENTED_EDGE('',*,*,#2220,.F.);
#1535=ORIENTED_EDGE('',*,*,#2148,.F.);
#1536=ORIENTED_EDGE('',*,*,#2220,.T.);
#1537=ORIENTED_EDGE('',*,*,#2211,.F.);
#1538=ORIENTED_EDGE('',*,*,#2221,.F.);
#1539=ORIENTED_EDGE('',*,*,#2149,.F.);
#1540=ORIENTED_EDGE('',*,*,#2221,.T.);
#1541=ORIENTED_EDGE('',*,*,#2214,.F.);
#1542=ORIENTED_EDGE('',*,*,#2222,.F.);
#1543=ORIENTED_EDGE('',*,*,#2150,.F.);
#1544=ORIENTED_EDGE('',*,*,#2222,.T.);
#1545=ORIENTED_EDGE('',*,*,#2213,.F.);
#1546=ORIENTED_EDGE('',*,*,#2219,.F.);
#1547=ORIENTED_EDGE('',*,*,#2147,.F.);
#1548=ORIENTED_EDGE('',*,*,#2142,.T.);
#1549=ORIENTED_EDGE('',*,*,#2223,.F.);
#1550=ORIENTED_EDGE('',*,*,#2224,.T.);
#1551=ORIENTED_EDGE('',*,*,#2225,.F.);
#1552=ORIENTED_EDGE('',*,*,#2226,.T.);
#1553=ORIENTED_EDGE('',*,*,#2227,.T.);
#1554=ORIENTED_EDGE('',*,*,#2129,.T.);
#1555=ORIENTED_EDGE('',*,*,#2134,.T.);
#1556=ORIENTED_EDGE('',*,*,#2228,.T.);
#1557=ORIENTED_EDGE('',*,*,#2229,.T.);
#1558=ORIENTED_EDGE('',*,*,#2223,.T.);
#1559=ORIENTED_EDGE('',*,*,#2132,.T.);
#1560=ORIENTED_EDGE('',*,*,#2230,.T.);
#1561=ORIENTED_EDGE('',*,*,#2231,.T.);
#1562=ORIENTED_EDGE('',*,*,#2232,.T.);
#1563=ORIENTED_EDGE('',*,*,#2233,.T.);
#1564=ORIENTED_EDGE('',*,*,#2234,.T.);
#1565=ORIENTED_EDGE('',*,*,#2130,.T.);
#1566=ORIENTED_EDGE('',*,*,#2227,.F.);
#1567=ORIENTED_EDGE('',*,*,#2235,.T.);
#1568=ORIENTED_EDGE('',*,*,#2236,.T.);
#1569=ORIENTED_EDGE('',*,*,#2237,.T.);
#1570=ORIENTED_EDGE('',*,*,#2225,.T.);
#1571=ORIENTED_EDGE('',*,*,#2079,.F.);
#1572=ORIENTED_EDGE('',*,*,#2238,.T.);
#1573=ORIENTED_EDGE('',*,*,#2239,.T.);
#1574=ORIENTED_EDGE('',*,*,#2240,.T.);
#1575=ORIENTED_EDGE('',*,*,#2077,.F.);
#1576=ORIENTED_EDGE('',*,*,#2241,.T.);
#1577=ORIENTED_EDGE('',*,*,#2242,.T.);
#1578=ORIENTED_EDGE('',*,*,#2243,.T.);
#1579=ORIENTED_EDGE('',*,*,#2244,.T.);
#1580=ORIENTED_EDGE('',*,*,#2245,.T.);
#1581=ORIENTED_EDGE('',*,*,#2075,.F.);
#1582=ORIENTED_EDGE('',*,*,#2246,.F.);
#1583=ORIENTED_EDGE('',*,*,#2247,.F.);
#1584=ORIENTED_EDGE('',*,*,#2240,.F.);
#1585=ORIENTED_EDGE('',*,*,#2248,.T.);
#1586=ORIENTED_EDGE('',*,*,#2249,.T.);
#1587=ORIENTED_EDGE('',*,*,#2250,.T.);
#1588=ORIENTED_EDGE('',*,*,#2246,.T.);
#1589=ORIENTED_EDGE('',*,*,#2080,.F.);
#1590=ORIENTED_EDGE('',*,*,#2251,.T.);
#1591=ORIENTED_EDGE('',*,*,#2252,.T.);
#1592=ORIENTED_EDGE('',*,*,#2253,.T.);
#1593=ORIENTED_EDGE('',*,*,#2249,.F.);
#1594=ORIENTED_EDGE('',*,*,#2254,.T.);
#1595=ORIENTED_EDGE('',*,*,#2255,.T.);
#1596=ORIENTED_EDGE('',*,*,#2070,.F.);
#1597=ORIENTED_EDGE('',*,*,#2256,.F.);
#1598=ORIENTED_EDGE('',*,*,#2257,.F.);
#1599=ORIENTED_EDGE('',*,*,#2258,.T.);
#1600=ORIENTED_EDGE('',*,*,#2259,.T.);
#1601=ORIENTED_EDGE('',*,*,#2256,.T.);
#1602=ORIENTED_EDGE('',*,*,#2069,.F.);
#1603=ORIENTED_EDGE('',*,*,#2260,.F.);
#1604=ORIENTED_EDGE('',*,*,#2261,.T.);
#1605=ORIENTED_EDGE('',*,*,#2074,.F.);
#1606=ORIENTED_EDGE('',*,*,#2262,.T.);
#1607=ORIENTED_EDGE('',*,*,#2263,.T.);
#1608=ORIENTED_EDGE('',*,*,#2260,.T.);
#1609=ORIENTED_EDGE('',*,*,#2072,.F.);
#1610=ORIENTED_EDGE('',*,*,#2264,.T.);
#1611=ORIENTED_EDGE('',*,*,#2265,.T.);
#1612=ORIENTED_EDGE('',*,*,#2266,.T.);
#1613=ORIENTED_EDGE('',*,*,#2267,.T.);
#1614=ORIENTED_EDGE('',*,*,#2268,.T.);
#1615=ORIENTED_EDGE('',*,*,#2269,.T.);
#1616=ORIENTED_EDGE('',*,*,#2258,.F.);
#1617=ORIENTED_EDGE('',*,*,#2063,.T.);
#1618=ORIENTED_EDGE('',*,*,#2270,.T.);
#1619=ORIENTED_EDGE('',*,*,#2271,.T.);
#1620=ORIENTED_EDGE('',*,*,#2272,.T.);
#1621=ORIENTED_EDGE('',*,*,#2273,.T.);
#1622=ORIENTED_EDGE('',*,*,#2274,.T.);
#1623=ORIENTED_EDGE('',*,*,#2067,.T.);
#1624=ORIENTED_EDGE('',*,*,#2275,.F.);
#1625=ORIENTED_EDGE('',*,*,#2140,.T.);
#1626=ORIENTED_EDGE('',*,*,#2276,.F.);
#1627=ORIENTED_EDGE('',*,*,#2277,.T.);
#1628=ORIENTED_EDGE('',*,*,#2278,.F.);
#1629=ORIENTED_EDGE('',*,*,#2279,.T.);
#1630=ORIENTED_EDGE('',*,*,#2275,.T.);
#1631=ORIENTED_EDGE('',*,*,#2066,.T.);
#1632=ORIENTED_EDGE('',*,*,#2065,.T.);
#1633=ORIENTED_EDGE('',*,*,#2280,.T.);
#1634=ORIENTED_EDGE('',*,*,#2281,.T.);
#1635=ORIENTED_EDGE('',*,*,#2276,.T.);
#1636=ORIENTED_EDGE('',*,*,#2282,.T.);
#1637=ORIENTED_EDGE('',*,*,#2283,.T.);
#1638=ORIENTED_EDGE('',*,*,#2284,.T.);
#1639=ORIENTED_EDGE('',*,*,#2278,.T.);
#1640=ORIENTED_EDGE('',*,*,#2239,.F.);
#1641=ORIENTED_EDGE('',*,*,#2285,.T.);
#1642=ORIENTED_EDGE('',*,*,#2251,.F.);
#1643=ORIENTED_EDGE('',*,*,#2248,.F.);
#1644=ORIENTED_EDGE('',*,*,#2253,.F.);
#1645=ORIENTED_EDGE('',*,*,#2286,.T.);
#1646=ORIENTED_EDGE('',*,*,#2244,.F.);
#1647=ORIENTED_EDGE('',*,*,#2250,.F.);
#1648=ORIENTED_EDGE('',*,*,#2269,.F.);
#1649=ORIENTED_EDGE('',*,*,#2287,.T.);
#1650=ORIENTED_EDGE('',*,*,#2254,.F.);
#1651=ORIENTED_EDGE('',*,*,#2259,.F.);
#1652=ORIENTED_EDGE('',*,*,#2263,.F.);
#1653=ORIENTED_EDGE('',*,*,#2288,.T.);
#1654=ORIENTED_EDGE('',*,*,#2267,.F.);
#1655=ORIENTED_EDGE('',*,*,#2261,.F.);
#1656=ORIENTED_EDGE('',*,*,#2281,.F.);
#1657=ORIENTED_EDGE('',*,*,#2289,.T.);
#1658=ORIENTED_EDGE('',*,*,#2282,.F.);
#1659=ORIENTED_EDGE('',*,*,#2277,.F.);
#1660=ORIENTED_EDGE('',*,*,#2284,.F.);
#1661=ORIENTED_EDGE('',*,*,#2290,.T.);
#1662=ORIENTED_EDGE('',*,*,#2273,.F.);
#1663=ORIENTED_EDGE('',*,*,#2279,.F.);
#1664=ORIENTED_EDGE('',*,*,#2229,.F.);
#1665=ORIENTED_EDGE('',*,*,#2291,.T.);
#1666=ORIENTED_EDGE('',*,*,#2235,.F.);
#1667=ORIENTED_EDGE('',*,*,#2224,.F.);
#1668=ORIENTED_EDGE('',*,*,#2237,.F.);
#1669=ORIENTED_EDGE('',*,*,#2292,.T.);
#1670=ORIENTED_EDGE('',*,*,#2233,.F.);
#1671=ORIENTED_EDGE('',*,*,#2226,.F.);
#1672=ORIENTED_EDGE('',*,*,#2293,.F.);
#1673=ORIENTED_EDGE('',*,*,#2257,.T.);
#1674=ORIENTED_EDGE('',*,*,#2293,.T.);
#1675=ORIENTED_EDGE('',*,*,#2294,.F.);
#1676=ORIENTED_EDGE('',*,*,#2247,.T.);
#1677=ORIENTED_EDGE('',*,*,#2294,.T.);
#1678=ORIENTED_EDGE('',*,*,#2295,.F.);
#1679=ORIENTED_EDGE('',*,*,#2238,.F.);
#1680=ORIENTED_EDGE('',*,*,#2078,.F.);
#1681=ORIENTED_EDGE('',*,*,#2243,.F.);
#1682=ORIENTED_EDGE('',*,*,#2285,.F.);
#1683=ORIENTED_EDGE('',*,*,#2295,.T.);
#1684=ORIENTED_EDGE('',*,*,#2296,.F.);
#1685=ORIENTED_EDGE('',*,*,#2297,.F.);
#1686=ORIENTED_EDGE('',*,*,#2252,.F.);
#1687=ORIENTED_EDGE('',*,*,#2296,.T.);
#1688=ORIENTED_EDGE('',*,*,#2242,.F.);
#1689=ORIENTED_EDGE('',*,*,#2286,.F.);
#1690=ORIENTED_EDGE('',*,*,#2297,.T.);
#1691=ORIENTED_EDGE('',*,*,#2298,.F.);
#1692=ORIENTED_EDGE('',*,*,#2298,.T.);
#1693=ORIENTED_EDGE('',*,*,#2241,.F.);
#1694=ORIENTED_EDGE('',*,*,#2076,.F.);
#1695=ORIENTED_EDGE('',*,*,#2245,.F.);
#1696=ORIENTED_EDGE('',*,*,#2299,.F.);
#1697=ORIENTED_EDGE('',*,*,#2262,.F.);
#1698=ORIENTED_EDGE('',*,*,#2073,.F.);
#1699=ORIENTED_EDGE('',*,*,#2266,.F.);
#1700=ORIENTED_EDGE('',*,*,#2288,.F.);
#1701=ORIENTED_EDGE('',*,*,#2299,.T.);
#1702=ORIENTED_EDGE('',*,*,#2300,.F.);
#1703=ORIENTED_EDGE('',*,*,#2301,.F.);
#1704=ORIENTED_EDGE('',*,*,#2268,.F.);
#1705=ORIENTED_EDGE('',*,*,#2300,.T.);
#1706=ORIENTED_EDGE('',*,*,#2265,.F.);
#1707=ORIENTED_EDGE('',*,*,#2287,.F.);
#1708=ORIENTED_EDGE('',*,*,#2301,.T.);
#1709=ORIENTED_EDGE('',*,*,#2302,.F.);
#1710=ORIENTED_EDGE('',*,*,#2302,.T.);
#1711=ORIENTED_EDGE('',*,*,#2264,.F.);
#1712=ORIENTED_EDGE('',*,*,#2071,.F.);
#1713=ORIENTED_EDGE('',*,*,#2255,.F.);
#1714=ORIENTED_EDGE('',*,*,#2303,.F.);
#1715=ORIENTED_EDGE('',*,*,#2280,.F.);
#1716=ORIENTED_EDGE('',*,*,#2064,.F.);
#1717=ORIENTED_EDGE('',*,*,#2272,.F.);
#1718=ORIENTED_EDGE('',*,*,#2289,.F.);
#1719=ORIENTED_EDGE('',*,*,#2303,.T.);
#1720=ORIENTED_EDGE('',*,*,#2304,.F.);
#1721=ORIENTED_EDGE('',*,*,#2305,.F.);
#1722=ORIENTED_EDGE('',*,*,#2283,.F.);
#1723=ORIENTED_EDGE('',*,*,#2304,.T.);
#1724=ORIENTED_EDGE('',*,*,#2271,.F.);
#1725=ORIENTED_EDGE('',*,*,#2290,.F.);
#1726=ORIENTED_EDGE('',*,*,#2305,.T.);
#1727=ORIENTED_EDGE('',*,*,#2306,.F.);
#1728=ORIENTED_EDGE('',*,*,#2306,.T.);
#1729=ORIENTED_EDGE('',*,*,#2270,.F.);
#1730=ORIENTED_EDGE('',*,*,#2068,.F.);
#1731=ORIENTED_EDGE('',*,*,#2274,.F.);
#1732=ORIENTED_EDGE('',*,*,#2307,.F.);
#1733=ORIENTED_EDGE('',*,*,#2228,.F.);
#1734=ORIENTED_EDGE('',*,*,#2133,.F.);
#1735=ORIENTED_EDGE('',*,*,#2232,.F.);
#1736=ORIENTED_EDGE('',*,*,#2291,.F.);
#1737=ORIENTED_EDGE('',*,*,#2307,.T.);
#1738=ORIENTED_EDGE('',*,*,#2308,.F.);
#1739=ORIENTED_EDGE('',*,*,#2309,.F.);
#1740=ORIENTED_EDGE('',*,*,#2236,.F.);
#1741=ORIENTED_EDGE('',*,*,#2308,.T.);
#1742=ORIENTED_EDGE('',*,*,#2231,.F.);
#1743=ORIENTED_EDGE('',*,*,#2292,.F.);
#1744=ORIENTED_EDGE('',*,*,#2309,.T.);
#1745=ORIENTED_EDGE('',*,*,#2310,.F.);
#1746=ORIENTED_EDGE('',*,*,#2310,.T.);
#1747=ORIENTED_EDGE('',*,*,#2230,.F.);
#1748=ORIENTED_EDGE('',*,*,#2131,.F.);
#1749=ORIENTED_EDGE('',*,*,#2234,.F.);
#1750=ORIENTED_EDGE('',*,*,#2311,.T.);
#1751=ORIENTED_EDGE('',*,*,#2014,.F.);
#1752=ORIENTED_EDGE('',*,*,#2312,.F.);
#1753=ORIENTED_EDGE('',*,*,#2137,.F.);
#1754=ORIENTED_EDGE('',*,*,#2313,.T.);
#1755=ORIENTED_EDGE('',*,*,#2011,.F.);
#1756=ORIENTED_EDGE('',*,*,#2311,.F.);
#1757=ORIENTED_EDGE('',*,*,#2136,.F.);
#1758=ORIENTED_EDGE('',*,*,#2312,.T.);
#1759=ORIENTED_EDGE('',*,*,#2013,.F.);
#1760=ORIENTED_EDGE('',*,*,#2314,.F.);
#1761=ORIENTED_EDGE('',*,*,#2138,.F.);
#1762=ORIENTED_EDGE('',*,*,#2314,.T.);
#1763=ORIENTED_EDGE('',*,*,#2012,.F.);
#1764=ORIENTED_EDGE('',*,*,#2313,.F.);
#1765=ORIENTED_EDGE('',*,*,#2135,.F.);
#1766=ORIENTED_EDGE('',*,*,#2315,.F.);
#1767=ORIENTED_EDGE('',*,*,#2316,.T.);
#1768=ORIENTED_EDGE('',*,*,#2315,.T.);
#1769=ORIENTED_EDGE('',*,*,#2316,.F.);
#1770=ORIENTED_EDGE('',*,*,#1999,.T.);
#1771=ORIENTED_EDGE('',*,*,#1987,.T.);
#1772=ORIENTED_EDGE('',*,*,#1995,.F.);
#1773=ORIENTED_EDGE('',*,*,#1997,.T.);
#1774=ORIENTED_EDGE('',*,*,#1991,.T.);
#1775=ORIENTED_EDGE('',*,*,#1975,.T.);
#1776=ORIENTED_EDGE('',*,*,#1983,.F.);
#1777=ORIENTED_EDGE('',*,*,#1985,.T.);
#1778=ORIENTED_EDGE('',*,*,#1979,.T.);
#1779=ORIENTED_EDGE('',*,*,#1963,.T.);
#1780=ORIENTED_EDGE('',*,*,#1971,.F.);
#1781=ORIENTED_EDGE('',*,*,#1973,.T.);
#1782=ORIENTED_EDGE('',*,*,#1967,.T.);
#1783=ORIENTED_EDGE('',*,*,#1951,.T.);
#1784=ORIENTED_EDGE('',*,*,#1959,.F.);
#1785=ORIENTED_EDGE('',*,*,#1961,.T.);
#1786=ORIENTED_EDGE('',*,*,#1955,.T.);
#1787=ORIENTED_EDGE('',*,*,#1939,.T.);
#1788=ORIENTED_EDGE('',*,*,#1947,.F.);
#1789=ORIENTED_EDGE('',*,*,#1949,.T.);
#1790=ORIENTED_EDGE('',*,*,#1943,.T.);
#1791=ORIENTED_EDGE('',*,*,#1923,.T.);
#1792=ORIENTED_EDGE('',*,*,#1933,.F.);
#1793=ORIENTED_EDGE('',*,*,#1937,.T.);
#1794=ORIENTED_EDGE('',*,*,#1927,.T.);
#1795=ORIENTED_EDGE('',*,*,#1911,.T.);
#1796=ORIENTED_EDGE('',*,*,#1919,.F.);
#1797=ORIENTED_EDGE('',*,*,#1921,.T.);
#1798=ORIENTED_EDGE('',*,*,#1915,.T.);
#1799=ORIENTED_EDGE('',*,*,#1895,.T.);
#1800=ORIENTED_EDGE('',*,*,#1907,.F.);
#1801=ORIENTED_EDGE('',*,*,#1909,.T.);
#1802=ORIENTED_EDGE('',*,*,#1903,.T.);
#1803=ORIENTED_EDGE('',*,*,#1879,.T.);
#1804=ORIENTED_EDGE('',*,*,#1891,.F.);
#1805=ORIENTED_EDGE('',*,*,#1893,.T.);
#1806=ORIENTED_EDGE('',*,*,#1887,.T.);
#1807=ORIENTED_EDGE('',*,*,#1867,.T.);
#1808=ORIENTED_EDGE('',*,*,#1875,.F.);
#1809=ORIENTED_EDGE('',*,*,#1877,.T.);
#1810=ORIENTED_EDGE('',*,*,#1871,.T.);
#1811=ORIENTED_EDGE('',*,*,#1851,.T.);
#1812=ORIENTED_EDGE('',*,*,#1863,.F.);
#1813=ORIENTED_EDGE('',*,*,#1865,.T.);
#1814=ORIENTED_EDGE('',*,*,#1859,.T.);
#1815=ORIENTED_EDGE('',*,*,#1839,.T.);
#1816=ORIENTED_EDGE('',*,*,#1847,.F.);
#1817=ORIENTED_EDGE('',*,*,#1849,.T.);
#1818=ORIENTED_EDGE('',*,*,#1843,.T.);
#1819=ORIENTED_EDGE('',*,*,#1823,.T.);
#1820=ORIENTED_EDGE('',*,*,#1835,.F.);
#1821=ORIENTED_EDGE('',*,*,#1837,.T.);
#1822=ORIENTED_EDGE('',*,*,#1831,.T.);
#1823=EDGE_CURVE('',#2317,#2318,#2641,.T.);
#1824=EDGE_CURVE('',#2319,#2317,#215,.T.);
#1825=EDGE_CURVE('',#2320,#2319,#2642,.T.);
#1826=EDGE_CURVE('',#2321,#2320,#216,.T.);
#1827=EDGE_CURVE('',#2321,#2322,#2643,.T.);
#1828=EDGE_CURVE('',#2323,#2322,#217,.F.);
#1829=EDGE_CURVE('',#2324,#2323,#2644,.T.);
#1830=EDGE_CURVE('',#2324,#2318,#218,.T.);
#1831=EDGE_CURVE('',#2325,#2317,#2645,.T.);
#1832=EDGE_CURVE('',#2326,#2325,#219,.T.);
#1833=EDGE_CURVE('',#2319,#2326,#2646,.T.);
#1834=EDGE_CURVE('',#2327,#2328,#220,.T.);
#1835=EDGE_CURVE('',#2328,#2318,#2647,.T.);
#1836=EDGE_CURVE('',#2324,#2327,#2648,.T.);
#1837=EDGE_CURVE('',#2328,#2325,#2649,.T.);
#1838=EDGE_CURVE('',#2326,#2327,#2650,.T.);
#1839=EDGE_CURVE('',#2329,#2330,#2651,.T.);
#1840=EDGE_CURVE('',#2331,#2329,#221,.T.);
#1841=EDGE_CURVE('',#2332,#2331,#2652,.T.);
#1842=EDGE_CURVE('',#2332,#2330,#222,.T.);
#1843=EDGE_CURVE('',#2333,#2329,#2653,.T.);
#1844=EDGE_CURVE('',#2334,#2333,#223,.T.);
#1845=EDGE_CURVE('',#2331,#2334,#2654,.T.);
#1846=EDGE_CURVE('',#2335,#2336,#224,.T.);
#1847=EDGE_CURVE('',#2336,#2330,#2655,.T.);
#1848=EDGE_CURVE('',#2332,#2335,#2656,.T.);
#1849=EDGE_CURVE('',#2336,#2333,#2657,.T.);
#1850=EDGE_CURVE('',#2334,#2335,#2658,.T.);
#1851=EDGE_CURVE('',#2337,#2338,#2659,.T.);
#1852=EDGE_CURVE('',#2339,#2337,#225,.T.);
#1853=EDGE_CURVE('',#2340,#2339,#2660,.T.);
#1854=EDGE_CURVE('',#2341,#2340,#226,.T.);
#1855=EDGE_CURVE('',#2341,#2342,#2661,.T.);
#1856=EDGE_CURVE('',#2343,#2342,#227,.F.);
#1857=EDGE_CURVE('',#2344,#2343,#2662,.T.);
#1858=EDGE_CURVE('',#2344,#2338,#228,.T.);
#1859=EDGE_CURVE('',#2345,#2337,#2663,.T.);
#1860=EDGE_CURVE('',#2346,#2345,#229,.T.);
#1861=EDGE_CURVE('',#2339,#2346,#2664,.T.);
#1862=EDGE_CURVE('',#2347,#2348,#230,.T.);
#1863=EDGE_CURVE('',#2348,#2338,#2665,.T.);
#1864=EDGE_CURVE('',#2344,#2347,#2666,.T.);
#1865=EDGE_CURVE('',#2348,#2345,#2667,.T.);
#1866=EDGE_CURVE('',#2346,#2347,#2668,.T.);
#1867=EDGE_CURVE('',#2349,#2350,#2669,.T.);
#1868=EDGE_CURVE('',#2351,#2349,#231,.T.);
#1869=EDGE_CURVE('',#2352,#2351,#2670,.T.);
#1870=EDGE_CURVE('',#2352,#2350,#232,.T.);
#1871=EDGE_CURVE('',#2353,#2349,#2671,.T.);
#1872=EDGE_CURVE('',#2354,#2353,#233,.T.);
#1873=EDGE_CURVE('',#2351,#2354,#2672,.T.);
#1874=EDGE_CURVE('',#2355,#2356,#234,.T.);
#1875=EDGE_CURVE('',#2356,#2350,#2673,.T.);
#1876=EDGE_CURVE('',#2352,#2355,#2674,.T.);
#1877=EDGE_CURVE('',#2356,#2353,#2675,.T.);
#1878=EDGE_CURVE('',#2354,#2355,#2676,.T.);
#1879=EDGE_CURVE('',#2357,#2358,#2677,.T.);
#1880=EDGE_CURVE('',#2359,#2357,#235,.T.);
#1881=EDGE_CURVE('',#2360,#2359,#2678,.T.);
#1882=EDGE_CURVE('',#2361,#2360,#236,.T.);
#1883=EDGE_CURVE('',#2361,#2362,#2679,.T.);
#1884=EDGE_CURVE('',#2363,#2362,#237,.F.);
#1885=EDGE_CURVE('',#2364,#2363,#2680,.T.);
#1886=EDGE_CURVE('',#2364,#2358,#238,.T.);
#1887=EDGE_CURVE('',#2365,#2357,#2681,.T.);
#1888=EDGE_CURVE('',#2366,#2365,#239,.T.);
#1889=EDGE_CURVE('',#2359,#2366,#2682,.T.);
#1890=EDGE_CURVE('',#2367,#2368,#240,.T.);
#1891=EDGE_CURVE('',#2368,#2358,#2683,.T.);
#1892=EDGE_CURVE('',#2364,#2367,#2684,.T.);
#1893=EDGE_CURVE('',#2368,#2365,#2685,.T.);
#1894=EDGE_CURVE('',#2366,#2367,#2686,.T.);
#1895=EDGE_CURVE('',#2369,#2370,#2687,.T.);
#1896=EDGE_CURVE('',#2371,#2369,#241,.T.);
#1897=EDGE_CURVE('',#2372,#2371,#2688,.T.);
#1898=EDGE_CURVE('',#2373,#2372,#242,.T.);
#1899=EDGE_CURVE('',#2373,#2374,#2689,.T.);
#1900=EDGE_CURVE('',#2375,#2374,#243,.F.);
#1901=EDGE_CURVE('',#2376,#2375,#2690,.T.);
#1902=EDGE_CURVE('',#2376,#2370,#244,.T.);
#1903=EDGE_CURVE('',#2377,#2369,#2691,.T.);
#1904=EDGE_CURVE('',#2378,#2377,#245,.T.);
#1905=EDGE_CURVE('',#2371,#2378,#2692,.T.);
#1906=EDGE_CURVE('',#2379,#2380,#246,.T.);
#1907=EDGE_CURVE('',#2380,#2370,#2693,.T.);
#1908=EDGE_CURVE('',#2376,#2379,#2694,.T.);
#1909=EDGE_CURVE('',#2380,#2377,#2695,.T.);
#1910=EDGE_CURVE('',#2378,#2379,#2696,.T.);
#1911=EDGE_CURVE('',#2381,#2382,#2697,.T.);
#1912=EDGE_CURVE('',#2383,#2381,#247,.T.);
#1913=EDGE_CURVE('',#2384,#2383,#2698,.T.);
#1914=EDGE_CURVE('',#2384,#2382,#248,.T.);
#1915=EDGE_CURVE('',#2385,#2381,#2699,.T.);
#1916=EDGE_CURVE('',#2386,#2385,#249,.T.);
#1917=EDGE_CURVE('',#2383,#2386,#2700,.T.);
#1918=EDGE_CURVE('',#2387,#2388,#250,.T.);
#1919=EDGE_CURVE('',#2388,#2382,#2701,.T.);
#1920=EDGE_CURVE('',#2384,#2387,#2702,.T.);
#1921=EDGE_CURVE('',#2388,#2385,#2703,.T.);
#1922=EDGE_CURVE('',#2386,#2387,#2704,.T.);
#1923=EDGE_CURVE('',#2389,#2390,#2705,.T.);
#1924=EDGE_CURVE('',#2391,#2389,#251,.T.);
#1925=EDGE_CURVE('',#2391,#2392,#2706,.T.);
#1926=EDGE_CURVE('',#2392,#2390,#252,.T.);
#1927=EDGE_CURVE('',#2393,#2389,#2707,.T.);
#1928=EDGE_CURVE('',#2394,#2393,#253,.T.);
#1929=EDGE_CURVE('',#2395,#2394,#2708,.T.);
#1930=EDGE_CURVE('',#2396,#2395,#254,.T.);
#1931=EDGE_CURVE('',#2396,#2391,#2709,.T.);
#1932=EDGE_CURVE('',#2397,#2398,#255,.T.);
#1933=EDGE_CURVE('',#2398,#2390,#2710,.T.);
#1934=EDGE_CURVE('',#2399,#2392,#2711,.T.);
#1935=EDGE_CURVE('',#2399,#2400,#256,.T.);
#1936=EDGE_CURVE('',#2400,#2397,#2712,.T.);
#1937=EDGE_CURVE('',#2398,#2393,#2713,.T.);
#1938=EDGE_CURVE('',#2394,#2397,#2714,.T.);
#1939=EDGE_CURVE('',#2401,#2402,#2715,.T.);
#1940=EDGE_CURVE('',#2403,#2401,#257,.T.);
#1941=EDGE_CURVE('',#2404,#2403,#2716,.T.);
#1942=EDGE_CURVE('',#2404,#2402,#258,.T.);
#1943=EDGE_CURVE('',#2405,#2401,#2717,.T.);
#1944=EDGE_CURVE('',#2406,#2405,#259,.T.);
#1945=EDGE_CURVE('',#2403,#2406,#2718,.T.);
#1946=EDGE_CURVE('',#2407,#2408,#260,.T.);
#1947=EDGE_CURVE('',#2408,#2402,#2719,.T.);
#1948=EDGE_CURVE('',#2404,#2407,#2720,.T.);
#1949=EDGE_CURVE('',#2408,#2405,#2721,.T.);
#1950=EDGE_CURVE('',#2406,#2407,#2722,.T.);
#1951=EDGE_CURVE('',#2409,#2410,#2723,.T.);
#1952=EDGE_CURVE('',#2411,#2409,#261,.T.);
#1953=EDGE_CURVE('',#2412,#2411,#2724,.T.);
#1954=EDGE_CURVE('',#2412,#2410,#262,.T.);
#1955=EDGE_CURVE('',#2413,#2409,#2725,.T.);
#1956=EDGE_CURVE('',#2414,#2413,#263,.T.);
#1957=EDGE_CURVE('',#2411,#2414,#2726,.T.);
#1958=EDGE_CURVE('',#2415,#2416,#264,.T.);
#1959=EDGE_CURVE('',#2416,#2410,#2727,.T.);
#1960=EDGE_CURVE('',#2412,#2415,#2728,.T.);
#1961=EDGE_CURVE('',#2416,#2413,#2729,.T.);
#1962=EDGE_CURVE('',#2414,#2415,#2730,.T.);
#1963=EDGE_CURVE('',#2417,#2418,#2731,.T.);
#1964=EDGE_CURVE('',#2419,#2417,#265,.T.);
#1965=EDGE_CURVE('',#2420,#2419,#2732,.T.);
#1966=EDGE_CURVE('',#2420,#2418,#266,.T.);
#1967=EDGE_CURVE('',#2421,#2417,#2733,.T.);
#1968=EDGE_CURVE('',#2422,#2421,#267,.T.);
#1969=EDGE_CURVE('',#2419,#2422,#2734,.T.);
#1970=EDGE_CURVE('',#2423,#2424,#268,.T.);
#1971=EDGE_CURVE('',#2424,#2418,#2735,.T.);
#1972=EDGE_CURVE('',#2420,#2423,#2736,.T.);
#1973=EDGE_CURVE('',#2424,#2421,#2737,.T.);
#1974=EDGE_CURVE('',#2422,#2423,#2738,.T.);
#1975=EDGE_CURVE('',#2425,#2426,#2739,.T.);
#1976=EDGE_CURVE('',#2427,#2425,#269,.T.);
#1977=EDGE_CURVE('',#2428,#2427,#2740,.T.);
#1978=EDGE_CURVE('',#2428,#2426,#270,.T.);
#1979=EDGE_CURVE('',#2429,#2425,#2741,.T.);
#1980=EDGE_CURVE('',#2430,#2429,#271,.T.);
#1981=EDGE_CURVE('',#2427,#2430,#2742,.T.);
#1982=EDGE_CURVE('',#2431,#2432,#272,.T.);
#1983=EDGE_CURVE('',#2432,#2426,#2743,.T.);
#1984=EDGE_CURVE('',#2428,#2431,#2744,.T.);
#1985=EDGE_CURVE('',#2432,#2429,#2745,.T.);
#1986=EDGE_CURVE('',#2430,#2431,#2746,.T.);
#1987=EDGE_CURVE('',#2433,#2434,#2747,.T.);
#1988=EDGE_CURVE('',#2435,#2433,#273,.T.);
#1989=EDGE_CURVE('',#2436,#2435,#2748,.T.);
#1990=EDGE_CURVE('',#2436,#2434,#274,.T.);
#1991=EDGE_CURVE('',#2437,#2433,#2749,.T.);
#1992=EDGE_CURVE('',#2438,#2437,#275,.T.);
#1993=EDGE_CURVE('',#2435,#2438,#2750,.T.);
#1994=EDGE_CURVE('',#2439,#2440,#276,.T.);
#1995=EDGE_CURVE('',#2440,#2434,#2751,.T.);
#1996=EDGE_CURVE('',#2436,#2439,#2752,.T.);
#1997=EDGE_CURVE('',#2440,#2437,#2753,.T.);
#1998=EDGE_CURVE('',#2438,#2439,#2754,.T.);
#1999=EDGE_CURVE('',#2441,#2441,#2755,.T.);
#2000=EDGE_CURVE('',#2395,#2323,#2756,.T.);
#2001=EDGE_CURVE('',#2372,#2400,#2757,.T.);
#2002=EDGE_CURVE('',#2360,#2375,#2758,.T.);
#2003=EDGE_CURVE('',#2340,#2363,#2759,.T.);
#2004=EDGE_CURVE('',#2320,#2343,#2760,.T.);
#2005=EDGE_CURVE('',#2396,#2322,#2761,.T.);
#2006=EDGE_CURVE('',#2442,#2442,#20,.T.);
#2007=EDGE_CURVE('',#2321,#2342,#2762,.T.);
#2008=EDGE_CURVE('',#2341,#2362,#2763,.T.);
#2009=EDGE_CURVE('',#2361,#2374,#2764,.T.);
#2010=EDGE_CURVE('',#2373,#2399,#2765,.T.);
#2011=EDGE_CURVE('',#2443,#2444,#277,.T.);
#2012=EDGE_CURVE('',#2444,#2445,#278,.T.);
#2013=EDGE_CURVE('',#2445,#2446,#279,.T.);
#2014=EDGE_CURVE('',#2446,#2443,#280,.T.);
#2015=EDGE_CURVE('',#2447,#2448,#21,.T.);
#2016=EDGE_CURVE('',#2448,#2449,#281,.T.);
#2017=EDGE_CURVE('',#2449,#2450,#22,.T.);
#2018=EDGE_CURVE('',#2450,#2451,#282,.T.);
#2019=EDGE_CURVE('',#2451,#2452,#23,.T.);
#2020=EDGE_CURVE('',#2453,#2452,#283,.T.);
#2021=EDGE_CURVE('',#2453,#2454,#24,.T.);
#2022=EDGE_CURVE('',#2447,#2454,#284,.T.);
#2023=EDGE_CURVE('',#2455,#2456,#285,.T.);
#2024=EDGE_CURVE('',#2455,#2457,#286,.T.);
#2025=EDGE_CURVE('',#2457,#2458,#287,.T.);
#2026=EDGE_CURVE('',#2456,#2458,#288,.T.);
#2027=EDGE_CURVE('',#2459,#2460,#289,.T.);
#2028=EDGE_CURVE('',#2459,#2461,#290,.T.);
#2029=EDGE_CURVE('',#2461,#2462,#291,.T.);
#2030=EDGE_CURVE('',#2460,#2462,#292,.T.);
#2031=EDGE_CURVE('',#2463,#2464,#293,.T.);
#2032=EDGE_CURVE('',#2463,#2465,#294,.T.);
#2033=EDGE_CURVE('',#2465,#2466,#295,.T.);
#2034=EDGE_CURVE('',#2464,#2466,#296,.T.);
#2035=EDGE_CURVE('',#2467,#2468,#297,.T.);
#2036=EDGE_CURVE('',#2467,#2469,#298,.T.);
#2037=EDGE_CURVE('',#2469,#2470,#299,.T.);
#2038=EDGE_CURVE('',#2468,#2470,#300,.T.);
#2039=EDGE_CURVE('',#2471,#2472,#301,.T.);
#2040=EDGE_CURVE('',#2471,#2473,#302,.T.);
#2041=EDGE_CURVE('',#2473,#2474,#303,.T.);
#2042=EDGE_CURVE('',#2472,#2474,#304,.T.);
#2043=EDGE_CURVE('',#2475,#2476,#305,.T.);
#2044=EDGE_CURVE('',#2475,#2477,#306,.T.);
#2045=EDGE_CURVE('',#2477,#2478,#307,.T.);
#2046=EDGE_CURVE('',#2476,#2478,#308,.T.);
#2047=EDGE_CURVE('',#2479,#2480,#309,.T.);
#2048=EDGE_CURVE('',#2479,#2481,#310,.T.);
#2049=EDGE_CURVE('',#2481,#2482,#311,.T.);
#2050=EDGE_CURVE('',#2480,#2482,#312,.T.);
#2051=EDGE_CURVE('',#2483,#2484,#313,.T.);
#2052=EDGE_CURVE('',#2483,#2485,#314,.T.);
#2053=EDGE_CURVE('',#2485,#2486,#315,.T.);
#2054=EDGE_CURVE('',#2484,#2486,#316,.T.);
#2055=EDGE_CURVE('',#2487,#2488,#317,.T.);
#2056=EDGE_CURVE('',#2487,#2489,#318,.T.);
#2057=EDGE_CURVE('',#2489,#2490,#319,.T.);
#2058=EDGE_CURVE('',#2488,#2490,#320,.T.);
#2059=EDGE_CURVE('',#2491,#2492,#321,.T.);
#2060=EDGE_CURVE('',#2492,#2493,#322,.T.);
#2061=EDGE_CURVE('',#2493,#2494,#323,.T.);
#2062=EDGE_CURVE('',#2494,#2491,#324,.T.);
#2063=EDGE_CURVE('',#2495,#2496,#325,.T.);
#2064=EDGE_CURVE('',#2495,#2497,#25,.T.);
#2065=EDGE_CURVE('',#2498,#2497,#326,.T.);
#2066=EDGE_CURVE('',#2499,#2498,#327,.T.);
#2067=EDGE_CURVE('',#2500,#2499,#328,.T.);
#2068=EDGE_CURVE('',#2500,#2496,#26,.T.);
#2069=EDGE_CURVE('',#2501,#2502,#329,.T.);
#2070=EDGE_CURVE('',#2502,#2503,#330,.T.);
#2071=EDGE_CURVE('',#2503,#2504,#27,.T.);
#2072=EDGE_CURVE('',#2504,#2505,#331,.T.);
#2073=EDGE_CURVE('',#2505,#2506,#28,.T.);
#2074=EDGE_CURVE('',#2506,#2501,#332,.T.);
#2075=EDGE_CURVE('',#2507,#2508,#333,.T.);
#2076=EDGE_CURVE('',#2508,#2509,#29,.T.);
#2077=EDGE_CURVE('',#2509,#2510,#334,.T.);
#2078=EDGE_CURVE('',#2510,#2511,#30,.T.);
#2079=EDGE_CURVE('',#2511,#2512,#335,.T.);
#2080=EDGE_CURVE('',#2512,#2507,#336,.T.);
#2081=EDGE_CURVE('',#2513,#2514,#337,.T.);
#2082=EDGE_CURVE('',#2514,#2515,#338,.T.);
#2083=EDGE_CURVE('',#2516,#2515,#339,.T.);
#2084=EDGE_CURVE('',#2513,#2516,#340,.T.);
#2085=EDGE_CURVE('',#2517,#2518,#341,.T.);
#2086=EDGE_CURVE('',#2518,#2519,#342,.T.);
#2087=EDGE_CURVE('',#2520,#2519,#343,.T.);
#2088=EDGE_CURVE('',#2517,#2520,#344,.T.);
#2089=EDGE_CURVE('',#2521,#2522,#345,.T.);
#2090=EDGE_CURVE('',#2522,#2523,#346,.T.);
#2091=EDGE_CURVE('',#2524,#2523,#347,.T.);
#2092=EDGE_CURVE('',#2521,#2524,#348,.T.);
#2093=EDGE_CURVE('',#2525,#2526,#349,.T.);
#2094=EDGE_CURVE('',#2526,#2527,#350,.T.);
#2095=EDGE_CURVE('',#2528,#2527,#351,.T.);
#2096=EDGE_CURVE('',#2525,#2528,#352,.T.);
#2097=EDGE_CURVE('',#2529,#2530,#353,.T.);
#2098=EDGE_CURVE('',#2530,#2531,#354,.T.);
#2099=EDGE_CURVE('',#2532,#2531,#355,.T.);
#2100=EDGE_CURVE('',#2529,#2532,#356,.T.);
#2101=EDGE_CURVE('',#2533,#2534,#357,.T.);
#2102=EDGE_CURVE('',#2534,#2535,#358,.T.);
#2103=EDGE_CURVE('',#2536,#2535,#359,.T.);
#2104=EDGE_CURVE('',#2533,#2536,#360,.T.);
#2105=EDGE_CURVE('',#2537,#2538,#361,.T.);
#2106=EDGE_CURVE('',#2538,#2539,#362,.T.);
#2107=EDGE_CURVE('',#2540,#2539,#363,.T.);
#2108=EDGE_CURVE('',#2537,#2540,#364,.T.);
#2109=EDGE_CURVE('',#2541,#2542,#365,.T.);
#2110=EDGE_CURVE('',#2542,#2543,#366,.T.);
#2111=EDGE_CURVE('',#2544,#2543,#367,.T.);
#2112=EDGE_CURVE('',#2541,#2544,#368,.T.);
#2113=EDGE_CURVE('',#2545,#2546,#369,.T.);
#2114=EDGE_CURVE('',#2546,#2547,#370,.T.);
#2115=EDGE_CURVE('',#2548,#2547,#371,.T.);
#2116=EDGE_CURVE('',#2545,#2548,#372,.T.);
#2117=EDGE_CURVE('',#2549,#2550,#31,.T.);
#2118=EDGE_CURVE('',#2549,#2551,#373,.T.);
#2119=EDGE_CURVE('',#2552,#2551,#32,.T.);
#2120=EDGE_CURVE('',#2552,#2553,#374,.T.);
#2121=EDGE_CURVE('',#2554,#2553,#33,.T.);
#2122=EDGE_CURVE('',#2555,#2554,#375,.T.);
#2123=EDGE_CURVE('',#2556,#2555,#34,.T.);
#2124=EDGE_CURVE('',#2550,#2556,#376,.T.);
#2125=EDGE_CURVE('',#2557,#2558,#377,.T.);
#2126=EDGE_CURVE('',#2558,#2559,#378,.T.);
#2127=EDGE_CURVE('',#2559,#2560,#379,.T.);
#2128=EDGE_CURVE('',#2560,#2557,#380,.T.);
#2129=EDGE_CURVE('',#2561,#2562,#381,.T.);
#2130=EDGE_CURVE('',#2563,#2561,#382,.T.);
#2131=EDGE_CURVE('',#2563,#2564,#35,.T.);
#2132=EDGE_CURVE('',#2565,#2564,#383,.T.);
#2133=EDGE_CURVE('',#2565,#2566,#36,.T.);
#2134=EDGE_CURVE('',#2562,#2566,#384,.T.);
#2135=EDGE_CURVE('',#2567,#2568,#385,.T.);
#2136=EDGE_CURVE('',#2568,#2569,#386,.T.);
#2137=EDGE_CURVE('',#2569,#2570,#387,.T.);
#2138=EDGE_CURVE('',#2570,#2567,#388,.T.);
#2139=EDGE_CURVE('',#2571,#2571,#37,.T.);
#2140=EDGE_CURVE('',#2572,#2572,#38,.T.);
#2141=EDGE_CURVE('',#2573,#2573,#39,.T.);
#2142=EDGE_CURVE('',#2574,#2574,#40,.T.);
#2143=EDGE_CURVE('',#2575,#2576,#389,.T.);
#2144=EDGE_CURVE('',#2576,#2577,#390,.T.);
#2145=EDGE_CURVE('',#2577,#2578,#391,.T.);
#2146=EDGE_CURVE('',#2578,#2575,#392,.T.);
#2147=EDGE_CURVE('',#2579,#2580,#393,.T.);
#2148=EDGE_CURVE('',#2580,#2581,#394,.T.);
#2149=EDGE_CURVE('',#2581,#2582,#395,.T.);
#2150=EDGE_CURVE('',#2582,#2579,#396,.T.);
#2151=EDGE_CURVE('',#2448,#2550,#397,.T.);
#2152=EDGE_CURVE('',#2447,#2549,#398,.T.);
#2153=EDGE_CURVE('',#2449,#2556,#399,.T.);
#2154=EDGE_CURVE('',#2450,#2555,#400,.T.);
#2155=EDGE_CURVE('',#2451,#2554,#401,.T.);
#2156=EDGE_CURVE('',#2452,#2553,#402,.T.);
#2157=EDGE_CURVE('',#2453,#2552,#403,.T.);
#2158=EDGE_CURVE('',#2454,#2551,#404,.T.);
#2159=EDGE_CURVE('',#2455,#2545,#405,.T.);
#2160=EDGE_CURVE('',#2456,#2546,#406,.T.);
#2161=EDGE_CURVE('',#2457,#2548,#407,.T.);
#2162=EDGE_CURVE('',#2458,#2547,#408,.T.);
#2163=EDGE_CURVE('',#2459,#2541,#409,.T.);
#2164=EDGE_CURVE('',#2460,#2542,#410,.T.);
#2165=EDGE_CURVE('',#2461,#2544,#411,.T.);
#2166=EDGE_CURVE('',#2462,#2543,#412,.T.);
#2167=EDGE_CURVE('',#2463,#2537,#413,.T.);
#2168=EDGE_CURVE('',#2464,#2538,#414,.T.);
#2169=EDGE_CURVE('',#2465,#2540,#415,.T.);
#2170=EDGE_CURVE('',#2466,#2539,#416,.T.);
#2171=EDGE_CURVE('',#2467,#2533,#417,.T.);
#2172=EDGE_CURVE('',#2468,#2534,#418,.T.);
#2173=EDGE_CURVE('',#2469,#2536,#419,.T.);
#2174=EDGE_CURVE('',#2470,#2535,#420,.T.);
#2175=EDGE_CURVE('',#2471,#2529,#421,.T.);
#2176=EDGE_CURVE('',#2472,#2530,#422,.T.);
#2177=EDGE_CURVE('',#2473,#2532,#423,.T.);
#2178=EDGE_CURVE('',#2474,#2531,#424,.T.);
#2179=EDGE_CURVE('',#2475,#2525,#425,.T.);
#2180=EDGE_CURVE('',#2476,#2526,#426,.T.);
#2181=EDGE_CURVE('',#2477,#2528,#427,.T.);
#2182=EDGE_CURVE('',#2478,#2527,#428,.T.);
#2183=EDGE_CURVE('',#2479,#2521,#429,.T.);
#2184=EDGE_CURVE('',#2480,#2522,#430,.T.);
#2185=EDGE_CURVE('',#2481,#2524,#431,.T.);
#2186=EDGE_CURVE('',#2482,#2523,#432,.T.);
#2187=EDGE_CURVE('',#2483,#2517,#433,.T.);
#2188=EDGE_CURVE('',#2484,#2518,#434,.T.);
#2189=EDGE_CURVE('',#2485,#2520,#435,.T.);
#2190=EDGE_CURVE('',#2486,#2519,#436,.T.);
#2191=EDGE_CURVE('',#2487,#2513,#437,.T.);
#2192=EDGE_CURVE('',#2488,#2514,#438,.T.);
#2193=EDGE_CURVE('',#2489,#2516,#439,.T.);
#2194=EDGE_CURVE('',#2490,#2515,#440,.T.);
#2195=EDGE_CURVE('',#2491,#2577,#441,.F.);
#2196=EDGE_CURVE('',#2578,#2494,#442,.T.);
#2197=EDGE_CURVE('',#2575,#2493,#443,.T.);
#2198=EDGE_CURVE('',#2492,#2576,#444,.T.);
#2199=EDGE_CURVE('',#2583,#2584,#445,.T.);
#2200=EDGE_CURVE('',#2584,#2585,#446,.T.);
#2201=EDGE_CURVE('',#2586,#2585,#447,.T.);
#2202=EDGE_CURVE('',#2586,#2583,#448,.T.);
#2203=EDGE_CURVE('',#2585,#2587,#449,.T.);
#2204=EDGE_CURVE('',#2588,#2587,#450,.T.);
#2205=EDGE_CURVE('',#2588,#2586,#451,.T.);
#2206=EDGE_CURVE('',#2587,#2589,#452,.T.);
#2207=EDGE_CURVE('',#2590,#2589,#453,.T.);
#2208=EDGE_CURVE('',#2590,#2588,#454,.T.);
#2209=EDGE_CURVE('',#2589,#2584,#455,.T.);
#2210=EDGE_CURVE('',#2583,#2590,#456,.T.);
#2211=EDGE_CURVE('',#2591,#2592,#457,.T.);
#2212=EDGE_CURVE('',#2592,#2593,#458,.T.);
#2213=EDGE_CURVE('',#2593,#2594,#459,.T.);
#2214=EDGE_CURVE('',#2594,#2591,#460,.T.);
#2215=EDGE_CURVE('',#2584,#2560,#461,.T.);
#2216=EDGE_CURVE('',#2557,#2589,#462,.F.);
#2217=EDGE_CURVE('',#2558,#2587,#463,.F.);
#2218=EDGE_CURVE('',#2585,#2559,#464,.F.);
#2219=EDGE_CURVE('',#2580,#2593,#465,.T.);
#2220=EDGE_CURVE('',#2581,#2592,#466,.T.);
#2221=EDGE_CURVE('',#2582,#2591,#467,.T.);
#2222=EDGE_CURVE('',#2579,#2594,#468,.T.);
#2223=EDGE_CURVE('',#2595,#2562,#469,.T.);
#2224=EDGE_CURVE('',#2595,#2596,#41,.F.);
#2225=EDGE_CURVE('',#2597,#2596,#470,.T.);
#2226=EDGE_CURVE('',#2597,#2598,#42,.F.);
#2227=EDGE_CURVE('',#2598,#2561,#471,.T.);
#2228=EDGE_CURVE('',#2566,#2599,#472,.F.);
#2229=EDGE_CURVE('',#2599,#2595,#473,.F.);
#2230=EDGE_CURVE('',#2564,#2600,#474,.F.);
#2231=EDGE_CURVE('',#2600,#2601,#475,.F.);
#2232=EDGE_CURVE('',#2601,#2565,#476,.T.);
#2233=EDGE_CURVE('',#2598,#2602,#477,.F.);
#2234=EDGE_CURVE('',#2602,#2563,#478,.T.);
#2235=EDGE_CURVE('',#2596,#2603,#479,.T.);
#2236=EDGE_CURVE('',#2603,#2604,#480,.T.);
#2237=EDGE_CURVE('',#2604,#2597,#481,.T.);
#2238=EDGE_CURVE('',#2511,#2605,#482,.F.);
#2239=EDGE_CURVE('',#2605,#2606,#483,.T.);
#2240=EDGE_CURVE('',#2606,#2512,#484,.T.);
#2241=EDGE_CURVE('',#2509,#2607,#485,.F.);
#2242=EDGE_CURVE('',#2607,#2608,#486,.T.);
#2243=EDGE_CURVE('',#2608,#2510,#487,.T.);
#2244=EDGE_CURVE('',#2609,#2610,#488,.T.);
#2245=EDGE_CURVE('',#2610,#2508,#489,.T.);
#2246=EDGE_CURVE('',#2609,#2507,#490,.T.);
#2247=EDGE_CURVE('',#2611,#2611,#43,.T.);
#2248=EDGE_CURVE('',#2606,#2612,#44,.T.);
#2249=EDGE_CURVE('',#2612,#2613,#491,.T.);
#2250=EDGE_CURVE('',#2613,#2609,#45,.T.);
#2251=EDGE_CURVE('',#2612,#2614,#492,.F.);
#2252=EDGE_CURVE('',#2614,#2615,#493,.F.);
#2253=EDGE_CURVE('',#2615,#2613,#494,.F.);
#2254=EDGE_CURVE('',#2616,#2617,#495,.T.);
#2255=EDGE_CURVE('',#2617,#2503,#496,.T.);
#2256=EDGE_CURVE('',#2616,#2502,#497,.T.);
#2257=EDGE_CURVE('',#2618,#2618,#46,.T.);
#2258=EDGE_CURVE('',#2619,#2620,#498,.T.);
#2259=EDGE_CURVE('',#2620,#2616,#47,.T.);
#2260=EDGE_CURVE('',#2621,#2501,#499,.T.);
#2261=EDGE_CURVE('',#2621,#2619,#48,.T.);
#2262=EDGE_CURVE('',#2506,#2622,#500,.F.);
#2263=EDGE_CURVE('',#2622,#2621,#501,.T.);
#2264=EDGE_CURVE('',#2504,#2623,#502,.F.);
#2265=EDGE_CURVE('',#2623,#2624,#503,.T.);
#2266=EDGE_CURVE('',#2624,#2505,#504,.T.);
#2267=EDGE_CURVE('',#2619,#2625,#505,.F.);
#2268=EDGE_CURVE('',#2625,#2626,#506,.F.);
#2269=EDGE_CURVE('',#2626,#2620,#507,.F.);
#2270=EDGE_CURVE('',#2496,#2627,#508,.F.);
#2271=EDGE_CURVE('',#2627,#2628,#509,.F.);
#2272=EDGE_CURVE('',#2628,#2495,#510,.T.);
#2273=EDGE_CURVE('',#2629,#2630,#511,.F.);
#2274=EDGE_CURVE('',#2630,#2500,#512,.T.);
#2275=EDGE_CURVE('',#2629,#2499,#513,.T.);
#2276=EDGE_CURVE('',#2631,#2498,#514,.T.);
#2277=EDGE_CURVE('',#2631,#2632,#49,.F.);
#2278=EDGE_CURVE('',#2633,#2632,#515,.T.);
#2279=EDGE_CURVE('',#2633,#2629,#50,.F.);
#2280=EDGE_CURVE('',#2497,#2634,#516,.F.);
#2281=EDGE_CURVE('',#2634,#2631,#517,.F.);
#2282=EDGE_CURVE('',#2632,#2635,#518,.T.);
#2283=EDGE_CURVE('',#2635,#2636,#519,.T.);
#2284=EDGE_CURVE('',#2636,#2633,#520,.T.);
#2285=EDGE_CURVE('',#2605,#2614,#51,.T.);
#2286=EDGE_CURVE('',#2615,#2610,#52,.F.);
#2287=EDGE_CURVE('',#2626,#2617,#53,.F.);
#2288=EDGE_CURVE('',#2622,#2625,#54,.T.);
#2289=EDGE_CURVE('',#2634,#2635,#55,.T.);
#2290=EDGE_CURVE('',#2636,#2630,#56,.F.);
#2291=EDGE_CURVE('',#2599,#2603,#57,.T.);
#2292=EDGE_CURVE('',#2604,#2602,#58,.F.);
#2293=EDGE_CURVE('',#2637,#2637,#59,.T.);
#2294=EDGE_CURVE('',#2638,#2638,#60,.T.);
#2295=EDGE_CURVE('',#2605,#2608,#61,.T.);
#2296=EDGE_CURVE('',#2614,#2608,#62,.T.);
#2297=EDGE_CURVE('',#2615,#2607,#63,.T.);
#2298=EDGE_CURVE('',#2610,#2607,#64,.T.);
#2299=EDGE_CURVE('',#2622,#2624,#65,.T.);
#2300=EDGE_CURVE('',#2625,#2624,#66,.T.);
#2301=EDGE_CURVE('',#2626,#2623,#67,.T.);
#2302=EDGE_CURVE('',#2617,#2623,#68,.T.);
#2303=EDGE_CURVE('',#2634,#2628,#69,.T.);
#2304=EDGE_CURVE('',#2635,#2628,#70,.T.);
#2305=EDGE_CURVE('',#2636,#2627,#71,.T.);
#2306=EDGE_CURVE('',#2630,#2627,#72,.T.);
#2307=EDGE_CURVE('',#2599,#2601,#73,.T.);
#2308=EDGE_CURVE('',#2603,#2601,#74,.T.);
#2309=EDGE_CURVE('',#2604,#2600,#75,.T.);
#2310=EDGE_CURVE('',#2602,#2600,#76,.T.);
#2311=EDGE_CURVE('',#2569,#2443,#521,.T.);
#2312=EDGE_CURVE('',#2570,#2446,#522,.T.);
#2313=EDGE_CURVE('',#2568,#2444,#523,.T.);
#2314=EDGE_CURVE('',#2567,#2445,#524,.T.);
#2315=EDGE_CURVE('',#2639,#2639,#77,.T.);
#2316=EDGE_CURVE('',#2640,#2640,#2766,.T.);
#2317=VERTEX_POINT('',#5112);
#2318=VERTEX_POINT('',#5113);
#2319=VERTEX_POINT('',#5115);
#2320=VERTEX_POINT('',#5120);
#2321=VERTEX_POINT('',#5122);
#2322=VERTEX_POINT('',#5127);
#2323=VERTEX_POINT('',#5129);
#2324=VERTEX_POINT('',#5134);
#2325=VERTEX_POINT('',#5141);
#2326=VERTEX_POINT('',#5143);
#2327=VERTEX_POINT('',#5150);
#2328=VERTEX_POINT('',#5151);
#2329=VERTEX_POINT('',#5183);
#2330=VERTEX_POINT('',#5184);
#2331=VERTEX_POINT('',#5186);
#2332=VERTEX_POINT('',#5194);
#2333=VERTEX_POINT('',#5201);
#2334=VERTEX_POINT('',#5203);
#2335=VERTEX_POINT('',#5210);
#2336=VERTEX_POINT('',#5211);
#2337=VERTEX_POINT('',#5243);
#2338=VERTEX_POINT('',#5244);
#2339=VERTEX_POINT('',#5246);
#2340=VERTEX_POINT('',#5251);
#2341=VERTEX_POINT('',#5253);
#2342=VERTEX_POINT('',#5258);
#2343=VERTEX_POINT('',#5260);
#2344=VERTEX_POINT('',#5265);
#2345=VERTEX_POINT('',#5272);
#2346=VERTEX_POINT('',#5274);
#2347=VERTEX_POINT('',#5281);
#2348=VERTEX_POINT('',#5282);
#2349=VERTEX_POINT('',#5314);
#2350=VERTEX_POINT('',#5315);
#2351=VERTEX_POINT('',#5317);
#2352=VERTEX_POINT('',#5325);
#2353=VERTEX_POINT('',#5332);
#2354=VERTEX_POINT('',#5334);
#2355=VERTEX_POINT('',#5341);
#2356=VERTEX_POINT('',#5342);
#2357=VERTEX_POINT('',#5374);
#2358=VERTEX_POINT('',#5375);
#2359=VERTEX_POINT('',#5377);
#2360=VERTEX_POINT('',#5382);
#2361=VERTEX_POINT('',#5384);
#2362=VERTEX_POINT('',#5392);
#2363=VERTEX_POINT('',#5394);
#2364=VERTEX_POINT('',#5399);
#2365=VERTEX_POINT('',#5406);
#2366=VERTEX_POINT('',#5408);
#2367=VERTEX_POINT('',#5415);
#2368=VERTEX_POINT('',#5416);
#2369=VERTEX_POINT('',#5448);
#2370=VERTEX_POINT('',#5449);
#2371=VERTEX_POINT('',#5451);
#2372=VERTEX_POINT('',#5456);
#2373=VERTEX_POINT('',#5458);
#2374=VERTEX_POINT('',#5463);
#2375=VERTEX_POINT('',#5465);
#2376=VERTEX_POINT('',#5470);
#2377=VERTEX_POINT('',#5477);
#2378=VERTEX_POINT('',#5479);
#2379=VERTEX_POINT('',#5486);
#2380=VERTEX_POINT('',#5487);
#2381=VERTEX_POINT('',#5519);
#2382=VERTEX_POINT('',#5520);
#2383=VERTEX_POINT('',#5522);
#2384=VERTEX_POINT('',#5530);
#2385=VERTEX_POINT('',#5537);
#2386=VERTEX_POINT('',#5539);
#2387=VERTEX_POINT('',#5546);
#2388=VERTEX_POINT('',#5547);
#2389=VERTEX_POINT('',#5579);
#2390=VERTEX_POINT('',#5580);
#2391=VERTEX_POINT('',#5582);
#2392=VERTEX_POINT('',#5590);
#2393=VERTEX_POINT('',#5597);
#2394=VERTEX_POINT('',#5599);
#2395=VERTEX_POINT('',#5604);
#2396=VERTEX_POINT('',#5606);
#2397=VERTEX_POINT('',#5613);
#2398=VERTEX_POINT('',#5614);
#2399=VERTEX_POINT('',#5623);
#2400=VERTEX_POINT('',#5625);
#2401=VERTEX_POINT('',#5653);
#2402=VERTEX_POINT('',#5654);
#2403=VERTEX_POINT('',#5656);
#2404=VERTEX_POINT('',#5664);
#2405=VERTEX_POINT('',#5671);
#2406=VERTEX_POINT('',#5673);
#2407=VERTEX_POINT('',#5680);
#2408=VERTEX_POINT('',#5681);
#2409=VERTEX_POINT('',#5713);
#2410=VERTEX_POINT('',#5714);
#2411=VERTEX_POINT('',#5716);
#2412=VERTEX_POINT('',#5724);
#2413=VERTEX_POINT('',#5731);
#2414=VERTEX_POINT('',#5733);
#2415=VERTEX_POINT('',#5740);
#2416=VERTEX_POINT('',#5741);
#2417=VERTEX_POINT('',#5773);
#2418=VERTEX_POINT('',#5774);
#2419=VERTEX_POINT('',#5776);
#2420=VERTEX_POINT('',#5784);
#2421=VERTEX_POINT('',#5791);
#2422=VERTEX_POINT('',#5793);
#2423=VERTEX_POINT('',#5800);
#2424=VERTEX_POINT('',#5801);
#2425=VERTEX_POINT('',#5833);
#2426=VERTEX_POINT('',#5834);
#2427=VERTEX_POINT('',#5836);
#2428=VERTEX_POINT('',#5844);
#2429=VERTEX_POINT('',#5851);
#2430=VERTEX_POINT('',#5853);
#2431=VERTEX_POINT('',#5860);
#2432=VERTEX_POINT('',#5861);
#2433=VERTEX_POINT('',#5893);
#2434=VERTEX_POINT('',#5894);
#2435=VERTEX_POINT('',#5896);
#2436=VERTEX_POINT('',#5904);
#2437=VERTEX_POINT('',#5911);
#2438=VERTEX_POINT('',#5913);
#2439=VERTEX_POINT('',#5920);
#2440=VERTEX_POINT('',#5921);
#2441=VERTEX_POINT('',#5979);
#2442=VERTEX_POINT('',#6117);
#2443=VERTEX_POINT('',#6207);
#2444=VERTEX_POINT('',#6208);
#2445=VERTEX_POINT('',#6210);
#2446=VERTEX_POINT('',#6212);
#2447=VERTEX_POINT('',#6215);
#2448=VERTEX_POINT('',#6216);
#2449=VERTEX_POINT('',#6218);
#2450=VERTEX_POINT('',#6220);
#2451=VERTEX_POINT('',#6222);
#2452=VERTEX_POINT('',#6224);
#2453=VERTEX_POINT('',#6226);
#2454=VERTEX_POINT('',#6228);
#2455=VERTEX_POINT('',#6231);
#2456=VERTEX_POINT('',#6232);
#2457=VERTEX_POINT('',#6234);
#2458=VERTEX_POINT('',#6236);
#2459=VERTEX_POINT('',#6239);
#2460=VERTEX_POINT('',#6240);
#2461=VERTEX_POINT('',#6242);
#2462=VERTEX_POINT('',#6244);
#2463=VERTEX_POINT('',#6247);
#2464=VERTEX_POINT('',#6248);
#2465=VERTEX_POINT('',#6250);
#2466=VERTEX_POINT('',#6252);
#2467=VERTEX_POINT('',#6255);
#2468=VERTEX_POINT('',#6256);
#2469=VERTEX_POINT('',#6258);
#2470=VERTEX_POINT('',#6260);
#2471=VERTEX_POINT('',#6263);
#2472=VERTEX_POINT('',#6264);
#2473=VERTEX_POINT('',#6266);
#2474=VERTEX_POINT('',#6268);
#2475=VERTEX_POINT('',#6271);
#2476=VERTEX_POINT('',#6272);
#2477=VERTEX_POINT('',#6274);
#2478=VERTEX_POINT('',#6276);
#2479=VERTEX_POINT('',#6279);
#2480=VERTEX_POINT('',#6280);
#2481=VERTEX_POINT('',#6282);
#2482=VERTEX_POINT('',#6284);
#2483=VERTEX_POINT('',#6287);
#2484=VERTEX_POINT('',#6288);
#2485=VERTEX_POINT('',#6290);
#2486=VERTEX_POINT('',#6292);
#2487=VERTEX_POINT('',#6295);
#2488=VERTEX_POINT('',#6296);
#2489=VERTEX_POINT('',#6298);
#2490=VERTEX_POINT('',#6300);
#2491=VERTEX_POINT('',#6303);
#2492=VERTEX_POINT('',#6304);
#2493=VERTEX_POINT('',#6306);
#2494=VERTEX_POINT('',#6308);
#2495=VERTEX_POINT('',#6312);
#2496=VERTEX_POINT('',#6313);
#2497=VERTEX_POINT('',#6315);
#2498=VERTEX_POINT('',#6317);
#2499=VERTEX_POINT('',#6319);
#2500=VERTEX_POINT('',#6321);
#2501=VERTEX_POINT('',#6324);
#2502=VERTEX_POINT('',#6325);
#2503=VERTEX_POINT('',#6327);
#2504=VERTEX_POINT('',#6329);
#2505=VERTEX_POINT('',#6331);
#2506=VERTEX_POINT('',#6333);
#2507=VERTEX_POINT('',#6336);
#2508=VERTEX_POINT('',#6337);
#2509=VERTEX_POINT('',#6339);
#2510=VERTEX_POINT('',#6341);
#2511=VERTEX_POINT('',#6343);
#2512=VERTEX_POINT('',#6345);
#2513=VERTEX_POINT('',#6348);
#2514=VERTEX_POINT('',#6349);
#2515=VERTEX_POINT('',#6351);
#2516=VERTEX_POINT('',#6353);
#2517=VERTEX_POINT('',#6356);
#2518=VERTEX_POINT('',#6357);
#2519=VERTEX_POINT('',#6359);
#2520=VERTEX_POINT('',#6361);
#2521=VERTEX_POINT('',#6364);
#2522=VERTEX_POINT('',#6365);
#2523=VERTEX_POINT('',#6367);
#2524=VERTEX_POINT('',#6369);
#2525=VERTEX_POINT('',#6372);
#2526=VERTEX_POINT('',#6373);
#2527=VERTEX_POINT('',#6375);
#2528=VERTEX_POINT('',#6377);
#2529=VERTEX_POINT('',#6380);
#2530=VERTEX_POINT('',#6381);
#2531=VERTEX_POINT('',#6383);
#2532=VERTEX_POINT('',#6385);
#2533=VERTEX_POINT('',#6388);
#2534=VERTEX_POINT('',#6389);
#2535=VERTEX_POINT('',#6391);
#2536=VERTEX_POINT('',#6393);
#2537=VERTEX_POINT('',#6396);
#2538=VERTEX_POINT('',#6397);
#2539=VERTEX_POINT('',#6399);
#2540=VERTEX_POINT('',#6401);
#2541=VERTEX_POINT('',#6404);
#2542=VERTEX_POINT('',#6405);
#2543=VERTEX_POINT('',#6407);
#2544=VERTEX_POINT('',#6409);
#2545=VERTEX_POINT('',#6412);
#2546=VERTEX_POINT('',#6413);
#2547=VERTEX_POINT('',#6415);
#2548=VERTEX_POINT('',#6417);
#2549=VERTEX_POINT('',#6420);
#2550=VERTEX_POINT('',#6421);
#2551=VERTEX_POINT('',#6423);
#2552=VERTEX_POINT('',#6425);
#2553=VERTEX_POINT('',#6427);
#2554=VERTEX_POINT('',#6429);
#2555=VERTEX_POINT('',#6431);
#2556=VERTEX_POINT('',#6433);
#2557=VERTEX_POINT('',#6436);
#2558=VERTEX_POINT('',#6437);
#2559=VERTEX_POINT('',#6439);
#2560=VERTEX_POINT('',#6441);
#2561=VERTEX_POINT('',#6444);
#2562=VERTEX_POINT('',#6445);
#2563=VERTEX_POINT('',#6447);
#2564=VERTEX_POINT('',#6449);
#2565=VERTEX_POINT('',#6451);
#2566=VERTEX_POINT('',#6453);
#2567=VERTEX_POINT('',#6456);
#2568=VERTEX_POINT('',#6457);
#2569=VERTEX_POINT('',#6459);
#2570=VERTEX_POINT('',#6461);
#2571=VERTEX_POINT('',#6465);
#2572=VERTEX_POINT('',#6468);
#2573=VERTEX_POINT('',#6471);
#2574=VERTEX_POINT('',#6474);
#2575=VERTEX_POINT('',#6477);
#2576=VERTEX_POINT('',#6478);
#2577=VERTEX_POINT('',#6480);
#2578=VERTEX_POINT('',#6482);
#2579=VERTEX_POINT('',#6485);
#2580=VERTEX_POINT('',#6486);
#2581=VERTEX_POINT('',#6488);
#2582=VERTEX_POINT('',#6490);
#2583=VERTEX_POINT('',#6590);
#2584=VERTEX_POINT('',#6591);
#2585=VERTEX_POINT('',#6593);
#2586=VERTEX_POINT('',#6595);
#2587=VERTEX_POINT('',#6599);
#2588=VERTEX_POINT('',#6601);
#2589=VERTEX_POINT('',#6605);
#2590=VERTEX_POINT('',#6607);
#2591=VERTEX_POINT('',#6614);
#2592=VERTEX_POINT('',#6615);
#2593=VERTEX_POINT('',#6617);
#2594=VERTEX_POINT('',#6619);
#2595=VERTEX_POINT('',#6639);
#2596=VERTEX_POINT('',#6641);
#2597=VERTEX_POINT('',#6643);
#2598=VERTEX_POINT('',#6645);
#2599=VERTEX_POINT('',#6649);
#2600=VERTEX_POINT('',#6653);
#2601=VERTEX_POINT('',#6655);
#2602=VERTEX_POINT('',#6659);
#2603=VERTEX_POINT('',#6663);
#2604=VERTEX_POINT('',#6665);
#2605=VERTEX_POINT('',#6669);
#2606=VERTEX_POINT('',#6671);
#2607=VERTEX_POINT('',#6675);
#2608=VERTEX_POINT('',#6677);
#2609=VERTEX_POINT('',#6681);
#2610=VERTEX_POINT('',#6682);
#2611=VERTEX_POINT('',#6687);
#2612=VERTEX_POINT('',#6689);
#2613=VERTEX_POINT('',#6691);
#2614=VERTEX_POINT('',#6695);
#2615=VERTEX_POINT('',#6697);
#2616=VERTEX_POINT('',#6701);
#2617=VERTEX_POINT('',#6702);
#2618=VERTEX_POINT('',#6707);
#2619=VERTEX_POINT('',#6709);
#2620=VERTEX_POINT('',#6710);
#2621=VERTEX_POINT('',#6713);
#2622=VERTEX_POINT('',#6717);
#2623=VERTEX_POINT('',#6721);
#2624=VERTEX_POINT('',#6723);
#2625=VERTEX_POINT('',#6727);
#2626=VERTEX_POINT('',#6729);
#2627=VERTEX_POINT('',#6733);
#2628=VERTEX_POINT('',#6735);
#2629=VERTEX_POINT('',#6739);
#2630=VERTEX_POINT('',#6740);
#2631=VERTEX_POINT('',#6745);
#2632=VERTEX_POINT('',#6747);
#2633=VERTEX_POINT('',#6749);
#2634=VERTEX_POINT('',#6753);
#2635=VERTEX_POINT('',#6757);
#2636=VERTEX_POINT('',#6759);
#2637=VERTEX_POINT('',#6779);
#2638=VERTEX_POINT('',#6783);
#2639=VERTEX_POINT('',#6831);
#2640=VERTEX_POINT('',#6867);
#2641=B_SPLINE_CURVE_WITH_KNOTS('',3,(#5105,#5106,#5107,#5108,#5109,#5110,
#5111),.UNSPECIFIED.,.F.,.F.,(4,1,1,1,4),(2.0696985472952E-7,0.000403745620576922,
0.000807284271299114,0.00121082292202131,0.0016143615727435),
 .UNSPECIFIED.);
#2642=B_SPLINE_CURVE_WITH_KNOTS('',3,(#5116,#5117,#5118,#5119),
 .UNSPECIFIED.,.F.,.F.,(4,4),(0.00107714290542269,0.00162765825333101),
 .UNSPECIFIED.);
#2643=B_SPLINE_CURVE_WITH_KNOTS('',3,(#5123,#5124,#5125,#5126),
 .UNSPECIFIED.,.F.,.F.,(4,4),(0.000564977738002711,0.000905447108059828),
 .UNSPECIFIED.);
#2644=B_SPLINE_CURVE_WITH_KNOTS('',3,(#5130,#5131,#5132,#5133),
 .UNSPECIFIED.,.F.,.F.,(4,4),(2.09379644938667E-7,0.00073850795278248),
 .UNSPECIFIED.);
#2645=B_SPLINE_CURVE_WITH_KNOTS('',3,(#5137,#5138,#5139,#5140),
 .UNSPECIFIED.,.F.,.F.,(4,4),(0.0024355942851285,0.00444781832948998),
 .UNSPECIFIED.);
#2646=B_SPLINE_CURVE_WITH_KNOTS('',3,(#5144,#5145,#5146,#5147),
 .UNSPECIFIED.,.F.,.F.,(4,4),(0.00667518754323792,0.00869734739981448),
 .UNSPECIFIED.);
#2647=B_SPLINE_CURVE_WITH_KNOTS('',3,(#5152,#5153,#5154,#5155),
 .UNSPECIFIED.,.F.,.F.,(4,4),(0.00243559428512847,0.0044478183294899),
 .UNSPECIFIED.);
#2648=B_SPLINE_CURVE_WITH_KNOTS('',3,(#5156,#5157,#5158,#5159),
 .UNSPECIFIED.,.F.,.F.,(4,4),(0.00667518754323792,0.00869734739981459),
 .UNSPECIFIED.);
#2649=B_SPLINE_CURVE_WITH_KNOTS('',3,(#5161,#5162,#5163,#5164,#5165,#5166,
#5167),.UNSPECIFIED.,.F.,.F.,(4,1,1,1,4),(2.00216369488329E-7,0.000396690661319748,
0.000793181106270007,0.00118967155122027,0.00158616199617053),
 .UNSPECIFIED.);
#2650=B_SPLINE_CURVE_WITH_KNOTS('',3,(#5168,#5169,#5170,#5171,#5172,#5173,
#5174),.UNSPECIFIED.,.F.,.F.,(4,1,1,1,4),(2.0092150218597E-7,0.000398067784281038,
0.00079593464705989,0.00119380150983874,0.00159166837261759),
 .UNSPECIFIED.);
#2651=B_SPLINE_CURVE_WITH_KNOTS('',3,(#5176,#5177,#5178,#5179,#5180,#5181,
#5182),.UNSPECIFIED.,.F.,.F.,(4,1,1,1,4),(2.33772280221375E-7,0.000403772610868916,
0.00080731144945761,0.0012108502880463,0.001614389126635),.UNSPECIFIED.);
#2652=B_SPLINE_CURVE_WITH_KNOTS('',3,(#5187,#5188,#5189,#5190,#5191,#5192,
#5193),.UNSPECIFIED.,.F.,.F.,(4,1,1,1,4),(4.50929113999716E-7,0.000407313263147,
0.00081417559718,0.001221037931213,0.001627900265246),.UNSPECIFIED.);
#2653=B_SPLINE_CURVE_WITH_KNOTS('',3,(#5197,#5198,#5199,#5200),
 .UNSPECIFIED.,.F.,.F.,(4,4),(2.25466507536616E-7,0.00200787281691358),
 .UNSPECIFIED.);
#2654=B_SPLINE_CURVE_WITH_KNOTS('',3,(#5204,#5205,#5206,#5207),
 .UNSPECIFIED.,.F.,.F.,(4,4),(2.36487646249639E-7,0.00201592100819921),
 .UNSPECIFIED.);
#2655=B_SPLINE_CURVE_WITH_KNOTS('',3,(#5212,#5213,#5214,#5215),
 .UNSPECIFIED.,.F.,.F.,(4,4),(2.25466507878069E-7,0.00200787281691365),
 .UNSPECIFIED.);
#2656=B_SPLINE_CURVE_WITH_KNOTS('',3,(#5216,#5217,#5218,#5219),
 .UNSPECIFIED.,.F.,.F.,(4,4),(2.36487646255689E-7,0.00201592100819928),
 .UNSPECIFIED.);
#2657=B_SPLINE_CURVE_WITH_KNOTS('',3,(#5221,#5222,#5223,#5224,#5225,#5226,
#5227),.UNSPECIFIED.,.F.,.F.,(4,1,1,1,4),(2.26144335887449E-7,0.000396716808502611,
0.000793207472669335,0.00118969813683606,0.00158618880100278),
 .UNSPECIFIED.);
#2658=B_SPLINE_CURVE_WITH_KNOTS('',3,(#5228,#5229,#5230,#5231,#5232,#5233,
#5234),.UNSPECIFIED.,.F.,.F.,(4,1,1,1,4),(4.32715701306944E-7,0.00039829979117966,
0.000796166866658014,0.00119403394213637,0.00159190101761472),
 .UNSPECIFIED.);
#2659=B_SPLINE_CURVE_WITH_KNOTS('',3,(#5236,#5237,#5238,#5239,#5240,#5241,
#5242),.UNSPECIFIED.,.F.,.F.,(4,1,1,1,4),(3.64535061456052E-7,0.000403903283712295,
0.000807442032363133,0.00121098078101397,0.00161451952966481),
 .UNSPECIFIED.);
#2660=B_SPLINE_CURVE_WITH_KNOTS('',3,(#5247,#5248,#5249,#5250),
 .UNSPECIFIED.,.F.,.F.,(4,4),(0.00103267647577608,0.00162770387382114),
 .UNSPECIFIED.);
#2661=B_SPLINE_CURVE_WITH_KNOTS('',3,(#5254,#5255,#5256,#5257),
 .UNSPECIFIED.,.F.,.F.,(4,4),(0.000610183202576324,0.000981178650252522),
 .UNSPECIFIED.);
#2662=B_SPLINE_CURVE_WITH_KNOTS('',3,(#5261,#5262,#5263,#5264),
 .UNSPECIFIED.,.F.,.F.,(4,4),(2.54459183265904E-7,0.000662614987020342),
 .UNSPECIFIED.);
#2663=B_SPLINE_CURVE_WITH_KNOTS('',3,(#5268,#5269,#5270,#5271),
 .UNSPECIFIED.,.F.,.F.,(4,4),(2.42581728065041E-7,0.00200789009963426),
 .UNSPECIFIED.);
#2664=B_SPLINE_CURVE_WITH_KNOTS('',3,(#5275,#5276,#5277,#5278),
 .UNSPECIFIED.,.F.,.F.,(4,4),(2.54439609546759E-7,0.0020159393175614),
 .UNSPECIFIED.);
#2665=B_SPLINE_CURVE_WITH_KNOTS('',3,(#5283,#5284,#5285,#5286),
 .UNSPECIFIED.,.F.,.F.,(4,4),(2.42581727773437E-7,0.00200789009963386),
 .UNSPECIFIED.);
#2666=B_SPLINE_CURVE_WITH_KNOTS('',3,(#5287,#5288,#5289,#5290),
 .UNSPECIFIED.,.F.,.F.,(4,4),(2.54439610445808E-7,0.00201593931756252),
 .UNSPECIFIED.);
#2667=B_SPLINE_CURVE_WITH_KNOTS('',3,(#5292,#5293,#5294,#5295,#5296,#5297,
#5298),.UNSPECIFIED.,.F.,.F.,(4,1,1,1,4),(3.52641203224207E-7,0.000396843243221563,
0.000793333845239902,0.00118982444725824,0.00158631504927658),
 .UNSPECIFIED.);
#2668=B_SPLINE_CURVE_WITH_KNOTS('',3,(#5299,#5300,#5301,#5302,#5303,#5304,
#5305),.UNSPECIFIED.,.F.,.F.,(4,1,1,1,4),(2.44180274788994E-7,0.000398111215958692,
0.000795978251642595,0.0011938452873265,0.0015917123230104),
 .UNSPECIFIED.);
#2669=B_SPLINE_CURVE_WITH_KNOTS('',3,(#5307,#5308,#5309,#5310,#5311,#5312,
#5313),.UNSPECIFIED.,.F.,.F.,(4,1,1,1,4),(1.74152414129636E-6,0.000405280757845843,
0.00080881999155039,0.00121235922525494,0.00161589845895948),
 .UNSPECIFIED.);
#2670=B_SPLINE_CURVE_WITH_KNOTS('',3,(#5318,#5319,#5320,#5321,#5322,#5323,
#5324),.UNSPECIFIED.,.F.,.F.,(4,1,1,1,4),(2.10922663146538E-7,0.000407074281399076,
0.000813937640135006,0.00122080099887094,0.00162766435760686),
 .UNSPECIFIED.);
#2671=B_SPLINE_CURVE_WITH_KNOTS('',3,(#5328,#5329,#5330,#5331),
 .UNSPECIFIED.,.F.,.F.,(4,4),(2.01106729600495E-7,0.00200784821874067),
 .UNSPECIFIED.);
#2672=B_SPLINE_CURVE_WITH_KNOTS('',3,(#5335,#5336,#5337,#5338),
 .UNSPECIFIED.,.F.,.F.,(4,4),(2.10936999381936E-7,0.00201589494886486),
 .UNSPECIFIED.);
#2673=B_SPLINE_CURVE_WITH_KNOTS('',3,(#5343,#5344,#5345,#5346),
 .UNSPECIFIED.,.F.,.F.,(4,4),(2.01106729701625E-7,0.00200784821874067),
 .UNSPECIFIED.);
#2674=B_SPLINE_CURVE_WITH_KNOTS('',3,(#5347,#5348,#5349,#5350),
 .UNSPECIFIED.,.F.,.F.,(4,4),(2.10936999385328E-7,0.00201589494885083),
 .UNSPECIFIED.);
#2675=B_SPLINE_CURVE_WITH_KNOTS('',3,(#5352,#5353,#5354,#5355,#5356,#5357,
#5358),.UNSPECIFIED.,.F.,.F.,(4,1,1,1,4),(1.68474529909581E-6,0.000398176309495095,
0.000794667873691094,0.00119115943788709,0.00158765100208309),
 .UNSPECIFIED.);
#2676=B_SPLINE_CURVE_WITH_KNOTS('',3,(#5359,#5360,#5361,#5362,#5363,#5364,
#5365),.UNSPECIFIED.,.F.,.F.,(4,1,1,1,4),(2.02402198831487E-7,0.000398070602399919,
0.000795938802601007,0.00119380700280209,0.00159167520300318),
 .UNSPECIFIED.);
#2677=B_SPLINE_CURVE_WITH_KNOTS('',3,(#5367,#5368,#5369,#5370,#5371,#5372,
#5373),.UNSPECIFIED.,.F.,.F.,(4,1,1,1,4),(2.21372637204484E-7,0.000403760308742044,
0.000807299244846883,0.00121083818095172,0.00161437711705656),
 .UNSPECIFIED.);
#2678=B_SPLINE_CURVE_WITH_KNOTS('',3,(#5378,#5379,#5380,#5381),
 .UNSPECIFIED.,.F.,.F.,(4,4),(0.00159736174650768,0.00162804088129236),
 .UNSPECIFIED.);
#2679=B_SPLINE_CURVE_WITH_KNOTS('',3,(#5385,#5386,#5387,#5388,#5389,#5390,
#5391),.UNSPECIFIED.,.F.,.F.,(4,1,1,1,4),(3.17128023749069E-5,0.000403407055643692,
0.000775101308912477,0.00114679556218126,0.00151848981545005),
 .UNSPECIFIED.);
#2680=B_SPLINE_CURVE_WITH_KNOTS('',3,(#5395,#5396,#5397,#5398),
 .UNSPECIFIED.,.F.,.F.,(4,4),(5.91364671707469E-7,0.000133706300032665),
 .UNSPECIFIED.);
#2681=B_SPLINE_CURVE_WITH_KNOTS('',3,(#5402,#5403,#5404,#5405),
 .UNSPECIFIED.,.F.,.F.,(4,4),(2.13515633120555E-7,0.00200786074905357),
 .UNSPECIFIED.);
#2682=B_SPLINE_CURVE_WITH_KNOTS('',3,(#5409,#5410,#5411,#5412),
 .UNSPECIFIED.,.F.,.F.,(4,4),(2.23952513456079E-7,0.00201590822348786),
 .UNSPECIFIED.);
#2683=B_SPLINE_CURVE_WITH_KNOTS('',3,(#5417,#5418,#5419,#5420),
 .UNSPECIFIED.,.F.,.F.,(4,4),(2.13515605144134E-7,0.00200786074905372),
 .UNSPECIFIED.);
#2684=B_SPLINE_CURVE_WITH_KNOTS('',3,(#5421,#5422,#5423,#5424),
 .UNSPECIFIED.,.F.,.F.,(4,4),(2.23952512913138E-7,0.00201590822348744),
 .UNSPECIFIED.);
#2685=B_SPLINE_CURVE_WITH_KNOTS('',3,(#5426,#5427,#5428,#5429,#5430,#5431,
#5432),.UNSPECIFIED.,.F.,.F.,(4,1,1,1,4),(2.14149241904963E-7,0.000396704919374125,
0.000793195689506345,0.00118968645963856,0.00158617722977078),
 .UNSPECIFIED.);
#2686=B_SPLINE_CURVE_WITH_KNOTS('',3,(#5433,#5434,#5435,#5436,#5437,#5438,
#5439),.UNSPECIFIED.,.F.,.F.,(4,1,1,1,4),(5.67480795322984E-7,0.00039843465424686,
0.000796301827698397,0.00119416900114993,0.00159203617460147),
 .UNSPECIFIED.);
#2687=B_SPLINE_CURVE_WITH_KNOTS('',3,(#5441,#5442,#5443,#5444,#5445,#5446,
#5447),.UNSPECIFIED.,.F.,.F.,(4,1,1,1,4),(3.1222431416096E-7,0.00040385097011659,
0.00080738971591902,0.00121092846172145,0.00161446720752388),
 .UNSPECIFIED.);
#2688=B_SPLINE_CURVE_WITH_KNOTS('',3,(#5452,#5453,#5454,#5455),
 .UNSPECIFIED.,.F.,.F.,(4,4),(0.000952875580855706,0.00162772909635913),
 .UNSPECIFIED.);
#2689=B_SPLINE_CURVE_WITH_KNOTS('',3,(#5459,#5460,#5461,#5462),
 .UNSPECIFIED.,.F.,.F.,(4,4),(0.000690657630377058,0.0011733765533316),
 .UNSPECIFIED.);
#2690=B_SPLINE_CURVE_WITH_KNOTS('',3,(#5466,#5467,#5468,#5469),
 .UNSPECIFIED.,.F.,.F.,(4,4),(2.79796708734257E-7,0.000471650519051727),
 .UNSPECIFIED.);
#2691=B_SPLINE_CURVE_WITH_KNOTS('',3,(#5473,#5474,#5475,#5476),
 .UNSPECIFIED.,.F.,.F.,(4,4),(2.6671773176688E-7,0.00200791447185333),
 .UNSPECIFIED.);
#2692=B_SPLINE_CURVE_WITH_KNOTS('',3,(#5480,#5481,#5482,#5483),
 .UNSPECIFIED.,.F.,.F.,(4,4),(2.79755599807153E-7,0.00201596513759875),
 .UNSPECIFIED.);
#2693=B_SPLINE_CURVE_WITH_KNOTS('',3,(#5488,#5489,#5490,#5491),
 .UNSPECIFIED.,.F.,.F.,(4,4),(2.66717731870021E-7,0.00200791447185333),
 .UNSPECIFIED.);
#2694=B_SPLINE_CURVE_WITH_KNOTS('',3,(#5492,#5493,#5494,#5495),
 .UNSPECIFIED.,.F.,.F.,(4,4),(2.79755599824783E-7,0.00201596513759897),
 .UNSPECIFIED.);
#2695=B_SPLINE_CURVE_WITH_KNOTS('',3,(#5497,#5498,#5499,#5500,#5501,#5502,
#5503),.UNSPECIFIED.,.F.,.F.,(4,1,1,1,4),(3.02036945356649E-7,0.000396792620154807,
0.000793283203364257,0.00118977378657371,0.00158626436978316),
 .UNSPECIFIED.);
#2696=B_SPLINE_CURVE_WITH_KNOTS('',3,(#5504,#5505,#5506,#5507,#5508,#5509,
#5510),.UNSPECIFIED.,.F.,.F.,(4,1,1,1,4),(2.68494428718016E-7,0.00039813550448931,
0.000796002514549903,0.0011938695246105,0.00159173653467109),
 .UNSPECIFIED.);
#2697=B_SPLINE_CURVE_WITH_KNOTS('',3,(#5512,#5513,#5514,#5515,#5516,#5517,
#5518),.UNSPECIFIED.,.F.,.F.,(4,1,1,1,4),(8.67862904349141E-7,0.000404406782273858,
0.000807945701643367,0.00121148462101288,0.00161502354038239),
 .UNSPECIFIED.);
#2698=B_SPLINE_CURVE_WITH_KNOTS('',3,(#5523,#5524,#5525,#5526,#5527,#5528,
#5529),.UNSPECIFIED.,.F.,.F.,(4,1,1,1,4),(2.15657019174759E-7,0.000407078368888092,
0.000813941080757009,0.00122080379262593,0.00162766650449484),
 .UNSPECIFIED.);
#2699=B_SPLINE_CURVE_WITH_KNOTS('',3,(#5533,#5534,#5535,#5536),
 .UNSPECIFIED.,.F.,.F.,(4,4),(2.0561528664077E-7,0.00200785277141979),
 .UNSPECIFIED.);
#2700=B_SPLINE_CURVE_WITH_KNOTS('',3,(#5540,#5541,#5542,#5543),
 .UNSPECIFIED.,.F.,.F.,(4,4),(2.15665962570932E-7,0.00201589977197507),
 .UNSPECIFIED.);
#2701=B_SPLINE_CURVE_WITH_KNOTS('',3,(#5548,#5549,#5550,#5551),
 .UNSPECIFIED.,.F.,.F.,(4,4),(2.0561528669125E-7,0.00200785277141978),
 .UNSPECIFIED.);
#2702=B_SPLINE_CURVE_WITH_KNOTS('',3,(#5552,#5553,#5554,#5555),
 .UNSPECIFIED.,.F.,.F.,(4,4),(2.15665962528282E-7,0.00201589977195583),
 .UNSPECIFIED.);
#2703=B_SPLINE_CURVE_WITH_KNOTS('',3,(#5557,#5558,#5559,#5560,#5561,#5562,
#5563),.UNSPECIFIED.,.F.,.F.,(4,1,1,1,4),(8.39554509573773E-7,0.000397330499497741,
0.000793821444485909,0.00119031238947408,0.00158680333446224),
 .UNSPECIFIED.);
#2704=B_SPLINE_CURVE_WITH_KNOTS('',3,(#5564,#5565,#5566,#5567,#5568,#5569,
#5570),.UNSPECIFIED.,.F.,.F.,(4,1,1,1,4),(2.06945327744836E-7,0.000398074388637343,
0.000795941831946941,0.00119380927525654,0.00159167671856614),
 .UNSPECIFIED.);
#2705=B_SPLINE_CURVE_WITH_KNOTS('',3,(#5572,#5573,#5574,#5575,#5576,#5577,
#5578),.UNSPECIFIED.,.F.,.F.,(4,1,1,1,4),(2.13174998824732E-7,0.000403752317202676,
0.000807291459406528,0.00121083060161038,0.00161436974381423),
 .UNSPECIFIED.);
#2706=B_SPLINE_CURVE_WITH_KNOTS('',3,(#5583,#5584,#5585,#5586,#5587,#5588,
#5589),.UNSPECIFIED.,.F.,.F.,(4,1,1,1,4),(2.20367847285713E-7,0.000413599527707386,
0.000826978687567486,0.00124035784742759,0.00165373700728769),
 .UNSPECIFIED.);
#2707=B_SPLINE_CURVE_WITH_KNOTS('',3,(#5593,#5594,#5595,#5596),
 .UNSPECIFIED.,.F.,.F.,(4,4),(2.05615316201321E-7,0.0020078527714198),
 .UNSPECIFIED.);
#2708=B_SPLINE_CURVE_WITH_KNOTS('',3,(#5600,#5601,#5602,#5603),
 .UNSPECIFIED.,.F.,.F.,(4,4),(0.000396417833926732,0.00201589977197507),
 .UNSPECIFIED.);
#2709=B_SPLINE_CURVE_WITH_KNOTS('',3,(#5607,#5608,#5609,#5610),
 .UNSPECIFIED.,.F.,.F.,(4,4),(0.00162665979749009,0.00202868339095214),
 .UNSPECIFIED.);
#2710=B_SPLINE_CURVE_WITH_KNOTS('',3,(#5615,#5616,#5617,#5618),
 .UNSPECIFIED.,.F.,.F.,(4,4),(2.05615286319308E-7,0.00200785277141944),
 .UNSPECIFIED.);
#2711=B_SPLINE_CURVE_WITH_KNOTS('',3,(#5619,#5620,#5621,#5622),
 .UNSPECIFIED.,.F.,.F.,(4,4),(0.00172514367400204,0.00202868339095214),
 .UNSPECIFIED.);
#2712=B_SPLINE_CURVE_WITH_KNOTS('',3,(#5626,#5627,#5628,#5629),
 .UNSPECIFIED.,.F.,.F.,(4,4),(0.00029884997779692,0.00201589977197509),
 .UNSPECIFIED.);
#2713=B_SPLINE_CURVE_WITH_KNOTS('',3,(#5631,#5632,#5633,#5634,#5635,#5636,
#5637),.UNSPECIFIED.,.F.,.F.,(4,1,1,1,4),(2.06219061551503E-7,0.000396697218496226,
0.0007931882179309,0.00118967921736557,0.00158617021680025),
 .UNSPECIFIED.);
#2714=B_SPLINE_CURVE_WITH_KNOTS('',3,(#5638,#5639,#5640,#5641,#5642,#5643,
#5644),.UNSPECIFIED.,.F.,.F.,(4,1,1,1,4),(8.42508223492918E-7,0.000398709893840074,
0.000796577279456655,0.00119444466507324,0.00159231205068982),
 .UNSPECIFIED.);
#2715=B_SPLINE_CURVE_WITH_KNOTS('',3,(#5646,#5647,#5648,#5649,#5650,#5651,
#5652),.UNSPECIFIED.,.F.,.F.,(4,1,1,1,4),(2.76576699040585E-7,0.000403815334223279,
0.000807354091747517,0.00121089284927176,0.00161443160679599),
 .UNSPECIFIED.);
#2716=B_SPLINE_CURVE_WITH_KNOTS('',3,(#5657,#5658,#5659,#5660,#5661,#5662,
#5663),.UNSPECIFIED.,.F.,.F.,(4,1,1,1,4),(3.158592672504E-7,0.000407178172010962,
0.000814040484754674,0.00122090279749839,0.0016277651102421),
 .UNSPECIFIED.);
#2717=B_SPLINE_CURVE_WITH_KNOTS('',3,(#5667,#5668,#5669,#5670),
 .UNSPECIFIED.,.F.,.F.,(4,4),(2.66717731693124E-7,0.00200791447185331),
 .UNSPECIFIED.);
#2718=B_SPLINE_CURVE_WITH_KNOTS('',3,(#5674,#5675,#5676,#5677),
 .UNSPECIFIED.,.F.,.F.,(4,4),(2.79755577702119E-7,0.0020159651375988),
 .UNSPECIFIED.);
#2719=B_SPLINE_CURVE_WITH_KNOTS('',3,(#5682,#5683,#5684,#5685),
 .UNSPECIFIED.,.F.,.F.,(4,4),(2.66717731875214E-7,0.00200791447185333),
 .UNSPECIFIED.);
#2720=B_SPLINE_CURVE_WITH_KNOTS('',3,(#5686,#5687,#5688,#5689),
 .UNSPECIFIED.,.F.,.F.,(4,4),(2.79755577702119E-7,0.00201596513759893),
 .UNSPECIFIED.);
#2721=B_SPLINE_CURVE_WITH_KNOTS('',3,(#5691,#5692,#5693,#5694,#5695,#5696,
#5697),.UNSPECIFIED.,.F.,.F.,(4,1,1,1,4),(2.67552265824555E-7,0.000396758138030183,
0.000793248723794541,0.0011897393095589,0.00158622989532326),
 .UNSPECIFIED.);
#2722=B_SPLINE_CURVE_WITH_KNOTS('',3,(#5698,#5699,#5700,#5701,#5702,#5703,
#5704),.UNSPECIFIED.,.F.,.F.,(4,1,1,1,4),(3.03100498963989E-7,0.000398170107812169,
0.000796037115125375,0.00119390412243858,0.00159177112975179),
 .UNSPECIFIED.);
#2723=B_SPLINE_CURVE_WITH_KNOTS('',3,(#5706,#5707,#5708,#5709,#5710,#5711,
#5712),.UNSPECIFIED.,.F.,.F.,(4,1,1,1,4),(5.84560858353523E-7,0.00040412337568424,
0.000807662190510126,0.00121120100533601,0.0016147398201619),
 .UNSPECIFIED.);
#2724=B_SPLINE_CURVE_WITH_KNOTS('',3,(#5717,#5718,#5719,#5720,#5721,#5722,
#5723),.UNSPECIFIED.,.F.,.F.,(4,1,1,1,4),(2.23950086370714E-7,0.000407086454912221,
0.000813948959738071,0.00122081146456392,0.00162767396938977),
 .UNSPECIFIED.);
#2725=B_SPLINE_CURVE_WITH_KNOTS('',3,(#5727,#5728,#5729,#5730),
 .UNSPECIFIED.,.F.,.F.,(4,4),(2.13515605100287E-7,0.00200786074905373),
 .UNSPECIFIED.);
#2726=B_SPLINE_CURVE_WITH_KNOTS('',3,(#5734,#5735,#5736,#5737),
 .UNSPECIFIED.,.F.,.F.,(4,4),(2.23952498967334E-7,0.00201590822348764),
 .UNSPECIFIED.);
#2727=B_SPLINE_CURVE_WITH_KNOTS('',3,(#5742,#5743,#5744,#5745),
 .UNSPECIFIED.,.F.,.F.,(4,4),(2.1351560498821E-7,0.00200786074905357),
 .UNSPECIFIED.);
#2728=B_SPLINE_CURVE_WITH_KNOTS('',3,(#5746,#5747,#5748,#5749),
 .UNSPECIFIED.,.F.,.F.,(4,4),(2.23952498583987E-7,0.00201590822346844),
 .UNSPECIFIED.);
#2729=B_SPLINE_CURVE_WITH_KNOTS('',3,(#5751,#5752,#5753,#5754,#5755,#5756,
#5757),.UNSPECIFIED.,.F.,.F.,(4,1,1,1,4),(5.65490404424227E-7,0.000397056232654986,
0.000793546974905548,0.00119003771715611,0.00158652845940667),
 .UNSPECIFIED.);
#2730=B_SPLINE_CURVE_WITH_KNOTS('',3,(#5758,#5759,#5760,#5761,#5762,#5763,
#5764),.UNSPECIFIED.,.F.,.F.,(4,1,1,1,4),(2.14903427036732E-7,0.000398082106635816,
0.000795949309844595,0.00119381651305337,0.00159168371626215),
 .UNSPECIFIED.);
#2731=B_SPLINE_CURVE_WITH_KNOTS('',3,(#5766,#5767,#5768,#5769,#5770,#5771,
#5772),.UNSPECIFIED.,.F.,.F.,(4,1,1,1,4),(2.08495120786496E-7,0.000403748281469468,
0.000807288067818149,0.00121082785416683,0.00161436764051551),
 .UNSPECIFIED.);
#2732=B_SPLINE_CURVE_WITH_KNOTS('',3,(#5777,#5778,#5779,#5780,#5781,#5782,
#5783),.UNSPECIFIED.,.F.,.F.,(4,1,1,1,4),(1.76177289355753E-6,0.000408624561549651,
0.000815487350205744,0.00122235013886184,0.00162921292751793),
 .UNSPECIFIED.);
#2733=B_SPLINE_CURVE_WITH_KNOTS('',3,(#5787,#5788,#5789,#5790),
 .UNSPECIFIED.,.F.,.F.,(4,4),(2.01106743077501E-7,0.00200784821874063),
 .UNSPECIFIED.);
#2734=B_SPLINE_CURVE_WITH_KNOTS('',3,(#5794,#5795,#5796,#5797),
 .UNSPECIFIED.,.F.,.F.,(4,4),(2.10936999381936E-7,0.00201589494886486),
 .UNSPECIFIED.);
#2735=B_SPLINE_CURVE_WITH_KNOTS('',3,(#5802,#5803,#5804,#5805),
 .UNSPECIFIED.,.F.,.F.,(4,4),(2.01106729705069E-7,0.00200784821874068),
 .UNSPECIFIED.);
#2736=B_SPLINE_CURVE_WITH_KNOTS('',3,(#5806,#5807,#5808,#5809),
 .UNSPECIFIED.,.F.,.F.,(4,4),(2.10936999381936E-7,0.00201589494886496),
 .UNSPECIFIED.);
#2737=B_SPLINE_CURVE_WITH_KNOTS('',3,(#5811,#5812,#5813,#5814,#5815,#5816,
#5817),.UNSPECIFIED.,.F.,.F.,(4,1,1,1,4),(2.01691871350674E-7,0.000396693414195072,
0.000793185136518794,0.00118967685884252,0.00158616858116624),
 .UNSPECIFIED.);
#2738=B_SPLINE_CURVE_WITH_KNOTS('',3,(#5818,#5819,#5820,#5821,#5822,#5823,
#5824),.UNSPECIFIED.,.F.,.F.,(4,1,1,1,4),(1.69066441596514E-6,0.000399558699889873,
0.000797426735363781,0.00119529477083769,0.0015931628063116),
 .UNSPECIFIED.);
#2739=B_SPLINE_CURVE_WITH_KNOTS('',3,(#5826,#5827,#5828,#5829,#5830,#5831,
#5832),.UNSPECIFIED.,.F.,.F.,(4,1,1,1,4),(2.51530703791282E-7,0.000403790316585725,
0.000807329102467658,0.00121086788834959,0.00161440667423153),
 .UNSPECIFIED.);
#2740=B_SPLINE_CURVE_WITH_KNOTS('',3,(#5837,#5838,#5839,#5840,#5841,#5842,
#5843),.UNSPECIFIED.,.F.,.F.,(4,1,1,1,4),(3.68778776396537E-7,0.000407231093813698,
0.000814093408850999,0.0012209557238883,0.0016278180389256),
 .UNSPECIFIED.);
#2741=B_SPLINE_CURVE_WITH_KNOTS('',3,(#5847,#5848,#5849,#5850),
 .UNSPECIFIED.,.F.,.F.,(4,4),(2.42581727599189E-7,0.00200789009963386),
 .UNSPECIFIED.);
#2742=B_SPLINE_CURVE_WITH_KNOTS('',3,(#5854,#5855,#5856,#5857),
 .UNSPECIFIED.,.F.,.F.,(4,4),(2.54439591267483E-7,0.00201593931756143),
 .UNSPECIFIED.);
#2743=B_SPLINE_CURVE_WITH_KNOTS('',3,(#5862,#5863,#5864,#5865),
 .UNSPECIFIED.,.F.,.F.,(4,4),(2.42581728132436E-7,0.00200789009963426),
 .UNSPECIFIED.);
#2744=B_SPLINE_CURVE_WITH_KNOTS('',3,(#5866,#5867,#5868,#5869),
 .UNSPECIFIED.,.F.,.F.,(4,4),(2.54439591728655E-7,0.00201593931756204),
 .UNSPECIFIED.);
#2745=B_SPLINE_CURVE_WITH_KNOTS('',3,(#5871,#5872,#5873,#5874,#5875,#5876,
#5877),.UNSPECIFIED.,.F.,.F.,(4,1,1,1,4),(2.43323385189435E-7,0.000396733933574858,
0.000793224543764526,0.00118971515395419,0.00158620576414386),
 .UNSPECIFIED.);
#2746=B_SPLINE_CURVE_WITH_KNOTS('',3,(#5878,#5879,#5880,#5881,#5882,#5883,
#5884),.UNSPECIFIED.,.F.,.F.,(4,1,1,1,4),(3.53882844967161E-7,0.00039822090975702,
0.000796087936669072,0.00119395496358112,0.00159182199049318),
 .UNSPECIFIED.);
#2747=B_SPLINE_CURVE_WITH_KNOTS('',3,(#5886,#5887,#5888,#5889,#5890,#5891,
#5892),.UNSPECIFIED.,.F.,.F.,(4,1,1,1,4),(4.45740396270463E-7,0.000403984508832174,
0.000807523277268078,0.00121106204570398,0.00161460081413988),
 .UNSPECIFIED.);
#2748=B_SPLINE_CURVE_WITH_KNOTS('',3,(#5897,#5898,#5899,#5900,#5901,#5902,
#5903),.UNSPECIFIED.,.F.,.F.,(4,1,1,1,4),(2.3649406817291E-7,0.000407098900838326,
0.000813961307608479,0.00122082371437863,0.00162768612114878),
 .UNSPECIFIED.);
#2749=B_SPLINE_CURVE_WITH_KNOTS('',3,(#5907,#5908,#5909,#5910),
 .UNSPECIFIED.,.F.,.F.,(4,4),(2.25466507763154E-7,0.00200787281691366),
 .UNSPECIFIED.);
#2750=B_SPLINE_CURVE_WITH_KNOTS('',3,(#5914,#5915,#5916,#5917),
 .UNSPECIFIED.,.F.,.F.,(4,4),(2.36487646198974E-7,0.00201592100819911),
 .UNSPECIFIED.);
#2751=B_SPLINE_CURVE_WITH_KNOTS('',3,(#5922,#5923,#5924,#5925),
 .UNSPECIFIED.,.F.,.F.,(4,4),(2.25466507766226E-7,0.00200787281691358),
 .UNSPECIFIED.);
#2752=B_SPLINE_CURVE_WITH_KNOTS('',3,(#5926,#5927,#5928,#5929),
 .UNSPECIFIED.,.F.,.F.,(4,4),(2.36487646154963E-7,0.00201592100819945),
 .UNSPECIFIED.);
#2753=B_SPLINE_CURVE_WITH_KNOTS('',3,(#5931,#5932,#5933,#5934,#5935,#5936,
#5937),.UNSPECIFIED.,.F.,.F.,(4,1,1,1,4),(4.31197657050227E-7,0.000396921846181517,
0.000793412494705983,0.00118990314323045,0.00158639379175492),
 .UNSPECIFIED.);
#2754=B_SPLINE_CURVE_WITH_KNOTS('',3,(#5938,#5939,#5940,#5941,#5942,#5943,
#5944),.UNSPECIFIED.,.F.,.F.,(4,1,1,1,4),(2.26940749485618E-7,0.00039809403298632,
0.000795961125223154,0.00119382821745999,0.00159169530969682),
 .UNSPECIFIED.);
#2755=B_SPLINE_CURVE_WITH_KNOTS('',3,(#5946,#5947,#5948,#5949,#5950,#5951,
#5952,#5953,#5954,#5955,#5956,#5957,#5958,#5959,#5960,#5961,#5962,#5963,
#5964,#5965,#5966,#5967,#5968,#5969,#5970,#5971,#5972,#5973,#5974,#5975,
#5976,#5977,#5978),.UNSPECIFIED.,.T.,.F.,(1,1,1,1,1,1,1,1,1,1,1,1,1,1,1,
1,1,1,1,1,1,1,1,1,1,1,1,1,1,1,1,1,1,1,1,1,1),(-0.00267194209686746,-0.00178129473124497,
-0.000890647365622485,0.,0.000445323682811243,0.000890647365622487,0.00133597104843373,
0.00178129473124497,0.00267194209686746,0.00356258946248995,0.00445323682811243,
0.00534388419373492,0.00712517892497989,0.00890647365622487,0.0106877683874698,
0.0124690631187148,0.0133597104843373,0.0142503578499598,0.0151410052155823,
0.0160316525812048,0.0169222999468273,0.0178129473124497,0.0187035946780722,
0.0195942420436947,0.0204848894093172,0.0213755367749397,0.0222661841405622,
0.0231568315061847,0.0240474788718071,0.0249381262374296,0.0258287736030521,
0.0267194209686746,0.0276100683342971,0.0285007156999196,0.0289460393827308,
0.0293913630655421,0.0298366867483533),.UNSPECIFIED.);
#2756=B_SPLINE_CURVE_WITH_KNOTS('',3,(#5980,#5981,#5982,#5983,#5984,#5985,
#5986,#5987,#5988,#5989,#5990,#5991,#5992,#5993,#5994,#5995,#5996,#5997,
#5998,#5999,#6000,#6001,#6002,#6003,#6004,#6005,#6006),.UNSPECIFIED.,.F.,
 .F.,(4,1,1,1,1,1,1,1,1,1,1,1,1,1,1,1,1,1,1,1,1,1,1,1,4),(0.0244786816914551,
0.0260165608552337,0.026785500437123,0.0275544400190123,0.0283233796009016,
0.0290923191827909,0.0298612587646802,0.0306301983465695,0.0313991379284588,
0.0321680775103481,0.0337059566741267,0.0352438358379053,0.0367817150016839,
0.0375506545835732,0.0383195941654626,0.0398574733292412,0.0406264129111305,
0.0413953524930198,0.0421642920749091,0.0429332316567984,0.0437021712386877,
0.044471110820577,0.0460089899843556,0.0475468691481342,0.0490847483119128),
 .UNSPECIFIED.);
#2757=B_SPLINE_CURVE_WITH_KNOTS('',3,(#6007,#6008,#6009,#6010,#6011,#6012,
#6013,#6014,#6015),.UNSPECIFIED.,.F.,.F.,(4,1,1,1,1,1,4),(0.0159760992596684,
0.0178554723247214,0.0197348453897743,0.0206745319223008,0.0216142184548273,
0.0225539049873538,0.0234935915198802),.UNSPECIFIED.);
#2758=B_SPLINE_CURVE_WITH_KNOTS('',3,(#6016,#6017,#6018,#6019),
 .UNSPECIFIED.,.F.,.F.,(4,4),(0.0123863408018468,0.015518298720642),
 .UNSPECIFIED.);
#2759=B_SPLINE_CURVE_WITH_KNOTS('',3,(#6020,#6021,#6022,#6023,#6024,#6025,
#6026,#6027),.UNSPECIFIED.,.F.,.F.,(4,1,1,1,1,4),(0.00392267673440078,0.00579317475427541,
0.00672842376421273,0.00766367277415005,0.00953417079402468,0.0114046688138993),
 .UNSPECIFIED.);
#2760=B_SPLINE_CURVE_WITH_KNOTS('',3,(#6028,#6029,#6030,#6031,#6032,#6033,
#6034,#6035,#6036,#6037,#6038),.UNSPECIFIED.,.F.,.F.,(4,1,1,1,1,1,1,1,4),
(0.0493914068179329,0.0503522355380481,0.0513130642581633,0.0522738929782785,
0.0532347216983937,0.0537151360584514,0.054195550418509,0.0551563791386242,
0.0570780365788546),.UNSPECIFIED.);
#2761=B_SPLINE_CURVE_WITH_KNOTS('',3,(#6085,#6086,#6087,#6088,#6089,#6090,
#6091,#6092,#6093,#6094,#6095,#6096,#6097,#6098,#6099,#6100,#6101,#6102,
#6103,#6104,#6105,#6106,#6107,#6108,#6109,#6110,#6111,#6112,#6113,#6114),
 .UNSPECIFIED.,.F.,.F.,(4,1,1,1,1,1,1,1,1,1,1,1,1,1,1,1,1,1,1,1,1,1,1,1,
1,1,1,4),(0.0157777819179901,0.0174539919443005,0.0182920969574556,0.0191302019706108,
0.019968306983766,0.0203873594903436,0.0208064119969212,0.0212254645034987,
0.0216445170100763,0.0224826220232315,0.0233207270363867,0.0241588320495418,
0.0258350420758522,0.0275112521021625,0.0283493571153177,0.0291874621284729,
0.030025567141628,0.0308636721547832,0.0325398821810936,0.0333779871942487,
0.0342160922074039,0.0350541972205591,0.0358923022337143,0.0367304072468694,
0.0375685122600246,0.0392447222863349,0.0409209323126453,0.0425971423389556),
 .UNSPECIFIED.);
#2762=B_SPLINE_CURVE_WITH_KNOTS('',3,(#6118,#6119,#6120,#6121,#6122,#6123,
#6124,#6125,#6126,#6127),.UNSPECIFIED.,.F.,.F.,(4,1,1,1,1,1,1,4),(0.0429325311619884,
0.0439419701744804,0.0449514091869724,0.0459608481994644,0.0469702872119564,
0.0479797262244484,0.0489891652369404,0.0510080432619244),.UNSPECIFIED.);
#2763=B_SPLINE_CURVE_WITH_KNOTS('',3,(#6128,#6129,#6130,#6131,#6132,#6133,
#6134,#6135),.UNSPECIFIED.,.F.,.F.,(4,1,1,1,1,4),(0.0513699214066165,0.0532550531712669,
0.054197619053592,0.0551401849359172,0.0570253167005676,0.0589104484652179),
 .UNSPECIFIED.);
#2764=B_SPLINE_CURVE_WITH_KNOTS('',3,(#6136,#6137,#6138,#6139),
 .UNSPECIFIED.,.F.,.F.,(4,4),(0.00354573498440211,0.00670566761154127),
 .UNSPECIFIED.);
#2765=B_SPLINE_CURVE_WITH_KNOTS('',3,(#6140,#6141,#6142,#6143,#6144,#6145,
#6146,#6147,#6148),.UNSPECIFIED.,.F.,.F.,(4,1,1,1,1,1,4),(0.00716399078846924,
0.0090649170467962,0.0109658433051232,0.0119163064342866,0.0128667695634501,
0.0138172326926136,0.0147676958217771),.UNSPECIFIED.);
#2766=B_SPLINE_CURVE_WITH_KNOTS('',3,(#6833,#6834,#6835,#6836,#6837,#6838,
#6839,#6840,#6841,#6842,#6843,#6844,#6845,#6846,#6847,#6848,#6849,#6850,
#6851,#6852,#6853,#6854,#6855,#6856,#6857,#6858,#6859,#6860,#6861,#6862,
#6863,#6864,#6865,#6866),.UNSPECIFIED.,.T.,.F.,(1,1,1,1,1,1,1,1,1,1,1,1,
1,1,1,1,1,1,1,1,1,1,1,1,1,1,1,1,1,1,1,1,1,1,1,1,1,1),(-0.00285115733784452,
-0.00190077155856301,-0.000950385779281509,0.,0.000950385779281507,0.00190077155856301,
0.00237596444820377,0.00285115733784452,0.00332635022748527,0.00380154311712603,
0.00475192889640753,0.00570231467568904,0.00665270045497055,0.00760308623425206,
0.00950385779281507,0.0114046293513781,0.0123550151306596,0.0133054009099411,
0.0152061724685041,0.0161565582477856,0.0171069440270671,0.0180573298063486,
0.0190077155856301,0.0199581013649116,0.0209084871441932,0.0218588729234747,
0.0228092587027562,0.0237596444820377,0.0247100302613192,0.0256604160406007,
0.0266108018198822,0.0275611875991637,0.0285115733784452,0.0294619591577267,
0.0304123449370082,0.0313627307162897,0.0323131164955712,0.032788309385212),
 .UNSPECIFIED.);
#2767=EDGE_LOOP('',(#835,#836,#837,#838,#839,#840,#841,#842));
#2768=EDGE_LOOP('',(#843,#844,#845,#846));
#2769=EDGE_LOOP('',(#847,#848,#849,#850));
#2770=EDGE_LOOP('',(#851,#852,#853,#854));
#2771=EDGE_LOOP('',(#855,#856,#857,#858));
#2772=EDGE_LOOP('',(#859,#860,#861,#862));
#2773=EDGE_LOOP('',(#863,#864,#865,#866));
#2774=EDGE_LOOP('',(#867,#868,#869,#870));
#2775=EDGE_LOOP('',(#871,#872,#873,#874,#875,#876,#877,#878));
#2776=EDGE_LOOP('',(#879,#880,#881,#882));
#2777=EDGE_LOOP('',(#883,#884,#885,#886));
#2778=EDGE_LOOP('',(#887,#888,#889,#890));
#2779=EDGE_LOOP('',(#891,#892,#893,#894));
#2780=EDGE_LOOP('',(#895,#896,#897,#898));
#2781=EDGE_LOOP('',(#899,#900,#901,#902));
#2782=EDGE_LOOP('',(#903,#904,#905,#906));
#2783=EDGE_LOOP('',(#907,#908,#909,#910,#911,#912,#913,#914));
#2784=EDGE_LOOP('',(#915,#916,#917,#918));
#2785=EDGE_LOOP('',(#919,#920,#921,#922));
#2786=EDGE_LOOP('',(#923,#924,#925,#926));
#2787=EDGE_LOOP('',(#927,#928,#929,#930,#931,#932,#933,#934));
#2788=EDGE_LOOP('',(#935,#936,#937,#938));
#2789=EDGE_LOOP('',(#939,#940,#941,#942));
#2790=EDGE_LOOP('',(#943,#944,#945,#946));
#2791=EDGE_LOOP('',(#947,#948,#949,#950));
#2792=EDGE_LOOP('',(#951,#952,#953,#954));
#2793=EDGE_LOOP('',(#955,#956,#957,#958));
#2794=EDGE_LOOP('',(#959,#960,#961,#962));
#2795=EDGE_LOOP('',(#963,#964,#965,#966));
#2796=EDGE_LOOP('',(#967,#968,#969,#970,#971,#972));
#2797=EDGE_LOOP('',(#973,#974,#975,#976,#977,#978));
#2798=EDGE_LOOP('',(#979,#980,#981,#982));
#2799=EDGE_LOOP('',(#983,#984,#985,#986));
#2800=EDGE_LOOP('',(#987,#988,#989,#990));
#2801=EDGE_LOOP('',(#991,#992,#993,#994));
#2802=EDGE_LOOP('',(#995,#996,#997,#998));
#2803=EDGE_LOOP('',(#999,#1000,#1001,#1002));
#2804=EDGE_LOOP('',(#1003,#1004,#1005,#1006));
#2805=EDGE_LOOP('',(#1007,#1008,#1009,#1010));
#2806=EDGE_LOOP('',(#1011,#1012,#1013,#1014));
#2807=EDGE_LOOP('',(#1015,#1016,#1017,#1018));
#2808=EDGE_LOOP('',(#1019,#1020,#1021,#1022));
#2809=EDGE_LOOP('',(#1023,#1024,#1025,#1026));
#2810=EDGE_LOOP('',(#1027,#1028,#1029,#1030));
#2811=EDGE_LOOP('',(#1031,#1032,#1033,#1034));
#2812=EDGE_LOOP('',(#1035,#1036,#1037,#1038));
#2813=EDGE_LOOP('',(#1039,#1040,#1041,#1042));
#2814=EDGE_LOOP('',(#1043,#1044,#1045,#1046));
#2815=EDGE_LOOP('',(#1047,#1048,#1049,#1050));
#2816=EDGE_LOOP('',(#1051,#1052,#1053,#1054));
#2817=EDGE_LOOP('',(#1055,#1056,#1057,#1058));
#2818=EDGE_LOOP('',(#1059,#1060,#1061,#1062));
#2819=EDGE_LOOP('',(#1063));
#2820=EDGE_LOOP('',(#1064,#1065,#1066,#1067));
#2821=EDGE_LOOP('',(#1068,#1069,#1070,#1071));
#2822=EDGE_LOOP('',(#1072,#1073,#1074,#1075));
#2823=EDGE_LOOP('',(#1076,#1077,#1078,#1079,#1080,#1081,#1082,#1083,#1084,
#1085,#1086,#1087,#1088,#1089,#1090,#1091,#1092,#1093,#1094,#1095,#1096,
#1097,#1098,#1099,#1100,#1101,#1102,#1103));
#2824=EDGE_LOOP('',(#1104,#1105,#1106,#1107));
#2825=EDGE_LOOP('',(#1108,#1109,#1110,#1111));
#2826=EDGE_LOOP('',(#1112,#1113,#1114,#1115));
#2827=EDGE_LOOP('',(#1116,#1117,#1118,#1119));
#2828=EDGE_LOOP('',(#1120,#1121,#1122,#1123));
#2829=EDGE_LOOP('',(#1124,#1125,#1126,#1127));
#2830=EDGE_LOOP('',(#1128));
#2831=EDGE_LOOP('',(#1129,#1130,#1131,#1132,#1133,#1134,#1135,#1136,#1137,
#1138,#1139,#1140));
#2832=EDGE_LOOP('',(#1141,#1142,#1143,#1144));
#2833=EDGE_LOOP('',(#1145,#1146,#1147,#1148));
#2834=EDGE_LOOP('',(#1149,#1150,#1151,#1152));
#2835=EDGE_LOOP('',(#1153,#1154,#1155,#1156));
#2836=EDGE_LOOP('',(#1157,#1158,#1159,#1160));
#2837=EDGE_LOOP('',(#1161,#1162,#1163,#1164,#1165,#1166,#1167,#1168));
#2838=EDGE_LOOP('',(#1169,#1170,#1171,#1172));
#2839=EDGE_LOOP('',(#1173,#1174,#1175,#1176));
#2840=EDGE_LOOP('',(#1177,#1178,#1179,#1180));
#2841=EDGE_LOOP('',(#1181,#1182,#1183,#1184));
#2842=EDGE_LOOP('',(#1185,#1186,#1187,#1188));
#2843=EDGE_LOOP('',(#1189,#1190,#1191,#1192));
#2844=EDGE_LOOP('',(#1193,#1194,#1195,#1196));
#2845=EDGE_LOOP('',(#1197,#1198,#1199,#1200));
#2846=EDGE_LOOP('',(#1201,#1202,#1203,#1204));
#2847=EDGE_LOOP('',(#1205,#1206,#1207,#1208));
#2848=EDGE_LOOP('',(#1209));
#2849=EDGE_LOOP('',(#1210,#1211,#1212,#1213,#1214,#1215));
#2850=EDGE_LOOP('',(#1216,#1217,#1218,#1219,#1220,#1221));
#2851=EDGE_LOOP('',(#1222,#1223,#1224,#1225,#1226,#1227));
#2852=EDGE_LOOP('',(#1228,#1229,#1230,#1231));
#2853=EDGE_LOOP('',(#1232,#1233,#1234,#1235));
#2854=EDGE_LOOP('',(#1236,#1237,#1238,#1239));
#2855=EDGE_LOOP('',(#1240,#1241,#1242,#1243));
#2856=EDGE_LOOP('',(#1244,#1245,#1246,#1247));
#2857=EDGE_LOOP('',(#1248,#1249,#1250,#1251));
#2858=EDGE_LOOP('',(#1252,#1253,#1254,#1255));
#2859=EDGE_LOOP('',(#1256,#1257,#1258,#1259));
#2860=EDGE_LOOP('',(#1260,#1261,#1262,#1263));
#2861=EDGE_LOOP('',(#1264,#1265,#1266,#1267,#1268,#1269,#1270,#1271));
#2862=EDGE_LOOP('',(#1272,#1273,#1274,#1275));
#2863=EDGE_LOOP('',(#1276,#1277,#1278,#1279,#1280,#1281));
#2864=EDGE_LOOP('',(#1282,#1283,#1284,#1285));
#2865=EDGE_LOOP('',(#1286));
#2866=EDGE_LOOP('',(#1287));
#2867=EDGE_LOOP('',(#1288));
#2868=EDGE_LOOP('',(#1289));
#2869=EDGE_LOOP('',(#1290));
#2870=EDGE_LOOP('',(#1291));
#2871=EDGE_LOOP('',(#1292,#1293,#1294,#1295));
#2872=EDGE_LOOP('',(#1296,#1297,#1298,#1299));
#2873=EDGE_LOOP('',(#1300,#1301,#1302,#1303));
#2874=EDGE_LOOP('',(#1304,#1305,#1306,#1307));
#2875=EDGE_LOOP('',(#1308,#1309,#1310,#1311));
#2876=EDGE_LOOP('',(#1312,#1313,#1314,#1315));
#2877=EDGE_LOOP('',(#1316,#1317,#1318,#1319));
#2878=EDGE_LOOP('',(#1320,#1321,#1322,#1323));
#2879=EDGE_LOOP('',(#1324,#1325,#1326,#1327));
#2880=EDGE_LOOP('',(#1328,#1329,#1330,#1331));
#2881=EDGE_LOOP('',(#1332,#1333,#1334,#1335));
#2882=EDGE_LOOP('',(#1336,#1337,#1338,#1339));
#2883=EDGE_LOOP('',(#1340,#1341,#1342,#1343));
#2884=EDGE_LOOP('',(#1344,#1345,#1346,#1347));
#2885=EDGE_LOOP('',(#1348,#1349,#1350,#1351));
#2886=EDGE_LOOP('',(#1352,#1353,#1354,#1355));
#2887=EDGE_LOOP('',(#1356,#1357,#1358,#1359));
#2888=EDGE_LOOP('',(#1360,#1361,#1362,#1363));
#2889=EDGE_LOOP('',(#1364,#1365,#1366,#1367));
#2890=EDGE_LOOP('',(#1368,#1369,#1370,#1371));
#2891=EDGE_LOOP('',(#1372,#1373,#1374,#1375));
#2892=EDGE_LOOP('',(#1376,#1377,#1378,#1379));
#2893=EDGE_LOOP('',(#1380,#1381,#1382,#1383));
#2894=EDGE_LOOP('',(#1384,#1385,#1386,#1387));
#2895=EDGE_LOOP('',(#1388,#1389,#1390,#1391));
#2896=EDGE_LOOP('',(#1392,#1393,#1394,#1395));
#2897=EDGE_LOOP('',(#1396,#1397,#1398,#1399));
#2898=EDGE_LOOP('',(#1400,#1401,#1402,#1403));
#2899=EDGE_LOOP('',(#1404,#1405,#1406,#1407));
#2900=EDGE_LOOP('',(#1408,#1409,#1410,#1411));
#2901=EDGE_LOOP('',(#1412,#1413,#1414,#1415));
#2902=EDGE_LOOP('',(#1416,#1417,#1418,#1419));
#2903=EDGE_LOOP('',(#1420,#1421,#1422,#1423));
#2904=EDGE_LOOP('',(#1424,#1425,#1426,#1427));
#2905=EDGE_LOOP('',(#1428,#1429,#1430,#1431));
#2906=EDGE_LOOP('',(#1432,#1433,#1434,#1435));
#2907=EDGE_LOOP('',(#1436,#1437,#1438,#1439));
#2908=EDGE_LOOP('',(#1440,#1441,#1442,#1443));
#2909=EDGE_LOOP('',(#1444,#1445,#1446,#1447));
#2910=EDGE_LOOP('',(#1448,#1449,#1450,#1451));
#2911=EDGE_LOOP('',(#1452,#1453,#1454,#1455));
#2912=EDGE_LOOP('',(#1456,#1457,#1458,#1459));
#2913=EDGE_LOOP('',(#1460,#1461,#1462,#1463));
#2914=EDGE_LOOP('',(#1464,#1465,#1466,#1467));
#2915=EDGE_LOOP('',(#1468,#1469,#1470,#1471));
#2916=EDGE_LOOP('',(#1472,#1473,#1474,#1475));
#2917=EDGE_LOOP('',(#1476,#1477,#1478,#1479));
#2918=EDGE_LOOP('',(#1480,#1481,#1482,#1483));
#2919=EDGE_LOOP('',(#1484,#1485,#1486,#1487));
#2920=EDGE_LOOP('',(#1488,#1489,#1490,#1491));
#2921=EDGE_LOOP('',(#1492,#1493,#1494,#1495));
#2922=EDGE_LOOP('',(#1496,#1497,#1498,#1499));
#2923=EDGE_LOOP('',(#1500,#1501,#1502,#1503));
#2924=EDGE_LOOP('',(#1504,#1505,#1506,#1507));
#2925=EDGE_LOOP('',(#1508,#1509,#1510,#1511));
#2926=EDGE_LOOP('',(#1512,#1513,#1514,#1515));
#2927=EDGE_LOOP('',(#1516,#1517,#1518,#1519));
#2928=EDGE_LOOP('',(#1520,#1521,#1522,#1523));
#2929=EDGE_LOOP('',(#1524,#1525,#1526,#1527));
#2930=EDGE_LOOP('',(#1528,#1529,#1530,#1531));
#2931=EDGE_LOOP('',(#1532,#1533,#1534,#1535));
#2932=EDGE_LOOP('',(#1536,#1537,#1538,#1539));
#2933=EDGE_LOOP('',(#1540,#1541,#1542,#1543));
#2934=EDGE_LOOP('',(#1544,#1545,#1546,#1547));
#2935=EDGE_LOOP('',(#1548));
#2936=EDGE_LOOP('',(#1549,#1550,#1551,#1552,#1553,#1554));
#2937=EDGE_LOOP('',(#1555,#1556,#1557,#1558));
#2938=EDGE_LOOP('',(#1559,#1560,#1561,#1562));
#2939=EDGE_LOOP('',(#1563,#1564,#1565,#1566));
#2940=EDGE_LOOP('',(#1567,#1568,#1569,#1570));
#2941=EDGE_LOOP('',(#1571,#1572,#1573,#1574));
#2942=EDGE_LOOP('',(#1575,#1576,#1577,#1578));
#2943=EDGE_LOOP('',(#1579,#1580,#1581,#1582));
#2944=EDGE_LOOP('',(#1583));
#2945=EDGE_LOOP('',(#1584,#1585,#1586,#1587,#1588,#1589));
#2946=EDGE_LOOP('',(#1590,#1591,#1592,#1593));
#2947=EDGE_LOOP('',(#1594,#1595,#1596,#1597));
#2948=EDGE_LOOP('',(#1598));
#2949=EDGE_LOOP('',(#1599,#1600,#1601,#1602,#1603,#1604));
#2950=EDGE_LOOP('',(#1605,#1606,#1607,#1608));
#2951=EDGE_LOOP('',(#1609,#1610,#1611,#1612));
#2952=EDGE_LOOP('',(#1613,#1614,#1615,#1616));
#2953=EDGE_LOOP('',(#1617,#1618,#1619,#1620));
#2954=EDGE_LOOP('',(#1621,#1622,#1623,#1624));
#2955=EDGE_LOOP('',(#1625));
#2956=EDGE_LOOP('',(#1626,#1627,#1628,#1629,#1630,#1631));
#2957=EDGE_LOOP('',(#1632,#1633,#1634,#1635));
#2958=EDGE_LOOP('',(#1636,#1637,#1638,#1639));
#2959=EDGE_LOOP('',(#1640,#1641,#1642,#1643));
#2960=EDGE_LOOP('',(#1644,#1645,#1646,#1647));
#2961=EDGE_LOOP('',(#1648,#1649,#1650,#1651));
#2962=EDGE_LOOP('',(#1652,#1653,#1654,#1655));
#2963=EDGE_LOOP('',(#1656,#1657,#1658,#1659));
#2964=EDGE_LOOP('',(#1660,#1661,#1662,#1663));
#2965=EDGE_LOOP('',(#1664,#1665,#1666,#1667));
#2966=EDGE_LOOP('',(#1668,#1669,#1670,#1671));
#2967=EDGE_LOOP('',(#1672));
#2968=EDGE_LOOP('',(#1673));
#2969=EDGE_LOOP('',(#1674));
#2970=EDGE_LOOP('',(#1675));
#2971=EDGE_LOOP('',(#1676));
#2972=EDGE_LOOP('',(#1677));
#2973=EDGE_LOOP('',(#1678,#1679,#1680,#1681));
#2974=EDGE_LOOP('',(#1682,#1683,#1684));
#2975=EDGE_LOOP('',(#1685,#1686,#1687,#1688));
#2976=EDGE_LOOP('',(#1689,#1690,#1691));
#2977=EDGE_LOOP('',(#1692,#1693,#1694,#1695));
#2978=EDGE_LOOP('',(#1696,#1697,#1698,#1699));
#2979=EDGE_LOOP('',(#1700,#1701,#1702));
#2980=EDGE_LOOP('',(#1703,#1704,#1705,#1706));
#2981=EDGE_LOOP('',(#1707,#1708,#1709));
#2982=EDGE_LOOP('',(#1710,#1711,#1712,#1713));
#2983=EDGE_LOOP('',(#1714,#1715,#1716,#1717));
#2984=EDGE_LOOP('',(#1718,#1719,#1720));
#2985=EDGE_LOOP('',(#1721,#1722,#1723,#1724));
#2986=EDGE_LOOP('',(#1725,#1726,#1727));
#2987=EDGE_LOOP('',(#1728,#1729,#1730,#1731));
#2988=EDGE_LOOP('',(#1732,#1733,#1734,#1735));
#2989=EDGE_LOOP('',(#1736,#1737,#1738));
#2990=EDGE_LOOP('',(#1739,#1740,#1741,#1742));
#2991=EDGE_LOOP('',(#1743,#1744,#1745));
#2992=EDGE_LOOP('',(#1746,#1747,#1748,#1749));
#2993=EDGE_LOOP('',(#1750,#1751,#1752,#1753));
#2994=EDGE_LOOP('',(#1754,#1755,#1756,#1757));
#2995=EDGE_LOOP('',(#1758,#1759,#1760,#1761));
#2996=EDGE_LOOP('',(#1762,#1763,#1764,#1765));
#2997=EDGE_LOOP('',(#1766));
#2998=EDGE_LOOP('',(#1767));
#2999=EDGE_LOOP('',(#1768));
#3000=EDGE_LOOP('',(#1769));
#3001=EDGE_LOOP('',(#1770));
#3002=EDGE_LOOP('',(#1771,#1772,#1773,#1774));
#3003=EDGE_LOOP('',(#1775,#1776,#1777,#1778));
#3004=EDGE_LOOP('',(#1779,#1780,#1781,#1782));
#3005=EDGE_LOOP('',(#1783,#1784,#1785,#1786));
#3006=EDGE_LOOP('',(#1787,#1788,#1789,#1790));
#3007=EDGE_LOOP('',(#1791,#1792,#1793,#1794));
#3008=EDGE_LOOP('',(#1795,#1796,#1797,#1798));
#3009=EDGE_LOOP('',(#1799,#1800,#1801,#1802));
#3010=EDGE_LOOP('',(#1803,#1804,#1805,#1806));
#3011=EDGE_LOOP('',(#1807,#1808,#1809,#1810));
#3012=EDGE_LOOP('',(#1811,#1812,#1813,#1814));
#3013=EDGE_LOOP('',(#1815,#1816,#1817,#1818));
#3014=EDGE_LOOP('',(#1819,#1820,#1821,#1822));
#3015=FACE_BOUND('',#2767,.T.);
#3016=FACE_BOUND('',#2768,.T.);
#3017=FACE_BOUND('',#2769,.T.);
#3018=FACE_BOUND('',#2770,.T.);
#3019=FACE_BOUND('',#2771,.T.);
#3020=FACE_BOUND('',#2772,.T.);
#3021=FACE_BOUND('',#2773,.T.);
#3022=FACE_BOUND('',#2774,.T.);
#3023=FACE_BOUND('',#2775,.T.);
#3024=FACE_BOUND('',#2776,.T.);
#3025=FACE_BOUND('',#2777,.T.);
#3026=FACE_BOUND('',#2778,.T.);
#3027=FACE_BOUND('',#2779,.T.);
#3028=FACE_BOUND('',#2780,.T.);
#3029=FACE_BOUND('',#2781,.T.);
#3030=FACE_BOUND('',#2782,.T.);
#3031=FACE_BOUND('',#2783,.T.);
#3032=FACE_BOUND('',#2784,.T.);
#3033=FACE_BOUND('',#2785,.T.);
#3034=FACE_BOUND('',#2786,.T.);
#3035=FACE_BOUND('',#2787,.T.);
#3036=FACE_BOUND('',#2788,.T.);
#3037=FACE_BOUND('',#2789,.T.);
#3038=FACE_BOUND('',#2790,.T.);
#3039=FACE_BOUND('',#2791,.T.);
#3040=FACE_BOUND('',#2792,.T.);
#3041=FACE_BOUND('',#2793,.T.);
#3042=FACE_BOUND('',#2794,.T.);
#3043=FACE_BOUND('',#2795,.T.);
#3044=FACE_BOUND('',#2796,.T.);
#3045=FACE_BOUND('',#2797,.T.);
#3046=FACE_BOUND('',#2798,.T.);
#3047=FACE_BOUND('',#2799,.T.);
#3048=FACE_BOUND('',#2800,.T.);
#3049=FACE_BOUND('',#2801,.T.);
#3050=FACE_BOUND('',#2802,.T.);
#3051=FACE_BOUND('',#2803,.T.);
#3052=FACE_BOUND('',#2804,.T.);
#3053=FACE_BOUND('',#2805,.T.);
#3054=FACE_BOUND('',#2806,.T.);
#3055=FACE_BOUND('',#2807,.T.);
#3056=FACE_BOUND('',#2808,.T.);
#3057=FACE_BOUND('',#2809,.T.);
#3058=FACE_BOUND('',#2810,.T.);
#3059=FACE_BOUND('',#2811,.T.);
#3060=FACE_BOUND('',#2812,.T.);
#3061=FACE_BOUND('',#2813,.T.);
#3062=FACE_BOUND('',#2814,.T.);
#3063=FACE_BOUND('',#2815,.T.);
#3064=FACE_BOUND('',#2816,.T.);
#3065=FACE_BOUND('',#2817,.T.);
#3066=FACE_BOUND('',#2818,.T.);
#3067=FACE_BOUND('',#2819,.T.);
#3068=FACE_BOUND('',#2820,.T.);
#3069=FACE_BOUND('',#2821,.T.);
#3070=FACE_BOUND('',#2822,.T.);
#3071=FACE_BOUND('',#2823,.T.);
#3072=FACE_BOUND('',#2824,.T.);
#3073=FACE_BOUND('',#2825,.T.);
#3074=FACE_BOUND('',#2826,.T.);
#3075=FACE_BOUND('',#2827,.T.);
#3076=FACE_BOUND('',#2828,.T.);
#3077=FACE_BOUND('',#2829,.T.);
#3078=FACE_BOUND('',#2830,.T.);
#3079=FACE_BOUND('',#2831,.T.);
#3080=FACE_BOUND('',#2832,.T.);
#3081=FACE_BOUND('',#2833,.T.);
#3082=FACE_BOUND('',#2834,.T.);
#3083=FACE_BOUND('',#2835,.T.);
#3084=FACE_BOUND('',#2836,.T.);
#3085=FACE_BOUND('',#2837,.T.);
#3086=FACE_BOUND('',#2838,.T.);
#3087=FACE_BOUND('',#2839,.T.);
#3088=FACE_BOUND('',#2840,.T.);
#3089=FACE_BOUND('',#2841,.T.);
#3090=FACE_BOUND('',#2842,.T.);
#3091=FACE_BOUND('',#2843,.T.);
#3092=FACE_BOUND('',#2844,.T.);
#3093=FACE_BOUND('',#2845,.T.);
#3094=FACE_BOUND('',#2846,.T.);
#3095=FACE_BOUND('',#2847,.T.);
#3096=FACE_BOUND('',#2848,.T.);
#3097=FACE_BOUND('',#2849,.T.);
#3098=FACE_BOUND('',#2850,.T.);
#3099=FACE_BOUND('',#2851,.T.);
#3100=FACE_BOUND('',#2852,.T.);
#3101=FACE_BOUND('',#2853,.T.);
#3102=FACE_BOUND('',#2854,.T.);
#3103=FACE_BOUND('',#2855,.T.);
#3104=FACE_BOUND('',#2856,.T.);
#3105=FACE_BOUND('',#2857,.T.);
#3106=FACE_BOUND('',#2858,.T.);
#3107=FACE_BOUND('',#2859,.T.);
#3108=FACE_BOUND('',#2860,.T.);
#3109=FACE_BOUND('',#2861,.T.);
#3110=FACE_BOUND('',#2862,.T.);
#3111=FACE_BOUND('',#2863,.T.);
#3112=FACE_BOUND('',#2864,.T.);
#3113=FACE_BOUND('',#2865,.T.);
#3114=FACE_BOUND('',#2866,.T.);
#3115=FACE_BOUND('',#2867,.T.);
#3116=FACE_BOUND('',#2868,.T.);
#3117=FACE_BOUND('',#2869,.T.);
#3118=FACE_BOUND('',#2870,.T.);
#3119=FACE_BOUND('',#2871,.T.);
#3120=FACE_BOUND('',#2872,.T.);
#3121=FACE_BOUND('',#2873,.T.);
#3122=FACE_BOUND('',#2874,.T.);
#3123=FACE_BOUND('',#2875,.T.);
#3124=FACE_BOUND('',#2876,.T.);
#3125=FACE_BOUND('',#2877,.T.);
#3126=FACE_BOUND('',#2878,.T.);
#3127=FACE_BOUND('',#2879,.T.);
#3128=FACE_BOUND('',#2880,.T.);
#3129=FACE_BOUND('',#2881,.T.);
#3130=FACE_BOUND('',#2882,.T.);
#3131=FACE_BOUND('',#2883,.T.);
#3132=FACE_BOUND('',#2884,.T.);
#3133=FACE_BOUND('',#2885,.T.);
#3134=FACE_BOUND('',#2886,.T.);
#3135=FACE_BOUND('',#2887,.T.);
#3136=FACE_BOUND('',#2888,.T.);
#3137=FACE_BOUND('',#2889,.T.);
#3138=FACE_BOUND('',#2890,.T.);
#3139=FACE_BOUND('',#2891,.T.);
#3140=FACE_BOUND('',#2892,.T.);
#3141=FACE_BOUND('',#2893,.T.);
#3142=FACE_BOUND('',#2894,.T.);
#3143=FACE_BOUND('',#2895,.T.);
#3144=FACE_BOUND('',#2896,.T.);
#3145=FACE_BOUND('',#2897,.T.);
#3146=FACE_BOUND('',#2898,.T.);
#3147=FACE_BOUND('',#2899,.T.);
#3148=FACE_BOUND('',#2900,.T.);
#3149=FACE_BOUND('',#2901,.T.);
#3150=FACE_BOUND('',#2902,.T.);
#3151=FACE_BOUND('',#2903,.T.);
#3152=FACE_BOUND('',#2904,.T.);
#3153=FACE_BOUND('',#2905,.T.);
#3154=FACE_BOUND('',#2906,.T.);
#3155=FACE_BOUND('',#2907,.T.);
#3156=FACE_BOUND('',#2908,.T.);
#3157=FACE_BOUND('',#2909,.T.);
#3158=FACE_BOUND('',#2910,.T.);
#3159=FACE_BOUND('',#2911,.T.);
#3160=FACE_BOUND('',#2912,.T.);
#3161=FACE_BOUND('',#2913,.T.);
#3162=FACE_BOUND('',#2914,.T.);
#3163=FACE_BOUND('',#2915,.T.);
#3164=FACE_BOUND('',#2916,.T.);
#3165=FACE_BOUND('',#2917,.T.);
#3166=FACE_BOUND('',#2918,.T.);
#3167=FACE_BOUND('',#2919,.T.);
#3168=FACE_BOUND('',#2920,.T.);
#3169=FACE_BOUND('',#2921,.T.);
#3170=FACE_BOUND('',#2922,.T.);
#3171=FACE_BOUND('',#2923,.T.);
#3172=FACE_BOUND('',#2924,.T.);
#3173=FACE_BOUND('',#2925,.T.);
#3174=FACE_BOUND('',#2926,.T.);
#3175=FACE_BOUND('',#2927,.T.);
#3176=FACE_BOUND('',#2928,.T.);
#3177=FACE_BOUND('',#2929,.T.);
#3178=FACE_BOUND('',#2930,.T.);
#3179=FACE_BOUND('',#2931,.T.);
#3180=FACE_BOUND('',#2932,.T.);
#3181=FACE_BOUND('',#2933,.T.);
#3182=FACE_BOUND('',#2934,.T.);
#3183=FACE_BOUND('',#2935,.T.);
#3184=FACE_BOUND('',#2936,.T.);
#3185=FACE_BOUND('',#2937,.T.);
#3186=FACE_BOUND('',#2938,.T.);
#3187=FACE_BOUND('',#2939,.T.);
#3188=FACE_BOUND('',#2940,.T.);
#3189=FACE_BOUND('',#2941,.T.);
#3190=FACE_BOUND('',#2942,.T.);
#3191=FACE_BOUND('',#2943,.T.);
#3192=FACE_BOUND('',#2944,.T.);
#3193=FACE_BOUND('',#2945,.T.);
#3194=FACE_BOUND('',#2946,.T.);
#3195=FACE_BOUND('',#2947,.T.);
#3196=FACE_BOUND('',#2948,.T.);
#3197=FACE_BOUND('',#2949,.T.);
#3198=FACE_BOUND('',#2950,.T.);
#3199=FACE_BOUND('',#2951,.T.);
#3200=FACE_BOUND('',#2952,.T.);
#3201=FACE_BOUND('',#2953,.T.);
#3202=FACE_BOUND('',#2954,.T.);
#3203=FACE_BOUND('',#2955,.T.);
#3204=FACE_BOUND('',#2956,.T.);
#3205=FACE_BOUND('',#2957,.T.);
#3206=FACE_BOUND('',#2958,.T.);
#3207=FACE_BOUND('',#2959,.T.);
#3208=FACE_BOUND('',#2960,.T.);
#3209=FACE_BOUND('',#2961,.T.);
#3210=FACE_BOUND('',#2962,.T.);
#3211=FACE_BOUND('',#2963,.T.);
#3212=FACE_BOUND('',#2964,.T.);
#3213=FACE_BOUND('',#2965,.T.);
#3214=FACE_BOUND('',#2966,.T.);
#3215=FACE_BOUND('',#2967,.T.);
#3216=FACE_BOUND('',#2968,.T.);
#3217=FACE_BOUND('',#2969,.T.);
#3218=FACE_BOUND('',#2970,.T.);
#3219=FACE_BOUND('',#2971,.T.);
#3220=FACE_BOUND('',#2972,.T.);
#3221=FACE_BOUND('',#2973,.T.);
#3222=FACE_BOUND('',#2974,.T.);
#3223=FACE_BOUND('',#2975,.T.);
#3224=FACE_BOUND('',#2976,.T.);
#3225=FACE_BOUND('',#2977,.T.);
#3226=FACE_BOUND('',#2978,.T.);
#3227=FACE_BOUND('',#2979,.T.);
#3228=FACE_BOUND('',#2980,.T.);
#3229=FACE_BOUND('',#2981,.T.);
#3230=FACE_BOUND('',#2982,.T.);
#3231=FACE_BOUND('',#2983,.T.);
#3232=FACE_BOUND('',#2984,.T.);
#3233=FACE_BOUND('',#2985,.T.);
#3234=FACE_BOUND('',#2986,.T.);
#3235=FACE_BOUND('',#2987,.T.);
#3236=FACE_BOUND('',#2988,.T.);
#3237=FACE_BOUND('',#2989,.T.);
#3238=FACE_BOUND('',#2990,.T.);
#3239=FACE_BOUND('',#2991,.T.);
#3240=FACE_BOUND('',#2992,.T.);
#3241=FACE_BOUND('',#2993,.T.);
#3242=FACE_BOUND('',#2994,.T.);
#3243=FACE_BOUND('',#2995,.T.);
#3244=FACE_BOUND('',#2996,.T.);
#3245=FACE_BOUND('',#2997,.T.);
#3246=FACE_BOUND('',#2998,.T.);
#3247=FACE_BOUND('',#2999,.T.);
#3248=FACE_BOUND('',#3000,.T.);
#3249=FACE_BOUND('',#3001,.T.);
#3250=FACE_BOUND('',#3002,.T.);
#3251=FACE_BOUND('',#3003,.T.);
#3252=FACE_BOUND('',#3004,.T.);
#3253=FACE_BOUND('',#3005,.T.);
#3254=FACE_BOUND('',#3006,.T.);
#3255=FACE_BOUND('',#3007,.T.);
#3256=FACE_BOUND('',#3008,.T.);
#3257=FACE_BOUND('',#3009,.T.);
#3258=FACE_BOUND('',#3010,.T.);
#3259=FACE_BOUND('',#3011,.T.);
#3260=FACE_BOUND('',#3012,.T.);
#3261=FACE_BOUND('',#3013,.T.);
#3262=FACE_BOUND('',#3014,.T.);
#3263=CYLINDRICAL_SURFACE('',#4038,0.5);
#3264=CYLINDRICAL_SURFACE('',#4041,0.5);
#3265=CYLINDRICAL_SURFACE('',#4042,0.5);
#3266=CYLINDRICAL_SURFACE('',#4045,0.5);
#3267=CYLINDRICAL_SURFACE('',#4046,0.5);
#3268=CYLINDRICAL_SURFACE('',#4049,0.5);
#3269=CYLINDRICAL_SURFACE('',#4050,0.5);
#3270=CYLINDRICAL_SURFACE('',#4053,0.5);
#3271=CYLINDRICAL_SURFACE('',#4054,0.5);
#3272=CYLINDRICAL_SURFACE('',#4057,0.5);
#3273=CYLINDRICAL_SURFACE('',#4058,0.5);
#3274=CYLINDRICAL_SURFACE('',#4061,0.5);
#3275=CYLINDRICAL_SURFACE('',#4062,0.5);
#3276=CYLINDRICAL_SURFACE('',#4065,0.5);
#3277=CYLINDRICAL_SURFACE('',#4066,0.5);
#3278=CYLINDRICAL_SURFACE('',#4069,0.5);
#3279=CYLINDRICAL_SURFACE('',#4070,0.5);
#3280=CYLINDRICAL_SURFACE('',#4073,0.5);
#3281=CYLINDRICAL_SURFACE('',#4074,0.5);
#3282=CYLINDRICAL_SURFACE('',#4077,0.5);
#3283=CYLINDRICAL_SURFACE('',#4078,0.5);
#3284=CYLINDRICAL_SURFACE('',#4081,0.5);
#3285=CYLINDRICAL_SURFACE('',#4082,0.5);
#3286=CYLINDRICAL_SURFACE('',#4085,0.5);
#3287=CYLINDRICAL_SURFACE('',#4086,0.5);
#3288=CYLINDRICAL_SURFACE('',#4089,0.5);
#3289=CYLINDRICAL_SURFACE('',#4113,2.35);
#3290=CYLINDRICAL_SURFACE('',#4117,2.35);
#3291=CYLINDRICAL_SURFACE('',#4120,4.);
#3292=CYLINDRICAL_SURFACE('',#4122,4.);
#3293=CYLINDRICAL_SURFACE('',#4124,4.);
#3294=CYLINDRICAL_SURFACE('',#4126,4.);
#3295=CYLINDRICAL_SURFACE('',#4211,2.);
#3296=CYLINDRICAL_SURFACE('',#4213,2.);
#3297=CYLINDRICAL_SURFACE('',#4215,2.);
#3298=CYLINDRICAL_SURFACE('',#4217,2.);
#3299=CYLINDRICAL_SURFACE('',#4219,2.);
#3300=CYLINDRICAL_SURFACE('',#4221,2.);
#3301=CYLINDRICAL_SURFACE('',#4223,2.);
#3302=CYLINDRICAL_SURFACE('',#4225,2.);
#3303=CYLINDRICAL_SURFACE('',#4227,2.35);
#3304=CYLINDRICAL_SURFACE('',#4230,2.35);
#3305=CYLINDRICAL_SURFACE('',#4233,2.);
#3306=CYLINDRICAL_SURFACE('',#4237,2.);
#3307=CYLINDRICAL_SURFACE('',#4241,2.);
#3308=CYLINDRICAL_SURFACE('',#4242,2.);
#3309=CYLINDRICAL_SURFACE('',#4246,2.);
#3310=CYLINDRICAL_SURFACE('',#4250,2.);
#3311=CYLINDRICAL_SURFACE('',#4251,2.);
#3312=CYLINDRICAL_SURFACE('',#4255,2.);
#3313=CYLINDRICAL_SURFACE('',#4259,2.);
#3314=CYLINDRICAL_SURFACE('',#4260,2.);
#3315=CYLINDRICAL_SURFACE('',#4264,2.);
#3316=CYLINDRICAL_SURFACE('',#4268,2.);
#3317=OVER_RIDING_STYLED_ITEM('',(#3591),#3389,#3589);
#3318=OVER_RIDING_STYLED_ITEM('',(#3592),#3390,#3589);
#3319=OVER_RIDING_STYLED_ITEM('',(#3593),#3391,#3589);
#3320=OVER_RIDING_STYLED_ITEM('',(#3594),#3392,#3589);
#3321=OVER_RIDING_STYLED_ITEM('',(#3595),#3393,#3589);
#3322=OVER_RIDING_STYLED_ITEM('',(#3596),#3394,#3589);
#3323=OVER_RIDING_STYLED_ITEM('',(#3597),#3395,#3589);
#3324=OVER_RIDING_STYLED_ITEM('',(#3598),#3396,#3589);
#3325=OVER_RIDING_STYLED_ITEM('',(#3599),#3397,#3589);
#3326=OVER_RIDING_STYLED_ITEM('',(#3600),#3398,#3589);
#3327=OVER_RIDING_STYLED_ITEM('',(#3601),#3399,#3589);
#3328=OVER_RIDING_STYLED_ITEM('',(#3602),#3400,#3589);
#3329=OVER_RIDING_STYLED_ITEM('',(#3603),#3401,#3589);
#3330=OVER_RIDING_STYLED_ITEM('',(#3604),#3402,#3589);
#3331=OVER_RIDING_STYLED_ITEM('',(#3605),#3403,#3589);
#3332=OVER_RIDING_STYLED_ITEM('',(#3606),#3404,#3589);
#3333=OVER_RIDING_STYLED_ITEM('',(#3607),#3405,#3589);
#3334=OVER_RIDING_STYLED_ITEM('',(#3608),#3406,#3589);
#3335=OVER_RIDING_STYLED_ITEM('',(#3609),#3407,#3589);
#3336=OVER_RIDING_STYLED_ITEM('',(#3610),#3408,#3589);
#3337=OVER_RIDING_STYLED_ITEM('',(#3611),#3409,#3589);
#3338=OVER_RIDING_STYLED_ITEM('',(#3612),#3410,#3589);
#3339=OVER_RIDING_STYLED_ITEM('',(#3613),#3411,#3589);
#3340=OVER_RIDING_STYLED_ITEM('',(#3614),#3412,#3589);
#3341=OVER_RIDING_STYLED_ITEM('',(#3615),#3413,#3589);
#3342=OVER_RIDING_STYLED_ITEM('',(#3616),#3414,#3589);
#3343=OVER_RIDING_STYLED_ITEM('',(#3617),#3415,#3589);
#3344=OVER_RIDING_STYLED_ITEM('',(#3618),#3416,#3589);
#3345=OVER_RIDING_STYLED_ITEM('',(#3619),#3417,#3589);
#3346=OVER_RIDING_STYLED_ITEM('',(#3620),#3418,#3589);
#3347=OVER_RIDING_STYLED_ITEM('',(#3621),#3419,#3589);
#3348=OVER_RIDING_STYLED_ITEM('',(#3622),#3420,#3589);
#3349=OVER_RIDING_STYLED_ITEM('',(#3623),#3421,#3589);
#3350=OVER_RIDING_STYLED_ITEM('',(#3624),#3422,#3589);
#3351=OVER_RIDING_STYLED_ITEM('',(#3625),#3423,#3589);
#3352=OVER_RIDING_STYLED_ITEM('',(#3626),#3424,#3589);
#3353=OVER_RIDING_STYLED_ITEM('',(#3627),#3425,#3589);
#3354=OVER_RIDING_STYLED_ITEM('',(#3628),#3426,#3589);
#3355=OVER_RIDING_STYLED_ITEM('',(#3629),#3427,#3589);
#3356=OVER_RIDING_STYLED_ITEM('',(#3630),#3428,#3589);
#3357=OVER_RIDING_STYLED_ITEM('',(#3631),#3429,#3589);
#3358=OVER_RIDING_STYLED_ITEM('',(#3632),#3430,#3589);
#3359=OVER_RIDING_STYLED_ITEM('',(#3633),#3431,#3589);
#3360=OVER_RIDING_STYLED_ITEM('',(#3634),#3432,#3589);
#3361=OVER_RIDING_STYLED_ITEM('',(#3635),#3433,#3589);
#3362=OVER_RIDING_STYLED_ITEM('',(#3636),#3434,#3589);
#3363=OVER_RIDING_STYLED_ITEM('',(#3637),#3435,#3589);
#3364=OVER_RIDING_STYLED_ITEM('',(#3638),#3436,#3589);
#3365=OVER_RIDING_STYLED_ITEM('',(#3639),#3437,#3589);
#3366=OVER_RIDING_STYLED_ITEM('',(#3640),#3438,#3589);
#3367=OVER_RIDING_STYLED_ITEM('',(#3641),#3439,#3589);
#3368=OVER_RIDING_STYLED_ITEM('',(#3642),#3440,#3589);
#3369=OVER_RIDING_STYLED_ITEM('',(#3643),#3441,#3589);
#3370=OVER_RIDING_STYLED_ITEM('',(#3644),#3442,#3589);
#3371=OVER_RIDING_STYLED_ITEM('',(#3645),#3444,#3589);
#3372=OVER_RIDING_STYLED_ITEM('',(#3646),#3445,#3589);
#3373=OVER_RIDING_STYLED_ITEM('',(#3647),#3446,#3589);
#3374=OVER_RIDING_STYLED_ITEM('',(#3648),#3447,#3589);
#3375=OVER_RIDING_STYLED_ITEM('',(#3649),#3574,#3589);
#3376=OVER_RIDING_STYLED_ITEM('',(#3650),#3575,#3589);
#3377=OVER_RIDING_STYLED_ITEM('',(#3651),#3576,#3589);
#3378=OVER_RIDING_STYLED_ITEM('',(#3652),#3577,#3589);
#3379=OVER_RIDING_STYLED_ITEM('',(#3653),#3578,#3589);
#3380=OVER_RIDING_STYLED_ITEM('',(#3654),#3579,#3589);
#3381=OVER_RIDING_STYLED_ITEM('',(#3655),#3580,#3589);
#3382=OVER_RIDING_STYLED_ITEM('',(#3656),#3581,#3589);
#3383=OVER_RIDING_STYLED_ITEM('',(#3657),#3582,#3589);
#3384=OVER_RIDING_STYLED_ITEM('',(#3658),#3583,#3589);
#3385=OVER_RIDING_STYLED_ITEM('',(#3659),#3584,#3589);
#3386=OVER_RIDING_STYLED_ITEM('',(#3660),#3585,#3589);
#3387=OVER_RIDING_STYLED_ITEM('',(#3661),#3586,#3589);
#3388=OVER_RIDING_STYLED_ITEM('',(#3662),#3587,#3589);
#3389=ADVANCED_FACE('Face appearance 3',(#3015),#3263,.T.);
#3390=ADVANCED_FACE('Face appearance 3',(#3016),#100,.F.);
#3391=ADVANCED_FACE('Face appearance 3',(#3017),#101,.T.);
#3392=ADVANCED_FACE('Face appearance 3',(#3018),#3264,.T.);
#3393=ADVANCED_FACE('Face appearance 2',(#3019),#3265,.T.);
#3394=ADVANCED_FACE('Face appearance 2',(#3020),#102,.F.);
#3395=ADVANCED_FACE('Face appearance 2',(#3021),#103,.T.);
#3396=ADVANCED_FACE('Face appearance 2',(#3022),#3266,.T.);
#3397=ADVANCED_FACE('Face appearance 5',(#3023),#3267,.T.);
#3398=ADVANCED_FACE('Face appearance 5',(#3024),#104,.F.);
#3399=ADVANCED_FACE('Face appearance 5',(#3025),#105,.T.);
#3400=ADVANCED_FACE('Face appearance 5',(#3026),#3268,.T.);
#3401=ADVANCED_FACE('Face appearance 2',(#3027),#3269,.T.);
#3402=ADVANCED_FACE('Face appearance 2',(#3028),#106,.F.);
#3403=ADVANCED_FACE('Face appearance 2',(#3029),#107,.T.);
#3404=ADVANCED_FACE('Face appearance 2',(#3030),#3270,.T.);
#3405=ADVANCED_FACE('Face appearance 4',(#3031),#3271,.T.);
#3406=ADVANCED_FACE('Face appearance 4',(#3032),#108,.F.);
#3407=ADVANCED_FACE('Face appearance 4',(#3033),#109,.T.);
#3408=ADVANCED_FACE('Face appearance 4',(#3034),#3272,.T.);
#3409=ADVANCED_FACE('Face appearance 2',(#3035),#3273,.T.);
#3410=ADVANCED_FACE('Face appearance 2',(#3036),#110,.F.);
#3411=ADVANCED_FACE('Face appearance 2',(#3037),#111,.T.);
#3412=ADVANCED_FACE('Face appearance 2',(#3038),#3274,.T.);
#3413=ADVANCED_FACE('Face appearance 3',(#3039),#3275,.T.);
#3414=ADVANCED_FACE('Face appearance 3',(#3040),#112,.F.);
#3415=ADVANCED_FACE('Face appearance 3',(#3041),#113,.T.);
#3416=ADVANCED_FACE('Face appearance 3',(#3042),#3276,.T.);
#3417=ADVANCED_FACE('Face appearance 3',(#3043),#3277,.T.);
#3418=ADVANCED_FACE('Face appearance 3',(#3044),#114,.F.);
#3419=ADVANCED_FACE('Face appearance 3',(#3045),#115,.T.);
#3420=ADVANCED_FACE('Face appearance 3',(#3046),#3278,.T.);
#3421=ADVANCED_FACE('Face appearance 2',(#3047),#3279,.T.);
#3422=ADVANCED_FACE('Face appearance 2',(#3048),#116,.F.);
#3423=ADVANCED_FACE('Face appearance 2',(#3049),#117,.T.);
#3424=ADVANCED_FACE('Face appearance 2',(#3050),#3280,.T.);
#3425=ADVANCED_FACE('Face appearance 4',(#3051),#3281,.T.);
#3426=ADVANCED_FACE('Face appearance 4',(#3052),#118,.F.);
#3427=ADVANCED_FACE('Face appearance 4',(#3053),#119,.T.);
#3428=ADVANCED_FACE('Face appearance 4',(#3054),#3282,.T.);
#3429=ADVANCED_FACE('Face appearance 2',(#3055),#3283,.T.);
#3430=ADVANCED_FACE('Face appearance 2',(#3056),#120,.F.);
#3431=ADVANCED_FACE('Face appearance 2',(#3057),#121,.T.);
#3432=ADVANCED_FACE('Face appearance 2',(#3058),#3284,.T.);
#3433=ADVANCED_FACE('Face appearance 2',(#3059),#3285,.T.);
#3434=ADVANCED_FACE('Face appearance 2',(#3060),#122,.F.);
#3435=ADVANCED_FACE('Face appearance 2',(#3061),#123,.T.);
#3436=ADVANCED_FACE('Face appearance 2',(#3062),#3286,.T.);
#3437=ADVANCED_FACE('Face appearance 5',(#3063),#3287,.T.);
#3438=ADVANCED_FACE('Face appearance 5',(#3064),#124,.F.);
#3439=ADVANCED_FACE('Face appearance 5',(#3065),#125,.T.);
#3440=ADVANCED_FACE('Face appearance 5',(#3066),#3288,.T.);
#3441=ADVANCED_FACE('Face appearance 1',(#3067,#3068,#3069,#3070,#3071,
#3072,#3073,#3074,#3075,#3076),#84,.T.);
#3442=ADVANCED_FACE('Face appearance 1',(#3077),#78,.T.);
#3443=ADVANCED_FACE('',(#3078,#3079),#85,.T.);
#3444=ADVANCED_FACE('Face appearance 1',(#3080),#79,.T.);
#3445=ADVANCED_FACE('Face appearance 1',(#3081),#80,.T.);
#3446=ADVANCED_FACE('Face appearance 1',(#3082),#81,.T.);
#3447=ADVANCED_FACE('Face appearance 1',(#3083),#82,.T.);
#3448=ADVANCED_FACE('',(#3084,#3085,#3086,#3087,#3088,#3089,#3090,#3091,
#3092,#3093,#3094,#3095,#3096),#126,.T.);
#3449=ADVANCED_FACE('',(#3097,#3098,#3099,#3100,#3101,#3102,#3103,#3104,
#3105,#3106,#3107,#3108,#3109,#3110,#3111,#3112),#127,.F.);
#3450=ADVANCED_FACE('',(#3113),#128,.T.);
#3451=ADVANCED_FACE('',(#3114,#3115),#3289,.F.);
#3452=ADVANCED_FACE('',(#3116),#129,.T.);
#3453=ADVANCED_FACE('',(#3117,#3118),#3290,.F.);
#3454=ADVANCED_FACE('',(#3119,#3120),#130,.T.);
#3455=ADVANCED_FACE('',(#3121),#3291,.T.);
#3456=ADVANCED_FACE('',(#3122),#131,.F.);
#3457=ADVANCED_FACE('',(#3123),#3292,.T.);
#3458=ADVANCED_FACE('',(#3124),#132,.F.);
#3459=ADVANCED_FACE('',(#3125),#3293,.T.);
#3460=ADVANCED_FACE('',(#3126),#133,.T.);
#3461=ADVANCED_FACE('',(#3127),#3294,.T.);
#3462=ADVANCED_FACE('',(#3128),#134,.T.);
#3463=ADVANCED_FACE('',(#3129),#135,.F.);
#3464=ADVANCED_FACE('',(#3130),#136,.F.);
#3465=ADVANCED_FACE('',(#3131),#137,.T.);
#3466=ADVANCED_FACE('',(#3132),#138,.F.);
#3467=ADVANCED_FACE('',(#3133),#139,.F.);
#3468=ADVANCED_FACE('',(#3134),#140,.T.);
#3469=ADVANCED_FACE('',(#3135),#141,.F.);
#3470=ADVANCED_FACE('',(#3136),#142,.F.);
#3471=ADVANCED_FACE('',(#3137),#143,.T.);
#3472=ADVANCED_FACE('',(#3138),#144,.F.);
#3473=ADVANCED_FACE('',(#3139),#145,.F.);
#3474=ADVANCED_FACE('',(#3140),#146,.T.);
#3475=ADVANCED_FACE('',(#3141),#147,.F.);
#3476=ADVANCED_FACE('',(#3142),#148,.F.);
#3477=ADVANCED_FACE('',(#3143),#149,.T.);
#3478=ADVANCED_FACE('',(#3144),#150,.F.);
#3479=ADVANCED_FACE('',(#3145),#151,.F.);
#3480=ADVANCED_FACE('',(#3146),#152,.T.);
#3481=ADVANCED_FACE('',(#3147),#153,.F.);
#3482=ADVANCED_FACE('',(#3148),#154,.F.);
#3483=ADVANCED_FACE('',(#3149),#155,.T.);
#3484=ADVANCED_FACE('',(#3150),#156,.F.);
#3485=ADVANCED_FACE('',(#3151),#157,.F.);
#3486=ADVANCED_FACE('',(#3152),#158,.T.);
#3487=ADVANCED_FACE('',(#3153),#159,.F.);
#3488=ADVANCED_FACE('',(#3154),#160,.F.);
#3489=ADVANCED_FACE('',(#3155),#161,.T.);
#3490=ADVANCED_FACE('',(#3156),#162,.T.);
#3491=ADVANCED_FACE('',(#3157),#163,.T.);
#3492=ADVANCED_FACE('',(#3158),#164,.T.);
#3493=ADVANCED_FACE('',(#3159),#165,.T.);
#3494=ADVANCED_FACE('',(#3160),#166,.T.);
#3495=ADVANCED_FACE('',(#3161),#167,.T.);
#3496=ADVANCED_FACE('',(#3162),#168,.T.);
#3497=ADVANCED_FACE('',(#3163),#169,.T.);
#3498=ADVANCED_FACE('',(#3164),#170,.T.);
#3499=ADVANCED_FACE('',(#3165),#171,.F.);
#3500=ADVANCED_FACE('',(#3166),#172,.F.);
#3501=ADVANCED_FACE('',(#3167),#173,.F.);
#3502=ADVANCED_FACE('',(#3168),#174,.F.);
#3503=ADVANCED_FACE('',(#3169),#175,.T.);
#3504=ADVANCED_FACE('',(#3170),#176,.T.);
#3505=ADVANCED_FACE('',(#3171),#177,.T.);
#3506=ADVANCED_FACE('',(#3172),#178,.T.);
#3507=ADVANCED_FACE('',(#3173,#3174),#179,.F.);
#3508=ADVANCED_FACE('',(#3175),#180,.T.);
#3509=ADVANCED_FACE('',(#3176),#181,.T.);
#3510=ADVANCED_FACE('',(#3177),#182,.T.);
#3511=ADVANCED_FACE('',(#3178),#183,.T.);
#3512=ADVANCED_FACE('',(#3179),#184,.T.);
#3513=ADVANCED_FACE('',(#3180),#185,.T.);
#3514=ADVANCED_FACE('',(#3181),#186,.T.);
#3515=ADVANCED_FACE('',(#3182),#187,.T.);
#3516=ADVANCED_FACE('',(#3183,#3184),#188,.F.);
#3517=ADVANCED_FACE('',(#3185),#189,.F.);
#3518=ADVANCED_FACE('',(#3186),#190,.F.);
#3519=ADVANCED_FACE('',(#3187),#191,.F.);
#3520=ADVANCED_FACE('',(#3188),#192,.T.);
#3521=ADVANCED_FACE('',(#3189),#193,.T.);
#3522=ADVANCED_FACE('',(#3190),#194,.T.);
#3523=ADVANCED_FACE('',(#3191),#195,.T.);
#3524=ADVANCED_FACE('',(#3192,#3193),#196,.T.);
#3525=ADVANCED_FACE('',(#3194),#197,.T.);
#3526=ADVANCED_FACE('',(#3195),#198,.T.);
#3527=ADVANCED_FACE('',(#3196,#3197),#199,.T.);
#3528=ADVANCED_FACE('',(#3198),#200,.T.);
#3529=ADVANCED_FACE('',(#3199),#201,.T.);
#3530=ADVANCED_FACE('',(#3200),#202,.T.);
#3531=ADVANCED_FACE('',(#3201),#203,.F.);
#3532=ADVANCED_FACE('',(#3202),#204,.F.);
#3533=ADVANCED_FACE('',(#3203,#3204),#205,.F.);
#3534=ADVANCED_FACE('',(#3205),#206,.F.);
#3535=ADVANCED_FACE('',(#3206),#207,.T.);
#3536=ADVANCED_FACE('',(#3207),#3295,.T.);
#3537=ADVANCED_FACE('',(#3208),#3296,.T.);
#3538=ADVANCED_FACE('',(#3209),#3297,.T.);
#3539=ADVANCED_FACE('',(#3210),#3298,.T.);
#3540=ADVANCED_FACE('',(#3211),#3299,.T.);
#3541=ADVANCED_FACE('',(#3212),#3300,.T.);
#3542=ADVANCED_FACE('',(#3213),#3301,.T.);
#3543=ADVANCED_FACE('',(#3214),#3302,.T.);
#3544=ADVANCED_FACE('',(#3215,#3216),#3303,.F.);
#3545=ADVANCED_FACE('',(#3217),#208,.T.);
#3546=ADVANCED_FACE('',(#3218,#3219),#3304,.F.);
#3547=ADVANCED_FACE('',(#3220),#209,.T.);
#3548=ADVANCED_FACE('',(#3221),#3305,.T.);
#3549=ADVANCED_FACE('',(#3222),#12,.T.);
#3550=ADVANCED_FACE('',(#3223),#3306,.T.);
#3551=ADVANCED_FACE('',(#3224),#13,.T.);
#3552=ADVANCED_FACE('',(#3225),#3307,.T.);
#3553=ADVANCED_FACE('',(#3226),#3308,.T.);
#3554=ADVANCED_FACE('',(#3227),#14,.T.);
#3555=ADVANCED_FACE('',(#3228),#3309,.T.);
#3556=ADVANCED_FACE('',(#3229),#15,.T.);
#3557=ADVANCED_FACE('',(#3230),#3310,.T.);
#3558=ADVANCED_FACE('',(#3231),#3311,.T.);
#3559=ADVANCED_FACE('',(#3232),#16,.T.);
#3560=ADVANCED_FACE('',(#3233),#3312,.T.);
#3561=ADVANCED_FACE('',(#3234),#17,.T.);
#3562=ADVANCED_FACE('',(#3235),#3313,.T.);
#3563=ADVANCED_FACE('',(#3236),#3314,.T.);
#3564=ADVANCED_FACE('',(#3237),#18,.T.);
#3565=ADVANCED_FACE('',(#3238),#3315,.T.);
#3566=ADVANCED_FACE('',(#3239),#19,.T.);
#3567=ADVANCED_FACE('',(#3240),#3316,.T.);
#3568=ADVANCED_FACE('',(#3241),#210,.T.);
#3569=ADVANCED_FACE('',(#3242),#211,.T.);
#3570=ADVANCED_FACE('',(#3243),#212,.T.);
#3571=ADVANCED_FACE('',(#3244),#213,.T.);
#3572=ADVANCED_FACE('',(#3245),#214,.T.);
#3573=ADVANCED_FACE('',(#3246,#3247),#86,.T.);
#3574=ADVANCED_FACE('Face appearance 1',(#3248,#3249),#83,.T.);
#3575=ADVANCED_FACE('Face appearance 5',(#3250),#87,.T.);
#3576=ADVANCED_FACE('Face appearance 2',(#3251),#88,.T.);
#3577=ADVANCED_FACE('Face appearance 2',(#3252),#89,.T.);
#3578=ADVANCED_FACE('Face appearance 4',(#3253),#90,.T.);
#3579=ADVANCED_FACE('Face appearance 2',(#3254),#91,.T.);
#3580=ADVANCED_FACE('Face appearance 3',(#3255),#92,.T.);
#3581=ADVANCED_FACE('Face appearance 3',(#3256),#93,.T.);
#3582=ADVANCED_FACE('Face appearance 2',(#3257),#94,.T.);
#3583=ADVANCED_FACE('Face appearance 4',(#3258),#95,.T.);
#3584=ADVANCED_FACE('Face appearance 2',(#3259),#96,.T.);
#3585=ADVANCED_FACE('Face appearance 5',(#3260),#97,.T.);
#3586=ADVANCED_FACE('Face appearance 2',(#3261),#98,.T.);
#3587=ADVANCED_FACE('Face appearance 3',(#3262),#99,.T.);
#3588=CLOSED_SHELL('',(#3389,#3390,#3391,#3392,#3393,#3394,#3395,#3396,
#3397,#3398,#3399,#3400,#3401,#3402,#3403,#3404,#3405,#3406,#3407,#3408,
#3409,#3410,#3411,#3412,#3413,#3414,#3415,#3416,#3417,#3418,#3419,#3420,
#3421,#3422,#3423,#3424,#3425,#3426,#3427,#3428,#3429,#3430,#3431,#3432,
#3433,#3434,#3435,#3436,#3437,#3438,#3439,#3440,#3441,#3442,#3443,#3444,
#3445,#3446,#3447,#3448,#3449,#3450,#3451,#3452,#3453,#3454,#3455,#3456,
#3457,#3458,#3459,#3460,#3461,#3462,#3463,#3464,#3465,#3466,#3467,#3468,
#3469,#3470,#3471,#3472,#3473,#3474,#3475,#3476,#3477,#3478,#3479,#3480,
#3481,#3482,#3483,#3484,#3485,#3486,#3487,#3488,#3489,#3490,#3491,#3492,
#3493,#3494,#3495,#3496,#3497,#3498,#3499,#3500,#3501,#3502,#3503,#3504,
#3505,#3506,#3507,#3508,#3509,#3510,#3511,#3512,#3513,#3514,#3515,#3516,
#3517,#3518,#3519,#3520,#3521,#3522,#3523,#3524,#3525,#3526,#3527,#3528,
#3529,#3530,#3531,#3532,#3533,#3534,#3535,#3536,#3537,#3538,#3539,#3540,
#3541,#3542,#3543,#3544,#3545,#3546,#3547,#3548,#3549,#3550,#3551,#3552,
#3553,#3554,#3555,#3556,#3557,#3558,#3559,#3560,#3561,#3562,#3563,#3564,
#3565,#3566,#3567,#3568,#3569,#3570,#3571,#3572,#3573,#3574,#3575,#3576,
#3577,#3578,#3579,#3580,#3581,#3582,#3583,#3584,#3585,#3586,#3587));
#3589=STYLED_ITEM('',(#3590),#4034);
#3590=PRESENTATION_STYLE_ASSIGNMENT((#3663));
#3591=PRESENTATION_STYLE_ASSIGNMENT((#3664));
#3592=PRESENTATION_STYLE_ASSIGNMENT((#3665));
#3593=PRESENTATION_STYLE_ASSIGNMENT((#3666));
#3594=PRESENTATION_STYLE_ASSIGNMENT((#3667));
#3595=PRESENTATION_STYLE_ASSIGNMENT((#3668));
#3596=PRESENTATION_STYLE_ASSIGNMENT((#3669));
#3597=PRESENTATION_STYLE_ASSIGNMENT((#3670));
#3598=PRESENTATION_STYLE_ASSIGNMENT((#3671));
#3599=PRESENTATION_STYLE_ASSIGNMENT((#3672));
#3600=PRESENTATION_STYLE_ASSIGNMENT((#3673));
#3601=PRESENTATION_STYLE_ASSIGNMENT((#3674));
#3602=PRESENTATION_STYLE_ASSIGNMENT((#3675));
#3603=PRESENTATION_STYLE_ASSIGNMENT((#3676));
#3604=PRESENTATION_STYLE_ASSIGNMENT((#3677));
#3605=PRESENTATION_STYLE_ASSIGNMENT((#3678));
#3606=PRESENTATION_STYLE_ASSIGNMENT((#3679));
#3607=PRESENTATION_STYLE_ASSIGNMENT((#3680));
#3608=PRESENTATION_STYLE_ASSIGNMENT((#3681));
#3609=PRESENTATION_STYLE_ASSIGNMENT((#3682));
#3610=PRESENTATION_STYLE_ASSIGNMENT((#3683));
#3611=PRESENTATION_STYLE_ASSIGNMENT((#3684));
#3612=PRESENTATION_STYLE_ASSIGNMENT((#3685));
#3613=PRESENTATION_STYLE_ASSIGNMENT((#3686));
#3614=PRESENTATION_STYLE_ASSIGNMENT((#3687));
#3615=PRESENTATION_STYLE_ASSIGNMENT((#3688));
#3616=PRESENTATION_STYLE_ASSIGNMENT((#3689));
#3617=PRESENTATION_STYLE_ASSIGNMENT((#3690));
#3618=PRESENTATION_STYLE_ASSIGNMENT((#3691));
#3619=PRESENTATION_STYLE_ASSIGNMENT((#3692));
#3620=PRESENTATION_STYLE_ASSIGNMENT((#3693));
#3621=PRESENTATION_STYLE_ASSIGNMENT((#3694));
#3622=PRESENTATION_STYLE_ASSIGNMENT((#3695));
#3623=PRESENTATION_STYLE_ASSIGNMENT((#3696));
#3624=PRESENTATION_STYLE_ASSIGNMENT((#3697));
#3625=PRESENTATION_STYLE_ASSIGNMENT((#3698));
#3626=PRESENTATION_STYLE_ASSIGNMENT((#3699));
#3627=PRESENTATION_STYLE_ASSIGNMENT((#3700));
#3628=PRESENTATION_STYLE_ASSIGNMENT((#3701));
#3629=PRESENTATION_STYLE_ASSIGNMENT((#3702));
#3630=PRESENTATION_STYLE_ASSIGNMENT((#3703));
#3631=PRESENTATION_STYLE_ASSIGNMENT((#3704));
#3632=PRESENTATION_STYLE_ASSIGNMENT((#3705));
#3633=PRESENTATION_STYLE_ASSIGNMENT((#3706));
#3634=PRESENTATION_STYLE_ASSIGNMENT((#3707));
#3635=PRESENTATION_STYLE_ASSIGNMENT((#3708));
#3636=PRESENTATION_STYLE_ASSIGNMENT((#3709));
#3637=PRESENTATION_STYLE_ASSIGNMENT((#3710));
#3638=PRESENTATION_STYLE_ASSIGNMENT((#3711));
#3639=PRESENTATION_STYLE_ASSIGNMENT((#3712));
#3640=PRESENTATION_STYLE_ASSIGNMENT((#3713));
#3641=PRESENTATION_STYLE_ASSIGNMENT((#3714));
#3642=PRESENTATION_STYLE_ASSIGNMENT((#3715));
#3643=PRESENTATION_STYLE_ASSIGNMENT((#3716));
#3644=PRESENTATION_STYLE_ASSIGNMENT((#3717));
#3645=PRESENTATION_STYLE_ASSIGNMENT((#3718));
#3646=PRESENTATION_STYLE_ASSIGNMENT((#3719));
#3647=PRESENTATION_STYLE_ASSIGNMENT((#3720));
#3648=PRESENTATION_STYLE_ASSIGNMENT((#3721));
#3649=PRESENTATION_STYLE_ASSIGNMENT((#3722));
#3650=PRESENTATION_STYLE_ASSIGNMENT((#3723));
#3651=PRESENTATION_STYLE_ASSIGNMENT((#3724));
#3652=PRESENTATION_STYLE_ASSIGNMENT((#3725));
#3653=PRESENTATION_STYLE_ASSIGNMENT((#3726));
#3654=PRESENTATION_STYLE_ASSIGNMENT((#3727));
#3655=PRESENTATION_STYLE_ASSIGNMENT((#3728));
#3656=PRESENTATION_STYLE_ASSIGNMENT((#3729));
#3657=PRESENTATION_STYLE_ASSIGNMENT((#3730));
#3658=PRESENTATION_STYLE_ASSIGNMENT((#3731));
#3659=PRESENTATION_STYLE_ASSIGNMENT((#3732));
#3660=PRESENTATION_STYLE_ASSIGNMENT((#3733));
#3661=PRESENTATION_STYLE_ASSIGNMENT((#3734));
#3662=PRESENTATION_STYLE_ASSIGNMENT((#3735));
#3663=SURFACE_STYLE_USAGE(.BOTH.,#3736);
#3664=SURFACE_STYLE_USAGE(.BOTH.,#3737);
#3665=SURFACE_STYLE_USAGE(.BOTH.,#3738);
#3666=SURFACE_STYLE_USAGE(.BOTH.,#3739);
#3667=SURFACE_STYLE_USAGE(.BOTH.,#3740);
#3668=SURFACE_STYLE_USAGE(.BOTH.,#3741);
#3669=SURFACE_STYLE_USAGE(.BOTH.,#3742);
#3670=SURFACE_STYLE_USAGE(.BOTH.,#3743);
#3671=SURFACE_STYLE_USAGE(.BOTH.,#3744);
#3672=SURFACE_STYLE_USAGE(.BOTH.,#3745);
#3673=SURFACE_STYLE_USAGE(.BOTH.,#3746);
#3674=SURFACE_STYLE_USAGE(.BOTH.,#3747);
#3675=SURFACE_STYLE_USAGE(.BOTH.,#3748);
#3676=SURFACE_STYLE_USAGE(.BOTH.,#3749);
#3677=SURFACE_STYLE_USAGE(.BOTH.,#3750);
#3678=SURFACE_STYLE_USAGE(.BOTH.,#3751);
#3679=SURFACE_STYLE_USAGE(.BOTH.,#3752);
#3680=SURFACE_STYLE_USAGE(.BOTH.,#3753);
#3681=SURFACE_STYLE_USAGE(.BOTH.,#3754);
#3682=SURFACE_STYLE_USAGE(.BOTH.,#3755);
#3683=SURFACE_STYLE_USAGE(.BOTH.,#3756);
#3684=SURFACE_STYLE_USAGE(.BOTH.,#3757);
#3685=SURFACE_STYLE_USAGE(.BOTH.,#3758);
#3686=SURFACE_STYLE_USAGE(.BOTH.,#3759);
#3687=SURFACE_STYLE_USAGE(.BOTH.,#3760);
#3688=SURFACE_STYLE_USAGE(.BOTH.,#3761);
#3689=SURFACE_STYLE_USAGE(.BOTH.,#3762);
#3690=SURFACE_STYLE_USAGE(.BOTH.,#3763);
#3691=SURFACE_STYLE_USAGE(.BOTH.,#3764);
#3692=SURFACE_STYLE_USAGE(.BOTH.,#3765);
#3693=SURFACE_STYLE_USAGE(.BOTH.,#3766);
#3694=SURFACE_STYLE_USAGE(.BOTH.,#3767);
#3695=SURFACE_STYLE_USAGE(.BOTH.,#3768);
#3696=SURFACE_STYLE_USAGE(.BOTH.,#3769);
#3697=SURFACE_STYLE_USAGE(.BOTH.,#3770);
#3698=SURFACE_STYLE_USAGE(.BOTH.,#3771);
#3699=SURFACE_STYLE_USAGE(.BOTH.,#3772);
#3700=SURFACE_STYLE_USAGE(.BOTH.,#3773);
#3701=SURFACE_STYLE_USAGE(.BOTH.,#3774);
#3702=SURFACE_STYLE_USAGE(.BOTH.,#3775);
#3703=SURFACE_STYLE_USAGE(.BOTH.,#3776);
#3704=SURFACE_STYLE_USAGE(.BOTH.,#3777);
#3705=SURFACE_STYLE_USAGE(.BOTH.,#3778);
#3706=SURFACE_STYLE_USAGE(.BOTH.,#3779);
#3707=SURFACE_STYLE_USAGE(.BOTH.,#3780);
#3708=SURFACE_STYLE_USAGE(.BOTH.,#3781);
#3709=SURFACE_STYLE_USAGE(.BOTH.,#3782);
#3710=SURFACE_STYLE_USAGE(.BOTH.,#3783);
#3711=SURFACE_STYLE_USAGE(.BOTH.,#3784);
#3712=SURFACE_STYLE_USAGE(.BOTH.,#3785);
#3713=SURFACE_STYLE_USAGE(.BOTH.,#3786);
#3714=SURFACE_STYLE_USAGE(.BOTH.,#3787);
#3715=SURFACE_STYLE_USAGE(.BOTH.,#3788);
#3716=SURFACE_STYLE_USAGE(.BOTH.,#3789);
#3717=SURFACE_STYLE_USAGE(.BOTH.,#3790);
#3718=SURFACE_STYLE_USAGE(.BOTH.,#3791);
#3719=SURFACE_STYLE_USAGE(.BOTH.,#3792);
#3720=SURFACE_STYLE_USAGE(.BOTH.,#3793);
#3721=SURFACE_STYLE_USAGE(.BOTH.,#3794);
#3722=SURFACE_STYLE_USAGE(.BOTH.,#3795);
#3723=SURFACE_STYLE_USAGE(.BOTH.,#3796);
#3724=SURFACE_STYLE_USAGE(.BOTH.,#3797);
#3725=SURFACE_STYLE_USAGE(.BOTH.,#3798);
#3726=SURFACE_STYLE_USAGE(.BOTH.,#3799);
#3727=SURFACE_STYLE_USAGE(.BOTH.,#3800);
#3728=SURFACE_STYLE_USAGE(.BOTH.,#3801);
#3729=SURFACE_STYLE_USAGE(.BOTH.,#3802);
#3730=SURFACE_STYLE_USAGE(.BOTH.,#3803);
#3731=SURFACE_STYLE_USAGE(.BOTH.,#3804);
#3732=SURFACE_STYLE_USAGE(.BOTH.,#3805);
#3733=SURFACE_STYLE_USAGE(.BOTH.,#3806);
#3734=SURFACE_STYLE_USAGE(.BOTH.,#3807);
#3735=SURFACE_STYLE_USAGE(.BOTH.,#3808);
#3736=SURFACE_SIDE_STYLE('',(#3809));
#3737=SURFACE_SIDE_STYLE('',(#3810));
#3738=SURFACE_SIDE_STYLE('',(#3811));
#3739=SURFACE_SIDE_STYLE('',(#3812));
#3740=SURFACE_SIDE_STYLE('',(#3813));
#3741=SURFACE_SIDE_STYLE('',(#3814));
#3742=SURFACE_SIDE_STYLE('',(#3815));
#3743=SURFACE_SIDE_STYLE('',(#3816));
#3744=SURFACE_SIDE_STYLE('',(#3817));
#3745=SURFACE_SIDE_STYLE('',(#3818));
#3746=SURFACE_SIDE_STYLE('',(#3819));
#3747=SURFACE_SIDE_STYLE('',(#3820));
#3748=SURFACE_SIDE_STYLE('',(#3821));
#3749=SURFACE_SIDE_STYLE('',(#3822));
#3750=SURFACE_SIDE_STYLE('',(#3823));
#3751=SURFACE_SIDE_STYLE('',(#3824));
#3752=SURFACE_SIDE_STYLE('',(#3825));
#3753=SURFACE_SIDE_STYLE('',(#3826));
#3754=SURFACE_SIDE_STYLE('',(#3827));
#3755=SURFACE_SIDE_STYLE('',(#3828));
#3756=SURFACE_SIDE_STYLE('',(#3829));
#3757=SURFACE_SIDE_STYLE('',(#3830));
#3758=SURFACE_SIDE_STYLE('',(#3831));
#3759=SURFACE_SIDE_STYLE('',(#3832));
#3760=SURFACE_SIDE_STYLE('',(#3833));
#3761=SURFACE_SIDE_STYLE('',(#3834));
#3762=SURFACE_SIDE_STYLE('',(#3835));
#3763=SURFACE_SIDE_STYLE('',(#3836));
#3764=SURFACE_SIDE_STYLE('',(#3837));
#3765=SURFACE_SIDE_STYLE('',(#3838));
#3766=SURFACE_SIDE_STYLE('',(#3839));
#3767=SURFACE_SIDE_STYLE('',(#3840));
#3768=SURFACE_SIDE_STYLE('',(#3841));
#3769=SURFACE_SIDE_STYLE('',(#3842));
#3770=SURFACE_SIDE_STYLE('',(#3843));
#3771=SURFACE_SIDE_STYLE('',(#3844));
#3772=SURFACE_SIDE_STYLE('',(#3845));
#3773=SURFACE_SIDE_STYLE('',(#3846));
#3774=SURFACE_SIDE_STYLE('',(#3847));
#3775=SURFACE_SIDE_STYLE('',(#3848));
#3776=SURFACE_SIDE_STYLE('',(#3849));
#3777=SURFACE_SIDE_STYLE('',(#3850));
#3778=SURFACE_SIDE_STYLE('',(#3851));
#3779=SURFACE_SIDE_STYLE('',(#3852));
#3780=SURFACE_SIDE_STYLE('',(#3853));
#3781=SURFACE_SIDE_STYLE('',(#3854));
#3782=SURFACE_SIDE_STYLE('',(#3855));
#3783=SURFACE_SIDE_STYLE('',(#3856));
#3784=SURFACE_SIDE_STYLE('',(#3857));
#3785=SURFACE_SIDE_STYLE('',(#3858));
#3786=SURFACE_SIDE_STYLE('',(#3859));
#3787=SURFACE_SIDE_STYLE('',(#3860));
#3788=SURFACE_SIDE_STYLE('',(#3861));
#3789=SURFACE_SIDE_STYLE('',(#3862));
#3790=SURFACE_SIDE_STYLE('',(#3863));
#3791=SURFACE_SIDE_STYLE('',(#3864));
#3792=SURFACE_SIDE_STYLE('',(#3865));
#3793=SURFACE_SIDE_STYLE('',(#3866));
#3794=SURFACE_SIDE_STYLE('',(#3867));
#3795=SURFACE_SIDE_STYLE('',(#3868));
#3796=SURFACE_SIDE_STYLE('',(#3869));
#3797=SURFACE_SIDE_STYLE('',(#3870));
#3798=SURFACE_SIDE_STYLE('',(#3871));
#3799=SURFACE_SIDE_STYLE('',(#3872));
#3800=SURFACE_SIDE_STYLE('',(#3873));
#3801=SURFACE_SIDE_STYLE('',(#3874));
#3802=SURFACE_SIDE_STYLE('',(#3875));
#3803=SURFACE_SIDE_STYLE('',(#3876));
#3804=SURFACE_SIDE_STYLE('',(#3877));
#3805=SURFACE_SIDE_STYLE('',(#3878));
#3806=SURFACE_SIDE_STYLE('',(#3879));
#3807=SURFACE_SIDE_STYLE('',(#3880));
#3808=SURFACE_SIDE_STYLE('',(#3881));
#3809=SURFACE_STYLE_FILL_AREA(#3882);
#3810=SURFACE_STYLE_FILL_AREA(#3883);
#3811=SURFACE_STYLE_FILL_AREA(#3884);
#3812=SURFACE_STYLE_FILL_AREA(#3885);
#3813=SURFACE_STYLE_FILL_AREA(#3886);
#3814=SURFACE_STYLE_FILL_AREA(#3887);
#3815=SURFACE_STYLE_FILL_AREA(#3888);
#3816=SURFACE_STYLE_FILL_AREA(#3889);
#3817=SURFACE_STYLE_FILL_AREA(#3890);
#3818=SURFACE_STYLE_FILL_AREA(#3891);
#3819=SURFACE_STYLE_FILL_AREA(#3892);
#3820=SURFACE_STYLE_FILL_AREA(#3893);
#3821=SURFACE_STYLE_FILL_AREA(#3894);
#3822=SURFACE_STYLE_FILL_AREA(#3895);
#3823=SURFACE_STYLE_FILL_AREA(#3896);
#3824=SURFACE_STYLE_FILL_AREA(#3897);
#3825=SURFACE_STYLE_FILL_AREA(#3898);
#3826=SURFACE_STYLE_FILL_AREA(#3899);
#3827=SURFACE_STYLE_FILL_AREA(#3900);
#3828=SURFACE_STYLE_FILL_AREA(#3901);
#3829=SURFACE_STYLE_FILL_AREA(#3902);
#3830=SURFACE_STYLE_FILL_AREA(#3903);
#3831=SURFACE_STYLE_FILL_AREA(#3904);
#3832=SURFACE_STYLE_FILL_AREA(#3905);
#3833=SURFACE_STYLE_FILL_AREA(#3906);
#3834=SURFACE_STYLE_FILL_AREA(#3907);
#3835=SURFACE_STYLE_FILL_AREA(#3908);
#3836=SURFACE_STYLE_FILL_AREA(#3909);
#3837=SURFACE_STYLE_FILL_AREA(#3910);
#3838=SURFACE_STYLE_FILL_AREA(#3911);
#3839=SURFACE_STYLE_FILL_AREA(#3912);
#3840=SURFACE_STYLE_FILL_AREA(#3913);
#3841=SURFACE_STYLE_FILL_AREA(#3914);
#3842=SURFACE_STYLE_FILL_AREA(#3915);
#3843=SURFACE_STYLE_FILL_AREA(#3916);
#3844=SURFACE_STYLE_FILL_AREA(#3917);
#3845=SURFACE_STYLE_FILL_AREA(#3918);
#3846=SURFACE_STYLE_FILL_AREA(#3919);
#3847=SURFACE_STYLE_FILL_AREA(#3920);
#3848=SURFACE_STYLE_FILL_AREA(#3921);
#3849=SURFACE_STYLE_FILL_AREA(#3922);
#3850=SURFACE_STYLE_FILL_AREA(#3923);
#3851=SURFACE_STYLE_FILL_AREA(#3924);
#3852=SURFACE_STYLE_FILL_AREA(#3925);
#3853=SURFACE_STYLE_FILL_AREA(#3926);
#3854=SURFACE_STYLE_FILL_AREA(#3927);
#3855=SURFACE_STYLE_FILL_AREA(#3928);
#3856=SURFACE_STYLE_FILL_AREA(#3929);
#3857=SURFACE_STYLE_FILL_AREA(#3930);
#3858=SURFACE_STYLE_FILL_AREA(#3931);
#3859=SURFACE_STYLE_FILL_AREA(#3932);
#3860=SURFACE_STYLE_FILL_AREA(#3933);
#3861=SURFACE_STYLE_FILL_AREA(#3934);
#3862=SURFACE_STYLE_FILL_AREA(#3935);
#3863=SURFACE_STYLE_FILL_AREA(#3936);
#3864=SURFACE_STYLE_FILL_AREA(#3937);
#3865=SURFACE_STYLE_FILL_AREA(#3938);
#3866=SURFACE_STYLE_FILL_AREA(#3939);
#3867=SURFACE_STYLE_FILL_AREA(#3940);
#3868=SURFACE_STYLE_FILL_AREA(#3941);
#3869=SURFACE_STYLE_FILL_AREA(#3942);
#3870=SURFACE_STYLE_FILL_AREA(#3943);
#3871=SURFACE_STYLE_FILL_AREA(#3944);
#3872=SURFACE_STYLE_FILL_AREA(#3945);
#3873=SURFACE_STYLE_FILL_AREA(#3946);
#3874=SURFACE_STYLE_FILL_AREA(#3947);
#3875=SURFACE_STYLE_FILL_AREA(#3948);
#3876=SURFACE_STYLE_FILL_AREA(#3949);
#3877=SURFACE_STYLE_FILL_AREA(#3950);
#3878=SURFACE_STYLE_FILL_AREA(#3951);
#3879=SURFACE_STYLE_FILL_AREA(#3952);
#3880=SURFACE_STYLE_FILL_AREA(#3953);
#3881=SURFACE_STYLE_FILL_AREA(#3954);
#3882=FILL_AREA_STYLE('',(#3955));
#3883=FILL_AREA_STYLE('',(#3956));
#3884=FILL_AREA_STYLE('',(#3957));
#3885=FILL_AREA_STYLE('',(#3958));
#3886=FILL_AREA_STYLE('',(#3959));
#3887=FILL_AREA_STYLE('',(#3960));
#3888=FILL_AREA_STYLE('',(#3961));
#3889=FILL_AREA_STYLE('',(#3962));
#3890=FILL_AREA_STYLE('',(#3963));
#3891=FILL_AREA_STYLE('',(#3964));
#3892=FILL_AREA_STYLE('',(#3965));
#3893=FILL_AREA_STYLE('',(#3966));
#3894=FILL_AREA_STYLE('',(#3967));
#3895=FILL_AREA_STYLE('',(#3968));
#3896=FILL_AREA_STYLE('',(#3969));
#3897=FILL_AREA_STYLE('',(#3970));
#3898=FILL_AREA_STYLE('',(#3971));
#3899=FILL_AREA_STYLE('',(#3972));
#3900=FILL_AREA_STYLE('',(#3973));
#3901=FILL_AREA_STYLE('',(#3974));
#3902=FILL_AREA_STYLE('',(#3975));
#3903=FILL_AREA_STYLE('',(#3976));
#3904=FILL_AREA_STYLE('',(#3977));
#3905=FILL_AREA_STYLE('',(#3978));
#3906=FILL_AREA_STYLE('',(#3979));
#3907=FILL_AREA_STYLE('',(#3980));
#3908=FILL_AREA_STYLE('',(#3981));
#3909=FILL_AREA_STYLE('',(#3982));
#3910=FILL_AREA_STYLE('',(#3983));
#3911=FILL_AREA_STYLE('',(#3984));
#3912=FILL_AREA_STYLE('',(#3985));
#3913=FILL_AREA_STYLE('',(#3986));
#3914=FILL_AREA_STYLE('',(#3987));
#3915=FILL_AREA_STYLE('',(#3988));
#3916=FILL_AREA_STYLE('',(#3989));
#3917=FILL_AREA_STYLE('',(#3990));
#3918=FILL_AREA_STYLE('',(#3991));
#3919=FILL_AREA_STYLE('',(#3992));
#3920=FILL_AREA_STYLE('',(#3993));
#3921=FILL_AREA_STYLE('',(#3994));
#3922=FILL_AREA_STYLE('',(#3995));
#3923=FILL_AREA_STYLE('',(#3996));
#3924=FILL_AREA_STYLE('',(#3997));
#3925=FILL_AREA_STYLE('',(#3998));
#3926=FILL_AREA_STYLE('',(#3999));
#3927=FILL_AREA_STYLE('',(#4000));
#3928=FILL_AREA_STYLE('',(#4001));
#3929=FILL_AREA_STYLE('',(#4002));
#3930=FILL_AREA_STYLE('',(#4003));
#3931=FILL_AREA_STYLE('',(#4004));
#3932=FILL_AREA_STYLE('',(#4005));
#3933=FILL_AREA_STYLE('',(#4006));
#3934=FILL_AREA_STYLE('',(#4007));
#3935=FILL_AREA_STYLE('',(#4008));
#3936=FILL_AREA_STYLE('',(#4009));
#3937=FILL_AREA_STYLE('',(#4010));
#3938=FILL_AREA_STYLE('',(#4011));
#3939=FILL_AREA_STYLE('',(#4012));
#3940=FILL_AREA_STYLE('',(#4013));
#3941=FILL_AREA_STYLE('',(#4014));
#3942=FILL_AREA_STYLE('',(#4015));
#3943=FILL_AREA_STYLE('',(#4016));
#3944=FILL_AREA_STYLE('',(#4017));
#3945=FILL_AREA_STYLE('',(#4018));
#3946=FILL_AREA_STYLE('',(#4019));
#3947=FILL_AREA_STYLE('',(#4020));
#3948=FILL_AREA_STYLE('',(#4021));
#3949=FILL_AREA_STYLE('',(#4022));
#3950=FILL_AREA_STYLE('',(#4023));
#3951=FILL_AREA_STYLE('',(#4024));
#3952=FILL_AREA_STYLE('',(#4025));
#3953=FILL_AREA_STYLE('',(#4026));
#3954=FILL_AREA_STYLE('',(#4027));
#3955=FILL_AREA_STYLE_COLOUR('',#4028);
#3956=FILL_AREA_STYLE_COLOUR('',#4029);
#3957=FILL_AREA_STYLE_COLOUR('',#4029);
#3958=FILL_AREA_STYLE_COLOUR('',#4029);
#3959=FILL_AREA_STYLE_COLOUR('',#4029);
#3960=FILL_AREA_STYLE_COLOUR('',#4030);
#3961=FILL_AREA_STYLE_COLOUR('',#4030);
#3962=FILL_AREA_STYLE_COLOUR('',#4030);
#3963=FILL_AREA_STYLE_COLOUR('',#4030);
#3964=FILL_AREA_STYLE_COLOUR('',#4031);
#3965=FILL_AREA_STYLE_COLOUR('',#4031);
#3966=FILL_AREA_STYLE_COLOUR('',#4031);
#3967=FILL_AREA_STYLE_COLOUR('',#4031);
#3968=FILL_AREA_STYLE_COLOUR('',#4030);
#3969=FILL_AREA_STYLE_COLOUR('',#4030);
#3970=FILL_AREA_STYLE_COLOUR('',#4030);
#3971=FILL_AREA_STYLE_COLOUR('',#4030);
#3972=FILL_AREA_STYLE_COLOUR('',#4032);
#3973=FILL_AREA_STYLE_COLOUR('',#4032);
#3974=FILL_AREA_STYLE_COLOUR('',#4032);
#3975=FILL_AREA_STYLE_COLOUR('',#4032);
#3976=FILL_AREA_STYLE_COLOUR('',#4030);
#3977=FILL_AREA_STYLE_COLOUR('',#4030);
#3978=FILL_AREA_STYLE_COLOUR('',#4030);
#3979=FILL_AREA_STYLE_COLOUR('',#4030);
#3980=FILL_AREA_STYLE_COLOUR('',#4029);
#3981=FILL_AREA_STYLE_COLOUR('',#4029);
#3982=FILL_AREA_STYLE_COLOUR('',#4029);
#3983=FILL_AREA_STYLE_COLOUR('',#4029);
#3984=FILL_AREA_STYLE_COLOUR('',#4029);
#3985=FILL_AREA_STYLE_COLOUR('',#4029);
#3986=FILL_AREA_STYLE_COLOUR('',#4029);
#3987=FILL_AREA_STYLE_COLOUR('',#4029);
#3988=FILL_AREA_STYLE_COLOUR('',#4030);
#3989=FILL_AREA_STYLE_COLOUR('',#4030);
#3990=FILL_AREA_STYLE_COLOUR('',#4030);
#3991=FILL_AREA_STYLE_COLOUR('',#4030);
#3992=FILL_AREA_STYLE_COLOUR('',#4032);
#3993=FILL_AREA_STYLE_COLOUR('',#4032);
#3994=FILL_AREA_STYLE_COLOUR('',#4032);
#3995=FILL_AREA_STYLE_COLOUR('',#4032);
#3996=FILL_AREA_STYLE_COLOUR('',#4030);
#3997=FILL_AREA_STYLE_COLOUR('',#4030);
#3998=FILL_AREA_STYLE_COLOUR('',#4030);
#3999=FILL_AREA_STYLE_COLOUR('',#4030);
#4000=FILL_AREA_STYLE_COLOUR('',#4030);
#4001=FILL_AREA_STYLE_COLOUR('',#4030);
#4002=FILL_AREA_STYLE_COLOUR('',#4030);
#4003=FILL_AREA_STYLE_COLOUR('',#4030);
#4004=FILL_AREA_STYLE_COLOUR('',#4031);
#4005=FILL_AREA_STYLE_COLOUR('',#4031);
#4006=FILL_AREA_STYLE_COLOUR('',#4031);
#4007=FILL_AREA_STYLE_COLOUR('',#4031);
#4008=FILL_AREA_STYLE_COLOUR('',#4033);
#4009=FILL_AREA_STYLE_COLOUR('',#4033);
#4010=FILL_AREA_STYLE_COLOUR('',#4033);
#4011=FILL_AREA_STYLE_COLOUR('',#4033);
#4012=FILL_AREA_STYLE_COLOUR('',#4033);
#4013=FILL_AREA_STYLE_COLOUR('',#4033);
#4014=FILL_AREA_STYLE_COLOUR('',#4033);
#4015=FILL_AREA_STYLE_COLOUR('',#4031);
#4016=FILL_AREA_STYLE_COLOUR('',#4030);
#4017=FILL_AREA_STYLE_COLOUR('',#4030);
#4018=FILL_AREA_STYLE_COLOUR('',#4032);
#4019=FILL_AREA_STYLE_COLOUR('',#4030);
#4020=FILL_AREA_STYLE_COLOUR('',#4029);
#4021=FILL_AREA_STYLE_COLOUR('',#4029);
#4022=FILL_AREA_STYLE_COLOUR('',#4030);
#4023=FILL_AREA_STYLE_COLOUR('',#4032);
#4024=FILL_AREA_STYLE_COLOUR('',#4030);
#4025=FILL_AREA_STYLE_COLOUR('',#4031);
#4026=FILL_AREA_STYLE_COLOUR('',#4030);
#4027=FILL_AREA_STYLE_COLOUR('',#4029);
#4028=COLOUR_RGB('',0.984313725490196,0.368627450980392,0.8);
#4029=COLOUR_RGB('',0.952941176470588,0.00392156862745098,0.666666666666667);
#4030=COLOUR_RGB('',0.917647058823529,0.917647058823529,0.917647058823529);
#4031=COLOUR_RGB('',0.976470588235294,0.941176470588235,0.0117647058823529);
#4032=COLOUR_RGB('',0.141176470588235,0.694117647058824,0.650980392156863);
#4033=COLOUR_RGB('',0.913725490196078,0.647058823529412,0.329411764705883);
#4034=MANIFOLD_SOLID_BREP('Part 2',#3588);
#4035=SHAPE_DEFINITION_REPRESENTATION(#6915,#4036);
#4036=SHAPE_REPRESENTATION('Part 2',(#4037),#6910);
#4037=AXIS2_PLACEMENT_3D('',#5103,#4289,#4290);
#4038=AXIS2_PLACEMENT_3D('',#5104,#4291,#4292);
#4039=AXIS2_PLACEMENT_3D('',#5136,#4297,#4298);
#4040=AXIS2_PLACEMENT_3D('',#5148,#4300,#4301);
#4041=AXIS2_PLACEMENT_3D('',#5160,#4303,#4304);
#4042=AXIS2_PLACEMENT_3D('',#5175,#4305,#4306);
#4043=AXIS2_PLACEMENT_3D('',#5196,#4309,#4310);
#4044=AXIS2_PLACEMENT_3D('',#5208,#4312,#4313);
#4045=AXIS2_PLACEMENT_3D('',#5220,#4315,#4316);
#4046=AXIS2_PLACEMENT_3D('',#5235,#4317,#4318);
#4047=AXIS2_PLACEMENT_3D('',#5267,#4323,#4324);
#4048=AXIS2_PLACEMENT_3D('',#5279,#4326,#4327);
#4049=AXIS2_PLACEMENT_3D('',#5291,#4329,#4330);
#4050=AXIS2_PLACEMENT_3D('',#5306,#4331,#4332);
#4051=AXIS2_PLACEMENT_3D('',#5327,#4335,#4336);
#4052=AXIS2_PLACEMENT_3D('',#5339,#4338,#4339);
#4053=AXIS2_PLACEMENT_3D('',#5351,#4341,#4342);
#4054=AXIS2_PLACEMENT_3D('',#5366,#4343,#4344);
#4055=AXIS2_PLACEMENT_3D('',#5401,#4349,#4350);
#4056=AXIS2_PLACEMENT_3D('',#5413,#4352,#4353);
#4057=AXIS2_PLACEMENT_3D('',#5425,#4355,#4356);
#4058=AXIS2_PLACEMENT_3D('',#5440,#4357,#4358);
#4059=AXIS2_PLACEMENT_3D('',#5472,#4363,#4364);
#4060=AXIS2_PLACEMENT_3D('',#5484,#4366,#4367);
#4061=AXIS2_PLACEMENT_3D('',#5496,#4369,#4370);
#4062=AXIS2_PLACEMENT_3D('',#5511,#4371,#4372);
#4063=AXIS2_PLACEMENT_3D('',#5532,#4375,#4376);
#4064=AXIS2_PLACEMENT_3D('',#5544,#4378,#4379);
#4065=AXIS2_PLACEMENT_3D('',#5556,#4381,#4382);
#4066=AXIS2_PLACEMENT_3D('',#5571,#4383,#4384);
#4067=AXIS2_PLACEMENT_3D('',#5592,#4387,#4388);
#4068=AXIS2_PLACEMENT_3D('',#5611,#4391,#4392);
#4069=AXIS2_PLACEMENT_3D('',#5630,#4395,#4396);
#4070=AXIS2_PLACEMENT_3D('',#5645,#4397,#4398);
#4071=AXIS2_PLACEMENT_3D('',#5666,#4401,#4402);
#4072=AXIS2_PLACEMENT_3D('',#5678,#4404,#4405);
#4073=AXIS2_PLACEMENT_3D('',#5690,#4407,#4408);
#4074=AXIS2_PLACEMENT_3D('',#5705,#4409,#4410);
#4075=AXIS2_PLACEMENT_3D('',#5726,#4413,#4414);
#4076=AXIS2_PLACEMENT_3D('',#5738,#4416,#4417);
#4077=AXIS2_PLACEMENT_3D('',#5750,#4419,#4420);
#4078=AXIS2_PLACEMENT_3D('',#5765,#4421,#4422);
#4079=AXIS2_PLACEMENT_3D('',#5786,#4425,#4426);
#4080=AXIS2_PLACEMENT_3D('',#5798,#4428,#4429);
#4081=AXIS2_PLACEMENT_3D('',#5810,#4431,#4432);
#4082=AXIS2_PLACEMENT_3D('',#5825,#4433,#4434);
#4083=AXIS2_PLACEMENT_3D('',#5846,#4437,#4438);
#4084=AXIS2_PLACEMENT_3D('',#5858,#4440,#4441);
#4085=AXIS2_PLACEMENT_3D('',#5870,#4443,#4444);
#4086=AXIS2_PLACEMENT_3D('',#5885,#4445,#4446);
#4087=AXIS2_PLACEMENT_3D('',#5906,#4449,#4450);
#4088=AXIS2_PLACEMENT_3D('',#5918,#4452,#4453);
#4089=AXIS2_PLACEMENT_3D('',#5930,#4455,#4456);
#4090=AXIS2_PLACEMENT_3D('',#5945,#4457,#4458);
#4091=AXIS2_PLACEMENT_3D('',#6115,#4459,#4460);
#4092=AXIS2_PLACEMENT_3D('',#6116,#4461,#4462);
#4093=AXIS2_PLACEMENT_3D('',#6205,#4463,#4464);
#4094=AXIS2_PLACEMENT_3D('',#6214,#4469,#4470);
#4095=AXIS2_PLACEMENT_3D('',#6219,#4472,#4473);
#4096=AXIS2_PLACEMENT_3D('',#6223,#4475,#4476);
#4097=AXIS2_PLACEMENT_3D('',#6227,#4478,#4479);
#4098=AXIS2_PLACEMENT_3D('',#6310,#4521,#4522);
#4099=AXIS2_PLACEMENT_3D('',#6314,#4524,#4525);
#4100=AXIS2_PLACEMENT_3D('',#6322,#4529,#4530);
#4101=AXIS2_PLACEMENT_3D('',#6328,#4533,#4534);
#4102=AXIS2_PLACEMENT_3D('',#6332,#4536,#4537);
#4103=AXIS2_PLACEMENT_3D('',#6338,#4540,#4541);
#4104=AXIS2_PLACEMENT_3D('',#6342,#4543,#4544);
#4105=AXIS2_PLACEMENT_3D('',#6419,#4583,#4584);
#4106=AXIS2_PLACEMENT_3D('',#6424,#4586,#4587);
#4107=AXIS2_PLACEMENT_3D('',#6428,#4589,#4590);
#4108=AXIS2_PLACEMENT_3D('',#6432,#4592,#4593);
#4109=AXIS2_PLACEMENT_3D('',#6448,#4601,#4602);
#4110=AXIS2_PLACEMENT_3D('',#6452,#4604,#4605);
#4111=AXIS2_PLACEMENT_3D('',#6463,#4611,#4612);
#4112=AXIS2_PLACEMENT_3D('',#6464,#4613,#4614);
#4113=AXIS2_PLACEMENT_3D('',#6466,#4615,#4616);
#4114=AXIS2_PLACEMENT_3D('',#6467,#4617,#4618);
#4115=AXIS2_PLACEMENT_3D('',#6469,#4619,#4620);
#4116=AXIS2_PLACEMENT_3D('',#6470,#4621,#4622);
#4117=AXIS2_PLACEMENT_3D('',#6472,#4623,#4624);
#4118=AXIS2_PLACEMENT_3D('',#6473,#4625,#4626);
#4119=AXIS2_PLACEMENT_3D('',#6475,#4627,#4628);
#4120=AXIS2_PLACEMENT_3D('',#6492,#4637,#4638);
#4121=AXIS2_PLACEMENT_3D('',#6495,#4641,#4642);
#4122=AXIS2_PLACEMENT_3D('',#6497,#4644,#4645);
#4123=AXIS2_PLACEMENT_3D('',#6499,#4647,#4648);
#4124=AXIS2_PLACEMENT_3D('',#6501,#4650,#4651);
#4125=AXIS2_PLACEMENT_3D('',#6503,#4653,#4654);
#4126=AXIS2_PLACEMENT_3D('',#6505,#4656,#4657);
#4127=AXIS2_PLACEMENT_3D('',#6507,#4659,#4660);
#4128=AXIS2_PLACEMENT_3D('',#6510,#4663,#4664);
#4129=AXIS2_PLACEMENT_3D('',#6512,#4666,#4667);
#4130=AXIS2_PLACEMENT_3D('',#6514,#4669,#4670);
#4131=AXIS2_PLACEMENT_3D('',#6517,#4673,#4674);
#4132=AXIS2_PLACEMENT_3D('',#6519,#4676,#4677);
#4133=AXIS2_PLACEMENT_3D('',#6521,#4679,#4680);
#4134=AXIS2_PLACEMENT_3D('',#6524,#4683,#4684);
#4135=AXIS2_PLACEMENT_3D('',#6526,#4686,#4687);
#4136=AXIS2_PLACEMENT_3D('',#6528,#4689,#4690);
#4137=AXIS2_PLACEMENT_3D('',#6531,#4693,#4694);
#4138=AXIS2_PLACEMENT_3D('',#6533,#4696,#4697);
#4139=AXIS2_PLACEMENT_3D('',#6535,#4699,#4700);
#4140=AXIS2_PLACEMENT_3D('',#6538,#4703,#4704);
#4141=AXIS2_PLACEMENT_3D('',#6540,#4706,#4707);
#4142=AXIS2_PLACEMENT_3D('',#6542,#4709,#4710);
#4143=AXIS2_PLACEMENT_3D('',#6545,#4713,#4714);
#4144=AXIS2_PLACEMENT_3D('',#6547,#4716,#4717);
#4145=AXIS2_PLACEMENT_3D('',#6549,#4719,#4720);
#4146=AXIS2_PLACEMENT_3D('',#6552,#4723,#4724);
#4147=AXIS2_PLACEMENT_3D('',#6554,#4726,#4727);
#4148=AXIS2_PLACEMENT_3D('',#6556,#4729,#4730);
#4149=AXIS2_PLACEMENT_3D('',#6559,#4733,#4734);
#4150=AXIS2_PLACEMENT_3D('',#6561,#4736,#4737);
#4151=AXIS2_PLACEMENT_3D('',#6563,#4739,#4740);
#4152=AXIS2_PLACEMENT_3D('',#6566,#4743,#4744);
#4153=AXIS2_PLACEMENT_3D('',#6568,#4746,#4747);
#4154=AXIS2_PLACEMENT_3D('',#6570,#4749,#4750);
#4155=AXIS2_PLACEMENT_3D('',#6571,#4751,#4752);
#4156=AXIS2_PLACEMENT_3D('',#6572,#4753,#4754);
#4157=AXIS2_PLACEMENT_3D('',#6573,#4755,#4756);
#4158=AXIS2_PLACEMENT_3D('',#6574,#4757,#4758);
#4159=AXIS2_PLACEMENT_3D('',#6575,#4759,#4760);
#4160=AXIS2_PLACEMENT_3D('',#6576,#4761,#4762);
#4161=AXIS2_PLACEMENT_3D('',#6577,#4763,#4764);
#4162=AXIS2_PLACEMENT_3D('',#6578,#4765,#4766);
#4163=AXIS2_PLACEMENT_3D('',#6579,#4767,#4768);
#4164=AXIS2_PLACEMENT_3D('',#6580,#4769,#4770);
#4165=AXIS2_PLACEMENT_3D('',#6583,#4773,#4774);
#4166=AXIS2_PLACEMENT_3D('',#6585,#4776,#4777);
#4167=AXIS2_PLACEMENT_3D('',#6587,#4779,#4780);
#4168=AXIS2_PLACEMENT_3D('',#6588,#4781,#4782);
#4169=AXIS2_PLACEMENT_3D('',#6597,#4787,#4788);
#4170=AXIS2_PLACEMENT_3D('',#6603,#4792,#4793);
#4171=AXIS2_PLACEMENT_3D('',#6609,#4797,#4798);
#4172=AXIS2_PLACEMENT_3D('',#6612,#4801,#4802);
#4173=AXIS2_PLACEMENT_3D('',#6621,#4807,#4808);
#4174=AXIS2_PLACEMENT_3D('',#6624,#4811,#4812);
#4175=AXIS2_PLACEMENT_3D('',#6626,#4814,#4815);
#4176=AXIS2_PLACEMENT_3D('',#6628,#4817,#4818);
#4177=AXIS2_PLACEMENT_3D('',#6629,#4819,#4820);
#4178=AXIS2_PLACEMENT_3D('',#6632,#4823,#4824);
#4179=AXIS2_PLACEMENT_3D('',#6634,#4826,#4827);
#4180=AXIS2_PLACEMENT_3D('',#6636,#4829,#4830);
#4181=AXIS2_PLACEMENT_3D('',#6637,#4831,#4832);
#4182=AXIS2_PLACEMENT_3D('',#6640,#4834,#4835);
#4183=AXIS2_PLACEMENT_3D('',#6644,#4837,#4838);
#4184=AXIS2_PLACEMENT_3D('',#6647,#4840,#4841);
#4185=AXIS2_PLACEMENT_3D('',#6651,#4844,#4845);
#4186=AXIS2_PLACEMENT_3D('',#6657,#4849,#4850);
#4187=AXIS2_PLACEMENT_3D('',#6661,#4853,#4854);
#4188=AXIS2_PLACEMENT_3D('',#6667,#4858,#4859);
#4189=AXIS2_PLACEMENT_3D('',#6673,#4863,#4864);
#4190=AXIS2_PLACEMENT_3D('',#6679,#4868,#4869);
#4191=AXIS2_PLACEMENT_3D('',#6685,#4873,#4874);
#4192=AXIS2_PLACEMENT_3D('',#6686,#4875,#4876);
#4193=AXIS2_PLACEMENT_3D('',#6688,#4877,#4878);
#4194=AXIS2_PLACEMENT_3D('',#6692,#4880,#4881);
#4195=AXIS2_PLACEMENT_3D('',#6693,#4882,#4883);
#4196=AXIS2_PLACEMENT_3D('',#6699,#4887,#4888);
#4197=AXIS2_PLACEMENT_3D('',#6705,#4892,#4893);
#4198=AXIS2_PLACEMENT_3D('',#6706,#4894,#4895);
#4199=AXIS2_PLACEMENT_3D('',#6711,#4897,#4898);
#4200=AXIS2_PLACEMENT_3D('',#6714,#4900,#4901);
#4201=AXIS2_PLACEMENT_3D('',#6715,#4902,#4903);
#4202=AXIS2_PLACEMENT_3D('',#6719,#4906,#4907);
#4203=AXIS2_PLACEMENT_3D('',#6725,#4911,#4912);
#4204=AXIS2_PLACEMENT_3D('',#6731,#4916,#4917);
#4205=AXIS2_PLACEMENT_3D('',#6737,#4921,#4922);
#4206=AXIS2_PLACEMENT_3D('',#6743,#4926,#4927);
#4207=AXIS2_PLACEMENT_3D('',#6746,#4929,#4930);
#4208=AXIS2_PLACEMENT_3D('',#6750,#4932,#4933);
#4209=AXIS2_PLACEMENT_3D('',#6751,#4934,#4935);
#4210=AXIS2_PLACEMENT_3D('',#6755,#4938,#4939);
#4211=AXIS2_PLACEMENT_3D('',#6761,#4943,#4944);
#4212=AXIS2_PLACEMENT_3D('',#6762,#4945,#4946);
#4213=AXIS2_PLACEMENT_3D('',#6763,#4947,#4948);
#4214=AXIS2_PLACEMENT_3D('',#6764,#4949,#4950);
#4215=AXIS2_PLACEMENT_3D('',#6765,#4951,#4952);
#4216=AXIS2_PLACEMENT_3D('',#6766,#4953,#4954);
#4217=AXIS2_PLACEMENT_3D('',#6767,#4955,#4956);
#4218=AXIS2_PLACEMENT_3D('',#6768,#4957,#4958);
#4219=AXIS2_PLACEMENT_3D('',#6769,#4959,#4960);
#4220=AXIS2_PLACEMENT_3D('',#6770,#4961,#4962);
#4221=AXIS2_PLACEMENT_3D('',#6771,#4963,#4964);
#4222=AXIS2_PLACEMENT_3D('',#6772,#4965,#4966);
#4223=AXIS2_PLACEMENT_3D('',#6773,#4967,#4968);
#4224=AXIS2_PLACEMENT_3D('',#6774,#4969,#4970);
#4225=AXIS2_PLACEMENT_3D('',#6775,#4971,#4972);
#4226=AXIS2_PLACEMENT_3D('',#6776,#4973,#4974);
#4227=AXIS2_PLACEMENT_3D('',#6777,#4975,#4976);
#4228=AXIS2_PLACEMENT_3D('',#6778,#4977,#4978);
#4229=AXIS2_PLACEMENT_3D('',#6780,#4979,#4980);
#4230=AXIS2_PLACEMENT_3D('',#6781,#4981,#4982);
#4231=AXIS2_PLACEMENT_3D('',#6782,#4983,#4984);
#4232=AXIS2_PLACEMENT_3D('',#6784,#4985,#4986);
#4233=AXIS2_PLACEMENT_3D('',#6785,#4987,#4988);
#4234=AXIS2_PLACEMENT_3D('',#6786,#4989,#4990);
#4235=AXIS2_PLACEMENT_3D('',#6787,#4991,#4992);
#4236=AXIS2_PLACEMENT_3D('',#6788,#4993,#4994);
#4237=AXIS2_PLACEMENT_3D('',#6789,#4995,#4996);
#4238=AXIS2_PLACEMENT_3D('',#6790,#4997,#4998);
#4239=AXIS2_PLACEMENT_3D('',#6791,#4999,#5000);
#4240=AXIS2_PLACEMENT_3D('',#6792,#5001,#5002);
#4241=AXIS2_PLACEMENT_3D('',#6793,#5003,#5004);
#4242=AXIS2_PLACEMENT_3D('',#6794,#5005,#5006);
#4243=AXIS2_PLACEMENT_3D('',#6795,#5007,#5008);
#4244=AXIS2_PLACEMENT_3D('',#6796,#5009,#5010);
#4245=AXIS2_PLACEMENT_3D('',#6797,#5011,#5012);
#4246=AXIS2_PLACEMENT_3D('',#6798,#5013,#5014);
#4247=AXIS2_PLACEMENT_3D('',#6799,#5015,#5016);
#4248=AXIS2_PLACEMENT_3D('',#6800,#5017,#5018);
#4249=AXIS2_PLACEMENT_3D('',#6801,#5019,#5020);
#4250=AXIS2_PLACEMENT_3D('',#6802,#5021,#5022);
#4251=AXIS2_PLACEMENT_3D('',#6803,#5023,#5024);
#4252=AXIS2_PLACEMENT_3D('',#6804,#5025,#5026);
#4253=AXIS2_PLACEMENT_3D('',#6805,#5027,#5028);
#4254=AXIS2_PLACEMENT_3D('',#6806,#5029,#5030);
#4255=AXIS2_PLACEMENT_3D('',#6807,#5031,#5032);
#4256=AXIS2_PLACEMENT_3D('',#6808,#5033,#5034);
#4257=AXIS2_PLACEMENT_3D('',#6809,#5035,#5036);
#4258=AXIS2_PLACEMENT_3D('',#6810,#5037,#5038);
#4259=AXIS2_PLACEMENT_3D('',#6811,#5039,#5040);
#4260=AXIS2_PLACEMENT_3D('',#6812,#5041,#5042);
#4261=AXIS2_PLACEMENT_3D('',#6813,#5043,#5044);
#4262=AXIS2_PLACEMENT_3D('',#6814,#5045,#5046);
#4263=AXIS2_PLACEMENT_3D('',#6815,#5047,#5048);
#4264=AXIS2_PLACEMENT_3D('',#6816,#5049,#5050);
#4265=AXIS2_PLACEMENT_3D('',#6817,#5051,#5052);
#4266=AXIS2_PLACEMENT_3D('',#6818,#5053,#5054);
#4267=AXIS2_PLACEMENT_3D('',#6819,#5055,#5056);
#4268=AXIS2_PLACEMENT_3D('',#6820,#5057,#5058);
#4269=AXIS2_PLACEMENT_3D('',#6821,#5059,#5060);
#4270=AXIS2_PLACEMENT_3D('',#6824,#5063,#5064);
#4271=AXIS2_PLACEMENT_3D('',#6826,#5066,#5067);
#4272=AXIS2_PLACEMENT_3D('',#6828,#5069,#5070);
#4273=AXIS2_PLACEMENT_3D('',#6829,#5071,#5072);
#4274=AXIS2_PLACEMENT_3D('',#6830,#5073,#5074);
#4275=AXIS2_PLACEMENT_3D('',#6832,#5075,#5076);
#4276=AXIS2_PLACEMENT_3D('',#6896,#5077,#5078);
#4277=AXIS2_PLACEMENT_3D('',#6897,#5079,#5080);
#4278=AXIS2_PLACEMENT_3D('',#6898,#5081,#5082);
#4279=AXIS2_PLACEMENT_3D('',#6899,#5083,#5084);
#4280=AXIS2_PLACEMENT_3D('',#6900,#5085,#5086);
#4281=AXIS2_PLACEMENT_3D('',#6901,#5087,#5088);
#4282=AXIS2_PLACEMENT_3D('',#6902,#5089,#5090);
#4283=AXIS2_PLACEMENT_3D('',#6903,#5091,#5092);
#4284=AXIS2_PLACEMENT_3D('',#6904,#5093,#5094);
#4285=AXIS2_PLACEMENT_3D('',#6905,#5095,#5096);
#4286=AXIS2_PLACEMENT_3D('',#6906,#5097,#5098);
#4287=AXIS2_PLACEMENT_3D('',#6907,#5099,#5100);
#4288=AXIS2_PLACEMENT_3D('',#6908,#5101,#5102);
#4289=DIRECTION('',(0.,0.,1.));
#4290=DIRECTION('',(1.,0.,0.));
#4291=DIRECTION('',(0.,0.,1.));
#4292=DIRECTION('',(1.,0.,0.));
#4293=DIRECTION('',(0.,0.,1.));
#4294=DIRECTION('',(0.,0.,1.));
#4295=DIRECTION('',(0.,0.,1.));
#4296=DIRECTION('',(0.,0.,1.));
#4297=DIRECTION('',(1.,0.,0.));
#4298=DIRECTION('',(0.,0.,-1.));
#4299=DIRECTION('',(0.,0.,1.));
#4300=DIRECTION('',(1.,0.,0.));
#4301=DIRECTION('',(0.,0.,-1.));
#4302=DIRECTION('',(0.,0.,1.));
#4303=DIRECTION('',(0.,0.,1.));
#4304=DIRECTION('',(1.,0.,0.));
#4305=DIRECTION('',(0.,0.,1.));
#4306=DIRECTION('',(1.,0.,0.));
#4307=DIRECTION('',(0.,0.,1.));
#4308=DIRECTION('',(0.,0.,1.));
#4309=DIRECTION('',(0.88545602565321,-0.464723172043769,0.));
#4310=DIRECTION('',(0.464723172043769,0.88545602565321,0.));
#4311=DIRECTION('',(0.,0.,1.));
#4312=DIRECTION('',(0.88545602565321,-0.464723172043769,0.));
#4313=DIRECTION('',(0.464723172043769,0.88545602565321,0.));
#4314=DIRECTION('',(0.,0.,1.));
#4315=DIRECTION('',(0.,0.,1.));
#4316=DIRECTION('',(1.,0.,0.));
#4317=DIRECTION('',(0.,0.,1.));
#4318=DIRECTION('',(1.,0.,0.));
#4319=DIRECTION('',(0.,0.,1.));
#4320=DIRECTION('',(0.,0.,1.));
#4321=DIRECTION('',(0.,0.,1.));
#4322=DIRECTION('',(0.,0.,1.));
#4323=DIRECTION('',(0.568064746731156,-0.822983865893657,0.));
#4324=DIRECTION('',(0.822983865893657,0.568064746731156,0.));
#4325=DIRECTION('',(0.,0.,1.));
#4326=DIRECTION('',(0.568064746731156,-0.822983865893657,0.));
#4327=DIRECTION('',(0.822983865893657,0.568064746731156,0.));
#4328=DIRECTION('',(0.,0.,1.));
#4329=DIRECTION('',(0.,0.,1.));
#4330=DIRECTION('',(1.,0.,0.));
#4331=DIRECTION('',(0.,0.,1.));
#4332=DIRECTION('',(1.,0.,0.));
#4333=DIRECTION('',(0.,0.,1.));
#4334=DIRECTION('',(0.,0.,1.));
#4335=DIRECTION('',(0.120536680255323,-0.992708874098054,0.));
#4336=DIRECTION('',(0.992708874098054,0.120536680255323,0.));
#4337=DIRECTION('',(0.,0.,1.));
#4338=DIRECTION('',(0.120536680255323,-0.992708874098054,0.));
#4339=DIRECTION('',(0.992708874098054,0.120536680255323,0.));
#4340=DIRECTION('',(0.,0.,1.));
#4341=DIRECTION('',(0.,0.,1.));
#4342=DIRECTION('',(1.,0.,0.));
#4343=DIRECTION('',(0.,0.,1.));
#4344=DIRECTION('',(1.,0.,0.));
#4345=DIRECTION('',(0.,0.,1.));
#4346=DIRECTION('',(0.,0.,1.));
#4347=DIRECTION('',(0.,0.,1.));
#4348=DIRECTION('',(0.,0.,1.));
#4349=DIRECTION('',(-0.354604887042535,-0.935016242685415,0.));
#4350=DIRECTION('',(0.935016242685415,-0.354604887042535,0.));
#4351=DIRECTION('',(0.,0.,1.));
#4352=DIRECTION('',(-0.354604887042535,-0.935016242685415,0.));
#4353=DIRECTION('',(0.935016242685415,-0.354604887042535,0.));
#4354=DIRECTION('',(0.,0.,1.));
#4355=DIRECTION('',(0.,0.,1.));
#4356=DIRECTION('',(1.,0.,0.));
#4357=DIRECTION('',(0.,0.,1.));
#4358=DIRECTION('',(1.,0.,0.));
#4359=DIRECTION('',(0.,0.,1.));
#4360=DIRECTION('',(0.,0.,1.));
#4361=DIRECTION('',(0.,0.,1.));
#4362=DIRECTION('',(0.,0.,1.));
#4363=DIRECTION('',(-0.748510748171101,-0.663122658240796,0.));
#4364=DIRECTION('',(0.663122658240796,-0.748510748171101,0.));
#4365=DIRECTION('',(0.,0.,1.));
#4366=DIRECTION('',(-0.748510748171101,-0.663122658240796,0.));
#4367=DIRECTION('',(0.663122658240796,-0.748510748171101,0.));
#4368=DIRECTION('',(0.,0.,1.));
#4369=DIRECTION('',(0.,0.,1.));
#4370=DIRECTION('',(1.,0.,0.));
#4371=DIRECTION('',(0.,0.,1.));
#4372=DIRECTION('',(1.,0.,0.));
#4373=DIRECTION('',(0.,0.,1.));
#4374=DIRECTION('',(0.,0.,1.));
#4375=DIRECTION('',(-0.970941817426052,-0.239315664287558,0.));
#4376=DIRECTION('',(0.239315664287558,-0.970941817426052,0.));
#4377=DIRECTION('',(0.,0.,1.));
#4378=DIRECTION('',(-0.970941817426052,-0.239315664287558,0.));
#4379=DIRECTION('',(0.239315664287558,-0.970941817426052,0.));
#4380=DIRECTION('',(0.,0.,1.));
#4381=DIRECTION('',(0.,0.,1.));
#4382=DIRECTION('',(1.,0.,0.));
#4383=DIRECTION('',(0.,0.,1.));
#4384=DIRECTION('',(1.,0.,0.));
#4385=DIRECTION('',(0.,0.,1.));
#4386=DIRECTION('',(0.,0.,1.));
#4387=DIRECTION('',(-0.970941817426052,0.239315664287558,0.));
#4388=DIRECTION('',(-0.239315664287558,-0.970941817426052,0.));
#4389=DIRECTION('',(0.,0.,1.));
#4390=DIRECTION('',(0.,0.,1.));
#4391=DIRECTION('',(-0.970941817426052,0.239315664287558,0.));
#4392=DIRECTION('',(-0.239315664287558,-0.970941817426052,0.));
#4393=DIRECTION('',(0.,0.,1.));
#4394=DIRECTION('',(0.,0.,1.));
#4395=DIRECTION('',(0.,0.,1.));
#4396=DIRECTION('',(1.,0.,0.));
#4397=DIRECTION('',(0.,0.,1.));
#4398=DIRECTION('',(1.,0.,0.));
#4399=DIRECTION('',(0.,0.,1.));
#4400=DIRECTION('',(0.,0.,1.));
#4401=DIRECTION('',(-0.748510748171101,0.663122658240795,0.));
#4402=DIRECTION('',(-0.663122658240795,-0.748510748171101,0.));
#4403=DIRECTION('',(0.,0.,1.));
#4404=DIRECTION('',(-0.748510748171101,0.663122658240795,0.));
#4405=DIRECTION('',(-0.663122658240795,-0.748510748171101,0.));
#4406=DIRECTION('',(0.,0.,1.));
#4407=DIRECTION('',(0.,0.,1.));
#4408=DIRECTION('',(1.,0.,0.));
#4409=DIRECTION('',(0.,0.,1.));
#4410=DIRECTION('',(1.,0.,0.));
#4411=DIRECTION('',(0.,0.,1.));
#4412=DIRECTION('',(0.,0.,1.));
#4413=DIRECTION('',(-0.354604887042536,0.935016242685415,0.));
#4414=DIRECTION('',(-0.935016242685415,-0.354604887042536,0.));
#4415=DIRECTION('',(0.,0.,1.));
#4416=DIRECTION('',(-0.354604887042536,0.935016242685415,0.));
#4417=DIRECTION('',(-0.935016242685415,-0.354604887042536,0.));
#4418=DIRECTION('',(0.,0.,1.));
#4419=DIRECTION('',(0.,0.,1.));
#4420=DIRECTION('',(1.,0.,0.));
#4421=DIRECTION('',(0.,0.,1.));
#4422=DIRECTION('',(1.,0.,0.));
#4423=DIRECTION('',(0.,0.,1.));
#4424=DIRECTION('',(0.,0.,1.));
#4425=DIRECTION('',(0.120536680255322,0.992708874098054,0.));
#4426=DIRECTION('',(-0.992708874098054,0.120536680255322,0.));
#4427=DIRECTION('',(0.,0.,1.));
#4428=DIRECTION('',(0.120536680255322,0.992708874098054,0.));
#4429=DIRECTION('',(-0.992708874098054,0.120536680255322,0.));
#4430=DIRECTION('',(0.,0.,1.));
#4431=DIRECTION('',(0.,0.,1.));
#4432=DIRECTION('',(1.,0.,0.));
#4433=DIRECTION('',(0.,0.,1.));
#4434=DIRECTION('',(1.,0.,0.));
#4435=DIRECTION('',(0.,0.,1.));
#4436=DIRECTION('',(0.,0.,1.));
#4437=DIRECTION('',(0.568064746731156,0.822983865893657,0.));
#4438=DIRECTION('',(-0.822983865893657,0.568064746731156,0.));
#4439=DIRECTION('',(0.,0.,1.));
#4440=DIRECTION('',(0.568064746731156,0.822983865893657,0.));
#4441=DIRECTION('',(-0.822983865893657,0.568064746731156,0.));
#4442=DIRECTION('',(0.,0.,1.));
#4443=DIRECTION('',(0.,0.,1.));
#4444=DIRECTION('',(1.,0.,0.));
#4445=DIRECTION('',(0.,0.,1.));
#4446=DIRECTION('',(1.,0.,0.));
#4447=DIRECTION('',(0.,0.,1.));
#4448=DIRECTION('',(0.,0.,1.));
#4449=DIRECTION('',(0.88545602565321,0.464723172043769,0.));
#4450=DIRECTION('',(-0.464723172043769,0.88545602565321,0.));
#4451=DIRECTION('',(0.,0.,1.));
#4452=DIRECTION('',(0.88545602565321,0.464723172043769,0.));
#4453=DIRECTION('',(-0.464723172043769,0.88545602565321,0.));
#4454=DIRECTION('',(0.,0.,1.));
#4455=DIRECTION('',(0.,0.,1.));
#4456=DIRECTION('',(1.,0.,0.));
#4457=DIRECTION('',(0.,0.,1.));
#4458=DIRECTION('',(1.,0.,0.));
#4459=DIRECTION('',(0.,0.,-1.));
#4460=DIRECTION('',(-1.,0.,0.));
#4461=DIRECTION('',(0.,0.,-1.));
#4462=DIRECTION('',(-1.,0.,0.));
#4463=DIRECTION('',(0.,0.,1.));
#4464=DIRECTION('',(1.,0.,0.));
#4465=DIRECTION('',(0.00302027302922222,0.999995438965013,0.));
#4466=DIRECTION('',(1.,0.,0.));
#4467=DIRECTION('',(-0.00302027302922234,-0.999995438965013,0.));
#4468=DIRECTION('',(-1.,0.,0.));
#4469=DIRECTION('',(0.,0.,1.));
#4470=DIRECTION('',(1.,0.,0.));
#4471=DIRECTION('',(-1.,1.38777878078145E-16,0.));
#4472=DIRECTION('',(0.,0.,1.));
#4473=DIRECTION('',(1.,0.,0.));
#4474=DIRECTION('',(3.30423519233678E-16,-1.,0.));
#4475=DIRECTION('',(0.,0.,1.));
#4476=DIRECTION('',(1.,0.,0.));
#4477=DIRECTION('',(-1.,1.38777878078145E-16,0.));
#4478=DIRECTION('',(0.,0.,1.));
#4479=DIRECTION('',(1.,0.,0.));
#4480=DIRECTION('',(-1.65211759616839E-16,-1.,0.));
#4481=DIRECTION('',(0.,1.,0.));
#4482=DIRECTION('',(-1.,0.,0.));
#4483=DIRECTION('',(0.,1.,0.));
#4484=DIRECTION('',(-1.,0.,0.));
#4485=DIRECTION('',(0.,1.,0.));
#4486=DIRECTION('',(-1.,0.,0.));
#4487=DIRECTION('',(0.,1.,0.));
#4488=DIRECTION('',(-1.,0.,0.));
#4489=DIRECTION('',(0.,1.,0.));
#4490=DIRECTION('',(-1.,0.,0.));
#4491=DIRECTION('',(0.,1.,0.));
#4492=DIRECTION('',(-1.,0.,0.));
#4493=DIRECTION('',(0.,1.,0.));
#4494=DIRECTION('',(-1.,0.,0.));
#4495=DIRECTION('',(0.,1.,0.));
#4496=DIRECTION('',(-1.,0.,0.));
#4497=DIRECTION('',(0.,1.,0.));
#4498=DIRECTION('',(-1.,0.,0.));
#4499=DIRECTION('',(0.,1.,0.));
#4500=DIRECTION('',(-1.,0.,0.));
#4501=DIRECTION('',(0.,1.,0.));
#4502=DIRECTION('',(-1.,0.,0.));
#4503=DIRECTION('',(0.,1.,0.));
#4504=DIRECTION('',(-1.,0.,0.));
#4505=DIRECTION('',(0.,1.,0.));
#4506=DIRECTION('',(-1.,0.,0.));
#4507=DIRECTION('',(0.,1.,0.));
#4508=DIRECTION('',(-1.,0.,0.));
#4509=DIRECTION('',(0.,1.,0.));
#4510=DIRECTION('',(-1.,0.,0.));
#4511=DIRECTION('',(0.,1.,0.));
#4512=DIRECTION('',(-1.,0.,0.));
#4513=DIRECTION('',(0.,1.,0.));
#4514=DIRECTION('',(-1.,0.,0.));
#4515=DIRECTION('',(0.,1.,0.));
#4516=DIRECTION('',(-1.,0.,0.));
#4517=DIRECTION('',(-8.67361737988404E-17,1.,0.));
#4518=DIRECTION('',(1.,9.29316147844717E-17,0.));
#4519=DIRECTION('',(1.73472347597681E-16,-1.,0.));
#4520=DIRECTION('',(-1.,0.,0.));
#4521=DIRECTION('',(0.,0.,1.));
#4522=DIRECTION('',(1.,0.,0.));
#4523=DIRECTION('',(-1.,0.,0.));
#4524=DIRECTION('',(0.,0.,1.));
#4525=DIRECTION('',(1.,0.,0.));
#4526=DIRECTION('',(0.,-1.,0.));
#4527=DIRECTION('',(1.,0.,0.));
#4528=DIRECTION('',(0.,1.,0.));
#4529=DIRECTION('',(0.,0.,1.));
#4530=DIRECTION('',(1.,0.,0.));
#4531=DIRECTION('',(1.,0.,0.));
#4532=DIRECTION('',(0.,1.,0.));
#4533=DIRECTION('',(0.,0.,1.));
#4534=DIRECTION('',(1.,0.,0.));
#4535=DIRECTION('',(-1.,0.,0.));
#4536=DIRECTION('',(0.,0.,1.));
#4537=DIRECTION('',(1.,0.,0.));
#4538=DIRECTION('',(0.,-1.,0.));
#4539=DIRECTION('',(0.,1.,0.));
#4540=DIRECTION('',(0.,0.,1.));
#4541=DIRECTION('',(1.,0.,0.));
#4542=DIRECTION('',(-1.,0.,0.));
#4543=DIRECTION('',(0.,0.,1.));
#4544=DIRECTION('',(1.,0.,0.));
#4545=DIRECTION('',(1.15648231731787E-15,-1.,0.));
#4546=DIRECTION('',(1.,0.,0.));
#4547=DIRECTION('',(0.,1.,0.));
#4548=DIRECTION('',(-1.,0.,0.));
#4549=DIRECTION('',(0.,1.,0.));
#4550=DIRECTION('',(-1.,0.,0.));
#4551=DIRECTION('',(0.,1.,0.));
#4552=DIRECTION('',(-1.,0.,0.));
#4553=DIRECTION('',(0.,1.,0.));
#4554=DIRECTION('',(-1.,0.,0.));
#4555=DIRECTION('',(0.,1.,0.));
#4556=DIRECTION('',(-1.,0.,0.));
#4557=DIRECTION('',(0.,1.,0.));
#4558=DIRECTION('',(-1.,0.,0.));
#4559=DIRECTION('',(0.,1.,0.));
#4560=DIRECTION('',(-1.,0.,0.));
#4561=DIRECTION('',(0.,1.,0.));
#4562=DIRECTION('',(-1.,0.,0.));
#4563=DIRECTION('',(0.,1.,0.));
#4564=DIRECTION('',(-1.,0.,0.));
#4565=DIRECTION('',(0.,1.,0.));
#4566=DIRECTION('',(-1.,0.,0.));
#4567=DIRECTION('',(0.,1.,0.));
#4568=DIRECTION('',(-1.,0.,0.));
#4569=DIRECTION('',(0.,1.,0.));
#4570=DIRECTION('',(-1.,0.,0.));
#4571=DIRECTION('',(0.,1.,0.));
#4572=DIRECTION('',(-1.,0.,0.));
#4573=DIRECTION('',(0.,1.,0.));
#4574=DIRECTION('',(-1.,0.,0.));
#4575=DIRECTION('',(0.,1.,0.));
#4576=DIRECTION('',(-1.,0.,0.));
#4577=DIRECTION('',(0.,1.,0.));
#4578=DIRECTION('',(-1.,0.,0.));
#4579=DIRECTION('',(0.,1.,0.));
#4580=DIRECTION('',(-1.,0.,0.));
#4581=DIRECTION('',(0.,1.,0.));
#4582=DIRECTION('',(-1.,0.,0.));
#4583=DIRECTION('',(0.,0.,1.));
#4584=DIRECTION('',(1.,0.,0.));
#4585=DIRECTION('',(-1.65211759616839E-16,-1.,0.));
#4586=DIRECTION('',(0.,0.,1.));
#4587=DIRECTION('',(1.,0.,0.));
#4588=DIRECTION('',(-1.,1.38777878078145E-16,0.));
#4589=DIRECTION('',(0.,0.,1.));
#4590=DIRECTION('',(1.,0.,0.));
#4591=DIRECTION('',(3.30423519233678E-16,-1.,0.));
#4592=DIRECTION('',(0.,0.,1.));
#4593=DIRECTION('',(1.,0.,0.));
#4594=DIRECTION('',(-1.,1.38777878078145E-16,0.));
#4595=DIRECTION('',(1.70070929017334E-16,-1.,0.));
#4596=DIRECTION('',(1.,0.,0.));
#4597=DIRECTION('',(-3.40141858034669E-16,1.,0.));
#4598=DIRECTION('',(-1.,-1.17211045674109E-16,0.));
#4599=DIRECTION('',(1.,0.,0.));
#4600=DIRECTION('',(1.15648231731787E-15,1.,0.));
#4601=DIRECTION('',(0.,0.,1.));
#4602=DIRECTION('',(1.,0.,0.));
#4603=DIRECTION('',(-1.,0.,0.));
#4604=DIRECTION('',(0.,0.,1.));
#4605=DIRECTION('',(1.,0.,0.));
#4606=DIRECTION('',(0.,-1.,0.));
#4607=DIRECTION('',(-1.,0.,0.));
#4608=DIRECTION('',(-0.00302027302922222,-0.999995438965013,0.));
#4609=DIRECTION('',(1.,0.,0.));
#4610=DIRECTION('',(0.00302027302922234,0.999995438965013,0.));
#4611=DIRECTION('',(0.,1.,0.));
#4612=DIRECTION('',(1.,0.,0.));
#4613=DIRECTION('',(0.,-1.,0.));
#4614=DIRECTION('',(0.,0.,-1.));
#4615=DIRECTION('',(0.,1.,0.));
#4616=DIRECTION('',(0.,0.,-1.));
#4617=DIRECTION('',(0.,-1.,0.));
#4618=DIRECTION('',(0.,0.,-1.));
#4619=DIRECTION('',(0.,1.,0.));
#4620=DIRECTION('',(1.,0.,0.));
#4621=DIRECTION('',(0.,-1.,0.));
#4622=DIRECTION('',(0.,0.,-1.));
#4623=DIRECTION('',(0.,1.,0.));
#4624=DIRECTION('',(0.,0.,-1.));
#4625=DIRECTION('',(0.,-1.,0.));
#4626=DIRECTION('',(0.,0.,-1.));
#4627=DIRECTION('',(0.,0.,1.));
#4628=DIRECTION('',(1.,0.,0.));
#4629=DIRECTION('',(-1.,-9.29316147844717E-17,0.));
#4630=DIRECTION('',(8.67361737988404E-17,-1.,0.));
#4631=DIRECTION('',(1.,0.,0.));
#4632=DIRECTION('',(-1.73472347597681E-16,1.,0.));
#4633=DIRECTION('',(-1.,0.,0.));
#4634=DIRECTION('',(0.,1.,0.));
#4635=DIRECTION('',(1.,1.05775821705903E-16,0.));
#4636=DIRECTION('',(0.,-1.,0.));
#4637=DIRECTION('',(0.,0.,-1.));
#4638=DIRECTION('',(-1.,0.,0.));
#4639=DIRECTION('',(0.,0.,-1.));
#4640=DIRECTION('',(0.,0.,-1.));
#4641=DIRECTION('',(-1.38777878078145E-16,-1.,0.));
#4642=DIRECTION('',(1.,-1.38777878078145E-16,0.));
#4643=DIRECTION('',(0.,0.,-1.));
#4644=DIRECTION('',(0.,0.,-1.));
#4645=DIRECTION('',(-1.,0.,0.));
#4646=DIRECTION('',(0.,0.,-1.));
#4647=DIRECTION('',(1.,3.30423519233678E-16,0.));
#4648=DIRECTION('',(-3.30423519233678E-16,1.,0.));
#4649=DIRECTION('',(0.,0.,-1.));
#4650=DIRECTION('',(0.,0.,-1.));
#4651=DIRECTION('',(-1.,0.,0.));
#4652=DIRECTION('',(0.,0.,-1.));
#4653=DIRECTION('',(-1.38777878078145E-16,-1.,0.));
#4654=DIRECTION('',(1.,-1.38777878078145E-16,0.));
#4655=DIRECTION('',(0.,0.,-1.));
#4656=DIRECTION('',(0.,0.,-1.));
#4657=DIRECTION('',(-1.,0.,0.));
#4658=DIRECTION('',(0.,0.,-1.));
#4659=DIRECTION('',(-1.,0.,0.));
#4660=DIRECTION('',(0.,0.,1.));
#4661=DIRECTION('',(0.,0.,-1.));
#4662=DIRECTION('',(0.,0.,-1.));
#4663=DIRECTION('',(0.,-1.,0.));
#4664=DIRECTION('',(0.,0.,-1.));
#4665=DIRECTION('',(0.,0.,-1.));
#4666=DIRECTION('',(-1.,0.,0.));
#4667=DIRECTION('',(0.,0.,1.));
#4668=DIRECTION('',(0.,0.,-1.));
#4669=DIRECTION('',(-1.,0.,0.));
#4670=DIRECTION('',(0.,0.,1.));
#4671=DIRECTION('',(0.,0.,-1.));
#4672=DIRECTION('',(0.,0.,-1.));
#4673=DIRECTION('',(0.,-1.,0.));
#4674=DIRECTION('',(0.,0.,-1.));
#4675=DIRECTION('',(0.,0.,-1.));
#4676=DIRECTION('',(-1.,0.,0.));
#4677=DIRECTION('',(0.,0.,1.));
#4678=DIRECTION('',(0.,0.,-1.));
#4679=DIRECTION('',(-1.,0.,0.));
#4680=DIRECTION('',(0.,0.,1.));
#4681=DIRECTION('',(0.,0.,-1.));
#4682=DIRECTION('',(0.,0.,-1.));
#4683=DIRECTION('',(0.,-1.,0.));
#4684=DIRECTION('',(0.,0.,-1.));
#4685=DIRECTION('',(0.,0.,-1.));
#4686=DIRECTION('',(-1.,0.,0.));
#4687=DIRECTION('',(0.,0.,1.));
#4688=DIRECTION('',(0.,0.,-1.));
#4689=DIRECTION('',(-1.,0.,0.));
#4690=DIRECTION('',(0.,0.,1.));
#4691=DIRECTION('',(0.,0.,-1.));
#4692=DIRECTION('',(0.,0.,-1.));
#4693=DIRECTION('',(0.,-1.,0.));
#4694=DIRECTION('',(0.,0.,-1.));
#4695=DIRECTION('',(0.,0.,-1.));
#4696=DIRECTION('',(-1.,0.,0.));
#4697=DIRECTION('',(0.,0.,1.));
#4698=DIRECTION('',(0.,0.,-1.));
#4699=DIRECTION('',(-1.,0.,0.));
#4700=DIRECTION('',(0.,0.,1.));
#4701=DIRECTION('',(0.,0.,-1.));
#4702=DIRECTION('',(0.,0.,-1.));
#4703=DIRECTION('',(0.,-1.,0.));
#4704=DIRECTION('',(0.,0.,-1.));
#4705=DIRECTION('',(0.,0.,-1.));
#4706=DIRECTION('',(-1.,0.,0.));
#4707=DIRECTION('',(0.,0.,1.));
#4708=DIRECTION('',(0.,0.,-1.));
#4709=DIRECTION('',(-1.,0.,0.));
#4710=DIRECTION('',(0.,0.,1.));
#4711=DIRECTION('',(0.,0.,-1.));
#4712=DIRECTION('',(0.,0.,-1.));
#4713=DIRECTION('',(0.,-1.,0.));
#4714=DIRECTION('',(0.,0.,-1.));
#4715=DIRECTION('',(0.,0.,-1.));
#4716=DIRECTION('',(-1.,0.,0.));
#4717=DIRECTION('',(0.,0.,1.));
#4718=DIRECTION('',(0.,0.,-1.));
#4719=DIRECTION('',(-1.,0.,0.));
#4720=DIRECTION('',(0.,0.,1.));
#4721=DIRECTION('',(0.,0.,-1.));
#4722=DIRECTION('',(0.,0.,-1.));
#4723=DIRECTION('',(0.,-1.,0.));
#4724=DIRECTION('',(0.,0.,-1.));
#4725=DIRECTION('',(0.,0.,-1.));
#4726=DIRECTION('',(-1.,0.,0.));
#4727=DIRECTION('',(0.,0.,1.));
#4728=DIRECTION('',(0.,0.,-1.));
#4729=DIRECTION('',(-1.,0.,0.));
#4730=DIRECTION('',(0.,0.,1.));
#4731=DIRECTION('',(0.,0.,-1.));
#4732=DIRECTION('',(0.,0.,-1.));
#4733=DIRECTION('',(0.,-1.,0.));
#4734=DIRECTION('',(0.,0.,-1.));
#4735=DIRECTION('',(0.,0.,-1.));
#4736=DIRECTION('',(-1.,0.,0.));
#4737=DIRECTION('',(0.,0.,1.));
#4738=DIRECTION('',(0.,0.,-1.));
#4739=DIRECTION('',(-1.,0.,0.));
#4740=DIRECTION('',(0.,0.,1.));
#4741=DIRECTION('',(0.,0.,-1.));
#4742=DIRECTION('',(0.,0.,-1.));
#4743=DIRECTION('',(0.,-1.,0.));
#4744=DIRECTION('',(0.,0.,-1.));
#4745=DIRECTION('',(0.,0.,-1.));
#4746=DIRECTION('',(-1.,0.,0.));
#4747=DIRECTION('',(0.,0.,1.));
#4748=DIRECTION('',(0.,0.,-1.));
#4749=DIRECTION('',(0.,-1.,0.));
#4750=DIRECTION('',(0.,0.,-1.));
#4751=DIRECTION('',(0.,-1.,0.));
#4752=DIRECTION('',(0.,0.,-1.));
#4753=DIRECTION('',(0.,-1.,0.));
#4754=DIRECTION('',(0.,0.,-1.));
#4755=DIRECTION('',(0.,-1.,0.));
#4756=DIRECTION('',(0.,0.,-1.));
#4757=DIRECTION('',(0.,-1.,0.));
#4758=DIRECTION('',(0.,0.,-1.));
#4759=DIRECTION('',(0.,-1.,0.));
#4760=DIRECTION('',(0.,0.,-1.));
#4761=DIRECTION('',(0.,-1.,0.));
#4762=DIRECTION('',(0.,0.,-1.));
#4763=DIRECTION('',(0.,-1.,0.));
#4764=DIRECTION('',(0.,0.,-1.));
#4765=DIRECTION('',(0.,-1.,0.));
#4766=DIRECTION('',(0.,0.,-1.));
#4767=DIRECTION('',(1.,-1.65211759616839E-16,0.));
#4768=DIRECTION('',(1.65211759616839E-16,1.,0.));
#4769=DIRECTION('',(0.,0.707106781186547,-0.707106781186548));
#4770=DIRECTION('',(1.,0.,0.));
#4771=DIRECTION('',(-0.577350269189625,-0.577350269189626,-0.577350269189626));
#4772=DIRECTION('',(0.577350269189626,-0.577350269189626,-0.577350269189625));
#4773=DIRECTION('',(-0.707106781186547,-1.2266347333467E-16,-0.707106781186548));
#4774=DIRECTION('',(-1.73472347597681E-16,1.,0.));
#4775=DIRECTION('',(0.577350269189627,0.577350269189626,-0.577350269189625));
#4776=DIRECTION('',(0.707106781186548,6.1331736667335E-17,-0.707106781186547));
#4777=DIRECTION('',(8.67361737988404E-17,-1.,0.));
#4778=DIRECTION('',(0.577350269189626,-0.577350269189626,0.577350269189626));
#4779=DIRECTION('',(6.5712575000716E-17,-0.707106781186548,-0.707106781186548));
#4780=DIRECTION('',(-1.,-9.29316147844717E-17,0.));
#4781=DIRECTION('',(-1.,-3.40141858034669E-16,0.));
#4782=DIRECTION('',(3.40141858034669E-16,-1.,0.));
#4783=DIRECTION('',(0.,0.,-1.));
#4784=DIRECTION('',(3.40141858034669E-16,-1.,0.));
#4785=DIRECTION('',(0.,0.,-1.));
#4786=DIRECTION('',(-3.40141858034669E-16,1.,0.));
#4787=DIRECTION('',(0.,1.,0.));
#4788=DIRECTION('',(0.,0.,1.));
#4789=DIRECTION('',(-1.,0.,0.));
#4790=DIRECTION('',(0.,0.,-1.));
#4791=DIRECTION('',(1.,0.,0.));
#4792=DIRECTION('',(1.,1.70070929017334E-16,0.));
#4793=DIRECTION('',(-1.70070929017334E-16,1.,0.));
#4794=DIRECTION('',(-1.70070929017334E-16,1.,0.));
#4795=DIRECTION('',(0.,0.,-1.));
#4796=DIRECTION('',(1.70070929017334E-16,-1.,0.));
#4797=DIRECTION('',(1.17211045674109E-16,-1.,0.));
#4798=DIRECTION('',(1.,1.17211045674109E-16,0.));
#4799=DIRECTION('',(1.,1.17211045674109E-16,0.));
#4800=DIRECTION('',(-1.,-1.17211045674109E-16,0.));
#4801=DIRECTION('',(0.,0.,1.));
#4802=DIRECTION('',(1.,0.,0.));
#4803=DIRECTION('',(-1.,-1.05775821705903E-16,0.));
#4804=DIRECTION('',(0.,-1.,0.));
#4805=DIRECTION('',(1.,0.,0.));
#4806=DIRECTION('',(0.,1.,0.));
#4807=DIRECTION('',(8.28807252261286E-17,-0.70710678118655,-0.707106781186545));
#4808=DIRECTION('',(1.,1.17211045674109E-16,0.));
#4809=DIRECTION('',(0.577350269189625,0.577350269189624,-0.577350269189628));
#4810=DIRECTION('',(-0.577350269189625,0.577350269189624,-0.577350269189629));
#4811=DIRECTION('',(0.70710678118655,1.20258307190853E-16,-0.707106781186545));
#4812=DIRECTION('',(-1.70070929017334E-16,1.,0.));
#4813=DIRECTION('',(-0.577350269189624,-0.577350269189625,-0.577350269189628));
#4814=DIRECTION('',(-0.70710678118655,-2.40516614381707E-16,-0.707106781186545));
#4815=DIRECTION('',(3.40141858034669E-16,-1.,0.));
#4816=DIRECTION('',(-0.577350269189625,0.577350269189625,0.577350269189628));
#4817=DIRECTION('',(0.,0.70710678118655,-0.707106781186546));
#4818=DIRECTION('',(-1.,0.,0.));
#4819=DIRECTION('',(1.,0.,0.));
#4820=DIRECTION('',(0.,0.,-1.));
#4821=DIRECTION('',(0.,0.,-1.));
#4822=DIRECTION('',(0.,0.,-1.));
#4823=DIRECTION('',(1.05775821705903E-16,-1.,0.));
#4824=DIRECTION('',(1.,1.05775821705903E-16,0.));
#4825=DIRECTION('',(0.,0.,-1.));
#4826=DIRECTION('',(-1.,0.,0.));
#4827=DIRECTION('',(0.,0.,1.));
#4828=DIRECTION('',(0.,0.,-1.));
#4829=DIRECTION('',(0.,1.,0.));
#4830=DIRECTION('',(0.,0.,1.));
#4831=DIRECTION('',(0.,-1.,0.));
#4832=DIRECTION('',(0.,0.,-1.));
#4833=DIRECTION('',(0.,0.,1.));
#4834=DIRECTION('',(0.,-1.,0.));
#4835=DIRECTION('',(0.,0.,-1.));
#4836=DIRECTION('',(1.,0.,0.));
#4837=DIRECTION('',(0.,-1.,0.));
#4838=DIRECTION('',(0.,0.,-1.));
#4839=DIRECTION('',(0.,0.,1.));
#4840=DIRECTION('',(-1.,0.,0.));
#4841=DIRECTION('',(0.,0.,1.));
#4842=DIRECTION('',(0.,0.,1.));
#4843=DIRECTION('',(0.,-1.,0.));
#4844=DIRECTION('',(0.,1.,0.));
#4845=DIRECTION('',(0.,0.,1.));
#4846=DIRECTION('',(0.,0.,1.));
#4847=DIRECTION('',(-1.,0.,0.));
#4848=DIRECTION('',(0.,0.,1.));
#4849=DIRECTION('',(1.,-1.15648231731787E-15,0.));
#4850=DIRECTION('',(1.15648231731787E-15,1.,0.));
#4851=DIRECTION('',(1.15648231731787E-15,1.,0.));
#4852=DIRECTION('',(0.,0.,1.));
#4853=DIRECTION('',(0.,0.,-1.));
#4854=DIRECTION('',(1.,0.,0.));
#4855=DIRECTION('',(0.,-1.,0.));
#4856=DIRECTION('',(-1.,0.,0.));
#4857=DIRECTION('',(1.15648231731787E-15,1.,0.));
#4858=DIRECTION('',(-1.,-1.15648231731787E-15,0.));
#4859=DIRECTION('',(1.15648231731787E-15,-1.,0.));
#4860=DIRECTION('',(0.,0.,1.));
#4861=DIRECTION('',(1.15648231731787E-15,-1.,0.));
#4862=DIRECTION('',(0.,0.,1.));
#4863=DIRECTION('',(0.,1.,0.));
#4864=DIRECTION('',(0.,0.,1.));
#4865=DIRECTION('',(0.,0.,1.));
#4866=DIRECTION('',(-1.,0.,0.));
#4867=DIRECTION('',(0.,0.,1.));
#4868=DIRECTION('',(1.,0.,0.));
#4869=DIRECTION('',(0.,0.,-1.));
#4870=DIRECTION('',(0.,1.,0.));
#4871=DIRECTION('',(0.,0.,1.));
#4872=DIRECTION('',(0.,0.,1.));
#4873=DIRECTION('',(0.,-1.,0.));
#4874=DIRECTION('',(0.,0.,-1.));
#4875=DIRECTION('',(0.,-1.,0.));
#4876=DIRECTION('',(0.,0.,-1.));
#4877=DIRECTION('',(0.,-1.,0.));
#4878=DIRECTION('',(0.,0.,-1.));
#4879=DIRECTION('',(1.,0.,0.));
#4880=DIRECTION('',(0.,-1.,0.));
#4881=DIRECTION('',(0.,0.,-1.));
#4882=DIRECTION('',(0.,0.,-1.));
#4883=DIRECTION('',(1.,0.,0.));
#4884=DIRECTION('',(1.15648231731787E-15,-1.,0.));
#4885=DIRECTION('',(-1.,0.,0.));
#4886=DIRECTION('',(0.,1.,0.));
#4887=DIRECTION('',(1.,0.,0.));
#4888=DIRECTION('',(0.,0.,-1.));
#4889=DIRECTION('',(0.,1.,0.));
#4890=DIRECTION('',(0.,0.,1.));
#4891=DIRECTION('',(0.,0.,1.));
#4892=DIRECTION('',(0.,-1.,0.));
#4893=DIRECTION('',(0.,0.,-1.));
#4894=DIRECTION('',(0.,-1.,0.));
#4895=DIRECTION('',(0.,0.,-1.));
#4896=DIRECTION('',(1.,0.,0.));
#4897=DIRECTION('',(0.,-1.,0.));
#4898=DIRECTION('',(0.,0.,-1.));
#4899=DIRECTION('',(0.,0.,1.));
#4900=DIRECTION('',(0.,-1.,0.));
#4901=DIRECTION('',(0.,0.,-1.));
#4902=DIRECTION('',(-1.,0.,0.));
#4903=DIRECTION('',(0.,0.,1.));
#4904=DIRECTION('',(0.,0.,1.));
#4905=DIRECTION('',(0.,-1.,0.));
#4906=DIRECTION('',(0.,1.,0.));
#4907=DIRECTION('',(0.,0.,1.));
#4908=DIRECTION('',(0.,0.,1.));
#4909=DIRECTION('',(-1.,0.,0.));
#4910=DIRECTION('',(0.,0.,1.));
#4911=DIRECTION('',(0.,0.,-1.));
#4912=DIRECTION('',(1.,0.,0.));
#4913=DIRECTION('',(0.,-1.,0.));
#4914=DIRECTION('',(-1.,0.,0.));
#4915=DIRECTION('',(0.,1.,0.));
#4916=DIRECTION('',(0.,1.,0.));
#4917=DIRECTION('',(0.,0.,1.));
#4918=DIRECTION('',(0.,0.,1.));
#4919=DIRECTION('',(-1.,0.,0.));
#4920=DIRECTION('',(0.,0.,1.));
#4921=DIRECTION('',(1.,0.,0.));
#4922=DIRECTION('',(0.,0.,-1.));
#4923=DIRECTION('',(0.,1.,0.));
#4924=DIRECTION('',(0.,0.,1.));
#4925=DIRECTION('',(0.,0.,1.));
#4926=DIRECTION('',(0.,-1.,0.));
#4927=DIRECTION('',(0.,0.,-1.));
#4928=DIRECTION('',(0.,0.,1.));
#4929=DIRECTION('',(0.,-1.,0.));
#4930=DIRECTION('',(0.,0.,-1.));
#4931=DIRECTION('',(1.,0.,0.));
#4932=DIRECTION('',(0.,-1.,0.));
#4933=DIRECTION('',(0.,0.,-1.));
#4934=DIRECTION('',(-1.,0.,0.));
#4935=DIRECTION('',(0.,0.,1.));
#4936=DIRECTION('',(0.,0.,1.));
#4937=DIRECTION('',(0.,-1.,0.));
#4938=DIRECTION('',(0.,0.,-1.));
#4939=DIRECTION('',(1.,0.,0.));
#4940=DIRECTION('',(0.,-1.,0.));
#4941=DIRECTION('',(-1.,0.,0.));
#4942=DIRECTION('',(0.,1.,0.));
#4943=DIRECTION('',(1.15648231731787E-15,-1.,0.));
#4944=DIRECTION('',(1.,1.15648231731787E-15,0.));
#4945=DIRECTION('',(1.15648231731787E-15,-1.,0.));
#4946=DIRECTION('',(1.,1.15648231731787E-15,0.));
#4947=DIRECTION('',(0.,1.,0.));
#4948=DIRECTION('',(0.,0.,1.));
#4949=DIRECTION('',(0.,1.,0.));
#4950=DIRECTION('',(0.,0.,1.));
#4951=DIRECTION('',(0.,1.,0.));
#4952=DIRECTION('',(0.,0.,1.));
#4953=DIRECTION('',(0.,1.,0.));
#4954=DIRECTION('',(0.,0.,1.));
#4955=DIRECTION('',(0.,-1.,0.));
#4956=DIRECTION('',(0.,0.,-1.));
#4957=DIRECTION('',(0.,-1.,0.));
#4958=DIRECTION('',(0.,0.,-1.));
#4959=DIRECTION('',(0.,1.,0.));
#4960=DIRECTION('',(0.,0.,1.));
#4961=DIRECTION('',(0.,1.,0.));
#4962=DIRECTION('',(0.,0.,1.));
#4963=DIRECTION('',(0.,-1.,0.));
#4964=DIRECTION('',(0.,0.,-1.));
#4965=DIRECTION('',(0.,-1.,0.));
#4966=DIRECTION('',(0.,0.,-1.));
#4967=DIRECTION('',(0.,1.,0.));
#4968=DIRECTION('',(0.,0.,1.));
#4969=DIRECTION('',(0.,1.,0.));
#4970=DIRECTION('',(0.,0.,1.));
#4971=DIRECTION('',(-1.15648231731787E-15,-1.,0.));
#4972=DIRECTION('',(1.,-1.15648231731787E-15,0.));
#4973=DIRECTION('',(-1.15648231731787E-15,-1.,0.));
#4974=DIRECTION('',(1.,-1.15648231731787E-15,0.));
#4975=DIRECTION('',(0.,-1.,0.));
#4976=DIRECTION('',(0.,0.,-1.));
#4977=DIRECTION('',(0.,-1.,0.));
#4978=DIRECTION('',(0.,0.,-1.));
#4979=DIRECTION('',(0.,-1.,0.));
#4980=DIRECTION('',(1.,0.,0.));
#4981=DIRECTION('',(0.,-1.,0.));
#4982=DIRECTION('',(0.,0.,-1.));
#4983=DIRECTION('',(0.,-1.,0.));
#4984=DIRECTION('',(0.,0.,-1.));
#4985=DIRECTION('',(0.,-1.,0.));
#4986=DIRECTION('',(1.,0.,0.));
#4987=DIRECTION('',(0.,0.,1.));
#4988=DIRECTION('',(1.,0.,0.));
#4989=DIRECTION('',(0.,0.,-1.));
#4990=DIRECTION('',(-1.,0.,0.));
#4991=DIRECTION('',(0.,1.,0.));
#4992=DIRECTION('',(0.,0.,1.));
#4993=DIRECTION('',(1.,0.,3.46944695195361E-15));
#4994=DIRECTION('',(3.46944695195361E-15,0.,-1.));
#4995=DIRECTION('',(-1.,0.,0.));
#4996=DIRECTION('',(0.,0.,1.));
#4997=DIRECTION('',(1.,0.,0.));
#4998=DIRECTION('',(0.,0.,-1.));
#4999=DIRECTION('',(0.,1.,0.));
#5000=DIRECTION('',(0.,0.,1.));
#5001=DIRECTION('',(0.,0.,1.));
#5002=DIRECTION('',(1.,0.,0.));
#5003=DIRECTION('',(0.,0.,1.));
#5004=DIRECTION('',(1.,0.,0.));
#5005=DIRECTION('',(0.,0.,1.));
#5006=DIRECTION('',(1.,0.,0.));
#5007=DIRECTION('',(0.,0.,-1.));
#5008=DIRECTION('',(-1.,0.,0.));
#5009=DIRECTION('',(0.,1.,0.));
#5010=DIRECTION('',(0.,0.,1.));
#5011=DIRECTION('',(1.,0.,0.));
#5012=DIRECTION('',(0.,0.,-1.));
#5013=DIRECTION('',(-1.,0.,0.));
#5014=DIRECTION('',(0.,0.,1.));
#5015=DIRECTION('',(1.,0.,0.));
#5016=DIRECTION('',(0.,0.,-1.));
#5017=DIRECTION('',(0.,1.,0.));
#5018=DIRECTION('',(0.,0.,1.));
#5019=DIRECTION('',(0.,0.,1.));
#5020=DIRECTION('',(1.,0.,0.));
#5021=DIRECTION('',(0.,0.,1.));
#5022=DIRECTION('',(1.,0.,0.));
#5023=DIRECTION('',(0.,0.,1.));
#5024=DIRECTION('',(1.,0.,0.));
#5025=DIRECTION('',(0.,0.,-1.));
#5026=DIRECTION('',(-1.,0.,0.));
#5027=DIRECTION('',(0.,1.,0.));
#5028=DIRECTION('',(0.,0.,1.));
#5029=DIRECTION('',(-1.,0.,0.));
#5030=DIRECTION('',(0.,0.,1.));
#5031=DIRECTION('',(1.,0.,0.));
#5032=DIRECTION('',(0.,0.,-1.));
#5033=DIRECTION('',(-1.,0.,0.));
#5034=DIRECTION('',(0.,0.,1.));
#5035=DIRECTION('',(0.,1.,0.));
#5036=DIRECTION('',(0.,0.,1.));
#5037=DIRECTION('',(0.,0.,1.));
#5038=DIRECTION('',(1.,0.,0.));
#5039=DIRECTION('',(0.,0.,1.));
#5040=DIRECTION('',(1.,0.,0.));
#5041=DIRECTION('',(0.,0.,1.));
#5042=DIRECTION('',(1.,0.,0.));
#5043=DIRECTION('',(0.,0.,-1.));
#5044=DIRECTION('',(-1.,0.,0.));
#5045=DIRECTION('',(0.,1.,0.));
#5046=DIRECTION('',(0.,0.,1.));
#5047=DIRECTION('',(-1.,0.,0.));
#5048=DIRECTION('',(0.,0.,1.));
#5049=DIRECTION('',(1.,0.,0.));
#5050=DIRECTION('',(0.,0.,-1.));
#5051=DIRECTION('',(-1.,0.,0.));
#5052=DIRECTION('',(0.,0.,1.));
#5053=DIRECTION('',(0.,1.,0.));
#5054=DIRECTION('',(0.,0.,1.));
#5055=DIRECTION('',(0.,0.,1.));
#5056=DIRECTION('',(1.,0.,0.));
#5057=DIRECTION('',(0.,0.,1.));
#5058=DIRECTION('',(1.,0.,0.));
#5059=DIRECTION('',(0.,1.,0.));
#5060=DIRECTION('',(0.,0.,1.));
#5061=DIRECTION('',(0.,0.,1.));
#5062=DIRECTION('',(0.,0.,1.));
#5063=DIRECTION('',(0.999995438965013,-0.00302027302922222,0.));
#5064=DIRECTION('',(0.00302027302922222,0.999995438965013,0.));
#5065=DIRECTION('',(0.,0.,1.));
#5066=DIRECTION('',(-0.999995438965013,0.00302027302922234,0.));
#5067=DIRECTION('',(-0.00302027302922234,-0.999995438965013,0.));
#5068=DIRECTION('',(0.,0.,1.));
#5069=DIRECTION('',(0.,-1.,0.));
#5070=DIRECTION('',(0.,0.,-1.));
#5071=DIRECTION('',(0.,0.,1.));
#5072=DIRECTION('',(1.,0.,0.));
#5073=DIRECTION('',(0.,0.,-1.));
#5074=DIRECTION('',(-1.,0.,0.));
#5075=DIRECTION('',(0.,0.,-1.));
#5076=DIRECTION('',(-1.,0.,0.));
#5077=DIRECTION('',(0.,0.,1.));
#5078=DIRECTION('',(1.,0.,0.));
#5079=DIRECTION('',(0.,0.,1.));
#5080=DIRECTION('',(1.,0.,0.));
#5081=DIRECTION('',(0.,0.,1.));
#5082=DIRECTION('',(1.,0.,0.));
#5083=DIRECTION('',(0.,0.,1.));
#5084=DIRECTION('',(1.,0.,0.));
#5085=DIRECTION('',(0.,0.,1.));
#5086=DIRECTION('',(1.,0.,0.));
#5087=DIRECTION('',(0.,0.,1.));
#5088=DIRECTION('',(1.,0.,0.));
#5089=DIRECTION('',(0.,0.,1.));
#5090=DIRECTION('',(1.,0.,0.));
#5091=DIRECTION('',(0.,0.,1.));
#5092=DIRECTION('',(1.,0.,0.));
#5093=DIRECTION('',(0.,0.,1.));
#5094=DIRECTION('',(1.,0.,0.));
#5095=DIRECTION('',(0.,0.,1.));
#5096=DIRECTION('',(1.,0.,0.));
#5097=DIRECTION('',(0.,0.,1.));
#5098=DIRECTION('',(1.,0.,0.));
#5099=DIRECTION('',(0.,0.,1.));
#5100=DIRECTION('',(1.,0.,0.));
#5101=DIRECTION('',(0.,0.,1.));
#5102=DIRECTION('',(1.,0.,0.));
#5103=CARTESIAN_POINT('',(0.,0.,0.));
#5104=CARTESIAN_POINT('',(35.0944921374321,17.9472038596868,22.998));
#5105=CARTESIAN_POINT('',(34.5944921374321,17.9472038596868,26.9523071626203));
#5106=CARTESIAN_POINT('',(34.5944921374321,17.8172259387608,26.9107666227401));
#5107=CARTESIAN_POINT('',(34.6945287081783,17.5651314518554,26.8162427360937));
#5108=CARTESIAN_POINT('',(35.0931051716323,17.3884710719792,26.7364382972434));
#5109=CARTESIAN_POINT('',(35.4943323486005,17.5642127785474,26.8158716877682));
#5110=CARTESIAN_POINT('',(35.5944921374324,17.8171744511493,26.9107501674595));
#5111=CARTESIAN_POINT('',(35.5944921374325,17.9472038596868,26.9523071626203));
#5112=CARTESIAN_POINT('',(34.5944921374321,17.9472038596868,26.9523071626202));
#5113=CARTESIAN_POINT('',(35.5944921374321,17.9472038596868,26.9523071626202));
#5114=CARTESIAN_POINT('',(34.5944921374321,17.9472038596868,22.998));
#5115=CARTESIAN_POINT('',(34.5944921374321,17.9472038596868,26.529976190812));
#5116=CARTESIAN_POINT('',(34.8448031607196,17.5140117372882,26.3491655540431));
#5117=CARTESIAN_POINT('',(34.6886271583097,17.6040305169761,26.3921578257956));
#5118=CARTESIAN_POINT('',(34.5944921374318,17.7718164399028,26.4672166289646));
#5119=CARTESIAN_POINT('',(34.5944921374318,17.9472038596868,26.529976190812));
#5120=CARTESIAN_POINT('',(34.8448031607197,17.5140117372882,26.3491655540432));
#5121=CARTESIAN_POINT('',(34.8448031607192,17.5140117372884,25.5372150088488));
#5122=CARTESIAN_POINT('',(34.8448031607192,17.5140117372884,25.7779326680807));
#5123=CARTESIAN_POINT('',(34.8448031607192,17.5140117372884,25.7779326680808));
#5124=CARTESIAN_POINT('',(34.9398067528992,17.4592523164934,25.746402156322));
#5125=CARTESIAN_POINT('',(35.0584871760911,17.4356013890345,25.7316683994923));
#5126=CARTESIAN_POINT('',(35.1712963680414,17.4531379631098,25.7421748390425));
#5127=CARTESIAN_POINT('',(35.1712963680414,17.4531379631098,25.7421748390425));
#5128=CARTESIAN_POINT('',(35.1712963680428,17.45313796311,25.5372150088488));
#5129=CARTESIAN_POINT('',(35.1712963680428,17.45313796311,26.3195666656777));
#5130=CARTESIAN_POINT('',(35.5944921374321,17.9472038596869,26.529976190812));
#5131=CARTESIAN_POINT('',(35.5944921374321,17.7121385958092,26.4458618741485));
#5132=CARTESIAN_POINT('',(35.4171030753938,17.4913494550746,26.3384778424338));
#5133=CARTESIAN_POINT('',(35.1712963680428,17.45313796311,26.3195666656777));
#5134=CARTESIAN_POINT('',(35.5944921374321,17.9472038596868,26.529976190812));
#5135=CARTESIAN_POINT('',(35.5944921374321,17.9472038596868,22.998));
#5136=CARTESIAN_POINT('',(34.5944921374321,18.9472038596868,22.998));
#5137=CARTESIAN_POINT('',(34.5944921374321,19.9472038596869,27.085433074577));
#5138=CARTESIAN_POINT('',(34.5944921374321,19.2849108957034,27.2032364026778));
#5139=CARTESIAN_POINT('',(34.5944921374321,18.5903490104488,27.1578543555095));
#5140=CARTESIAN_POINT('',(34.5944921374321,17.9472038596868,26.9523071626203));
#5141=CARTESIAN_POINT('',(34.5944921374321,19.9472038596869,27.085433074577));
#5142=CARTESIAN_POINT('',(34.5944921374321,19.9472038596868,22.998));
#5143=CARTESIAN_POINT('',(34.5944921374321,19.9472038596868,26.6784186013623));
#5144=CARTESIAN_POINT('',(34.5944921374321,17.9472038596869,26.529976190812));
#5145=CARTESIAN_POINT('',(34.5944921374321,18.5832180626671,26.7575636241462));
#5146=CARTESIAN_POINT('',(34.5944921374321,19.2796783252728,26.8102904979591));
#5147=CARTESIAN_POINT('',(34.5944921374321,19.9472038596869,26.6784186013623));
#5148=CARTESIAN_POINT('',(35.5944921374321,18.9472038596868,22.998));
#5149=CARTESIAN_POINT('',(35.5944921374321,19.9472038596868,22.998));
#5150=CARTESIAN_POINT('',(35.5944921374321,19.947203859687,26.6784186013622));
#5151=CARTESIAN_POINT('',(35.5944921374321,19.9472038596868,27.085433074577));
#5152=CARTESIAN_POINT('',(35.5944921374321,19.9472038596868,27.085433074577));
#5153=CARTESIAN_POINT('',(35.5944921374321,19.2849108957033,27.2032364026778));
#5154=CARTESIAN_POINT('',(35.5944921374321,18.5903490104488,27.1578543555095));
#5155=CARTESIAN_POINT('',(35.5944921374321,17.9472038596868,26.9523071626203));
#5156=CARTESIAN_POINT('',(35.5944921374321,17.9472038596869,26.529976190812));
#5157=CARTESIAN_POINT('',(35.5944921374321,18.5832180626672,26.7575636241462));
#5158=CARTESIAN_POINT('',(35.5944921374321,19.2796783252729,26.8102904979592));
#5159=CARTESIAN_POINT('',(35.5944921374321,19.947203859687,26.6784186013623));
#5160=CARTESIAN_POINT('',(35.0944921374321,19.9472038596868,22.998));
#5161=CARTESIAN_POINT('',(35.5944921374321,19.9472038596868,27.085433074577));
#5162=CARTESIAN_POINT('',(35.5944921374321,20.0792193829392,27.0619512185921));
#5163=CARTESIAN_POINT('',(35.4890998873948,20.3347367408293,26.9986545481482));
#5164=CARTESIAN_POINT('',(35.0954535998112,20.5033126493307,26.9366166533972));
#5165=CARTESIAN_POINT('',(34.6998334091377,20.3352334197935,26.9985103902371));
#5166=CARTESIAN_POINT('',(34.5944921374316,20.0792343934312,27.061948548647));
#5167=CARTESIAN_POINT('',(34.5944921374316,19.9472038596869,27.0854330745771));
#5168=CARTESIAN_POINT('',(34.5944921374321,19.9472038596868,26.6784186013623));
#5169=CARTESIAN_POINT('',(34.5944921374321,20.0792126086743,26.6523398325379));
#5170=CARTESIAN_POINT('',(34.6992264350395,20.3339249071097,26.5821410354952));
#5171=CARTESIAN_POINT('',(35.0934068420827,20.503709914103,26.5122736691916));
#5172=CARTESIAN_POINT('',(35.4898439954941,20.3344555770571,26.5819688871923));
#5173=CARTESIAN_POINT('',(35.5944921374326,20.0792349390665,26.6523354210945));
#5174=CARTESIAN_POINT('',(35.5944921374326,19.947203859687,26.6784186013623));
#5175=CARTESIAN_POINT('',(31.376706761082,18.8635556544611,22.998));
#5176=CARTESIAN_POINT('',(30.9339787482554,19.095917240483,26.9523071626203));
#5177=CARTESIAN_POINT('',(30.8735754753559,18.9808284194914,26.910766952024));
#5178=CARTESIAN_POINT('',(30.8449986023233,18.71111915195,26.8162425778913));
#5179=CARTESIAN_POINT('',(31.1158226399065,18.3694672524272,26.7364383912258));
#5180=CARTESIAN_POINT('',(31.5527629854792,18.3386178649724,26.8158714699483));
#5181=CARTESIAN_POINT('',(31.7590085168487,18.5160614547855,26.9107511454814));
#5182=CARTESIAN_POINT('',(31.81943477391,18.6311940684384,26.9523071626204));
#5183=CARTESIAN_POINT('',(30.9339787482554,19.0959172404831,26.9523071626202));
#5184=CARTESIAN_POINT('',(31.8194347739086,18.6311940684393,26.9523071626202));
#5185=CARTESIAN_POINT('',(30.9339787482554,19.0959172404831,22.998));
#5186=CARTESIAN_POINT('',(30.9339787482554,19.0959172404831,26.5299761908178));
#5187=CARTESIAN_POINT('',(31.8194347739095,18.631194068441,26.5299761908127));
#5188=CARTESIAN_POINT('',(31.7592389818536,18.5165005691671,26.4836258139783));
#5189=CARTESIAN_POINT('',(31.5560527828967,18.3404249418835,26.3781581394067));
#5190=CARTESIAN_POINT('',(31.1180433153558,18.3671067504005,26.285985183901));
#5191=CARTESIAN_POINT('',(30.8439159294937,18.7129364775598,26.3776537532544));
#5192=CARTESIAN_POINT('',(30.873740881396,18.9811435743721,26.4835934166477));
#5193=CARTESIAN_POINT('',(30.9339787482558,19.0959172404849,26.5299761908127));
#5194=CARTESIAN_POINT('',(31.8194347739086,18.6311940684393,26.5299761908178));
#5195=CARTESIAN_POINT('',(31.8194347739086,18.6311940684393,22.998));
#5196=CARTESIAN_POINT('',(31.3987019202991,19.9813732661363,22.998));
#5197=CARTESIAN_POINT('',(31.863425092343,20.8668292917897,27.085433074577));
#5198=CARTESIAN_POINT('',(31.5518653459615,20.2732017918498,27.2046819885709));
#5199=CARTESIAN_POINT('',(31.2354242538134,19.6702736646068,27.159615627594));
#5200=CARTESIAN_POINT('',(30.9339787482553,19.095917240483,26.9523071626203));
#5201=CARTESIAN_POINT('',(31.863425092343,20.8668292917897,27.085433074577));
#5202=CARTESIAN_POINT('',(31.8634250923429,20.8668292917895,22.998));
#5203=CARTESIAN_POINT('',(31.8634250923429,20.8668292917895,26.6784186013623));
#5204=CARTESIAN_POINT('',(30.9339787482558,19.0959172404839,26.5299761908123));
#5205=CARTESIAN_POINT('',(31.2322097385191,19.664148917428,26.7596121555568));
#5206=CARTESIAN_POINT('',(31.5526900458658,20.2747731262345,26.8105117461135));
#5207=CARTESIAN_POINT('',(31.8634250923429,20.8668292917896,26.678418601363));
#5208=CARTESIAN_POINT('',(32.2841579459524,19.5166500940925,22.998));
#5209=CARTESIAN_POINT('',(32.7488811179961,20.4021061197457,22.998));
#5210=CARTESIAN_POINT('',(32.7488811179962,20.4021061197458,26.6784186013622));
#5211=CARTESIAN_POINT('',(32.7488811179961,20.4021061197457,27.085433074577));
#5212=CARTESIAN_POINT('',(32.7488811179961,20.4021061197457,27.085433074577));
#5213=CARTESIAN_POINT('',(32.4373213716147,19.8084786198059,27.2046819885708));
#5214=CARTESIAN_POINT('',(32.1208802794666,19.2055504925629,27.1596156275939));
#5215=CARTESIAN_POINT('',(31.8194347739086,18.6311940684393,26.9523071626203));
#5216=CARTESIAN_POINT('',(31.819434773909,18.6311940684401,26.5299761908123));
#5217=CARTESIAN_POINT('',(32.1176657641724,19.1994257453843,26.7596121555568));
#5218=CARTESIAN_POINT('',(32.438146071519,19.8100499541908,26.8105117461135));
#5219=CARTESIAN_POINT('',(32.7488811179962,20.4021061197459,26.678418601363));
#5220=CARTESIAN_POINT('',(32.3061531051695,20.6344677057676,22.998));
#5221=CARTESIAN_POINT('',(32.7488811179961,20.4021061197457,27.085433074577));
#5222=CARTESIAN_POINT('',(32.8102312852817,20.5189990972552,27.0619514120481));
#5223=CARTESIAN_POINT('',(32.8356567155711,20.7942280381974,26.9986544835551));
#5224=CARTESIAN_POINT('',(32.5654409616167,21.1264304454425,26.9366166889508));
#5225=CARTESIAN_POINT('',(32.1370262926324,21.1614589958342,26.998510312434));
#5226=CARTESIAN_POINT('',(31.9247811254416,20.9837334456765,27.0619491669186));
#5227=CARTESIAN_POINT('',(31.8634250923411,20.8668292917909,27.0854330745773));
#5228=CARTESIAN_POINT('',(31.8634250923429,20.8668292917895,26.6784186013623));
#5229=CARTESIAN_POINT('',(31.9247678512841,20.9837081538782,26.6523418584004));
#5230=CARTESIAN_POINT('',(32.1358802510484,21.1605835924232,26.5821410845259));
#5231=CARTESIAN_POINT('',(32.5638094269594,21.1277350648845,26.5122737086394));
#5232=CARTESIAN_POINT('',(32.8361856518809,20.7936333015576,26.5819686899561));
#5233=CARTESIAN_POINT('',(32.8102388348409,20.5190134817371,26.6523354998116));
#5234=CARTESIAN_POINT('',(32.7488811179968,20.4021061197455,26.6784186013623));
#5235=CARTESIAN_POINT('',(28.5106212102828,21.4026858858376,22.998));
#5236=CARTESIAN_POINT('',(28.2265888369173,21.8141778187844,26.9523071626203));
#5237=CARTESIAN_POINT('',(28.1196243526856,21.7403455662186,26.9107686605939));
#5238=CARTESIAN_POINT('',(27.9689751063526,21.5148069803324,26.8162423560768));
#5239=CARTESIAN_POINT('',(28.0500040848519,21.0864336204045,26.7364384520076));
#5240=CARTESIAN_POINT('',(28.4225606226229,20.8560592713302,26.8158714581815));
#5241=CARTESIAN_POINT('',(28.6876419405332,20.9173291488973,26.9107503469509));
#5242=CARTESIAN_POINT('',(28.7946535836487,20.9911939528903,26.9523071626203));
#5243=CARTESIAN_POINT('',(28.2265888369173,21.8141778187845,26.9523071626202));
#5244=CARTESIAN_POINT('',(28.7946535836484,20.9911939528908,26.9523071626202));
#5245=CARTESIAN_POINT('',(28.2265888369173,21.8141778187845,22.998));
#5246=CARTESIAN_POINT('',(28.2265888369326,21.814177818795,26.5299761908187));
#5247=CARTESIAN_POINT('',(28.0177710319856,21.3184320921406,26.3394230793229));
#5248=CARTESIAN_POINT('',(27.9846892974643,21.5119466870538,26.3793966750908));
#5249=CARTESIAN_POINT('',(28.0705795332624,21.7064923716778,26.4621432507328));
#5250=CARTESIAN_POINT('',(28.2265888369319,21.8141778187958,26.5299761908188));
#5251=CARTESIAN_POINT('',(28.0177710319864,21.3184320921407,26.3394230793233));
#5252=CARTESIAN_POINT('',(28.0177710319864,21.3184320921407,25.5372150088488));
#5253=CARTESIAN_POINT('',(28.0177710319958,21.318432092125,25.7661790438644));
#5254=CARTESIAN_POINT('',(28.0177710319885,21.3184320921233,25.7661790438601));
#5255=CARTESIAN_POINT('',(28.038262152156,21.1985674334202,25.7362879504481));
#5256=CARTESIAN_POINT('',(28.1070080904928,21.0831620034462,25.7306134463441));
#5257=CARTESIAN_POINT('',(28.2036875576556,21.0079812711129,25.7524500444981));
#5258=CARTESIAN_POINT('',(28.2036875576556,21.0079812711129,25.7524500444983));
#5259=CARTESIAN_POINT('',(28.2036875576553,21.0079812711132,25.5372150088488));
#5260=CARTESIAN_POINT('',(28.2036875576554,21.0079812711132,26.3280596820756));
#5261=CARTESIAN_POINT('',(28.7946535836638,20.9911939529014,26.5299761908187));
#5262=CARTESIAN_POINT('',(28.6210989576284,20.8713978441604,26.454514533897));
#5263=CARTESIAN_POINT('',(28.3758914675082,20.8740705614936,26.3602275355098));
#5264=CARTESIAN_POINT('',(28.2036875576554,21.0079812711132,26.3280596820756));
#5265=CARTESIAN_POINT('',(28.7946535836638,20.9911939529014,26.5299761908187));
#5266=CARTESIAN_POINT('',(28.7946535836484,20.9911939528908,22.998));
#5267=CARTESIAN_POINT('',(29.049572702811,22.3822425655156,22.998));
#5268=CARTESIAN_POINT('',(29.8725565687047,22.9503073122468,27.085433074577));
#5269=CARTESIAN_POINT('',(29.3208120961043,22.5694656006688,27.2046818941286));
#5270=CARTESIAN_POINT('',(28.7604221797342,22.1826563701284,27.1596155748621));
#5271=CARTESIAN_POINT('',(28.2265888369173,21.8141778187844,26.9523071626203));
#5272=CARTESIAN_POINT('',(29.8725565687047,22.9503073122468,27.085433074577));
#5273=CARTESIAN_POINT('',(29.8725565687046,22.9503073122467,22.998));
#5274=CARTESIAN_POINT('',(29.8725565687046,22.9503073122467,26.6784186013623));
#5275=CARTESIAN_POINT('',(28.2265888369326,21.814177818795,26.5299761908186));
#5276=CARTESIAN_POINT('',(28.7547293498343,22.1787268933679,26.7596120069322));
#5277=CARTESIAN_POINT('',(29.3222722892524,22.5704734992257,26.8105117079182));
#5278=CARTESIAN_POINT('',(29.8725565687047,22.9503073122468,26.6784186013631));
#5279=CARTESIAN_POINT('',(29.6176374495421,21.5592586996219,22.998));
#5280=CARTESIAN_POINT('',(30.4406213154358,22.1273234463531,22.998));
#5281=CARTESIAN_POINT('',(30.440621315436,22.1273234463533,26.6784186013622));
#5282=CARTESIAN_POINT('',(30.4406213154358,22.1273234463531,27.085433074577));
#5283=CARTESIAN_POINT('',(30.4406213154358,22.1273234463531,27.085433074577));
#5284=CARTESIAN_POINT('',(29.8888768428355,21.7464817347751,27.2046818941286));
#5285=CARTESIAN_POINT('',(29.3284869264653,21.3596725042347,27.1596155748621));
#5286=CARTESIAN_POINT('',(28.7946535836484,20.9911939528908,26.9523071626204));
#5287=CARTESIAN_POINT('',(28.7946535836638,20.9911939529014,26.5299761908187));
#5288=CARTESIAN_POINT('',(29.3227940965656,21.3557430274743,26.7596120069322));
#5289=CARTESIAN_POINT('',(29.8903370359837,21.7474896333322,26.8105117079182));
#5290=CARTESIAN_POINT('',(30.440621315436,22.1273234463533,26.678418601363));
#5291=CARTESIAN_POINT('',(30.1565889420701,22.5388153792999,22.998));
#5292=CARTESIAN_POINT('',(30.4406213154358,22.1273234463531,27.085433074577));
#5293=CARTESIAN_POINT('',(30.5492623934021,22.2023129680159,27.0619524219459));
#5294=CARTESIAN_POINT('',(30.6996865449103,22.4342030008015,26.9986545872663));
#5295=CARTESIAN_POINT('',(30.6148048665166,22.8539274983199,26.9366166637233));
#5296=CARTESIAN_POINT('',(30.2517392990325,23.0840398849102,26.9985103146667));
#5297=CARTESIAN_POINT('',(29.9812150370997,23.0253088376566,27.0619486633435));
#5298=CARTESIAN_POINT('',(29.8725565687043,22.9503073122474,27.0854330745771));
#5299=CARTESIAN_POINT('',(29.8725565687046,22.9503073122467,26.6784186013623));
#5300=CARTESIAN_POINT('',(29.9811960987838,23.0252957654802,26.6523402023262));
#5301=CARTESIAN_POINT('',(30.2503178986205,23.0837957510648,26.5821409903522));
#5302=CARTESIAN_POINT('',(30.6139674003573,22.8558402638634,26.5122737009131));
#5303=CARTESIAN_POINT('',(30.6998771839597,22.433431188726,26.5819688063647));
#5304=CARTESIAN_POINT('',(30.5492788390745,22.2023243196421,26.6523358830588));
#5305=CARTESIAN_POINT('',(30.440621315437,22.127323446352,26.6784186013625));
#5306=CARTESIAN_POINT('',(27.1528211446476,24.9829104176442,22.998));
#5307=CARTESIAN_POINT('',(27.09255280452,25.4792648546933,26.9523071626203));
#5308=CARTESIAN_POINT('',(26.9635838455049,25.4636051879156,26.9107863503638));
#5309=CARTESIAN_POINT('',(26.7253092102804,25.3339070378926,26.8162392593208));
#5310=CARTESIAN_POINT('',(26.5979965130393,24.9169681890946,26.7364396730132));
#5311=CARTESIAN_POINT('',(26.8208132253446,24.5398160815819,26.8158697565963));
#5312=CARTESIAN_POINT('',(27.0840080637759,24.4708826584599,26.9107501438769));
#5313=CARTESIAN_POINT('',(27.2130894847754,24.4865559805948,26.9523071626203));
#5314=CARTESIAN_POINT('',(27.09255280452,25.4792648546933,26.9523071626202));
#5315=CARTESIAN_POINT('',(27.2130894847754,24.4865559805953,26.9523071626202));
#5316=CARTESIAN_POINT('',(27.09255280452,25.4792648546933,22.998));
#5317=CARTESIAN_POINT('',(27.09255280452,25.4792648546933,26.5299761908218));
#5318=CARTESIAN_POINT('',(27.2130894847786,24.4865559805956,26.5299761908132));
#5319=CARTESIAN_POINT('',(27.0844937077841,24.4709416263181,26.4836222921921));
#5320=CARTESIAN_POINT('',(26.8241741800297,24.538140431611,26.3781582817392));
#5321=CARTESIAN_POINT('',(26.5973138633558,24.913777947585,26.2859853292983));
#5322=CARTESIAN_POINT('',(26.7262005361461,25.3358295428741,26.3776529944864));
#5323=CARTESIAN_POINT('',(26.9638957727773,25.4636430627444,26.4836002121783));
#5324=CARTESIAN_POINT('',(27.0925528045232,25.4792648546937,26.5299761908131));
#5325=CARTESIAN_POINT('',(27.2130894847754,24.4865559805953,26.5299761908218));
#5326=CARTESIAN_POINT('',(27.2130894847754,24.4865559805953,22.998));
#5327=CARTESIAN_POINT('',(28.085261678618,25.5998015349486,22.998));
#5328=CARTESIAN_POINT('',(29.0779705527162,25.7203382152039,27.085433074577));
#5329=CARTESIAN_POINT('',(28.4124378392749,25.6395279132386,27.2046821229941));
#5330=CARTESIAN_POINT('',(27.7364796727139,25.5574517320795,27.159615702639));
#5331=CARTESIAN_POINT('',(27.09255280452,25.4792648546933,26.9523071626203));
#5332=CARTESIAN_POINT('',(29.0779705527162,25.720338215204,27.085433074577));
#5333=CARTESIAN_POINT('',(29.0779705527161,25.720338215204,22.998));
#5334=CARTESIAN_POINT('',(29.0779705527161,25.720338215204,26.6784186013623));
#5335=CARTESIAN_POINT('',(27.0925528045216,25.4792648546935,26.5299761908126));
#5336=CARTESIAN_POINT('',(27.7296134055666,25.5566180163051,26.7596123671045));
#5337=CARTESIAN_POINT('',(28.4141999821383,25.6397418761198,26.8105118004705));
#5338=CARTESIAN_POINT('',(29.0779705527162,25.7203382152039,26.6784186013628));
#5339=CARTESIAN_POINT('',(28.2057983588734,24.6070926608506,22.998));
#5340=CARTESIAN_POINT('',(29.1985072329715,24.7276293411059,22.998));
#5341=CARTESIAN_POINT('',(29.1985072329576,24.7276293411042,26.678418601365));
#5342=CARTESIAN_POINT('',(29.1985072329715,24.7276293411059,27.085433074577));
#5343=CARTESIAN_POINT('',(29.1985072329715,24.7276293411059,27.085433074577));
#5344=CARTESIAN_POINT('',(28.5329745195302,24.6468190391405,27.2046821229941));
#5345=CARTESIAN_POINT('',(27.8570163529692,24.5647428579814,27.159615702639));
#5346=CARTESIAN_POINT('',(27.2130894847753,24.4865559805952,26.9523071626203));
#5347=CARTESIAN_POINT('',(27.213089484777,24.4865559805954,26.5299761908126));
#5348=CARTESIAN_POINT('',(27.8501500858176,24.5639091422065,26.7596123671029));
#5349=CARTESIAN_POINT('',(28.5347366623842,24.6470330020206,26.8105118004698));
#5350=CARTESIAN_POINT('',(29.1985072329577,24.7276293411042,26.6784186013656));
#5351=CARTESIAN_POINT('',(29.1382388928438,25.2239837781549,22.998));
#5352=CARTESIAN_POINT('',(29.1985072329715,24.7276293411059,27.085433074577));
#5353=CARTESIAN_POINT('',(29.3294952138326,24.7435341615203,27.0619628652901));
#5354=CARTESIAN_POINT('',(29.5705221523792,24.8789549591215,26.9986550543027));
#5355=CARTESIAN_POINT('',(29.6904087924451,25.290034431209,26.936616702465));
#5356=CARTESIAN_POINT('',(29.4758709223129,25.6625424222724,26.9985097368589));
#5357=CARTESIAN_POINT('',(29.2090384506726,25.7362527393111,27.0619485458775));
#5358=CARTESIAN_POINT('',(29.0779705527162,25.7203382152045,27.0854330745771));
#5359=CARTESIAN_POINT('',(29.0779705527161,25.7203382152039,26.6784186013623));
#5360=CARTESIAN_POINT('',(29.209017184234,25.7362501570974,26.6523397579233));
#5361=CARTESIAN_POINT('',(29.4744983096874,25.6629811049242,26.5821404901566));
#5362=CARTESIAN_POINT('',(29.6905550790137,25.2921375479337,26.5122739148042));
#5363=CARTESIAN_POINT('',(29.5703274135476,24.8781892431324,26.5819684413838));
#5364=CARTESIAN_POINT('',(29.3295530677826,24.743541186258,26.6523399164721));
#5365=CARTESIAN_POINT('',(29.1985072329576,24.7276293411042,26.678418601365));
#5366=CARTESIAN_POINT('',(27.6143621959488,28.7840429560272,22.998));
#5367=CARTESIAN_POINT('',(27.79166463947,29.2515510773699,26.9523071626203));
#5368=CARTESIAN_POINT('',(27.670133634387,29.2976417080587,26.9107667807151));
#5369=CARTESIAN_POINT('',(27.3989467285651,29.2935000960777,26.8162425503246));
#5370=CARTESIAN_POINT('',(27.0924300867999,28.9834687022268,26.7364384206825));
#5371=CARTESIAN_POINT('',(27.1144725660155,28.5459960187135,26.8158713778987));
#5372=CARTESIAN_POINT('',(27.3154846691274,28.362642182033,26.9107517143879));
#5373=CARTESIAN_POINT('',(27.4370597524263,28.3165348346819,26.9523071626205));
#5374=CARTESIAN_POINT('',(27.79166463947,29.2515510773699,26.9523071626202));
#5375=CARTESIAN_POINT('',(27.4370597524275,28.3165348346844,26.9523071626202));
#5376=CARTESIAN_POINT('',(27.79166463947,29.2515510773699,22.998));
#5377=CARTESIAN_POINT('',(27.7916646394835,29.2515510773648,26.5299761908172));
#5378=CARTESIAN_POINT('',(27.764020804896,29.2611197850264,26.5193958569327));
#5379=CARTESIAN_POINT('',(27.7733109310205,29.2582054801006,26.5229517763493));
#5380=CARTESIAN_POINT('',(27.782525811138,29.2550169777908,26.5264787302337));
#5381=CARTESIAN_POINT('',(27.7916646394837,29.2515510773651,26.5299761908172));
#5382=CARTESIAN_POINT('',(27.764020804896,29.2611197850264,26.5193958569327));
#5383=CARTESIAN_POINT('',(27.764020804896,29.2611197850264,25.5372150088488));
#5384=CARTESIAN_POINT('',(27.764020804896,29.2611197850264,25.980964138965));
#5385=CARTESIAN_POINT('',(27.764020804896,29.2611197850264,25.980964138965));
#5386=CARTESIAN_POINT('',(27.6547402802095,29.295400995757,25.9315803464947));
#5387=CARTESIAN_POINT('',(27.4189561583122,29.2891919973347,25.8225139037182));
#5388=CARTESIAN_POINT('',(27.1257378226167,29.0352907829779,25.7102661076103));
#5389=CARTESIAN_POINT('',(27.0901391963831,28.6336993927314,25.7785879258536));
#5390=CARTESIAN_POINT('',(27.2339961562279,28.4402868556359,25.887525132521));
#5391=CARTESIAN_POINT('',(27.3267024610625,28.3750785603578,25.938523017513));
#5392=CARTESIAN_POINT('',(27.3267024610554,28.3750785603485,25.9385230175129));
#5393=CARTESIAN_POINT('',(27.3267024610603,28.3750785603594,25.5372150088488));
#5394=CARTESIAN_POINT('',(27.3267024610603,28.3750785603594,26.4835208517311));
#5395=CARTESIAN_POINT('',(27.437059752441,28.3165348346793,26.5299761908171));
#5396=CARTESIAN_POINT('',(27.3974363622672,28.331562004427,26.5148121850966));
#5397=CARTESIAN_POINT('',(27.3607104688312,28.3511578117488,26.4993018607443));
#5398=CARTESIAN_POINT('',(27.3267024610602,28.3750785603594,26.4835208517312));
#5399=CARTESIAN_POINT('',(27.437059752441,28.3165348346793,26.5299761908172));
#5400=CARTESIAN_POINT('',(27.4370597524275,28.3165348346845,22.998));
#5401=CARTESIAN_POINT('',(28.7266808821554,28.8969461903273,22.998));
#5402=CARTESIAN_POINT('',(29.6616971248145,28.5423413032947,27.085433074582));
#5403=CARTESIAN_POINT('',(29.0348431135309,28.7800756716572,27.2046820545167));
#5404=CARTESIAN_POINT('',(28.3981687068178,29.0215344247447,27.1596156644092));
#5405=CARTESIAN_POINT('',(27.79166463947,29.2515510773698,26.9523071626203));
#5406=CARTESIAN_POINT('',(29.6616971248145,28.5423413032947,27.085433074582));
#5407=CARTESIAN_POINT('',(29.6616971248409,28.5423413032848,22.998));
#5408=CARTESIAN_POINT('',(29.6616971248408,28.5423413032848,26.6784186013623));
#5409=CARTESIAN_POINT('',(27.7916646394835,29.2515510773647,26.5299761908171));
#5410=CARTESIAN_POINT('',(28.3917013124267,29.0239871839084,26.7596122593409));
#5411=CARTESIAN_POINT('',(29.0365026181729,28.7794463045625,26.8105117727807));
#5412=CARTESIAN_POINT('',(29.6616971248409,28.5423413032848,26.6784186013629));
#5413=CARTESIAN_POINT('',(28.372075995113,27.9619299476419,22.998));
#5414=CARTESIAN_POINT('',(29.3070922377984,27.6073250605993,22.998));
#5415=CARTESIAN_POINT('',(29.3070922377984,27.6073250605993,26.6784186013622));
#5416=CARTESIAN_POINT('',(29.3070922377984,27.6073250605993,27.085433074577));
#5417=CARTESIAN_POINT('',(29.3070922377984,27.6073250605994,27.085433074577));
#5418=CARTESIAN_POINT('',(28.6802382265059,27.8450594289651,27.2046820545181));
#5419=CARTESIAN_POINT('',(28.0435638197837,28.086518182056,27.1596156644121));
#5420=CARTESIAN_POINT('',(27.4370597524275,28.3165348346845,26.9523071626203));
#5421=CARTESIAN_POINT('',(27.437059752441,28.3165348346793,26.5299761908171));
#5422=CARTESIAN_POINT('',(28.0370964253842,28.088970941223,26.7596122593409));
#5423=CARTESIAN_POINT('',(28.6818977311305,27.8444300618771,26.8105117727807));
#5424=CARTESIAN_POINT('',(29.3070922377985,27.6073250605993,26.6784186013629));
#5425=CARTESIAN_POINT('',(29.4843946813196,28.074833181942,22.998));
#5426=CARTESIAN_POINT('',(29.3070922377983,27.6073250605993,27.085433074577));
#5427=CARTESIAN_POINT('',(29.4305284143755,27.5605118936683,27.0619513102755));
#5428=CARTESIAN_POINT('',(29.7068149275322,27.5684473470042,26.9986544366318));
#5429=CARTESIAN_POINT('',(30.0040241890443,27.8767358601587,26.9366167089641));
#5430=CARTESIAN_POINT('',(29.9871581736151,28.3062487637349,26.9985102783032));
#5431=CARTESIAN_POINT('',(29.7851426790089,28.4955245799145,27.0619495263407));
#5432=CARTESIAN_POINT('',(29.6616971248162,28.5423413032982,27.0854330745825));
#5433=CARTESIAN_POINT('',(29.6616971248408,28.5423413032848,26.6784186013623));
#5434=CARTESIAN_POINT('',(29.7851122909573,28.4955361045704,26.6523430352473));
#5435=CARTESIAN_POINT('',(29.9861517004401,28.3072814001186,26.5821411228951));
#5436=CARTESIAN_POINT('',(30.0051231559431,27.8785146790816,26.5122737273531));
#5437=CARTESIAN_POINT('',(29.7062883825879,27.5678500112728,26.5819685824636));
#5438=CARTESIAN_POINT('',(29.4305432411685,27.5605062706068,26.6523354634333));
#5439=CARTESIAN_POINT('',(29.3070922377983,27.6073250605987,26.6784186013623));
#5440=CARTESIAN_POINT('',(29.7895108715057,31.9352898450556,22.998));
#5441=CARTESIAN_POINT('',(30.1637662455913,32.266851174176,26.9523071626203));
#5442=CARTESIAN_POINT('',(30.0775777601903,32.3641378629802,26.9107679813956));
#5443=CARTESIAN_POINT('',(29.8355264362144,32.4865009732582,26.8162424659837));
#5444=CARTESIAN_POINT('',(29.4200423253632,32.35442798919,26.736438412299));
#5445=CARTESIAN_POINT('',(29.2362553889823,31.9568198073394,26.8158715036769));
#5446=CARTESIAN_POINT('',(29.32903063817,31.7010562623268,26.9107504507488));
#5447=CARTESIAN_POINT('',(29.4152554974197,31.6037285159349,26.9523071626203));
#5448=CARTESIAN_POINT('',(30.1637662455913,32.266851174176,26.9523071626202));
#5449=CARTESIAN_POINT('',(29.4152554974201,31.6037285159353,26.9523071626202));
#5450=CARTESIAN_POINT('',(30.1637662455913,32.266851174176,22.998));
#5451=CARTESIAN_POINT('',(30.1637662456062,32.2668511741592,26.52997619082));
#5452=CARTESIAN_POINT('',(29.5727800302273,32.3858758439934,26.3260147758806));
#5453=CARTESIAN_POINT('',(29.7746969722465,32.4829974341346,26.3560740277862));
#5454=CARTESIAN_POINT('',(30.0211963485002,32.4277793207603,26.4530427011094));
#5455=CARTESIAN_POINT('',(30.1637662456067,32.2668511741598,26.5299761908201));
#5456=CARTESIAN_POINT('',(29.5727800302273,32.3858758439934,26.3260147758805));
#5457=CARTESIAN_POINT('',(29.5727800302273,32.3858758439934,25.5372150088488));
#5458=CARTESIAN_POINT('',(29.572780030241,32.3858758440104,25.7499771434254));
#5459=CARTESIAN_POINT('',(29.5727800302442,32.3858758440015,25.7499771434309));
#5460=CARTESIAN_POINT('',(29.4299200654969,32.3171605256945,25.7242547701517));
#5461=CARTESIAN_POINT('',(29.3216905977331,32.1687491327398,25.7493461912105));
#5462=CARTESIAN_POINT('',(29.2964024865834,32.0180190461837,25.8030587105781));
#5463=CARTESIAN_POINT('',(29.2964024865759,32.0180190461843,25.8030587105752));
#5464=CARTESIAN_POINT('',(29.2964024865838,32.0180190461863,25.5372150088488));
#5465=CARTESIAN_POINT('',(29.2964024865741,32.0180190461724,26.3700353314101));
#5466=CARTESIAN_POINT('',(29.4152554974351,31.6037285159184,26.52997619082));
#5467=CARTESIAN_POINT('',(29.3157370640374,31.7160616055917,26.4762741083577));
#5468=CARTESIAN_POINT('',(29.2714888827963,31.8695212151836,26.4140495935028));
#5469=CARTESIAN_POINT('',(29.2964024865814,32.0180190461719,26.3700353314127));
#5470=CARTESIAN_POINT('',(29.4152554974351,31.6037285159184,26.5299761908201));
#5471=CARTESIAN_POINT('',(29.4152554974202,31.6037285159353,22.998));
#5472=CARTESIAN_POINT('',(30.8268889038321,31.5183404260049,22.998));
#5473=CARTESIAN_POINT('',(31.490011562073,30.7698296778338,27.085433074577));
#5474=CARTESIAN_POINT('',(31.0454416647855,31.2716453559706,27.2046817609507));
#5475=CARTESIAN_POINT('',(30.5939045180702,31.7813254329741,27.1596155004924));
#5476=CARTESIAN_POINT('',(30.1637662455913,32.2668511741761,26.9523071626204));
#5477=CARTESIAN_POINT('',(31.4900115620729,30.7698296778337,27.085433074577));
#5478=CARTESIAN_POINT('',(31.4900115620729,30.7698296778339,22.998));
#5479=CARTESIAN_POINT('',(31.4900115620728,30.7698296778339,26.6784186013623));
#5480=CARTESIAN_POINT('',(30.1637662456062,32.2668511741592,26.52997619082));
#5481=CARTESIAN_POINT('',(30.589317262725,31.786503373869,26.7596117973513));
#5482=CARTESIAN_POINT('',(31.0466179057722,31.2703176543606,26.8105116540527));
#5483=CARTESIAN_POINT('',(31.4900115620729,30.7698296778338,26.6784186013633));
#5484=CARTESIAN_POINT('',(30.078378155661,30.8552177677641,22.998));
#5485=CARTESIAN_POINT('',(30.7415008139017,30.106707019593,22.998));
#5486=CARTESIAN_POINT('',(30.7415008139019,30.1067070195929,26.6784186013622));
#5487=CARTESIAN_POINT('',(30.7415008139017,30.106707019593,27.085433074577));
#5488=CARTESIAN_POINT('',(30.7415008139018,30.1067070195931,27.085433074577));
#5489=CARTESIAN_POINT('',(30.2969309166143,30.6085226977299,27.2046817609507));
#5490=CARTESIAN_POINT('',(29.845393769899,31.1182027747333,27.1596155004923));
#5491=CARTESIAN_POINT('',(29.4152554974202,31.6037285159353,26.9523071626204));
#5492=CARTESIAN_POINT('',(29.4152554974351,31.6037285159184,26.52997619082));
#5493=CARTESIAN_POINT('',(29.840806514554,31.1233807156281,26.7596117973513));
#5494=CARTESIAN_POINT('',(30.2981071576012,30.6071949961196,26.8105116540527));
#5495=CARTESIAN_POINT('',(30.741500813902,30.1067070195928,26.6784186013632));
#5496=CARTESIAN_POINT('',(31.1157561879873,30.4382683487134,22.998));
#5497=CARTESIAN_POINT('',(30.7415008139017,30.1067070195931,27.085433074577));
#5498=CARTESIAN_POINT('',(30.8290403082089,30.0078953569782,27.0619520207188));
#5499=CARTESIAN_POINT('',(31.0773698290099,29.8865214081484,26.9986545620055));
#5500=CARTESIAN_POINT('',(31.4838033784401,30.0213764728796,26.9366166660908));
#5501=CARTESIAN_POINT('',(31.6684743978289,30.4095312239404,26.9985103286726));
#5502=CARTESIAN_POINT('',(31.577563330006,30.6710041611604,27.0619487285174));
#5503=CARTESIAN_POINT('',(31.4900115620736,30.7698296778343,27.0854330745771));
#5504=CARTESIAN_POINT('',(31.4900115620728,30.7698296778339,26.6784186013623));
#5505=CARTESIAN_POINT('',(31.5775475889663,30.6710219291199,26.6523404181308));
#5506=CARTESIAN_POINT('',(31.6680610398272,30.4109129595462,26.5821410151101));
#5507=CARTESIAN_POINT('',(31.4856008860204,30.0224381772715,26.5122736962184));
#5508=CARTESIAN_POINT('',(31.0766265051874,29.8862387559748,26.5819688017065));
#5509=CARTESIAN_POINT('',(30.8290525780399,30.0078815072004,26.6523357297897));
#5510=CARTESIAN_POINT('',(30.7415008139011,30.106707019592,26.6784186013624));
#5511=CARTESIAN_POINT('',(33.1799668231317,33.7147383990953,22.998));
#5512=CARTESIAN_POINT('',(33.6654377318447,33.8343962312391,26.9523071626203));
#5513=CARTESIAN_POINT('',(33.634338372205,33.9605712931982,26.9107751601456));
#5514=CARTESIAN_POINT('',(33.4768726531809,34.1814326115976,26.8162412231702));
#5515=CARTESIAN_POINT('',(33.0476124219852,34.257568188834,26.7364388927268));
#5516=CARTESIAN_POINT('',(32.7000870665965,33.9909141612491,26.8158708597261));
#5517=CARTESIAN_POINT('',(32.6633778487769,33.7213315221428,26.9107501789975));
#5518=CARTESIAN_POINT('',(32.6944959144182,33.5950805669515,26.9523071626203));
#5519=CARTESIAN_POINT('',(33.6654377318447,33.8343962312391,26.9523071626202));
#5520=CARTESIAN_POINT('',(32.6944959144186,33.5950805669515,26.9523071626202));
#5521=CARTESIAN_POINT('',(33.6654377318447,33.8343962312391,22.998));
#5522=CARTESIAN_POINT('',(33.6654377318447,33.8343962312391,26.5299761908223));
#5523=CARTESIAN_POINT('',(32.6944959144194,33.5950805669481,26.5299761908132));
#5524=CARTESIAN_POINT('',(32.6634949925792,33.720856251052,26.4836224331456));
#5525=CARTESIAN_POINT('',(32.6988255736328,33.9873771239283,26.3781586601824));
#5526=CARTESIAN_POINT('',(33.044377744213,34.2578629009251,26.2859850595668));
#5527=CARTESIAN_POINT('',(33.4788881982142,34.1807851624914,26.3776537041667));
#5528=CARTESIAN_POINT('',(33.6344193164374,33.9602428895667,26.483596276087));
#5529=CARTESIAN_POINT('',(33.6654377318513,33.8343962312379,26.5299761908138));
#5530=CARTESIAN_POINT('',(32.6944959144186,33.5950805669515,26.5299761908223));
#5531=CARTESIAN_POINT('',(32.6944959144186,33.5950805669515,22.998));
#5532=CARTESIAN_POINT('',(33.9047533961322,32.863454413813,22.998));
#5533=CARTESIAN_POINT('',(34.1440690604198,31.8925125963869,27.085433074577));
#5534=CARTESIAN_POINT('',(33.9836268861349,32.543452085683,27.2046820981143));
#5535=CARTESIAN_POINT('',(33.8206713354832,33.2045887437471,27.1596156887501));
#5536=CARTESIAN_POINT('',(33.6654377318446,33.8343962312391,26.9523071626203));
#5537=CARTESIAN_POINT('',(34.1440690604198,31.8925125963869,27.085433074577));
#5538=CARTESIAN_POINT('',(34.1440690604198,31.8925125963869,22.998));
#5539=CARTESIAN_POINT('',(34.1440690604198,31.8925125963869,26.6784186013623));
#5540=CARTESIAN_POINT('',(33.665437731845,33.8343962312374,26.5299761908126));
#5541=CARTESIAN_POINT('',(33.8190160456016,33.2113045187916,26.7596123279498));
#5542=CARTESIAN_POINT('',(33.9840516705494,32.5417286675665,26.8105117904103));
#5543=CARTESIAN_POINT('',(34.1440690604198,31.8925125963869,26.6784186013629));
#5544=CARTESIAN_POINT('',(32.9338115787062,32.6241387495255,22.998));
#5545=CARTESIAN_POINT('',(33.1731272429937,31.6531969320994,22.998));
#5546=CARTESIAN_POINT('',(33.1731272429891,31.6531969321179,26.6784186013661));
#5547=CARTESIAN_POINT('',(33.1731272429937,31.6531969320994,27.085433074577));
#5548=CARTESIAN_POINT('',(33.1731272429937,31.6531969320994,27.085433074577));
#5549=CARTESIAN_POINT('',(33.0126850687089,32.3041364213955,27.2046820981143));
#5550=CARTESIAN_POINT('',(32.8497295180571,32.9652730794596,27.1596156887501));
#5551=CARTESIAN_POINT('',(32.6944959144186,33.5950805669515,26.9523071626203));
#5552=CARTESIAN_POINT('',(32.694495914419,33.5950805669498,26.5299761908126));
#5553=CARTESIAN_POINT('',(32.8480742281741,32.97198885451,26.7596123279476));
#5554=CARTESIAN_POINT('',(33.0131098531202,32.3024130032916,26.8105117904093));
#5555=CARTESIAN_POINT('',(33.1731272429892,31.6531969321179,26.6784186013666));
#5556=CARTESIAN_POINT('',(33.6585981517067,31.7728547642431,22.998));
#5557=CARTESIAN_POINT('',(33.1731272429937,31.6531969320994,27.085433074577));
#5558=CARTESIAN_POINT('',(33.2047138426947,31.5250450595033,27.06195626003));
#5559=CARTESIAN_POINT('',(33.368195929173,31.3021417207701,26.9986547667811));
#5560=CARTESIAN_POINT('',(33.7907387591057,31.23267404719,26.9366166721484));
#5561=CARTESIAN_POINT('',(34.1346529791451,31.4905479136911,26.9985101177292));
#5562=CARTESIAN_POINT('',(34.1756660183859,31.7643186986595,27.0619485612255));
#5563=CARTESIAN_POINT('',(34.1440690604203,31.892512596387,27.0854330745771));
#5564=CARTESIAN_POINT('',(34.1440690604198,31.892512596387,26.6784186013623));
#5565=CARTESIAN_POINT('',(34.1756608036657,31.7643398556088,26.6523398475699));
#5566=CARTESIAN_POINT('',(34.1349264872095,31.4919634844289,26.5821408019508));
#5567=CARTESIAN_POINT('',(33.7928312551864,31.2327800126133,26.5122737758053));
#5568=CARTESIAN_POINT('',(33.3674087982103,31.3022392707923,26.5819686907578));
#5569=CARTESIAN_POINT('',(33.2047220026417,31.5250119532387,26.6523373575431));
#5570=CARTESIAN_POINT('',(33.1731272429804,31.6531969321149,26.6784186013674));
#5571=CARTESIAN_POINT('',(37.0090174517325,33.7147383990953,22.998));
#5572=CARTESIAN_POINT('',(37.4944883604456,33.5950805669515,26.9523071626203));
#5573=CARTESIAN_POINT('',(37.5255940903752,33.7212814741932,26.9107666528675));
#5574=CARTESIAN_POINT('',(37.4887945293293,33.9899917708102,26.8162424547254));
#5575=CARTESIAN_POINT('',(37.1440765454892,34.256903034366,26.7364384961813));
#5576=CARTESIAN_POINT('',(36.7124507519076,34.1822908594032,26.8158711689137));
#5577=CARTESIAN_POINT('',(36.5546625898873,33.9606389959697,26.910752874985));
#5578=CARTESIAN_POINT('',(36.5235465430136,33.8343962312411,26.9523071626208));
#5579=CARTESIAN_POINT('',(37.4944883604456,33.5950805669515,26.9523071626202));
#5580=CARTESIAN_POINT('',(36.5235465430195,33.8343962312391,26.9523071626202));
#5581=CARTESIAN_POINT('',(37.4944883604456,33.5950805669515,22.998));
#5582=CARTESIAN_POINT('',(37.4944883604456,33.5950805669515,25.9934481635231));
#5583=CARTESIAN_POINT('',(37.4944883604456,33.5950805669515,25.993448163523));
#5584=CARTESIAN_POINT('',(37.5253123844022,33.7201385481326,25.939098143865));
#5585=CARTESIAN_POINT('',(37.4926378743854,33.9824577853123,25.8156186587671));
#5586=CARTESIAN_POINT('',(37.1457259499313,34.2596233545482,25.7003255170394));
#5587=CARTESIAN_POINT('',(36.7057900944542,34.1780016194059,25.8147651622284));
#5588=CARTESIAN_POINT('',(36.5544074197818,33.959603730153,25.9390331636738));
#5589=CARTESIAN_POINT('',(36.5235465430142,33.834396231241,25.9934481635237));
#5590=CARTESIAN_POINT('',(36.5235465430195,33.8343962312391,25.9934481635231));
#5591=CARTESIAN_POINT('',(36.5235465430195,33.8343962312391,22.998));
#5592=CARTESIAN_POINT('',(37.255172696158,32.6241387495255,22.998));
#5593=CARTESIAN_POINT('',(37.0158570318776,31.6531969321281,27.0854330745823));
#5594=CARTESIAN_POINT('',(37.17629920616,32.3041364214146,27.2046820981128));
#5595=CARTESIAN_POINT('',(37.3392547568093,32.9652730794689,27.1596156887471));
#5596=CARTESIAN_POINT('',(37.4944883604456,33.5950805669515,26.9523071626203));
#5597=CARTESIAN_POINT('',(37.0158570318776,31.6531969321281,27.0854330745823));
#5598=CARTESIAN_POINT('',(37.0158570318705,31.6531969320994,22.998));
#5599=CARTESIAN_POINT('',(37.0158570318705,31.6531969320994,26.6784186013623));
#5600=CARTESIAN_POINT('',(37.4030335417291,33.2240337816887,26.6442584977825));
#5601=CARTESIAN_POINT('',(37.2772245657807,32.7136067015411,26.7715407696068));
#5602=CARTESIAN_POINT('',(37.1444214591514,32.1748033177576,26.7845475990384));
#5603=CARTESIAN_POINT('',(37.0158570318705,31.6531969320993,26.6784186013629));
#5604=CARTESIAN_POINT('',(37.4030335417291,33.2240337816887,26.6442584977825));
#5605=CARTESIAN_POINT('',(37.4030335417291,33.2240337816887,25.5372150088488));
#5606=CARTESIAN_POINT('',(37.4030335417292,33.224033781689,26.1273982795063));
#5607=CARTESIAN_POINT('',(37.4030335417292,33.224033781689,26.1273982795063));
#5608=CARTESIAN_POINT('',(37.4340254355506,33.3497728376842,26.0908614895339));
#5609=CARTESIAN_POINT('',(37.4645157202018,33.4734767852768,26.0462969930222));
#5610=CARTESIAN_POINT('',(37.4944883604458,33.5950805669523,25.9934481635262));
#5611=CARTESIAN_POINT('',(36.2842308787319,32.863454413813,22.998));
#5612=CARTESIAN_POINT('',(36.0449152144444,31.8925125963869,22.998));
#5613=CARTESIAN_POINT('',(36.0449152144444,31.8925125963869,26.6784186013622));
#5614=CARTESIAN_POINT('',(36.0449152144444,31.8925125963869,27.085433074577));
#5615=CARTESIAN_POINT('',(36.0449152144444,31.8925125963869,27.085433074577));
#5616=CARTESIAN_POINT('',(36.2053573887292,32.5434520856831,27.2046820981143));
#5617=CARTESIAN_POINT('',(36.368312939381,33.2045887437472,27.1596156887501));
#5618=CARTESIAN_POINT('',(36.5235465430195,33.8343962312391,26.9523071626203));
#5619=CARTESIAN_POINT('',(36.4547772646011,33.5553883009834,26.0990946513383));
#5620=CARTESIAN_POINT('',(36.4779904909638,33.649568062513,26.0685224258739));
#5621=CARTESIAN_POINT('',(36.500916312148,33.7425817753967,26.0333505946453));
#5622=CARTESIAN_POINT('',(36.5235465430197,33.8343962312399,25.9934481635262));
#5623=CARTESIAN_POINT('',(36.4547772646012,33.5553883009834,26.0990946513383));
#5624=CARTESIAN_POINT('',(36.4547772646011,33.5553883009833,25.5372150088488));
#5625=CARTESIAN_POINT('',(36.4547772646011,33.5553883009833,26.6199982952971));
#5626=CARTESIAN_POINT('',(36.4547772646011,33.5553883009833,26.6199982952971));
#5627=CARTESIAN_POINT('',(36.3220117946261,33.0167376151091,26.7696918698119));
#5628=CARTESIAN_POINT('',(36.1812251776585,32.445543856628,26.7909414824977));
#5629=CARTESIAN_POINT('',(36.0449152144444,31.8925125963869,26.6784186013629));
#5630=CARTESIAN_POINT('',(36.5303861231574,31.7728547642431,22.998));
#5631=CARTESIAN_POINT('',(36.0449152144444,31.8925125963869,27.085433074577));
#5632=CARTESIAN_POINT('',(36.0133218519295,31.7643332859763,27.0619512335527));
#5633=CARTESIAN_POINT('',(36.0545023318265,31.4910178141829,26.9986543466245));
#5634=CARTESIAN_POINT('',(36.3963682673917,31.2331361051357,26.9366167502068));
#5635=CARTESIAN_POINT('',(36.820716283661,31.3016499230866,26.9985102018461));
#5636=CARTESIAN_POINT('',(36.9842623591117,31.5250123057531,27.0619502597015));
#5637=CARTESIAN_POINT('',(37.0158570318856,31.6531969321254,27.0854330745834));
#5638=CARTESIAN_POINT('',(37.0158570318705,31.6531969320994,26.6784186013623));
#5639=CARTESIAN_POINT('',(36.9842720512275,31.5250516282802,26.6523454300494));
#5640=CARTESIAN_POINT('',(36.8216211278893,31.3027722837559,26.5821411947891));
#5641=CARTESIAN_POINT('',(36.3982708407255,31.2322589125792,26.5122737688492));
#5642=CARTESIAN_POINT('',(36.0538448601708,31.4914681987297,26.5819683561744));
#5643=CARTESIAN_POINT('',(36.0133181312783,31.7643181907033,26.6523354395053));
#5644=CARTESIAN_POINT('',(36.0449152144439,31.892512596387,26.6784186013624));
#5645=CARTESIAN_POINT('',(40.3994734033584,31.9352898450556,22.998));
#5646=CARTESIAN_POINT('',(40.773728777444,31.6037285159353,26.9523071626203));
#5647=CARTESIAN_POINT('',(40.8599182265943,31.7010162925874,26.9107675169094));
#5648=CARTESIAN_POINT('',(40.9522118496639,31.9560508027235,26.8162425334482));
#5649=CARTESIAN_POINT('',(40.7710205580982,32.3525866083305,26.7364383906682));
#5650=CARTESIAN_POINT('',(40.3541588247887,32.487106597348,26.8158715202605));
#5651=CARTESIAN_POINT('',(40.1114425838382,32.3641785766515,26.9107505975935));
#5652=CARTESIAN_POINT('',(40.0252180292724,32.2668511741766,26.9523071626203));
#5653=CARTESIAN_POINT('',(40.773728777444,31.6037285159353,26.9523071626202));
#5654=CARTESIAN_POINT('',(40.0252180292729,32.266851174176,26.9523071626202));
#5655=CARTESIAN_POINT('',(40.773728777444,31.6037285159353,22.998));
#5656=CARTESIAN_POINT('',(40.773728777444,31.6037285159353,26.5299761908201));
#5657=CARTESIAN_POINT('',(40.0252180292711,32.266851174174,26.529976190813));
#5658=CARTESIAN_POINT('',(40.1111161365671,32.3638100938555,26.48362390125));
#5659=CARTESIAN_POINT('',(40.3505313707454,32.4861383985577,26.3781585830356));
#5660=CARTESIAN_POINT('',(40.7694307828027,32.3554093390879,26.285985011));
#5661=CARTESIAN_POINT('',(40.9528273858928,31.9540268251655,26.3776539897475));
#5662=CARTESIAN_POINT('',(40.859683017601,31.7007507965158,26.4835936108663));
#5663=CARTESIAN_POINT('',(40.7737287774428,31.6037285159329,26.529976190813));
#5664=CARTESIAN_POINT('',(40.0252180292729,32.266851174176,26.5299761908201));
#5665=CARTESIAN_POINT('',(40.0252180292729,32.266851174176,22.998));
#5666=CARTESIAN_POINT('',(40.1106061192032,30.8552177677641,22.998));
#5667=CARTESIAN_POINT('',(39.4474834609623,30.1067070195929,27.085433074577));
#5668=CARTESIAN_POINT('',(39.8920533582498,30.6085226977298,27.2046817609507));
#5669=CARTESIAN_POINT('',(40.3435905049651,31.1182027747333,27.1596155004924));
#5670=CARTESIAN_POINT('',(40.773728777444,31.6037285159353,26.9523071626204));
#5671=CARTESIAN_POINT('',(39.4474834609623,30.1067070195929,27.085433074577));
#5672=CARTESIAN_POINT('',(39.4474834609624,30.106707019593,22.998));
#5673=CARTESIAN_POINT('',(39.4474834609624,30.106707019593,26.6784186013623));
#5674=CARTESIAN_POINT('',(40.7737287774431,31.6037285159343,26.5299761908125));
#5675=CARTESIAN_POINT('',(40.3481777603201,31.1233807156392,26.7596117973503));
#5676=CARTESIAN_POINT('',(39.8908771172679,30.6071949961252,26.8105116540542));
#5677=CARTESIAN_POINT('',(39.4474834609623,30.106707019593,26.6784186013633));
#5678=CARTESIAN_POINT('',(39.3620953710321,31.5183404260049,22.998));
#5679=CARTESIAN_POINT('',(38.6989727127913,30.7698296778339,22.998));
#5680=CARTESIAN_POINT('',(38.6989727127912,30.7698296778337,26.6784186013622));
#5681=CARTESIAN_POINT('',(38.6989727127913,30.7698296778339,27.085433074577));
#5682=CARTESIAN_POINT('',(38.6989727127913,30.7698296778338,27.085433074577));
#5683=CARTESIAN_POINT('',(39.1435426100787,31.2716453559706,27.2046817609507));
#5684=CARTESIAN_POINT('',(39.595079756794,31.7813254329741,27.1596155004924));
#5685=CARTESIAN_POINT('',(40.0252180292729,32.2668511741761,26.9523071626204));
#5686=CARTESIAN_POINT('',(40.025218029272,32.266851174175,26.5299761908125));
#5687=CARTESIAN_POINT('',(39.5996670121489,31.78650337388,26.7596117973504));
#5688=CARTESIAN_POINT('',(39.1423663690968,31.270317654366,26.8105116540542));
#5689=CARTESIAN_POINT('',(38.6989727127911,30.7698296778337,26.6784186013632));
#5690=CARTESIAN_POINT('',(39.0732280868769,30.4382683487134,22.998));
#5691=CARTESIAN_POINT('',(38.6989727127913,30.7698296778339,27.085433074577));
#5692=CARTESIAN_POINT('',(38.6114321952175,30.6710168601897,27.0619517462441));
#5693=CARTESIAN_POINT('',(38.5208773750542,30.4098690369059,26.9986545390575));
#5694=CARTESIAN_POINT('',(38.7037394968804,30.0226533962706,26.9366166704399));
#5695=CARTESIAN_POINT('',(39.1113232385689,29.8861161831632,26.9985103329271));
#5696=CARTESIAN_POINT('',(39.3599320379196,30.0078818922175,27.0619488210283));
#5697=CARTESIAN_POINT('',(39.4474834609631,30.1067070195922,27.0854330745771));
#5698=CARTESIAN_POINT('',(39.4474834609624,30.1067070195931,26.6784186013623));
#5699=CARTESIAN_POINT('',(39.3599484572917,30.0079004258589,26.6523407229629));
#5700=CARTESIAN_POINT('',(39.1126452089639,29.8866927632269,26.5821410365466));
#5701=CARTESIAN_POINT('',(38.7050101861389,30.0209970238344,26.5122736957549));
#5702=CARTESIAN_POINT('',(38.5205068580134,30.4105729340864,26.5819687837825));
#5703=CARTESIAN_POINT('',(38.6114205979878,30.6710037696248,26.6523356253221));
#5704=CARTESIAN_POINT('',(38.6989727127905,30.7698296778343,26.6784186013624));
#5705=CARTESIAN_POINT('',(42.5746220789154,28.7840429560272,22.998));
#5706=CARTESIAN_POINT('',(42.7519245224367,28.3165348346845,26.9523071626203));
#5707=CARTESIAN_POINT('',(42.8734416992505,28.3626202210025,26.9107715073409));
#5708=CARTESIAN_POINT('',(43.0736987801981,28.5455555693911,26.8162418648068));
#5709=CARTESIAN_POINT('',(43.0975394565974,28.9808684926113,26.7364386408894));
#5710=CARTESIAN_POINT('',(42.7909405009123,29.2937120840196,26.815871207803));
#5711=CARTESIAN_POINT('',(42.5188990950438,29.2976600844523,26.9107502185119));
#5712=CARTESIAN_POINT('',(42.397319635394,29.2515510773703,26.9523071626203));
#5713=CARTESIAN_POINT('',(42.7519245224367,28.3165348346845,26.9523071626202));
#5714=CARTESIAN_POINT('',(42.3973196353941,29.2515510773699,26.9523071626202));
#5715=CARTESIAN_POINT('',(42.7519245224367,28.3165348346845,22.998));
#5716=CARTESIAN_POINT('',(42.7519245224367,28.3165348346845,26.5299761908172));
#5717=CARTESIAN_POINT('',(42.3973196353925,29.2515510773692,26.5299761908126));
#5718=CARTESIAN_POINT('',(42.518441155493,29.297486410889,26.4836225745354));
#5719=CARTESIAN_POINT('',(42.7872775549008,29.2945391492827,26.378158759659));
#5720=CARTESIAN_POINT('',(43.0974431584827,28.9841105208114,26.2859849814232));
#5721=CARTESIAN_POINT('',(43.0733008503339,28.5434770340703,26.3776539208018));
#5722=CARTESIAN_POINT('',(42.8731180957539,28.362497494381,26.4835949995254));
#5723=CARTESIAN_POINT('',(42.7519245224364,28.3165348346814,26.5299761908129));
#5724=CARTESIAN_POINT('',(42.3973196353941,29.2515510773699,26.5299761908172));
#5725=CARTESIAN_POINT('',(42.3973196353941,29.2515510773699,22.998));
#5726=CARTESIAN_POINT('',(41.8169082797513,27.9619299476419,22.998));
#5727=CARTESIAN_POINT('',(40.8818920370658,27.6073250605994,27.085433074577));
#5728=CARTESIAN_POINT('',(41.5087460483583,27.8450594289651,27.2046820545181));
#5729=CARTESIAN_POINT('',(42.1454204550805,28.086518182056,27.1596156644121));
#5730=CARTESIAN_POINT('',(42.7519245224367,28.3165348346845,26.9523071626203));
#5731=CARTESIAN_POINT('',(40.8818920370658,27.6073250605993,27.085433074577));
#5732=CARTESIAN_POINT('',(40.8818920370659,27.6073250605993,22.998));
#5733=CARTESIAN_POINT('',(40.8818920370659,27.6073250605993,26.6784186013623));
#5734=CARTESIAN_POINT('',(42.7519245224359,28.3165348346841,26.5299761908123));
#5735=CARTESIAN_POINT('',(42.151887849489,28.0889709412264,26.7596122593403));
#5736=CARTESIAN_POINT('',(41.5070865437382,27.8444300618788,26.8105117727816));
#5737=CARTESIAN_POINT('',(40.8818920370658,27.6073250605993,26.6784186013629));
#5738=CARTESIAN_POINT('',(41.4623033927088,28.8969461903273,22.998));
#5739=CARTESIAN_POINT('',(40.5272871500233,28.5423413032848,22.998));
#5740=CARTESIAN_POINT('',(40.5272871500408,28.5423413032914,26.6784186013659));
#5741=CARTESIAN_POINT('',(40.5272871500233,28.5423413032848,27.085433074577));
#5742=CARTESIAN_POINT('',(40.5272871500233,28.5423413032848,27.085433074577));
#5743=CARTESIAN_POINT('',(41.1541411613158,28.7800756716505,27.2046820545181));
#5744=CARTESIAN_POINT('',(41.7908155680379,29.0215344247414,27.1596156644121));
#5745=CARTESIAN_POINT('',(42.3973196353942,29.2515510773698,26.9523071626203));
#5746=CARTESIAN_POINT('',(42.3973196353934,29.2515510773695,26.5299761908123));
#5747=CARTESIAN_POINT('',(41.797282962452,29.0239871839139,26.7596122593382));
#5748=CARTESIAN_POINT('',(41.1524816567076,28.7794463045687,26.8105117727806));
#5749=CARTESIAN_POINT('',(40.5272871500407,28.5423413032914,26.6784186013666));
#5750=CARTESIAN_POINT('',(40.7045895935446,28.074833181942,22.998));
#5751=CARTESIAN_POINT('',(40.5272871500233,28.5423413032847,27.085433074577));
#5752=CARTESIAN_POINT('',(40.4038656548519,28.4955337042764,27.0619541031788));
#5753=CARTESIAN_POINT('',(40.2023069134949,28.3063785302171,26.9986546701191));
#5754=CARTESIAN_POINT('',(40.1842763639371,27.8785396598954,26.9366166651001));
#5755=CARTESIAN_POINT('',(40.4817233103356,27.5682221006556,26.9985102334838));
#5756=CARTESIAN_POINT('',(40.7584415290129,27.5605064584558,27.0619485839408));
#5757=CARTESIAN_POINT('',(40.881892037066,27.6073250605988,27.0854330745771));
#5758=CARTESIAN_POINT('',(40.8818920370659,27.6073250605993,26.6784186013623));
#5759=CARTESIAN_POINT('',(40.7584621901098,27.5605142941769,26.6523399334307));
#5760=CARTESIAN_POINT('',(40.4831617138847,27.5681200340463,26.5821409047008));
#5761=CARTESIAN_POINT('',(40.1846325452516,27.8764792350038,26.5122737316931));
#5762=CARTESIAN_POINT('',(40.2023075895669,28.3071726945869,26.5819687664084));
#5763=CARTESIAN_POINT('',(40.4038411835292,28.4955244235375,26.6523365276433));
#5764=CARTESIAN_POINT('',(40.527287150039,28.5423413032951,26.6784186013666));
#5765=CARTESIAN_POINT('',(43.0361631302166,24.9829104176442,22.998));
#5766=CARTESIAN_POINT('',(42.9758947900889,24.4865559805952,26.9523071626203));
#5767=CARTESIAN_POINT('',(43.1049253271094,24.470888836894,26.9107665256803));
#5768=CARTESIAN_POINT('',(43.3672412642799,24.5398098366156,26.816242112532));
#5769=CARTESIAN_POINT('',(43.5906536317633,24.9141883548733,26.7364387474828));
#5770=CARTESIAN_POINT('',(43.4645623726347,25.3336735391446,26.8158704992004));
#5771=CARTESIAN_POINT('',(43.2254932937699,25.4635939121347,26.9107564532026));
#5772=CARTESIAN_POINT('',(43.0964314703442,25.4792648546933,26.9523071626203));
#5773=CARTESIAN_POINT('',(42.9758947900889,24.4865559805953,26.9523071626202));
#5774=CARTESIAN_POINT('',(43.0964314703442,25.4792648546933,26.9523071626202));
#5775=CARTESIAN_POINT('',(42.9758947900889,24.4865559805953,22.998));
#5776=CARTESIAN_POINT('',(42.9758947900889,24.4865559805953,26.5299761908218));
#5777=CARTESIAN_POINT('',(43.0964314703409,25.4792648546937,26.5299761908132));
#5778=CARTESIAN_POINT('',(43.2249664737122,25.4636578796717,26.4836441987776));
#5779=CARTESIAN_POINT('',(43.4617167311106,25.3361065006785,26.378153723855));
#5780=CARTESIAN_POINT('',(43.5920718383494,24.9171231479457,26.2859869727749));
#5781=CARTESIAN_POINT('',(43.3659305978946,24.5381498116347,26.3776511206118));
#5782=CARTESIAN_POINT('',(43.1045710130079,24.4709318584136,26.4835932944873));
#5783=CARTESIAN_POINT('',(42.9758947900857,24.4865559805952,26.5299761908132));
#5784=CARTESIAN_POINT('',(43.0964314703442,25.4792648546933,26.5299761908218));
#5785=CARTESIAN_POINT('',(43.0964314703442,25.4792648546933,22.998));
#5786=CARTESIAN_POINT('',(41.9831859159908,24.6070926608506,22.998));
#5787=CARTESIAN_POINT('',(40.9904770419061,24.7276293411043,27.0854330745794));
#5788=CARTESIAN_POINT('',(41.6560097553429,24.6468190391395,27.2046821229934));
#5789=CARTESIAN_POINT('',(42.3319679218993,24.5647428579809,27.1596157026376));
#5790=CARTESIAN_POINT('',(42.9758947900889,24.4865559805952,26.9523071626203));
#5791=CARTESIAN_POINT('',(40.9904770419061,24.7276293411043,27.0854330745794));
#5792=CARTESIAN_POINT('',(40.9904770418928,24.7276293411059,22.998));
#5793=CARTESIAN_POINT('',(40.9904770418928,24.7276293411059,26.6784186013623));
#5794=CARTESIAN_POINT('',(42.9758947900872,24.4865559805954,26.5299761908126));
#5795=CARTESIAN_POINT('',(42.3388341890422,24.5639091422071,26.7596123671045));
#5796=CARTESIAN_POINT('',(41.6542476124705,24.6470330020218,26.8105118004705));
#5797=CARTESIAN_POINT('',(40.9904770418927,24.7276293411059,26.6784186013628));
#5798=CARTESIAN_POINT('',(42.1037225962462,25.5998015349486,22.998));
#5799=CARTESIAN_POINT('',(41.1110137221481,25.720338215204,22.998));
#5800=CARTESIAN_POINT('',(41.111013722148,25.720338215204,26.6784186013622));
#5801=CARTESIAN_POINT('',(41.1110137221481,25.720338215204,27.085433074577));
#5802=CARTESIAN_POINT('',(41.1110137221481,25.7203382152039,27.085433074577));
#5803=CARTESIAN_POINT('',(41.7765464355894,25.6395279132386,27.2046821229941));
#5804=CARTESIAN_POINT('',(42.4525046021503,25.5574517320795,27.159615702639));
#5805=CARTESIAN_POINT('',(43.0964314703442,25.4792648546933,26.9523071626203));
#5806=CARTESIAN_POINT('',(43.0964314703426,25.4792648546935,26.5299761908126));
#5807=CARTESIAN_POINT('',(42.4593708692975,25.5566180163051,26.7596123671045));
#5808=CARTESIAN_POINT('',(41.7747842927258,25.6397418761198,26.8105118004705));
#5809=CARTESIAN_POINT('',(41.1110137221479,25.7203382152039,26.6784186013628));
#5810=CARTESIAN_POINT('',(41.0507453820204,25.2239837781549,22.998));
#5811=CARTESIAN_POINT('',(41.1110137221481,25.7203382152039,27.085433074577));
#5812=CARTESIAN_POINT('',(40.9799603840593,25.7362509714226,27.0619511546904));
#5813=CARTESIAN_POINT('',(40.713600807818,25.6624258207739,26.9986540759877));
#5814=CARTESIAN_POINT('',(40.4988086419629,25.2919668711169,26.936616877833));
#5815=CARTESIAN_POINT('',(40.6179682455891,24.8789712206963,26.9985099580375));
#5816=CARTESIAN_POINT('',(40.8594313282905,24.7435411715407,27.0619525208338));
#5817=CARTESIAN_POINT('',(40.9904770419061,24.7276293411043,27.0854330745794));
#5818=CARTESIAN_POINT('',(40.9904770418927,24.7276293411059,26.6784186013623));
#5819=CARTESIAN_POINT('',(40.8594957670857,24.7435333472579,26.65235276419));
#5820=CARTESIAN_POINT('',(40.6191881317971,24.8782046562163,26.5821414063139));
#5821=CARTESIAN_POINT('',(40.4981667357475,25.2899590600133,26.512273904861));
#5822=CARTESIAN_POINT('',(40.7139672853322,25.663135592827,26.5819676361397));
#5823=CARTESIAN_POINT('',(40.9799453301439,25.7362527992994,26.652335427493));
#5824=CARTESIAN_POINT('',(41.111013722148,25.7203382152045,26.6784186013623));
#5825=CARTESIAN_POINT('',(41.6783630645813,21.4026858858376,22.998));
#5826=CARTESIAN_POINT('',(41.3943306912158,20.9911939528908,26.9523071626203));
#5827=CARTESIAN_POINT('',(41.501298966507,20.9173590835454,26.9107671883769));
#5828=CARTESIAN_POINT('',(41.7655978147288,20.8564801684869,26.8162425698704));
#5829=CARTESIAN_POINT('',(42.1374026605084,21.0841477330424,26.7364383834436));
#5830=CARTESIAN_POINT('',(42.2206944699666,21.5141842152515,26.815871510797));
#5831=CARTESIAN_POINT('',(42.0694058823826,21.7403138421816,26.9107508124455));
#5832=CARTESIAN_POINT('',(41.9623954379476,21.8141778187853,26.9523071626204));
#5833=CARTESIAN_POINT('',(41.3943306912157,20.9911939528908,26.9523071626202));
#5834=CARTESIAN_POINT('',(41.962395437947,21.8141778187845,26.9523071626202));
#5835=CARTESIAN_POINT('',(41.3943306912157,20.9911939528908,22.998));
#5836=CARTESIAN_POINT('',(41.3943306912157,20.9911939528908,26.5299761908187));
#5837=CARTESIAN_POINT('',(41.9623954379451,21.8141778187857,26.5299761908128));
#5838=CARTESIAN_POINT('',(42.0689995647167,21.7405943030157,26.4836246516777));
#5839=CARTESIAN_POINT('',(42.2192965206336,21.5176682656468,26.3781584128106));
#5840=CARTESIAN_POINT('',(42.1400132614434,21.0860666541303,26.2859850761521));
#5841=CARTESIAN_POINT('',(41.7636630039566,20.8556248394186,26.3776539039465));
#5842=CARTESIAN_POINT('',(41.5010064696896,20.9175609795197,26.4835934974729));
#5843=CARTESIAN_POINT('',(41.3943306912137,20.9911939528916,26.5299761908128));
#5844=CARTESIAN_POINT('',(41.962395437947,21.8141778187845,26.5299761908187));
#5845=CARTESIAN_POINT('',(41.962395437947,21.8141778187845,22.998));
#5846=CARTESIAN_POINT('',(40.5713468253221,21.5592586996219,22.998));
#5847=CARTESIAN_POINT('',(39.7483629594283,22.1273234463532,27.085433074577));
#5848=CARTESIAN_POINT('',(40.3001074320287,21.7464817347752,27.2046818941286));
#5849=CARTESIAN_POINT('',(40.8604973483988,21.3596725042347,27.1596155748621));
#5850=CARTESIAN_POINT('',(41.3943306912158,20.9911939528908,26.9523071626204));
#5851=CARTESIAN_POINT('',(39.7483629594283,22.1273234463532,27.085433074577));
#5852=CARTESIAN_POINT('',(39.7483629594284,22.1273234463531,22.998));
#5853=CARTESIAN_POINT('',(39.7483629594284,22.1273234463531,26.6784186013623));
#5854=CARTESIAN_POINT('',(41.3943306912148,20.9911939528914,26.5299761908124));
#5855=CARTESIAN_POINT('',(40.8661901783088,21.3557430274673,26.7596120069313));
#5856=CARTESIAN_POINT('',(40.2986472388857,21.7474896333286,26.8105117079194));
#5857=CARTESIAN_POINT('',(39.7483629594284,22.1273234463531,26.6784186013631));
#5858=CARTESIAN_POINT('',(41.1394115720533,22.3822425655156,22.998));
#5859=CARTESIAN_POINT('',(40.3164277061596,22.9503073122467,22.998));
#5860=CARTESIAN_POINT('',(40.3164277061595,22.9503073122468,26.6784186013622));
#5861=CARTESIAN_POINT('',(40.3164277061596,22.9503073122467,27.085433074577));
#5862=CARTESIAN_POINT('',(40.3164277061596,22.9503073122468,27.085433074577));
#5863=CARTESIAN_POINT('',(40.8681721787599,22.5694656006688,27.2046818941286));
#5864=CARTESIAN_POINT('',(41.4285620951301,22.1826563701284,27.1596155748621));
#5865=CARTESIAN_POINT('',(41.962395437947,21.8141778187844,26.9523071626203));
#5866=CARTESIAN_POINT('',(41.962395437946,21.8141778187851,26.5299761908124));
#5867=CARTESIAN_POINT('',(41.43425492504,22.178726893361,26.7596120069313));
#5868=CARTESIAN_POINT('',(40.8667119856168,22.5704734992223,26.8105117079194));
#5869=CARTESIAN_POINT('',(40.3164277061594,22.9503073122469,26.6784186013631));
#5870=CARTESIAN_POINT('',(40.0323953327941,22.5388153792999,22.998));
#5871=CARTESIAN_POINT('',(40.3164277061596,22.9503073122467,27.085433074577));
#5872=CARTESIAN_POINT('',(40.2077826030429,23.0252996122702,27.061951551988));
#5873=CARTESIAN_POINT('',(39.9376245241455,23.0837154430178,26.9986545145325));
#5874=CARTESIAN_POINT('',(39.575273460879,22.8555126957887,26.9366166774927));
#5875=CARTESIAN_POINT('',(39.4888607058437,22.4344434406699,26.9985103282113));
#5876=CARTESIAN_POINT('',(39.6397058478872,22.2023240351918,27.0619489566014));
#5877=CARTESIAN_POINT('',(39.7483629594274,22.127323446352,27.0854330745772));
#5878=CARTESIAN_POINT('',(39.7483629594284,22.1273234463531,26.6784186013623));
#5879=CARTESIAN_POINT('',(39.639727454324,22.2023091213471,26.6523411685021));
#5880=CARTESIAN_POINT('',(39.4895920739782,22.4332004379913,26.582141058298));
#5881=CARTESIAN_POINT('',(39.5737821596467,22.8540512065464,26.5122736994587));
#5882=CARTESIAN_POINT('',(39.9382786520704,23.084168437747,26.5819687494933));
#5883=CARTESIAN_POINT('',(40.2077688029456,23.0253091377905,26.6523355518979));
#5884=CARTESIAN_POINT('',(40.3164277061599,22.9503073122475,26.6784186013624));
#5885=CARTESIAN_POINT('',(38.8122775137822,18.8635556544612,22.998));
#5886=CARTESIAN_POINT('',(38.3695495009557,18.6311940684393,26.9523071626203));
#5887=CARTESIAN_POINT('',(38.4299487597731,18.5161128956419,26.9107697125667));
#5888=CARTESIAN_POINT('',(38.6356858027648,18.339372672742,26.8162421771798));
#5889=CARTESIAN_POINT('',(39.0707012047051,18.3681764499207,26.7364385198049));
#5890=CARTESIAN_POINT('',(39.344304351511,18.7102484690958,26.8158713710605));
#5891=CARTESIAN_POINT('',(39.3154330532594,18.9807822078306,26.9107502723665));
#5892=CARTESIAN_POINT('',(39.2550055266093,19.0959172404832,26.9523071626203));
#5893=CARTESIAN_POINT('',(38.3695495009557,18.6311940684393,26.9523071626202));
#5894=CARTESIAN_POINT('',(39.2550055266088,19.0959172404831,26.9523071626202));
#5895=CARTESIAN_POINT('',(38.3695495009557,18.6311940684393,22.998));
#5896=CARTESIAN_POINT('',(38.3695495009557,18.6311940684393,26.5299761908178));
#5897=CARTESIAN_POINT('',(39.255005526608,19.0959172404848,26.5299761908127));
#5898=CARTESIAN_POINT('',(39.3152052798743,18.9812161937571,26.4836227638721));
#5899=CARTESIAN_POINT('',(39.344684459256,18.7139842289802,26.3781587792449));
#5900=CARTESIAN_POINT('',(39.0739059203893,18.3686621387632,26.2859849548509));
#5901=CARTESIAN_POINT('',(38.6335747413066,18.3395162426245,26.3776540099327));
#5902=CARTESIAN_POINT('',(38.4297861246129,18.5164227710456,26.4835943739035));
#5903=CARTESIAN_POINT('',(38.3695495009534,18.6311940684401,26.5299761908128));
#5904=CARTESIAN_POINT('',(39.2550055266088,19.0959172404831,26.5299761908178));
#5905=CARTESIAN_POINT('',(39.2550055266088,19.0959172404831,22.998));
#5906=CARTESIAN_POINT('',(37.9048263289119,19.5166500940925,22.998));
#5907=CARTESIAN_POINT('',(37.4401031568681,20.4021061197458,27.085433074577));
#5908=CARTESIAN_POINT('',(37.7516629032495,19.808478619806,27.2046819885708));
#5909=CARTESIAN_POINT('',(38.0681039953976,19.205550492563,27.1596156275939));
#5910=CARTESIAN_POINT('',(38.3695495009557,18.6311940684393,26.9523071626203));
#5911=CARTESIAN_POINT('',(37.440103156868,20.4021061197458,27.085433074577));
#5912=CARTESIAN_POINT('',(37.4401031568681,20.4021061197457,22.998));
#5913=CARTESIAN_POINT('',(37.4401031568681,20.4021061197457,26.6784186013622));
#5914=CARTESIAN_POINT('',(38.3695495009552,18.6311940684402,26.5299761908123));
#5915=CARTESIAN_POINT('',(38.0713185106919,19.1994257453843,26.7596121555568));
#5916=CARTESIAN_POINT('',(37.7508382033452,19.8100499541907,26.8105117461135));
#5917=CARTESIAN_POINT('',(37.4401031568681,20.4021061197458,26.678418601363));
#5918=CARTESIAN_POINT('',(38.7902823545651,19.9813732661363,22.998));
#5919=CARTESIAN_POINT('',(38.3255591825213,20.8668292917895,22.998));
#5920=CARTESIAN_POINT('',(38.3255591825212,20.8668292917898,26.6784186013622));
#5921=CARTESIAN_POINT('',(38.3255591825213,20.8668292917895,27.085433074577));
#5922=CARTESIAN_POINT('',(38.3255591825213,20.8668292917895,27.085433074577));
#5923=CARTESIAN_POINT('',(38.6371189289028,20.2732017918497,27.2046819885708));
#5924=CARTESIAN_POINT('',(38.9535600210508,19.6702736646067,27.1596156275939));
#5925=CARTESIAN_POINT('',(39.2550055266089,19.0959172404831,26.9523071626203));
#5926=CARTESIAN_POINT('',(39.2550055266084,19.0959172404839,26.5299761908123));
#5927=CARTESIAN_POINT('',(38.956774536345,19.6641489174281,26.7596121555568));
#5928=CARTESIAN_POINT('',(38.6362942289983,20.2747731262347,26.8105117461135));
#5929=CARTESIAN_POINT('',(38.3255591825211,20.8668292917899,26.6784186013629));
#5930=CARTESIAN_POINT('',(37.8828311696947,20.6344677057676,22.998));
#5931=CARTESIAN_POINT('',(38.3255591825213,20.8668292917895,27.085433074577));
#5932=CARTESIAN_POINT('',(38.2642132771083,20.9837141489791,27.0619530432719));
#5933=CARTESIAN_POINT('',(38.0521442961785,21.1609966197754,26.998654619932));
#5934=CARTESIAN_POINT('',(37.6252497440205,21.127325822152,26.9366166631988));
#5935=CARTESIAN_POINT('',(37.3530508091662,20.7946438334084,26.9985102867771));
#5936=CARTESIAN_POINT('',(37.3787456866443,20.5190130118402,27.0619486168623));
#5937=CARTESIAN_POINT('',(37.4401031568675,20.4021061197456,27.0854330745771));
#5938=CARTESIAN_POINT('',(37.4401031568681,20.4021061197457,26.6784186013623));
#5939=CARTESIAN_POINT('',(37.3787561362328,20.518993101814,26.6523400467587));
#5940=CARTESIAN_POINT('',(37.3531222521311,20.7932034553669,26.5821409571114));
#5941=CARTESIAN_POINT('',(37.6232490675421,21.1267246551556,26.5122737113025));
#5942=CARTESIAN_POINT('',(38.0529331854363,21.1610923871627,26.5819687968595));
#5943=CARTESIAN_POINT('',(38.2642029268715,20.9837338697128,26.6523361209632));
#5944=CARTESIAN_POINT('',(38.3255591825232,20.8668292917911,26.6784186013625));
#5945=CARTESIAN_POINT('',(35.0944921374321,25.9472038596868,23.));
#5946=CARTESIAN_POINT('',(30.9525650864462,25.0135499182782,25.7632267598151));
#5947=CARTESIAN_POINT('',(31.249239369138,24.2887527143419,25.7231910382772));
#5948=CARTESIAN_POINT('',(31.3522403681879,23.7229724426551,25.8821969801123));
#5949=CARTESIAN_POINT('',(31.4422986161323,23.3024526720427,26.002649108868));
#5950=CARTESIAN_POINT('',(31.6963095589177,22.9066043112242,26.0380453344317));
#5951=CARTESIAN_POINT('',(32.1917735691288,22.5396868845205,25.9702222119413));
#5952=CARTESIAN_POINT('',(32.8737730227462,22.2249222038938,25.8454346393537));
#5953=CARTESIAN_POINT('',(33.7400340345685,21.9604808480443,25.7297827360034));
#5954=CARTESIAN_POINT('',(34.6285269612329,21.7892553403421,25.7027258182436));
#5955=CARTESIAN_POINT('',(35.8477402518678,21.6887882134096,25.7980703307518));
#5956=CARTESIAN_POINT('',(37.3392150060305,21.8681979215662,26.0485051034606));
#5957=CARTESIAN_POINT('',(39.0128278947314,22.6882062370364,26.3152893950818));
#5958=CARTESIAN_POINT('',(40.0432481233793,24.2726531217006,26.3717615865479));
#5959=CARTESIAN_POINT('',(40.2508041719892,25.8114162195899,26.365567848829));
#5960=CARTESIAN_POINT('',(40.1492674367666,27.014394647193,26.3865194732537));
#5961=CARTESIAN_POINT('',(39.8846575824088,27.9034475597823,26.3896684481845));
#5962=CARTESIAN_POINT('',(39.3425255673117,28.6612239729303,26.3271676512216));
#5963=CARTESIAN_POINT('',(38.5886589841526,29.1850979615325,26.1705727340957));
#5964=CARTESIAN_POINT('',(37.7785353326944,29.5696554982445,25.9895826547281));
#5965=CARTESIAN_POINT('',(36.9344375979094,29.8945611334666,25.8580543343368));
#5966=CARTESIAN_POINT('',(36.0733196807062,30.2472897954615,25.9071103359023));
#5967=CARTESIAN_POINT('',(35.2225986988482,30.5628462349886,26.0688078132191));
#5968=CARTESIAN_POINT('',(34.2789397435926,30.6953526198196,26.1955326408113));
#5969=CARTESIAN_POINT('',(33.4380843904319,30.2307242117549,26.0544561503781));
#5970=CARTESIAN_POINT('',(32.8078241236118,29.6067638863176,25.8306053787681));
#5971=CARTESIAN_POINT('',(32.1395030192892,28.9644664828408,25.7396209595118));
#5972=CARTESIAN_POINT('',(31.4570423828093,28.3785878392483,25.8821210975981));
#5973=CARTESIAN_POINT('',(30.8662628159218,27.6747914898988,26.0283999297734));
#5974=CARTESIAN_POINT('',(30.5825779671147,26.7802040659076,26.0408530163838));
#5975=CARTESIAN_POINT('',(30.6423658670229,25.8538094445383,25.945808122799));
#5976=CARTESIAN_POINT('',(30.9525650864462,25.0135499182782,25.7632267598151));
#5977=CARTESIAN_POINT('',(31.249239369138,24.2887527143419,25.7231910382772));
#5978=CARTESIAN_POINT('',(31.3522403681879,23.7229724426551,25.8821969801123));
#5979=CARTESIAN_POINT('',(31.2637947499752,24.148479104042,25.7788620669914));
#5980=CARTESIAN_POINT('',(37.4030335417291,33.2240337816887,26.6442584977825));
#5981=CARTESIAN_POINT('',(37.916001644384,33.1095495093604,26.6330986702514));
#5982=CARTESIAN_POINT('',(38.7529268213357,33.1276367026369,26.5460482614093));
#5983=CARTESIAN_POINT('',(39.7952197097669,33.173882618964,26.2674656712278));
#5984=CARTESIAN_POINT('',(40.5585409631457,33.1724139972454,25.9762934172405));
#5985=CARTESIAN_POINT('',(41.2953498696076,33.0813345968925,25.6258680952615));
#5986=CARTESIAN_POINT('',(42.0291130463807,32.7958349370016,25.273150023672));
#5987=CARTESIAN_POINT('',(42.5605912701553,32.1152413947467,25.3526689351337));
#5988=CARTESIAN_POINT('',(42.826374361652,31.37858260994,25.6226513213105));
#5989=CARTESIAN_POINT('',(42.9962254885448,30.6207159180733,25.8713885119402));
#5990=CARTESIAN_POINT('',(43.1474031226442,29.5716982641168,26.1502271781114));
#5991=CARTESIAN_POINT('',(43.2521951736638,28.2257373451624,26.3595927458664));
#5992=CARTESIAN_POINT('',(43.5388440125198,26.6181630477644,26.3653315003322));
#5993=CARTESIAN_POINT('',(43.959194769804,25.3065361110307,26.1064963407574));
#5994=CARTESIAN_POINT('',(43.8912598389264,24.1846288086043,26.0299802429662));
#5995=CARTESIAN_POINT('',(43.5885426579882,23.1363089608435,26.0603132395534));
#5996=CARTESIAN_POINT('',(43.1426096516655,22.1215364528178,26.0857068398552));
#5997=CARTESIAN_POINT('',(42.6563422555621,21.1375542805915,26.0375985759483));
#5998=CARTESIAN_POINT('',(42.3124568800749,20.3937228054566,25.9303201785462));
#5999=CARTESIAN_POINT('',(41.9853943671086,19.6454031805568,25.7275065777296));
#6000=CARTESIAN_POINT('',(41.3680016814532,19.0543625654649,25.742379134512));
#6001=CARTESIAN_POINT('',(40.6859512702749,18.5759934170907,25.8048655587199));
#6002=CARTESIAN_POINT('',(39.7319164244075,18.0249515904512,25.8814681924916));
#6003=CARTESIAN_POINT('',(38.4651913148076,17.4673219959697,25.9427850736416));
#6004=CARTESIAN_POINT('',(36.8174888836568,17.1693006668862,26.084402483023));
#6005=CARTESIAN_POINT('',(35.7170276656658,17.3521543940985,26.2639095756797));
#6006=CARTESIAN_POINT('',(35.1712963680428,17.45313796311,26.3195666656777));
#6007=CARTESIAN_POINT('',(29.5727800302273,32.3858758439935,26.326014775881));
#6008=CARTESIAN_POINT('',(29.9666454347032,32.8762992356109,26.2656704772869));
#6009=CARTESIAN_POINT('',(30.9275390714515,33.7423602514947,26.1602472403741));
#6010=CARTESIAN_POINT('',(32.4641217240024,34.2180546453022,26.2418431558877));
#6011=CARTESIAN_POINT('',(33.7296706047791,34.3239433980761,26.3334518917794));
#6012=CARTESIAN_POINT('',(34.6718150032678,34.257892095935,26.4153511892328));
#6013=CARTESIAN_POINT('',(35.5880220650387,33.978577403599,26.5306968690029));
#6014=CARTESIAN_POINT('',(36.1621431580187,33.6868092512649,26.5989438085224));
#6015=CARTESIAN_POINT('',(36.4547772646011,33.5553883009833,26.6199982952971));
#6016=CARTESIAN_POINT('',(27.764020804896,29.2611197850264,26.5193958569327));
#6017=CARTESIAN_POINT('',(28.2403486671148,30.1978883642326,26.5371087612765));
#6018=CARTESIAN_POINT('',(28.6905259569547,31.1588402823632,26.4690455025644));
#6019=CARTESIAN_POINT('',(29.296402486574,32.0180190461724,26.3700353314101));
#6020=CARTESIAN_POINT('',(28.0177710319864,21.3184320921407,26.3394230793233));
#6021=CARTESIAN_POINT('',(27.6979437058257,21.8516928052683,26.3518094378605));
#6022=CARTESIAN_POINT('',(27.1638819814291,22.6155022227009,26.2848842492704));
#6023=CARTESIAN_POINT('',(26.6891771919975,23.7958094612762,26.2278160502751));
#6024=CARTESIAN_POINT('',(26.4668629609978,25.0387167760763,26.241682011818));
#6025=CARTESIAN_POINT('',(26.5668235341926,26.6336846946179,26.3302794137264));
#6026=CARTESIAN_POINT('',(27.0595600573571,27.8070842144742,26.4494318811533));
#6027=CARTESIAN_POINT('',(27.3267024610603,28.3750785603594,26.4835208517311));
#6028=CARTESIAN_POINT('',(34.8448031607197,17.5140117372883,26.3491655540432));
#6029=CARTESIAN_POINT('',(34.5036773831782,17.5773228854986,26.3759548813455));
#6030=CARTESIAN_POINT('',(33.8198186944825,17.6933630485783,26.4009752648395));
#6031=CARTESIAN_POINT('',(32.7727863209588,17.7435474351778,26.3172390125704));
#6032=CARTESIAN_POINT('',(31.7372906612524,17.8264841304659,26.1657647433032));
#6033=CARTESIAN_POINT('',(30.8806729082715,18.051957079874,26.0463337125421));
#6034=CARTESIAN_POINT('',(30.2784827222013,18.4008295197005,26.0385467366769));
#6035=CARTESIAN_POINT('',(29.7892878872465,18.7997030049156,26.0788663557268));
#6036=CARTESIAN_POINT('',(29.0347289414643,19.6425362098456,26.2061312723922));
#6037=CARTESIAN_POINT('',(28.5322908494846,20.4604115524835,26.3010967262491));
#6038=CARTESIAN_POINT('',(28.2036875576554,21.0079812711131,26.3280596820756));
#6039=CARTESIAN_POINT('',(35.1712963680412,17.4531379631103,24.3484023264728));
#6040=CARTESIAN_POINT('',(35.1712963680412,17.4531379631103,26.6579514769354));
#6041=CARTESIAN_POINT('',(35.6719564941796,17.3604944833989,24.3484023264728));
#6042=CARTESIAN_POINT('',(35.6719564941796,17.3604944833989,26.6579514769354));
#6043=CARTESIAN_POINT('',(36.428494735686,17.2336004838318,24.3484023264728));
#6044=CARTESIAN_POINT('',(36.428494735686,17.2336004838318,26.6579514769354));
#6045=CARTESIAN_POINT('',(37.5187855057747,17.2874751600882,24.3484023264728));
#6046=CARTESIAN_POINT('',(37.5187855057747,17.2874751600882,26.6579514769354));
#6047=CARTESIAN_POINT('',(38.6929152101882,17.5636518415744,24.3484023264728));
#6048=CARTESIAN_POINT('',(38.6929152101882,17.5636518415744,26.6579514769355));
#6049=CARTESIAN_POINT('',(40.1891872542601,18.2292030197844,24.3484023264728));
#6050=CARTESIAN_POINT('',(40.1891872542601,18.2292030197844,26.6579514769354));
#6051=CARTESIAN_POINT('',(41.618689119839,19.2071592648969,24.3484023264728));
#6052=CARTESIAN_POINT('',(41.618689119839,19.2071592648969,26.6579514769354));
#6053=CARTESIAN_POINT('',(42.0758346375864,19.8364872992197,24.3484023264727));
#6054=CARTESIAN_POINT('',(42.0758346375864,19.8364872992197,26.6579514769354));
#6055=CARTESIAN_POINT('',(42.330624191357,20.4348949563109,24.3484023264728));
#6056=CARTESIAN_POINT('',(42.330624191357,20.4348949563109,26.6579514769354));
#6057=CARTESIAN_POINT('',(42.6896188132084,21.2135094271812,24.3484023264728));
#6058=CARTESIAN_POINT('',(42.6896188132084,21.2135094271812,26.6579514769355));
#6059=CARTESIAN_POINT('',(43.3397247797985,22.509125490475,24.3484023264727));
#6060=CARTESIAN_POINT('',(43.3397247797985,22.509125490475,26.6579514769354));
#6061=CARTESIAN_POINT('',(43.961987866641,24.1795861304588,24.3484023264728));
#6062=CARTESIAN_POINT('',(43.961987866641,24.1795861304588,26.6579514769355));
#6063=CARTESIAN_POINT('',(43.9052995251343,25.5179631832398,24.3484023264727));
#6064=CARTESIAN_POINT('',(43.9052995251343,25.5179631832398,26.6579514769354));
#6065=CARTESIAN_POINT('',(43.5510936899279,26.6275691047443,24.3484023264728));
#6066=CARTESIAN_POINT('',(43.5510936899279,26.6275691047443,26.6579514769355));
#6067=CARTESIAN_POINT('',(43.3264619099596,27.7587201246328,24.3484023264727));
#6068=CARTESIAN_POINT('',(43.3264619099596,27.7587201246328,26.6579514769354));
#6069=CARTESIAN_POINT('',(43.1844340170623,29.0892797731685,24.3484023264728));
#6070=CARTESIAN_POINT('',(43.1844340170623,29.0892797731685,26.6579514769355));
#6071=CARTESIAN_POINT('',(43.0107890926348,30.8900132460217,24.3484023264727));
#6072=CARTESIAN_POINT('',(43.0107890926348,30.8900132460217,26.6579514769354));
#6073=CARTESIAN_POINT('',(42.5183168695999,32.3493830657985,24.3484023264728));
#6074=CARTESIAN_POINT('',(42.5183168695999,32.3493830657985,26.6579514769354));
#6075=CARTESIAN_POINT('',(41.7111663382838,32.9591608397464,24.3484023264728));
#6076=CARTESIAN_POINT('',(41.7111663382838,32.9591608397464,26.6579514769354));
#6077=CARTESIAN_POINT('',(40.6521217101872,33.2156903219738,24.3484023264728));
#6078=CARTESIAN_POINT('',(40.6521217101872,33.2156903219738,26.6579514769355));
#6079=CARTESIAN_POINT('',(39.0570396315427,33.1300128626672,24.3484023264727));
#6080=CARTESIAN_POINT('',(39.0570396315427,33.1300128626672,26.6579514769354));
#6081=CARTESIAN_POINT('',(37.8845553963263,33.1165676861375,24.3484023264728));
#6082=CARTESIAN_POINT('',(37.8845553963263,33.1165676861375,26.6579514769354));
#6083=CARTESIAN_POINT('',(37.4030335417169,33.2240337816915,24.3484023264728));
#6084=CARTESIAN_POINT('',(37.4030335417169,33.2240337816915,26.6579514769354));
#6085=CARTESIAN_POINT('',(37.4030335417291,33.2240337816887,26.1273982795064));
#6086=CARTESIAN_POINT('',(37.9494469791586,33.1020851762086,26.1135462159528));
#6087=CARTESIAN_POINT('',(38.7990739145923,33.1313514308719,26.006286962845));
#6088=CARTESIAN_POINT('',(39.8621839723393,33.1757715145697,25.6540367515021));
#6089=CARTESIAN_POINT('',(40.6150284124632,33.1689992818535,25.2878384647185));
#6090=CARTESIAN_POINT('',(41.2073674933075,33.0876470371993,24.9037089976831));
#6091=CARTESIAN_POINT('',(41.6520355110613,32.9385352333026,24.598904111496));
#6092=CARTESIAN_POINT('',(41.9850604645046,32.7599006383437,24.3941522538838));
#6093=CARTESIAN_POINT('',(42.2983676142408,32.4619331233284,24.3427113558658));
#6094=CARTESIAN_POINT('',(42.5956182042289,32.0002883389441,24.5087611847513));
#6095=CARTESIAN_POINT('',(42.8168593760384,31.413153070758,24.824439169713));
#6096=CARTESIAN_POINT('',(42.9881981605679,30.6644327312211,25.1642307871707));
#6097=CARTESIAN_POINT('',(43.1434857929059,29.6151089146332,25.5263424814931));
#6098=CARTESIAN_POINT('',(43.2476161840093,28.2548943528366,25.792035319808));
#6099=CARTESIAN_POINT('',(43.4952262972031,26.8704079654361,25.7915114151436));
#6100=CARTESIAN_POINT('',(43.793386030387,25.8186920447412,25.614174994426));
#6101=CARTESIAN_POINT('',(43.9434627871358,25.0068354114135,25.4514459439668));
#6102=CARTESIAN_POINT('',(43.8899868295037,24.1802049783982,25.384253870028));
#6103=CARTESIAN_POINT('',(43.5805218545585,23.1117641653304,25.4224293921485));
#6104=CARTESIAN_POINT('',(43.1347280506281,22.1054199714046,25.4539286945555));
#6105=CARTESIAN_POINT('',(42.6483856225847,21.1217165716935,25.3914558956569));
#6106=CARTESIAN_POINT('',(42.3078808371691,20.3816583548053,25.2530941574158));
#6107=CARTESIAN_POINT('',(41.9803125999336,19.6383492116169,24.9844816881897));
#6108=CARTESIAN_POINT('',(41.3596442770276,19.0478733758272,25.0061061221641));
#6109=CARTESIAN_POINT('',(40.6778784187207,18.5708909431059,25.0910607805599));
#6110=CARTESIAN_POINT('',(39.7241222507183,18.021141509886,25.1925242214534));
#6111=CARTESIAN_POINT('',(38.4557350282163,17.4639747550023,25.2723101070335));
#6112=CARTESIAN_POINT('',(36.8100200353486,17.1700982548265,25.4557704700972));
#6113=CARTESIAN_POINT('',(35.7150861066908,17.3525136653289,25.6750383082372));
#6114=CARTESIAN_POINT('',(35.1712963680415,17.4531379631102,25.7421748390428));
#6115=CARTESIAN_POINT('',(35.0944921374321,25.9472038596868,23.));
#6116=CARTESIAN_POINT('',(35.0944921374321,25.9472038596868,23.));
#6117=CARTESIAN_POINT('',(25.0944921374321,25.9472038596868,23.));
#6118=CARTESIAN_POINT('',(34.8448031607192,17.5140117372884,25.7779326680807));
#6119=CARTESIAN_POINT('',(34.5170712977222,17.5748370454811,25.8089626010419));
#6120=CARTESIAN_POINT('',(33.8599020721607,17.6880749793254,25.8396513529393));
#6121=CARTESIAN_POINT('',(32.8533072759023,17.7401147116574,25.7497010812611));
#6122=CARTESIAN_POINT('',(31.8535040989279,17.8146045333167,25.5790516377372));
#6123=CARTESIAN_POINT('',(30.8650089388372,18.0359028754005,25.3919928290399));
#6124=CARTESIAN_POINT('',(29.9899089359174,18.5812307854796,25.3996943568507));
#6125=CARTESIAN_POINT('',(29.0827033223817,19.573502225763,25.5956950026008));
#6126=CARTESIAN_POINT('',(28.5499714822306,20.4309493427653,25.7180942827926));
#6127=CARTESIAN_POINT('',(28.2036875576555,21.0079812711129,25.752450044498));
#6128=CARTESIAN_POINT('',(28.0177710319958,21.318432092125,25.7661790438644));
#6129=CARTESIAN_POINT('',(27.6945960148855,21.8572745423877,25.7812887847828));
#6130=CARTESIAN_POINT('',(27.1521414903789,22.6343085802487,25.6979635205972));
#6131=CARTESIAN_POINT('',(26.686273700226,23.8096242286157,25.6304414239085));
#6132=CARTESIAN_POINT('',(26.4672358939101,25.0401281093259,25.6475349013367));
#6133=CARTESIAN_POINT('',(26.5690033495381,26.6419058676166,25.7566047656268));
#6134=CARTESIAN_POINT('',(27.0585573013075,27.8049521689478,25.8979599923628));
#6135=CARTESIAN_POINT('',(27.3267024610552,28.3750785603486,25.9385230175108));
#6136=CARTESIAN_POINT('',(27.7640208048959,29.2611197850264,25.980964138965));
#6137=CARTESIAN_POINT('',(28.2415792379664,30.2003084622357,26.0019304332356));
#6138=CARTESIAN_POINT('',(28.6870106561629,31.153855319851,25.9227863912614));
#6139=CARTESIAN_POINT('',(29.2964024865807,32.0180190461818,25.8030587105775));
#6140=CARTESIAN_POINT('',(29.572780030241,32.3858758440104,25.7499771434253));
#6141=CARTESIAN_POINT('',(29.9698826348602,32.8803300508614,25.6763926620109));
#6142=CARTESIAN_POINT('',(30.9344311172892,33.7488269664536,25.5464007383829));
#6143=CARTESIAN_POINT('',(32.4905486235994,34.2226223597233,25.6499897119296));
#6144=CARTESIAN_POINT('',(33.7450147756139,34.3246485090166,25.7604773488348));
#6145=CARTESIAN_POINT('',(34.7081601206259,34.2517569768178,25.8620969565116));
#6146=CARTESIAN_POINT('',(35.6010289791868,33.9708167898126,25.9968880374599));
#6147=CARTESIAN_POINT('',(36.1665411323205,33.6848341364404,26.0748708852211));
#6148=CARTESIAN_POINT('',(36.4547772646011,33.5553883009833,26.0990946513383));
#6149=CARTESIAN_POINT('',(36.4547772645997,33.5553883009839,25.5768013531165));
#6150=CARTESIAN_POINT('',(36.4547772645997,33.5553883009839,26.6262201458468));
#6151=CARTESIAN_POINT('',(35.9783345493298,33.7693570523601,25.5768013531165));
#6152=CARTESIAN_POINT('',(35.9783345493298,33.7693570523601,26.6262201458468));
#6153=CARTESIAN_POINT('',(35.077295488168,34.2604632634881,25.5768013531165));
#6154=CARTESIAN_POINT('',(35.077295488168,34.2604632634881,26.6262201458468));
#6155=CARTESIAN_POINT('',(33.0876645330891,34.3746873912261,25.5768013531165));
#6156=CARTESIAN_POINT('',(33.0876645330891,34.3746873912261,26.6262201458468));
#6157=CARTESIAN_POINT('',(31.0074479266925,33.807672488735,25.5768013531165));
#6158=CARTESIAN_POINT('',(31.0074479266925,33.807672488735,26.6262201458468));
#6159=CARTESIAN_POINT('',(29.9957452337789,32.9125329895652,25.5768013531165));
#6160=CARTESIAN_POINT('',(29.9957452337789,32.9125329895652,26.6262201458468));
#6161=CARTESIAN_POINT('',(29.5727800302387,32.3858758440075,25.5768013531165));
#6162=CARTESIAN_POINT('',(29.5727800302387,32.3858758440075,26.6262201458468));
#6163=CARTESIAN_POINT('',(29.2964024865856,32.0180190461888,25.7987148999473));
#6164=CARTESIAN_POINT('',(29.2964024865856,32.0180190461888,26.5313709591862));
#6165=CARTESIAN_POINT('',(28.6868437464056,31.1536186291875,25.7987148999473));
#6166=CARTESIAN_POINT('',(28.6868437464056,31.1536186291875,26.5313709591862));
#6167=CARTESIAN_POINT('',(28.2205061553653,30.1588651556114,25.7987148999473));
#6168=CARTESIAN_POINT('',(28.2205061553653,30.1588651556114,26.5313709591862));
#6169=CARTESIAN_POINT('',(27.764020804894,29.2611197850225,25.7987148999473));
#6170=CARTESIAN_POINT('',(27.764020804894,29.2611197850225,26.5313709591862));
#6171=CARTESIAN_POINT('',(27.3267024610397,28.3750785603157,25.6268296230505));
#6172=CARTESIAN_POINT('',(27.3267024610397,28.3750785603157,26.4886303421606));
#6173=CARTESIAN_POINT('',(27.014210520537,27.7106626799426,25.6268296230505));
#6174=CARTESIAN_POINT('',(27.014210520537,27.7106626799426,26.4886303421606));
#6175=CARTESIAN_POINT('',(26.5014689538959,26.4240939289501,25.6268296230505));
#6176=CARTESIAN_POINT('',(26.5014689538959,26.4240939289501,26.4886303421606));
#6177=CARTESIAN_POINT('',(26.4871502687471,24.7558819948699,25.6268296230505));
#6178=CARTESIAN_POINT('',(26.4871502687471,24.7558819948699,26.4886303421606));
#6179=CARTESIAN_POINT('',(26.7583538834795,23.5918446830556,25.6268296230505));
#6180=CARTESIAN_POINT('',(26.7583538834795,23.5918446830556,26.4886303421606));
#6181=CARTESIAN_POINT('',(27.1818698087415,22.6238849898868,25.6268296230505));
#6182=CARTESIAN_POINT('',(27.1818698087415,22.6238849898868,26.4886303421606));
#6183=CARTESIAN_POINT('',(27.6518979933314,21.92846664006,25.6268296230505));
#6184=CARTESIAN_POINT('',(27.6518979933314,21.92846664006,26.4886303421606));
#6185=CARTESIAN_POINT('',(28.0177711046982,21.3184319709055,25.6268296230505));
#6186=CARTESIAN_POINT('',(28.0177711046982,21.3184319709055,26.4886303421606));
#6187=CARTESIAN_POINT('',(28.2036875576505,21.0079812711213,25.3854501297062));
#6188=CARTESIAN_POINT('',(28.2036875576505,21.0079812711213,26.4160168159277));
#6189=CARTESIAN_POINT('',(28.5547686427276,20.4229555706732,25.3854501297062));
#6190=CARTESIAN_POINT('',(28.5547686427276,20.4229555706732,26.4160168159277));
#6191=CARTESIAN_POINT('',(29.1551708991201,19.4523074439544,25.3854501297062));
#6192=CARTESIAN_POINT('',(29.1551708991201,19.4523074439544,26.4160168159277));
#6193=CARTESIAN_POINT('',(30.1434370641736,18.4528831296198,25.3854501297062));
#6194=CARTESIAN_POINT('',(30.1434370641736,18.4528831296198,26.4160168159277));
#6195=CARTESIAN_POINT('',(31.2784054511033,17.8487987432347,25.3854501297062));
#6196=CARTESIAN_POINT('',(31.2784054511033,17.8487987432347,26.4160168159277));
#6197=CARTESIAN_POINT('',(32.5855514173624,17.7573342142856,25.3854501297062));
#6198=CARTESIAN_POINT('',(32.5855514173624,17.7573342142856,26.4160168159277));
#6199=CARTESIAN_POINT('',(33.8987608320818,17.6826788160023,25.3854501297062));
#6200=CARTESIAN_POINT('',(33.8987608320818,17.6826788160023,26.4160168159277));
#6201=CARTESIAN_POINT('',(34.5300542606824,17.5724274756572,25.3854501297062));
#6202=CARTESIAN_POINT('',(34.5300542606824,17.5724274756572,26.4160168159277));
#6203=CARTESIAN_POINT('',(34.8448031179165,17.5140117452324,25.3854501297062));
#6204=CARTESIAN_POINT('',(34.8448031179165,17.5140117452324,26.4160168159277));
#6205=CARTESIAN_POINT('',(0.,-6.93889390390723E-15,23.));
#6206=CARTESIAN_POINT('',(22.5147809494669,-11.5391496195705,23.));
#6207=CARTESIAN_POINT('',(22.471754503547,-25.784964239141,23.));
#6208=CARTESIAN_POINT('',(22.5578073953868,2.706665,23.));
#6209=CARTESIAN_POINT('',(25.7378861941464,2.706665,23.));
#6210=CARTESIAN_POINT('',(27.0886143882928,2.706665,23.));
#6211=CARTESIAN_POINT('',(27.0455879423729,-11.5391496195705,23.));
#6212=CARTESIAN_POINT('',(27.0025614964529,-25.784964239141,23.));
#6213=CARTESIAN_POINT('',(23.471754503547,-25.784964239141,23.));
#6214=CARTESIAN_POINT('',(46.,38.,23.));
#6215=CARTESIAN_POINT('',(50.,38.,23.));
#6216=CARTESIAN_POINT('',(46.,42.,23.));
#6217=CARTESIAN_POINT('',(6.93889390390723E-15,42.,23.));
#6218=CARTESIAN_POINT('',(-46.,42.,23.));
#6219=CARTESIAN_POINT('',(-46.,38.,23.));
#6220=CARTESIAN_POINT('',(-50.,38.,23.));
#6221=CARTESIAN_POINT('',(-50.,0.,23.));
#6222=CARTESIAN_POINT('',(-50.,-38.,23.));
#6223=CARTESIAN_POINT('',(-46.,-38.,23.));
#6224=CARTESIAN_POINT('',(-46.,-42.,23.));
#6225=CARTESIAN_POINT('',(-6.93889390390723E-15,-42.,23.));
#6226=CARTESIAN_POINT('',(46.,-42.,23.));
#6227=CARTESIAN_POINT('',(46.,-38.,23.));
#6228=CARTESIAN_POINT('',(50.,-38.,23.));
#6229=CARTESIAN_POINT('',(50.,-6.93889390390723E-15,23.));
#6230=CARTESIAN_POINT('',(16.49,-18.8593603896632,23.));
#6231=CARTESIAN_POINT('',(16.49,-28.3593603896632,23.));
#6232=CARTESIAN_POINT('',(16.49,-9.35936038966318,23.));
#6233=CARTESIAN_POINT('',(6.99,-28.3593603896632,23.));
#6234=CARTESIAN_POINT('',(-2.51000000000004,-28.3593603896632,23.));
#6235=CARTESIAN_POINT('',(-2.51000000000004,-18.8593603896632,23.));
#6236=CARTESIAN_POINT('',(-2.51000000000004,-9.35936038966318,23.));
#6237=CARTESIAN_POINT('',(6.99,-9.35936038966318,23.));
#6238=CARTESIAN_POINT('',(-4.085,-18.8593603896632,23.));
#6239=CARTESIAN_POINT('',(-4.085,-28.3593603896632,23.));
#6240=CARTESIAN_POINT('',(-4.085,-9.35936038966318,23.));
#6241=CARTESIAN_POINT('',(-13.585,-28.3593603896632,23.));
#6242=CARTESIAN_POINT('',(-23.085,-28.3593603896632,23.));
#6243=CARTESIAN_POINT('',(-23.085,-18.8593603896632,23.));
#6244=CARTESIAN_POINT('',(-23.085,-9.35936038966318,23.));
#6245=CARTESIAN_POINT('',(-13.585,-9.35936038966318,23.));
#6246=CARTESIAN_POINT('',(-24.66,-18.8593603896632,23.));
#6247=CARTESIAN_POINT('',(-24.66,-28.3593603896632,23.));
#6248=CARTESIAN_POINT('',(-24.66,-9.35936038966318,23.));
#6249=CARTESIAN_POINT('',(-34.16,-28.3593603896632,23.));
#6250=CARTESIAN_POINT('',(-43.66,-28.3593603896632,23.));
#6251=CARTESIAN_POINT('',(-43.66,-18.8593603896632,23.));
#6252=CARTESIAN_POINT('',(-43.66,-9.35936038966318,23.));
#6253=CARTESIAN_POINT('',(-34.16,-9.35936038966318,23.));
#6254=CARTESIAN_POINT('',(16.49,1.64060590936522,23.));
#6255=CARTESIAN_POINT('',(16.49,-7.85939409063478,23.));
#6256=CARTESIAN_POINT('',(16.49,11.1406059093652,23.));
#6257=CARTESIAN_POINT('',(6.99,-7.85939409063478,23.));
#6258=CARTESIAN_POINT('',(-2.51000000000004,-7.85939409063478,23.));
#6259=CARTESIAN_POINT('',(-2.51000000000004,1.64060590936522,23.));
#6260=CARTESIAN_POINT('',(-2.51000000000004,11.1406059093652,23.));
#6261=CARTESIAN_POINT('',(6.99,11.1406059093652,23.));
#6262=CARTESIAN_POINT('',(16.49,22.1405722083936,23.));
#6263=CARTESIAN_POINT('',(16.49,12.6405722083936,23.));
#6264=CARTESIAN_POINT('',(16.49,31.6405722083936,23.));
#6265=CARTESIAN_POINT('',(6.99,12.6405722083936,23.));
#6266=CARTESIAN_POINT('',(-2.51000000000004,12.6405722083936,23.));
#6267=CARTESIAN_POINT('',(-2.51000000000004,22.1405722083936,23.));
#6268=CARTESIAN_POINT('',(-2.51000000000004,31.6405722083936,23.));
#6269=CARTESIAN_POINT('',(6.99,31.6405722083936,23.));
#6270=CARTESIAN_POINT('',(-4.085,1.64060590936522,23.));
#6271=CARTESIAN_POINT('',(-4.085,-7.85939409063478,23.));
#6272=CARTESIAN_POINT('',(-4.085,11.1406059093652,23.));
#6273=CARTESIAN_POINT('',(-13.585,-7.85939409063478,23.));
#6274=CARTESIAN_POINT('',(-23.085,-7.85939409063478,23.));
#6275=CARTESIAN_POINT('',(-23.085,1.64060590936522,23.));
#6276=CARTESIAN_POINT('',(-23.085,11.1406059093652,23.));
#6277=CARTESIAN_POINT('',(-13.585,11.1406059093652,23.));
#6278=CARTESIAN_POINT('',(-4.085,22.1405722083936,23.));
#6279=CARTESIAN_POINT('',(-4.085,12.6405722083936,23.));
#6280=CARTESIAN_POINT('',(-4.085,31.6405722083936,23.));
#6281=CARTESIAN_POINT('',(-13.585,12.6405722083936,23.));
#6282=CARTESIAN_POINT('',(-23.085,12.6405722083936,23.));
#6283=CARTESIAN_POINT('',(-23.085,22.1405722083936,23.));
#6284=CARTESIAN_POINT('',(-23.085,31.6405722083936,23.));
#6285=CARTESIAN_POINT('',(-13.585,31.6405722083936,23.));
#6286=CARTESIAN_POINT('',(-24.66,1.64060590936522,23.));
#6287=CARTESIAN_POINT('',(-24.66,-7.85939409063478,23.));
#6288=CARTESIAN_POINT('',(-24.66,11.1406059093652,23.));
#6289=CARTESIAN_POINT('',(-34.16,-7.85939409063478,23.));
#6290=CARTESIAN_POINT('',(-43.66,-7.85939409063478,23.));
#6291=CARTESIAN_POINT('',(-43.66,1.64060590936522,23.));
#6292=CARTESIAN_POINT('',(-43.66,11.1406059093652,23.));
#6293=CARTESIAN_POINT('',(-34.16,11.1406059093652,23.));
#6294=CARTESIAN_POINT('',(-24.66,22.1405722083936,23.));
#6295=CARTESIAN_POINT('',(-24.66,12.6405722083936,23.));
#6296=CARTESIAN_POINT('',(-24.66,31.6405722083936,23.));
#6297=CARTESIAN_POINT('',(-34.16,12.6405722083936,23.));
#6298=CARTESIAN_POINT('',(-43.66,12.6405722083936,23.));
#6299=CARTESIAN_POINT('',(-43.66,22.1405722083936,23.));
#6300=CARTESIAN_POINT('',(-43.66,31.6405722083936,23.));
#6301=CARTESIAN_POINT('',(-34.16,31.6405722083936,23.));
#6302=CARTESIAN_POINT('',(27.82,-4.52589354882349E-15,23.));
#6303=CARTESIAN_POINT('',(27.82,-39.3,23.));
#6304=CARTESIAN_POINT('',(27.82,6.7,23.));
#6305=CARTESIAN_POINT('',(-6.22641819055959E-16,6.7,23.));
#6306=CARTESIAN_POINT('',(47.82,6.7,23.));
#6307=CARTESIAN_POINT('',(47.82,1.35655375821387E-15,23.));
#6308=CARTESIAN_POINT('',(47.82,-39.3,23.));
#6309=CARTESIAN_POINT('',(0.,-39.3,23.));
#6310=CARTESIAN_POINT('',(0.,-6.93889390390723E-15,20.));
#6311=CARTESIAN_POINT('',(18.42,32.,20.));
#6312=CARTESIAN_POINT('',(20.42,32.,20.));
#6313=CARTESIAN_POINT('',(16.42,32.,20.));
#6314=CARTESIAN_POINT('',(20.42,34.,20.));
#6315=CARTESIAN_POINT('',(22.42,34.,20.));
#6316=CARTESIAN_POINT('',(22.42,35.,20.));
#6317=CARTESIAN_POINT('',(22.42,38.,20.));
#6318=CARTESIAN_POINT('',(18.42,38.,20.));
#6319=CARTESIAN_POINT('',(14.42,38.,20.));
#6320=CARTESIAN_POINT('',(14.42,35.,20.));
#6321=CARTESIAN_POINT('',(14.42,34.,20.));
#6322=CARTESIAN_POINT('',(16.42,34.,20.));
#6323=CARTESIAN_POINT('',(18.42,-38.,20.));
#6324=CARTESIAN_POINT('',(14.42,-38.,20.));
#6325=CARTESIAN_POINT('',(22.42,-38.,20.));
#6326=CARTESIAN_POINT('',(22.42,-35.,20.));
#6327=CARTESIAN_POINT('',(22.42,-34.,20.));
#6328=CARTESIAN_POINT('',(20.42,-34.,20.));
#6329=CARTESIAN_POINT('',(20.42,-32.,20.));
#6330=CARTESIAN_POINT('',(18.42,-32.,20.));
#6331=CARTESIAN_POINT('',(16.42,-32.,20.));
#6332=CARTESIAN_POINT('',(16.42,-34.,20.));
#6333=CARTESIAN_POINT('',(14.42,-34.,20.));
#6334=CARTESIAN_POINT('',(14.42,-35.,20.));
#6335=CARTESIAN_POINT('',(-36.5,-35.,20.));
#6336=CARTESIAN_POINT('',(-36.5,-38.,20.));
#6337=CARTESIAN_POINT('',(-36.5,-34.,20.));
#6338=CARTESIAN_POINT('',(-38.5,-34.,20.));
#6339=CARTESIAN_POINT('',(-38.5,-32.,20.));
#6340=CARTESIAN_POINT('',(-40.5,-32.,20.));
#6341=CARTESIAN_POINT('',(-42.5,-32.,20.));
#6342=CARTESIAN_POINT('',(-42.5,-34.,20.));
#6343=CARTESIAN_POINT('',(-44.5,-34.,20.));
#6344=CARTESIAN_POINT('',(-44.5,-35.,20.));
#6345=CARTESIAN_POINT('',(-44.5,-38.,20.));
#6346=CARTESIAN_POINT('',(-40.5,-38.,20.));
#6347=CARTESIAN_POINT('',(-24.66,22.1405722083936,20.));
#6348=CARTESIAN_POINT('',(-24.66,12.6405722083936,20.));
#6349=CARTESIAN_POINT('',(-24.66,31.6405722083936,20.));
#6350=CARTESIAN_POINT('',(-34.16,31.6405722083936,20.));
#6351=CARTESIAN_POINT('',(-43.66,31.6405722083936,20.));
#6352=CARTESIAN_POINT('',(-43.66,22.1405722083936,20.));
#6353=CARTESIAN_POINT('',(-43.66,12.6405722083936,20.));
#6354=CARTESIAN_POINT('',(-34.16,12.6405722083936,20.));
#6355=CARTESIAN_POINT('',(-24.66,1.64060590936522,20.));
#6356=CARTESIAN_POINT('',(-24.66,-7.85939409063478,20.));
#6357=CARTESIAN_POINT('',(-24.66,11.1406059093652,20.));
#6358=CARTESIAN_POINT('',(-34.16,11.1406059093652,20.));
#6359=CARTESIAN_POINT('',(-43.66,11.1406059093652,20.));
#6360=CARTESIAN_POINT('',(-43.66,1.64060590936522,20.));
#6361=CARTESIAN_POINT('',(-43.66,-7.85939409063478,20.));
#6362=CARTESIAN_POINT('',(-34.16,-7.85939409063478,20.));
#6363=CARTESIAN_POINT('',(-4.085,22.1405722083936,20.));
#6364=CARTESIAN_POINT('',(-4.085,12.6405722083936,20.));
#6365=CARTESIAN_POINT('',(-4.085,31.6405722083936,20.));
#6366=CARTESIAN_POINT('',(-13.585,31.6405722083936,20.));
#6367=CARTESIAN_POINT('',(-23.085,31.6405722083936,20.));
#6368=CARTESIAN_POINT('',(-23.085,22.1405722083936,20.));
#6369=CARTESIAN_POINT('',(-23.085,12.6405722083936,20.));
#6370=CARTESIAN_POINT('',(-13.585,12.6405722083936,20.));
#6371=CARTESIAN_POINT('',(-4.085,1.64060590936522,20.));
#6372=CARTESIAN_POINT('',(-4.085,-7.85939409063478,20.));
#6373=CARTESIAN_POINT('',(-4.085,11.1406059093652,20.));
#6374=CARTESIAN_POINT('',(-13.585,11.1406059093652,20.));
#6375=CARTESIAN_POINT('',(-23.085,11.1406059093652,20.));
#6376=CARTESIAN_POINT('',(-23.085,1.64060590936522,20.));
#6377=CARTESIAN_POINT('',(-23.085,-7.85939409063478,20.));
#6378=CARTESIAN_POINT('',(-13.585,-7.85939409063478,20.));
#6379=CARTESIAN_POINT('',(16.49,22.1405722083936,20.));
#6380=CARTESIAN_POINT('',(16.49,12.6405722083936,20.));
#6381=CARTESIAN_POINT('',(16.49,31.6405722083936,20.));
#6382=CARTESIAN_POINT('',(6.99,31.6405722083936,20.));
#6383=CARTESIAN_POINT('',(-2.51000000000004,31.6405722083936,20.));
#6384=CARTESIAN_POINT('',(-2.51000000000004,22.1405722083936,20.));
#6385=CARTESIAN_POINT('',(-2.51000000000004,12.6405722083936,20.));
#6386=CARTESIAN_POINT('',(6.99,12.6405722083936,20.));
#6387=CARTESIAN_POINT('',(16.49,1.64060590936522,20.));
#6388=CARTESIAN_POINT('',(16.49,-7.85939409063478,20.));
#6389=CARTESIAN_POINT('',(16.49,11.1406059093652,20.));
#6390=CARTESIAN_POINT('',(6.99,11.1406059093652,20.));
#6391=CARTESIAN_POINT('',(-2.51000000000004,11.1406059093652,20.));
#6392=CARTESIAN_POINT('',(-2.51000000000004,1.64060590936522,20.));
#6393=CARTESIAN_POINT('',(-2.51000000000004,-7.85939409063478,20.));
#6394=CARTESIAN_POINT('',(6.99,-7.85939409063478,20.));
#6395=CARTESIAN_POINT('',(-24.66,-18.8593603896632,20.));
#6396=CARTESIAN_POINT('',(-24.66,-28.3593603896632,20.));
#6397=CARTESIAN_POINT('',(-24.66,-9.35936038966318,20.));
#6398=CARTESIAN_POINT('',(-34.16,-9.35936038966318,20.));
#6399=CARTESIAN_POINT('',(-43.66,-9.35936038966318,20.));
#6400=CARTESIAN_POINT('',(-43.66,-18.8593603896632,20.));
#6401=CARTESIAN_POINT('',(-43.66,-28.3593603896632,20.));
#6402=CARTESIAN_POINT('',(-34.16,-28.3593603896632,20.));
#6403=CARTESIAN_POINT('',(-4.085,-18.8593603896632,20.));
#6404=CARTESIAN_POINT('',(-4.085,-28.3593603896632,20.));
#6405=CARTESIAN_POINT('',(-4.085,-9.35936038966318,20.));
#6406=CARTESIAN_POINT('',(-13.585,-9.35936038966318,20.));
#6407=CARTESIAN_POINT('',(-23.085,-9.35936038966318,20.));
#6408=CARTESIAN_POINT('',(-23.085,-18.8593603896632,20.));
#6409=CARTESIAN_POINT('',(-23.085,-28.3593603896632,20.));
#6410=CARTESIAN_POINT('',(-13.585,-28.3593603896632,20.));
#6411=CARTESIAN_POINT('',(16.49,-18.8593603896632,20.));
#6412=CARTESIAN_POINT('',(16.49,-28.3593603896632,20.));
#6413=CARTESIAN_POINT('',(16.49,-9.35936038966318,20.));
#6414=CARTESIAN_POINT('',(6.99,-9.35936038966318,20.));
#6415=CARTESIAN_POINT('',(-2.51000000000004,-9.35936038966318,20.));
#6416=CARTESIAN_POINT('',(-2.51000000000004,-18.8593603896632,20.));
#6417=CARTESIAN_POINT('',(-2.51000000000004,-28.3593603896632,20.));
#6418=CARTESIAN_POINT('',(6.99,-28.3593603896632,20.));
#6419=CARTESIAN_POINT('',(46.,38.,20.));
#6420=CARTESIAN_POINT('',(50.,38.,20.));
#6421=CARTESIAN_POINT('',(46.,42.,20.));
#6422=CARTESIAN_POINT('',(50.,-6.93889390390723E-15,20.));
#6423=CARTESIAN_POINT('',(50.,-38.,20.));
#6424=CARTESIAN_POINT('',(46.,-38.,20.));
#6425=CARTESIAN_POINT('',(46.,-42.,20.));
#6426=CARTESIAN_POINT('',(-6.93889390390723E-15,-42.,20.));
#6427=CARTESIAN_POINT('',(-46.,-42.,20.));
#6428=CARTESIAN_POINT('',(-46.,-38.,20.));
#6429=CARTESIAN_POINT('',(-50.,-38.,20.));
#6430=CARTESIAN_POINT('',(-50.,0.,20.));
#6431=CARTESIAN_POINT('',(-50.,38.,20.));
#6432=CARTESIAN_POINT('',(-46.,38.,20.));
#6433=CARTESIAN_POINT('',(-46.,42.,20.));
#6434=CARTESIAN_POINT('',(6.93889390390723E-15,42.,20.));
#6435=CARTESIAN_POINT('',(27.42,-36.7,20.));
#6436=CARTESIAN_POINT('',(27.42,7.1,20.));
#6437=CARTESIAN_POINT('',(27.42,-39.7,20.));
#6438=CARTESIAN_POINT('',(45.22,-39.7,20.));
#6439=CARTESIAN_POINT('',(48.22,-39.7,20.));
#6440=CARTESIAN_POINT('',(48.22,4.1,20.));
#6441=CARTESIAN_POINT('',(48.22,7.1,20.));
#6442=CARTESIAN_POINT('',(30.42,7.1,20.));
#6443=CARTESIAN_POINT('',(-40.5,38.,20.));
#6444=CARTESIAN_POINT('',(-44.5,38.,20.));
#6445=CARTESIAN_POINT('',(-36.5,38.,20.));
#6446=CARTESIAN_POINT('',(-44.5,35.,20.));
#6447=CARTESIAN_POINT('',(-44.5,34.,20.));
#6448=CARTESIAN_POINT('',(-42.5,34.,20.));
#6449=CARTESIAN_POINT('',(-42.5,32.,20.));
#6450=CARTESIAN_POINT('',(-40.5,32.,20.));
#6451=CARTESIAN_POINT('',(-38.5,32.,20.));
#6452=CARTESIAN_POINT('',(-38.5,34.,20.));
#6453=CARTESIAN_POINT('',(-36.5,34.,20.));
#6454=CARTESIAN_POINT('',(-36.5,35.,20.));
#6455=CARTESIAN_POINT('',(25.7378861941464,2.706665,20.));
#6456=CARTESIAN_POINT('',(27.0886143882928,2.706665,20.));
#6457=CARTESIAN_POINT('',(22.5578073953868,2.706665,20.));
#6458=CARTESIAN_POINT('',(22.5147809494669,-11.5391496195705,20.));
#6459=CARTESIAN_POINT('',(22.471754503547,-25.784964239141,20.));
#6460=CARTESIAN_POINT('',(23.471754503547,-25.784964239141,20.));
#6461=CARTESIAN_POINT('',(27.0025614964529,-25.784964239141,20.));
#6462=CARTESIAN_POINT('',(27.0455879423729,-11.5391496195705,20.));
#6463=CARTESIAN_POINT('',(-11.04,34.,16.));
#6464=CARTESIAN_POINT('',(18.42,34.,16.));
#6465=CARTESIAN_POINT('',(18.42,34.,13.65));
#6466=CARTESIAN_POINT('',(18.42,34.,16.));
#6467=CARTESIAN_POINT('',(18.42,38.,16.));
#6468=CARTESIAN_POINT('',(18.42,38.,13.65));
#6469=CARTESIAN_POINT('',(-11.04,34.,16.));
#6470=CARTESIAN_POINT('',(-40.5,34.,16.));
#6471=CARTESIAN_POINT('',(-40.5,34.,13.65));
#6472=CARTESIAN_POINT('',(-40.5,34.,16.));
#6473=CARTESIAN_POINT('',(-40.5,38.,16.));
#6474=CARTESIAN_POINT('',(-40.5,38.,13.65));
#6475=CARTESIAN_POINT('',(-3.46944695195361E-15,-1.04083408558608E-14,25.6));
#6476=CARTESIAN_POINT('',(37.82,4.1,25.6));
#6477=CARTESIAN_POINT('',(45.22,4.1,25.6));
#6478=CARTESIAN_POINT('',(30.42,4.1,25.6));
#6479=CARTESIAN_POINT('',(30.42,-16.3,25.6));
#6480=CARTESIAN_POINT('',(30.42,-36.7,25.6));
#6481=CARTESIAN_POINT('',(37.82,-36.7,25.6));
#6482=CARTESIAN_POINT('',(45.22,-36.7,25.6));
#6483=CARTESIAN_POINT('',(45.22,-16.3,25.6));
#6484=CARTESIAN_POINT('',(-3.46944695195361E-15,-32.7,25.6));
#6485=CARTESIAN_POINT('',(43.72,-32.7,25.6));
#6486=CARTESIAN_POINT('',(31.42,-32.7,25.6));
#6487=CARTESIAN_POINT('',(31.42,-1.04083408558608E-14,25.6));
#6488=CARTESIAN_POINT('',(31.42,-1.9,25.6));
#6489=CARTESIAN_POINT('',(-3.2684728907124E-15,-1.9,25.6));
#6490=CARTESIAN_POINT('',(43.72,-1.9,25.6));
#6491=CARTESIAN_POINT('',(43.72,-1.04083408558608E-14,25.6));
#6492=CARTESIAN_POINT('',(46.,38.,23.));
#6493=CARTESIAN_POINT('',(46.,42.,23.));
#6494=CARTESIAN_POINT('',(50.,38.,23.));
#6495=CARTESIAN_POINT('',(6.93889390390723E-15,42.,23.));
#6496=CARTESIAN_POINT('',(-46.,42.,23.));
#6497=CARTESIAN_POINT('',(-46.,38.,23.));
#6498=CARTESIAN_POINT('',(-50.,38.,23.));
#6499=CARTESIAN_POINT('',(-50.,0.,23.));
#6500=CARTESIAN_POINT('',(-50.,-38.,23.));
#6501=CARTESIAN_POINT('',(-46.,-38.,23.));
#6502=CARTESIAN_POINT('',(-46.,-42.,23.));
#6503=CARTESIAN_POINT('',(-6.93889390390723E-15,-42.,23.));
#6504=CARTESIAN_POINT('',(46.,-42.,23.));
#6505=CARTESIAN_POINT('',(46.,-38.,23.));
#6506=CARTESIAN_POINT('',(50.,-38.,23.));
#6507=CARTESIAN_POINT('',(16.49,-18.8593603896632,23.));
#6508=CARTESIAN_POINT('',(16.49,-28.3593603896632,23.));
#6509=CARTESIAN_POINT('',(16.49,-9.35936038966318,23.));
#6510=CARTESIAN_POINT('',(6.99,-28.3593603896632,23.));
#6511=CARTESIAN_POINT('',(-2.51000000000004,-28.3593603896632,23.));
#6512=CARTESIAN_POINT('',(-2.51000000000004,-18.8593603896632,23.));
#6513=CARTESIAN_POINT('',(-2.51000000000004,-9.35936038966318,23.));
#6514=CARTESIAN_POINT('',(-4.085,-18.8593603896632,23.));
#6515=CARTESIAN_POINT('',(-4.085,-28.3593603896632,23.));
#6516=CARTESIAN_POINT('',(-4.085,-9.35936038966318,23.));
#6517=CARTESIAN_POINT('',(-13.585,-28.3593603896632,23.));
#6518=CARTESIAN_POINT('',(-23.085,-28.3593603896632,23.));
#6519=CARTESIAN_POINT('',(-23.085,-18.8593603896632,23.));
#6520=CARTESIAN_POINT('',(-23.085,-9.35936038966318,23.));
#6521=CARTESIAN_POINT('',(-24.66,-18.8593603896632,23.));
#6522=CARTESIAN_POINT('',(-24.66,-28.3593603896632,23.));
#6523=CARTESIAN_POINT('',(-24.66,-9.35936038966318,23.));
#6524=CARTESIAN_POINT('',(-34.16,-28.3593603896632,23.));
#6525=CARTESIAN_POINT('',(-43.66,-28.3593603896632,23.));
#6526=CARTESIAN_POINT('',(-43.66,-18.8593603896632,23.));
#6527=CARTESIAN_POINT('',(-43.66,-9.35936038966318,23.));
#6528=CARTESIAN_POINT('',(16.49,1.64060590936522,23.));
#6529=CARTESIAN_POINT('',(16.49,-7.85939409063478,23.));
#6530=CARTESIAN_POINT('',(16.49,11.1406059093652,23.));
#6531=CARTESIAN_POINT('',(6.99,-7.85939409063478,23.));
#6532=CARTESIAN_POINT('',(-2.51000000000004,-7.85939409063478,23.));
#6533=CARTESIAN_POINT('',(-2.51000000000004,1.64060590936522,23.));
#6534=CARTESIAN_POINT('',(-2.51000000000004,11.1406059093652,23.));
#6535=CARTESIAN_POINT('',(16.49,22.1405722083936,23.));
#6536=CARTESIAN_POINT('',(16.49,12.6405722083936,23.));
#6537=CARTESIAN_POINT('',(16.49,31.6405722083936,23.));
#6538=CARTESIAN_POINT('',(6.99,12.6405722083936,23.));
#6539=CARTESIAN_POINT('',(-2.51000000000004,12.6405722083936,23.));
#6540=CARTESIAN_POINT('',(-2.51000000000004,22.1405722083936,23.));
#6541=CARTESIAN_POINT('',(-2.51000000000004,31.6405722083936,23.));
#6542=CARTESIAN_POINT('',(-4.085,1.64060590936522,23.));
#6543=CARTESIAN_POINT('',(-4.085,-7.85939409063478,23.));
#6544=CARTESIAN_POINT('',(-4.085,11.1406059093652,23.));
#6545=CARTESIAN_POINT('',(-13.585,-7.85939409063478,23.));
#6546=CARTESIAN_POINT('',(-23.085,-7.85939409063478,23.));
#6547=CARTESIAN_POINT('',(-23.085,1.64060590936522,23.));
#6548=CARTESIAN_POINT('',(-23.085,11.1406059093652,23.));
#6549=CARTESIAN_POINT('',(-4.085,22.1405722083936,23.));
#6550=CARTESIAN_POINT('',(-4.085,12.6405722083936,23.));
#6551=CARTESIAN_POINT('',(-4.085,31.6405722083936,23.));
#6552=CARTESIAN_POINT('',(-13.585,12.6405722083936,23.));
#6553=CARTESIAN_POINT('',(-23.085,12.6405722083936,23.));
#6554=CARTESIAN_POINT('',(-23.085,22.1405722083936,23.));
#6555=CARTESIAN_POINT('',(-23.085,31.6405722083936,23.));
#6556=CARTESIAN_POINT('',(-24.66,1.64060590936522,23.));
#6557=CARTESIAN_POINT('',(-24.66,-7.85939409063478,23.));
#6558=CARTESIAN_POINT('',(-24.66,11.1406059093652,23.));
#6559=CARTESIAN_POINT('',(-34.16,-7.85939409063478,23.));
#6560=CARTESIAN_POINT('',(-43.66,-7.85939409063478,23.));
#6561=CARTESIAN_POINT('',(-43.66,1.64060590936522,23.));
#6562=CARTESIAN_POINT('',(-43.66,11.1406059093652,23.));
#6563=CARTESIAN_POINT('',(-24.66,22.1405722083936,23.));
#6564=CARTESIAN_POINT('',(-24.66,12.6405722083936,23.));
#6565=CARTESIAN_POINT('',(-24.66,31.6405722083936,23.));
#6566=CARTESIAN_POINT('',(-34.16,12.6405722083936,23.));
#6567=CARTESIAN_POINT('',(-43.66,12.6405722083936,23.));
#6568=CARTESIAN_POINT('',(-43.66,22.1405722083936,23.));
#6569=CARTESIAN_POINT('',(-43.66,31.6405722083936,23.));
#6570=CARTESIAN_POINT('',(6.99,-9.35936038966318,23.));
#6571=CARTESIAN_POINT('',(-13.585,-9.35936038966318,23.));
#6572=CARTESIAN_POINT('',(-34.16,-9.35936038966318,23.));
#6573=CARTESIAN_POINT('',(6.99,11.1406059093652,23.));
#6574=CARTESIAN_POINT('',(6.99,31.6405722083936,23.));
#6575=CARTESIAN_POINT('',(-13.585,11.1406059093652,23.));
#6576=CARTESIAN_POINT('',(-13.585,31.6405722083936,23.));
#6577=CARTESIAN_POINT('',(-34.16,11.1406059093652,23.));
#6578=CARTESIAN_POINT('',(-34.16,31.6405722083936,23.));
#6579=CARTESIAN_POINT('',(50.,-6.93889390390723E-15,23.));
#6580=CARTESIAN_POINT('',(37.82,-36.3,26.));
#6581=CARTESIAN_POINT('',(33.1533333333333,-33.9666666666667,28.3333333333333));
#6582=CARTESIAN_POINT('',(38.1533333333334,-29.6333333333333,32.6666666666667));
#6583=CARTESIAN_POINT('',(44.82,-16.3,26.));
#6584=CARTESIAN_POINT('',(42.4866666666667,1.36666666666665,28.3333333333333));
#6585=CARTESIAN_POINT('',(30.82,-16.3,26.));
#6586=CARTESIAN_POINT('',(33.1533333333333,1.36666666666664,28.3333333333333));
#6587=CARTESIAN_POINT('',(37.82,3.7,26.));
#6588=CARTESIAN_POINT('',(45.22,-16.3,278.817621135332));
#6589=CARTESIAN_POINT('',(45.22,4.1,278.817621135332));
#6590=CARTESIAN_POINT('',(45.22,4.1,24.6));
#6591=CARTESIAN_POINT('',(45.22,4.1,23.));
#6592=CARTESIAN_POINT('',(45.22,-36.7,23.));
#6593=CARTESIAN_POINT('',(45.22,-36.7,23.));
#6594=CARTESIAN_POINT('',(45.22,-36.7,278.817621135332));
#6595=CARTESIAN_POINT('',(45.22,-36.7,24.6));
#6596=CARTESIAN_POINT('',(45.22,-16.3,24.6));
#6597=CARTESIAN_POINT('',(37.82,-36.7,278.817621135332));
#6598=CARTESIAN_POINT('',(30.42,-36.7,23.));
#6599=CARTESIAN_POINT('',(30.42,-36.7,23.));
#6600=CARTESIAN_POINT('',(30.42,-36.7,278.817621135332));
#6601=CARTESIAN_POINT('',(30.42,-36.7,24.6));
#6602=CARTESIAN_POINT('',(37.82,-36.7,24.6));
#6603=CARTESIAN_POINT('',(30.42,-16.3,278.817621135332));
#6604=CARTESIAN_POINT('',(30.42,4.1,23.));
#6605=CARTESIAN_POINT('',(30.42,4.1,23.));
#6606=CARTESIAN_POINT('',(30.42,4.1,278.817621135332));
#6607=CARTESIAN_POINT('',(30.42,4.1,24.6));
#6608=CARTESIAN_POINT('',(30.42,-16.3,24.6));
#6609=CARTESIAN_POINT('',(37.82,4.1,278.817621135332));
#6610=CARTESIAN_POINT('',(45.22,4.1,23.));
#6611=CARTESIAN_POINT('',(37.82,4.1,24.6));
#6612=CARTESIAN_POINT('',(-3.46944695195361E-15,-1.04083408558608E-14,24.6));
#6613=CARTESIAN_POINT('',(37.57,-1.9,24.6));
#6614=CARTESIAN_POINT('',(43.72,-1.9,24.6));
#6615=CARTESIAN_POINT('',(31.42,-1.9,24.6));
#6616=CARTESIAN_POINT('',(31.42,-17.3,24.6));
#6617=CARTESIAN_POINT('',(31.42,-32.7,24.6));
#6618=CARTESIAN_POINT('',(37.57,-32.7,24.6));
#6619=CARTESIAN_POINT('',(43.72,-32.7,24.6));
#6620=CARTESIAN_POINT('',(43.72,-17.3,24.6));
#6621=CARTESIAN_POINT('',(-8.32198424286168E-16,7.1,20.));
#6622=CARTESIAN_POINT('',(32.1466666666667,-8.97333333333328,36.0733333333334));
#6623=CARTESIAN_POINT('',(29.7866666666667,4.73333333333333,22.3666666666667));
#6624=CARTESIAN_POINT('',(27.42,-2.27554903025193E-15,20.));
#6625=CARTESIAN_POINT('',(18.28,-48.84,10.86));
#6626=CARTESIAN_POINT('',(48.22,9.46274649052447E-15,20.));
#6627=CARTESIAN_POINT('',(32.1466666666667,-23.6266666666667,36.0733333333334));
#6628=CARTESIAN_POINT('',(0.,-39.7,20.));
#6629=CARTESIAN_POINT('',(31.42,-17.3,49.6));
#6630=CARTESIAN_POINT('',(31.42,-32.7,49.6));
#6631=CARTESIAN_POINT('',(31.42,-1.9,49.6));
#6632=CARTESIAN_POINT('',(37.57,-1.9,49.6));
#6633=CARTESIAN_POINT('',(43.72,-1.9,49.6));
#6634=CARTESIAN_POINT('',(43.72,-17.3,49.6));
#6635=CARTESIAN_POINT('',(43.72,-32.7,49.6));
#6636=CARTESIAN_POINT('',(37.57,-32.7,49.6));
#6637=CARTESIAN_POINT('',(-40.5,38.,12.));
#6638=CARTESIAN_POINT('',(-36.5,38.,12.));
#6639=CARTESIAN_POINT('',(-36.5,38.,14.));
#6640=CARTESIAN_POINT('',(-38.5,38.,14.));
#6641=CARTESIAN_POINT('',(-38.5,38.,12.));
#6642=CARTESIAN_POINT('',(-40.5,38.,12.));
#6643=CARTESIAN_POINT('',(-42.5,38.,12.));
#6644=CARTESIAN_POINT('',(-42.5,38.,14.));
#6645=CARTESIAN_POINT('',(-44.5,38.,14.));
#6646=CARTESIAN_POINT('',(-44.5,38.,12.));
#6647=CARTESIAN_POINT('',(-36.5,35.,12.));
#6648=CARTESIAN_POINT('',(-36.5,34.,12.));
#6649=CARTESIAN_POINT('',(-36.5,34.,14.));
#6650=CARTESIAN_POINT('',(-36.5,38.,14.));
#6651=CARTESIAN_POINT('',(-40.5,32.,12.));
#6652=CARTESIAN_POINT('',(-42.5,32.,12.));
#6653=CARTESIAN_POINT('',(-42.5,32.,14.));
#6654=CARTESIAN_POINT('',(-38.5,32.,14.));
#6655=CARTESIAN_POINT('',(-38.5,32.,14.));
#6656=CARTESIAN_POINT('',(-38.5,32.,12.));
#6657=CARTESIAN_POINT('',(-44.5,35.,12.));
#6658=CARTESIAN_POINT('',(-44.5,32.,14.));
#6659=CARTESIAN_POINT('',(-44.5,34.,14.));
#6660=CARTESIAN_POINT('',(-44.5,34.,12.));
#6661=CARTESIAN_POINT('',(0.,0.,12.));
#6662=CARTESIAN_POINT('',(-38.5,32.,12.));
#6663=CARTESIAN_POINT('',(-38.5,34.,12.));
#6664=CARTESIAN_POINT('',(-42.5,34.,12.));
#6665=CARTESIAN_POINT('',(-42.5,34.,12.));
#6666=CARTESIAN_POINT('',(-42.5,38.,12.));
#6667=CARTESIAN_POINT('',(-44.5,-35.,12.));
#6668=CARTESIAN_POINT('',(-44.5,-34.,12.));
#6669=CARTESIAN_POINT('',(-44.5,-34.,14.));
#6670=CARTESIAN_POINT('',(-44.5,-35.,14.));
#6671=CARTESIAN_POINT('',(-44.5,-38.,14.));
#6672=CARTESIAN_POINT('',(-44.5,-38.,12.));
#6673=CARTESIAN_POINT('',(-40.5,-32.,12.));
#6674=CARTESIAN_POINT('',(-38.5,-32.,12.));
#6675=CARTESIAN_POINT('',(-38.5,-32.,14.));
#6676=CARTESIAN_POINT('',(-40.5,-32.,14.));
#6677=CARTESIAN_POINT('',(-42.5,-32.,14.));
#6678=CARTESIAN_POINT('',(-42.5,-32.,12.));
#6679=CARTESIAN_POINT('',(-36.5,-35.,12.));
#6680=CARTESIAN_POINT('',(-36.5,-35.,14.));
#6681=CARTESIAN_POINT('',(-36.5,-38.,14.));
#6682=CARTESIAN_POINT('',(-36.5,-34.,14.));
#6683=CARTESIAN_POINT('',(-36.5,-34.,12.));
#6684=CARTESIAN_POINT('',(-36.5,-38.,12.));
#6685=CARTESIAN_POINT('',(-40.5,-38.,12.));
#6686=CARTESIAN_POINT('',(-40.5,-38.,16.));
#6687=CARTESIAN_POINT('',(-40.5,-38.,13.65));
#6688=CARTESIAN_POINT('',(-42.5,-38.,14.));
#6689=CARTESIAN_POINT('',(-42.5,-38.,12.));
#6690=CARTESIAN_POINT('',(-40.5,-38.,12.));
#6691=CARTESIAN_POINT('',(-38.5,-38.,12.));
#6692=CARTESIAN_POINT('',(-38.5,-38.,14.));
#6693=CARTESIAN_POINT('',(0.,0.,12.));
#6694=CARTESIAN_POINT('',(-42.5,-4.91504984860096E-14,12.));
#6695=CARTESIAN_POINT('',(-42.5,-34.,12.));
#6696=CARTESIAN_POINT('',(0.,-34.,12.));
#6697=CARTESIAN_POINT('',(-38.5,-34.,12.));
#6698=CARTESIAN_POINT('',(-38.5,0.,12.));
#6699=CARTESIAN_POINT('',(22.42,-35.,12.));
#6700=CARTESIAN_POINT('',(22.42,-35.,14.));
#6701=CARTESIAN_POINT('',(22.42,-38.,14.));
#6702=CARTESIAN_POINT('',(22.42,-34.,14.));
#6703=CARTESIAN_POINT('',(22.42,-34.,12.));
#6704=CARTESIAN_POINT('',(22.42,-38.,12.));
#6705=CARTESIAN_POINT('',(18.42,-38.,12.));
#6706=CARTESIAN_POINT('',(18.42,-38.,16.));
#6707=CARTESIAN_POINT('',(18.42,-38.,13.65));
#6708=CARTESIAN_POINT('',(18.42,-38.,12.));
#6709=CARTESIAN_POINT('',(16.42,-38.,12.));
#6710=CARTESIAN_POINT('',(20.42,-38.,12.));
#6711=CARTESIAN_POINT('',(20.42,-38.,14.));
#6712=CARTESIAN_POINT('',(14.42,-38.,12.));
#6713=CARTESIAN_POINT('',(14.42,-38.,14.));
#6714=CARTESIAN_POINT('',(16.42,-38.,14.));
#6715=CARTESIAN_POINT('',(14.42,-35.,12.));
#6716=CARTESIAN_POINT('',(14.42,-34.,12.));
#6717=CARTESIAN_POINT('',(14.42,-34.,14.));
#6718=CARTESIAN_POINT('',(14.42,-35.,14.));
#6719=CARTESIAN_POINT('',(18.42,-32.,12.));
#6720=CARTESIAN_POINT('',(20.42,-32.,12.));
#6721=CARTESIAN_POINT('',(20.42,-32.,14.));
#6722=CARTESIAN_POINT('',(18.42,-32.,14.));
#6723=CARTESIAN_POINT('',(16.42,-32.,14.));
#6724=CARTESIAN_POINT('',(16.42,-32.,12.));
#6725=CARTESIAN_POINT('',(0.,0.,12.));
#6726=CARTESIAN_POINT('',(16.42,0.,12.));
#6727=CARTESIAN_POINT('',(16.42,-34.,12.));
#6728=CARTESIAN_POINT('',(0.,-34.,12.));
#6729=CARTESIAN_POINT('',(20.42,-34.,12.));
#6730=CARTESIAN_POINT('',(20.42,0.,12.));
#6731=CARTESIAN_POINT('',(18.42,32.,12.));
#6732=CARTESIAN_POINT('',(16.42,32.,12.));
#6733=CARTESIAN_POINT('',(16.42,32.,14.));
#6734=CARTESIAN_POINT('',(20.42,32.,14.));
#6735=CARTESIAN_POINT('',(20.42,32.,14.));
#6736=CARTESIAN_POINT('',(20.42,32.,12.));
#6737=CARTESIAN_POINT('',(14.42,35.,12.));
#6738=CARTESIAN_POINT('',(14.42,32.,14.));
#6739=CARTESIAN_POINT('',(14.42,38.,14.));
#6740=CARTESIAN_POINT('',(14.42,34.,14.));
#6741=CARTESIAN_POINT('',(14.42,34.,12.));
#6742=CARTESIAN_POINT('',(14.42,38.,12.));
#6743=CARTESIAN_POINT('',(18.42,38.,12.));
#6744=CARTESIAN_POINT('',(22.42,38.,12.));
#6745=CARTESIAN_POINT('',(22.42,38.,14.));
#6746=CARTESIAN_POINT('',(20.42,38.,14.));
#6747=CARTESIAN_POINT('',(20.42,38.,12.));
#6748=CARTESIAN_POINT('',(18.42,38.,12.));
#6749=CARTESIAN_POINT('',(16.42,38.,12.));
#6750=CARTESIAN_POINT('',(16.42,38.,14.));
#6751=CARTESIAN_POINT('',(22.42,35.,12.));
#6752=CARTESIAN_POINT('',(22.42,34.,12.));
#6753=CARTESIAN_POINT('',(22.42,34.,14.));
#6754=CARTESIAN_POINT('',(22.42,38.,14.));
#6755=CARTESIAN_POINT('',(0.,0.,12.));
#6756=CARTESIAN_POINT('',(20.42,32.,12.));
#6757=CARTESIAN_POINT('',(20.42,34.,12.));
#6758=CARTESIAN_POINT('',(16.42,34.,12.));
#6759=CARTESIAN_POINT('',(16.42,34.,12.));
#6760=CARTESIAN_POINT('',(16.42,38.,12.));
#6761=CARTESIAN_POINT('',(-42.5,-35.,14.));
#6762=CARTESIAN_POINT('',(-42.5,-34.,14.));
#6763=CARTESIAN_POINT('',(-38.5,-35.,14.));
#6764=CARTESIAN_POINT('',(-38.5,-34.,14.));
#6765=CARTESIAN_POINT('',(20.42,-35.,14.));
#6766=CARTESIAN_POINT('',(20.42,-34.,14.));
#6767=CARTESIAN_POINT('',(16.42,-35.,14.));
#6768=CARTESIAN_POINT('',(16.42,-34.,14.));
#6769=CARTESIAN_POINT('',(20.42,0.,14.));
#6770=CARTESIAN_POINT('',(20.42,34.,14.));
#6771=CARTESIAN_POINT('',(16.42,0.,14.));
#6772=CARTESIAN_POINT('',(16.42,34.,14.));
#6773=CARTESIAN_POINT('',(-38.5,0.,14.));
#6774=CARTESIAN_POINT('',(-38.5,34.,14.));
#6775=CARTESIAN_POINT('',(-42.5,4.91504984860096E-14,14.));
#6776=CARTESIAN_POINT('',(-42.5,34.,14.));
#6777=CARTESIAN_POINT('',(18.42,-34.,16.));
#6778=CARTESIAN_POINT('',(18.42,-34.,16.));
#6779=CARTESIAN_POINT('',(18.42,-34.,13.65));
#6780=CARTESIAN_POINT('',(-11.04,-34.,16.));
#6781=CARTESIAN_POINT('',(-40.5,-34.,16.));
#6782=CARTESIAN_POINT('',(-40.5,-34.,16.));
#6783=CARTESIAN_POINT('',(-40.5,-34.,13.65));
#6784=CARTESIAN_POINT('',(-11.04,-34.,16.));
#6785=CARTESIAN_POINT('',(-42.5,-34.,12.));
#6786=CARTESIAN_POINT('',(-42.5,-34.,14.));
#6787=CARTESIAN_POINT('',(-42.5,-34.,14.));
#6788=CARTESIAN_POINT('',(-42.5,-34.,14.));
#6789=CARTESIAN_POINT('',(-40.5,-34.,14.));
#6790=CARTESIAN_POINT('',(-38.5,-34.,14.));
#6791=CARTESIAN_POINT('',(-38.5,-34.,14.));
#6792=CARTESIAN_POINT('',(-38.5,-34.,14.));
#6793=CARTESIAN_POINT('',(-38.5,-34.,12.));
#6794=CARTESIAN_POINT('',(16.42,-34.,12.));
#6795=CARTESIAN_POINT('',(16.42,-34.,14.));
#6796=CARTESIAN_POINT('',(16.42,-34.,14.));
#6797=CARTESIAN_POINT('',(16.42,-34.,14.));
#6798=CARTESIAN_POINT('',(18.42,-34.,14.));
#6799=CARTESIAN_POINT('',(20.42,-34.,14.));
#6800=CARTESIAN_POINT('',(20.42,-34.,14.));
#6801=CARTESIAN_POINT('',(20.42,-34.,14.));
#6802=CARTESIAN_POINT('',(20.42,-34.,12.));
#6803=CARTESIAN_POINT('',(20.42,34.,12.));
#6804=CARTESIAN_POINT('',(20.42,34.,14.));
#6805=CARTESIAN_POINT('',(20.42,34.,14.));
#6806=CARTESIAN_POINT('',(20.42,34.,14.));
#6807=CARTESIAN_POINT('',(0.,34.,14.));
#6808=CARTESIAN_POINT('',(16.42,34.,14.));
#6809=CARTESIAN_POINT('',(16.42,34.,14.));
#6810=CARTESIAN_POINT('',(16.42,34.,14.));
#6811=CARTESIAN_POINT('',(16.42,34.,12.));
#6812=CARTESIAN_POINT('',(-38.5,34.,12.));
#6813=CARTESIAN_POINT('',(-38.5,34.,14.));
#6814=CARTESIAN_POINT('',(-38.5,34.,14.));
#6815=CARTESIAN_POINT('',(-38.5,34.,14.));
#6816=CARTESIAN_POINT('',(0.,34.,14.));
#6817=CARTESIAN_POINT('',(-42.5,34.,14.));
#6818=CARTESIAN_POINT('',(-42.5,34.,14.));
#6819=CARTESIAN_POINT('',(-42.5,34.,14.));
#6820=CARTESIAN_POINT('',(-42.5,34.,12.));
#6821=CARTESIAN_POINT('',(23.471754503547,-25.784964239141,19.998));
#6822=CARTESIAN_POINT('',(22.471754503547,-25.784964239141,19.998));
#6823=CARTESIAN_POINT('',(27.0025614964529,-25.784964239141,19.998));
#6824=CARTESIAN_POINT('',(22.5147809494669,-11.5391496195705,19.998));
#6825=CARTESIAN_POINT('',(22.5578073953868,2.706665,19.998));
#6826=CARTESIAN_POINT('',(27.0455879423729,-11.5391496195705,19.998));
#6827=CARTESIAN_POINT('',(27.0886143882928,2.706665,19.998));
#6828=CARTESIAN_POINT('',(25.7378861941464,2.706665,19.998));
#6829=CARTESIAN_POINT('',(0.,-6.93889390390723E-15,23.));
#6830=CARTESIAN_POINT('',(35.0944921374321,25.9472038596868,23.));
#6831=CARTESIAN_POINT('',(31.5944921374321,25.9472038596868,23.));
#6832=CARTESIAN_POINT('',(35.0944921374321,25.9472038596868,23.));
#6833=CARTESIAN_POINT('',(30.5942578095488,26.8755542044075,25.4018324046307));
#6834=CARTESIAN_POINT('',(30.6205650470594,25.9366486562618,25.2967215857953));
#6835=CARTESIAN_POINT('',(30.9308777102421,25.0610743286663,25.0463115863555));
#6836=CARTESIAN_POINT('',(31.2409801268426,24.3181803683346,24.9733533176783));
#6837=CARTESIAN_POINT('',(31.3490286101601,23.7442132548497,25.1845747764641));
#6838=CARTESIAN_POINT('',(31.4371767671064,23.315859221599,25.3454513645152));
#6839=CARTESIAN_POINT('',(31.6856623128865,22.9171465786408,25.3944973174387));
#6840=CARTESIAN_POINT('',(32.1795009758289,22.5460674773561,25.3103814607839));
#6841=CARTESIAN_POINT('',(32.8582127036842,22.2313005997074,25.1489080158191));
#6842=CARTESIAN_POINT('',(33.7150711649252,21.9665575747717,24.991261953982));
#6843=CARTESIAN_POINT('',(34.6128503013493,21.7912545665408,24.9495496660556));
#6844=CARTESIAN_POINT('',(35.8301605002535,21.6886960642469,25.079184116266));
#6845=CARTESIAN_POINT('',(37.3240566292599,21.8630600209878,25.4080239381018));
#6846=CARTESIAN_POINT('',(38.7064323692657,22.5401245575616,25.6770776387648));
#6847=CARTESIAN_POINT('',(39.5322313902091,23.4602097275523,25.7757710149918));
#6848=CARTESIAN_POINT('',(40.073516456492,24.569647726241,25.8007199909828));
#6849=CARTESIAN_POINT('',(40.2522021698437,25.7991576986573,25.7979199318348));
#6850=CARTESIAN_POINT('',(40.1497478931053,27.0141715790505,25.8228261225476));
#6851=CARTESIAN_POINT('',(39.8826549931872,27.9079414953963,25.8265462859063));
#6852=CARTESIAN_POINT('',(39.3416808435609,28.6608609219571,25.751318246173));
#6853=CARTESIAN_POINT('',(38.595851668449,29.1802904114256,25.5628736591118));
#6854=CARTESIAN_POINT('',(37.7998860158536,29.5605053898567,25.338890277526));
#6855=CARTESIAN_POINT('',(36.9607834740173,29.8846592501283,25.1648364959759));
#6856=CARTESIAN_POINT('',(36.1246018519587,30.2261424123266,25.2171089673434));
#6857=CARTESIAN_POINT('',(35.2898875107247,30.5399996670776,25.4163617544104));
#6858=CARTESIAN_POINT('',(34.3638744637317,30.7030146394435,25.5864840737138));
#6859=CARTESIAN_POINT('',(33.5145470726608,30.2939209961988,25.4438586142115));
#6860=CARTESIAN_POINT('',(32.8859864456471,29.6883503008354,25.1635668710704));
#6861=CARTESIAN_POINT('',(32.2369860063152,29.0497820319512,24.9937970609831));
#6862=CARTESIAN_POINT('',(31.536165819758,28.449834328071,25.1646941182462));
#6863=CARTESIAN_POINT('',(30.9227756144302,27.7716637344509,25.3692498260233));
#6864=CARTESIAN_POINT('',(30.5942578095488,26.8755542044075,25.4018324046307));
#6865=CARTESIAN_POINT('',(30.6205650470594,25.9366486562618,25.2967215857953));
#6866=CARTESIAN_POINT('',(30.9308777102421,25.0610743286663,25.0463115863555));
#6867=CARTESIAN_POINT('',(30.6678992846715,25.9472038596868,25.2725050556946));
#6868=CARTESIAN_POINT('',(31.2637947499752,24.148479104042,24.9383535390645));
#6869=CARTESIAN_POINT('',(31.2637947499752,24.148479104042,26.3998368008526));
#6870=CARTESIAN_POINT('',(31.1163391437215,24.7101143911629,24.9383535390645));
#6871=CARTESIAN_POINT('',(31.1163391437215,24.7101143911629,26.3998368008526));
#6872=CARTESIAN_POINT('',(30.4312778194142,25.9810411584938,24.9383535390645));
#6873=CARTESIAN_POINT('',(30.4312778194142,25.9810411584938,26.3998368008526));
#6874=CARTESIAN_POINT('',(30.7947806702794,27.9124968882673,24.9383535390645));
#6875=CARTESIAN_POINT('',(30.7947806702794,27.9124968882673,26.3998368008526));
#6876=CARTESIAN_POINT('',(32.4746637596317,29.1680005502028,24.9383535390645));
#6877=CARTESIAN_POINT('',(32.4746637596317,29.1680005502028,26.3998368008526));
#6878=CARTESIAN_POINT('',(34.1411429387704,31.1123955832391,24.9383535390645));
#6879=CARTESIAN_POINT('',(34.1411429387704,31.1123955832391,26.3998368008526));
#6880=CARTESIAN_POINT('',(36.762648584209,29.9050741150331,24.9383535390645));
#6881=CARTESIAN_POINT('',(36.762648584209,29.9050741150331,26.3998368008526));
#6882=CARTESIAN_POINT('',(40.1564829290857,28.7531092270947,24.9383535390645));
#6883=CARTESIAN_POINT('',(40.1564829290857,28.7531092270947,26.3998368008526));
#6884=CARTESIAN_POINT('',(40.3817066359238,24.8453828076147,24.9383535390645));
#6885=CARTESIAN_POINT('',(40.3817066359238,24.8453828076147,26.3998368008526));
#6886=CARTESIAN_POINT('',(38.9631661741387,22.3742002554191,24.9383535390645));
#6887=CARTESIAN_POINT('',(38.9631661741387,22.3742002554191,26.3998368008526));
#6888=CARTESIAN_POINT('',(35.5159102889885,21.3001194809161,24.9383535390645));
#6889=CARTESIAN_POINT('',(35.5159102889885,21.3001194809161,26.3998368008526));
#6890=CARTESIAN_POINT('',(31.3434901938773,22.60843859684,24.9383535390645));
#6891=CARTESIAN_POINT('',(31.3434901938773,22.60843859684,26.3998368008526));
#6892=CARTESIAN_POINT('',(31.3836253070383,23.6920632984187,24.9383535390645));
#6893=CARTESIAN_POINT('',(31.3836253070383,23.6920632984187,26.3998368008526));
#6894=CARTESIAN_POINT('',(31.2637947499752,24.148479104042,24.9383535390645));
#6895=CARTESIAN_POINT('',(31.2637947499752,24.148479104042,26.3998368008526));
#6896=CARTESIAN_POINT('',(35.0944921374321,25.9472038596868,23.));
#6897=CARTESIAN_POINT('',(35.0944921374321,25.9472038596868,23.));
#6898=CARTESIAN_POINT('',(35.0944921374321,25.9472038596868,23.));
#6899=CARTESIAN_POINT('',(35.0944921374321,25.9472038596868,23.));
#6900=CARTESIAN_POINT('',(35.0944921374321,25.9472038596868,23.));
#6901=CARTESIAN_POINT('',(35.0944921374321,25.9472038596868,23.));
#6902=CARTESIAN_POINT('',(35.0944921374321,25.9472038596868,23.));
#6903=CARTESIAN_POINT('',(35.0944921374321,25.9472038596868,23.));
#6904=CARTESIAN_POINT('',(35.0944921374321,25.9472038596868,23.));
#6905=CARTESIAN_POINT('',(35.0944921374321,25.9472038596868,23.));
#6906=CARTESIAN_POINT('',(35.0944921374321,25.9472038596868,23.));
#6907=CARTESIAN_POINT('',(35.0944921374321,25.9472038596868,23.));
#6908=CARTESIAN_POINT('',(35.0944921374321,25.9472038596868,23.));
#6909=MECHANICAL_DESIGN_GEOMETRIC_PRESENTATION_REPRESENTATION('',(#3589,
#3317,#3318,#3319,#3320,#3321,#3322,#3323,#3324,#3325,#3326,#3327,#3328,
#3329,#3330,#3331,#3332,#3333,#3334,#3335,#3336,#3337,#3338,#3339,#3340,
#3341,#3342,#3343,#3344,#3345,#3346,#3347,#3348,#3349,#3350,#3351,#3352,
#3353,#3354,#3355,#3356,#3357,#3358,#3359,#3360,#3361,#3362,#3363,#3364,
#3365,#3366,#3367,#3368,#3369,#3370,#3371,#3372,#3373,#3374,#3375,#3376,
#3377,#3378,#3379,#3380,#3381,#3382,#3383,#3384,#3385,#3386,#3387,#3388),
#6910);
#6910=(
GEOMETRIC_REPRESENTATION_CONTEXT(3)
GLOBAL_UNCERTAINTY_ASSIGNED_CONTEXT((#6911))
GLOBAL_UNIT_ASSIGNED_CONTEXT((#6914,#6913,#6912))
REPRESENTATION_CONTEXT('Part 2','TOP_LEVEL_ASSEMBLY_PART')
);
#6911=UNCERTAINTY_MEASURE_WITH_UNIT(LENGTH_MEASURE(1.E-5),#6914,
'DISTANCE_ACCURACY_VALUE','Maximum Tolerance applied to model');
#6912=(
NAMED_UNIT(*)
SI_UNIT($,.STERADIAN.)
SOLID_ANGLE_UNIT()
);
#6913=(
NAMED_UNIT(*)
PLANE_ANGLE_UNIT()
SI_UNIT($,.RADIAN.)
);
#6914=(
LENGTH_UNIT()
NAMED_UNIT(*)
SI_UNIT(.MILLI.,.METRE.)
);
#6915=PRODUCT_DEFINITION_SHAPE('','',#6916);
#6916=PRODUCT_DEFINITION('','',#6918,#6917);
#6917=PRODUCT_DEFINITION_CONTEXT('',#6924,'design');
#6918=PRODUCT_DEFINITION_FORMATION_WITH_SPECIFIED_SOURCE('','',#6920,
 .NOT_KNOWN.);
#6919=PRODUCT_RELATED_PRODUCT_CATEGORY('','',(#6920));
#6920=PRODUCT('Part 2','Part 2','Part 2',(#6922));
#6921=PRODUCT_CATEGORY('','');
#6922=PRODUCT_CONTEXT('',#6924,'mechanical');
#6923=APPLICATION_PROTOCOL_DEFINITION('international standard',
'ap242_managed_model_based_3d_engineering',2020,#6924);
#6924=APPLICATION_CONTEXT('managed model based 3d engineering');
ENDSEC;
END-ISO-10303-21;
