ISO-10303-21;
HEADER;
/* Generated by software containing ST-Developer
 * from STEP Tools, Inc. (www.steptools.com) 
 */

FILE_DESCRIPTION(
/* description */ (''),
/* implementation_level */ '2;1');

FILE_NAME(
/* name */ 'Keyboard case.step',
/* time_stamp */ '2026-06-22T04:28:59-04:00',
/* author */ (''),
/* organization */ (''),
/* preprocessor_version */ 'ST-DEVELOPER v20.1',
/* originating_system */ 'Autodesk Translation Framework v15.8.0.0',
/* authorisation */ '');

FILE_SCHEMA (('AUTOMOTIVE_DESIGN { 1 0 10303 214 3 1 1 }'));
ENDSEC;

DATA;
#10=MECHANICAL_DESIGN_GEOMETRIC_PRESENTATION_REPRESENTATION('',(#445,#446,
#447,#448,#449),#13409);
#11=ITEM_DEFINED_TRANSFORMATION($,$,#6893,#7293);
#12=ITEM_DEFINED_TRANSFORMATION($,$,#6932,#7294);
#13=(
REPRESENTATION_RELATIONSHIP($,$,#13423,#13422)
REPRESENTATION_RELATIONSHIP_WITH_TRANSFORMATION(#11)
SHAPE_REPRESENTATION_RELATIONSHIP()
);
#14=(
REPRESENTATION_RELATIONSHIP($,$,#13424,#13422)
REPRESENTATION_RELATIONSHIP_WITH_TRANSFORMATION(#12)
SHAPE_REPRESENTATION_RELATIONSHIP()
);
#15=CONTEXT_DEPENDENT_SHAPE_REPRESENTATION(#13,#13420);
#16=CONTEXT_DEPENDENT_SHAPE_REPRESENTATION(#14,#13421);
#17=NEXT_ASSEMBLY_USAGE_OCCURRENCE('Body:1','Body:1','Body:1',#13426,#13427,
'Body:1');
#18=NEXT_ASSEMBLY_USAGE_OCCURRENCE('TopPiece:1','TopPiece:1',
'TopPiece:1',#13426,#13428,'TopPiece:1');
#19=SPHERICAL_SURFACE('',#7124,21.);
#20=SPHERICAL_SURFACE('',#7141,0.249999999999999);
#21=SPHERICAL_SURFACE('',#7144,0.249999999999999);
#22=SPHERICAL_SURFACE('',#7147,0.25);
#23=SPHERICAL_SURFACE('',#7151,0.249999999999999);
#24=SPHERICAL_SURFACE('',#7190,21.);
#25=SPHERICAL_SURFACE('',#7207,0.249999999999999);
#26=SPHERICAL_SURFACE('',#7210,0.249999999999999);
#27=SPHERICAL_SURFACE('',#7213,0.25);
#28=SPHERICAL_SURFACE('',#7217,0.249999999999999);
#29=SPHERICAL_SURFACE('',#7256,21.);
#30=SPHERICAL_SURFACE('',#7273,0.249999999999999);
#31=SPHERICAL_SURFACE('',#7276,0.249999999999999);
#32=SPHERICAL_SURFACE('',#7279,0.25);
#33=SPHERICAL_SURFACE('',#7283,0.249999999999999);
#34=TOROIDAL_SURFACE('',#7103,21.4299073413524,0.5);
#35=TOROIDAL_SURFACE('',#7106,21.4400193822431,0.5);
#36=TOROIDAL_SURFACE('',#7109,21.4300648502692,0.5);
#37=TOROIDAL_SURFACE('',#7112,21.4191732201862,0.5);
#38=TOROIDAL_SURFACE('',#7169,21.4299073413524,0.5);
#39=TOROIDAL_SURFACE('',#7172,21.4400193822431,0.5);
#40=TOROIDAL_SURFACE('',#7175,21.4300648502692,0.5);
#41=TOROIDAL_SURFACE('',#7178,21.4191732201862,0.5);
#42=TOROIDAL_SURFACE('',#7235,21.4299073413524,0.5);
#43=TOROIDAL_SURFACE('',#7238,21.4400193822431,0.5);
#44=TOROIDAL_SURFACE('',#7241,21.4300648502692,0.5);
#45=TOROIDAL_SURFACE('',#7244,21.4191732201862,0.5);
#46=B_SPLINE_CURVE_WITH_KNOTS('',3,(#8841,#8842,#8843,#8844,#8845),
 .UNSPECIFIED.,.F.,.F.,(4,1,4),(0.,0.122238503868697,0.219209343716177),
 .UNSPECIFIED.);
#47=B_SPLINE_CURVE_WITH_KNOTS('',3,(#8847,#8848,#8849,#8850,#8851),
 .UNSPECIFIED.,.F.,.F.,(4,1,4),(-0.219209343716177,-0.122238503868697,0.),
 .UNSPECIFIED.);
#48=B_SPLINE_CURVE_WITH_KNOTS('',3,(#8864,#8865,#8866,#8867,#8868),
 .UNSPECIFIED.,.F.,.F.,(4,1,4),(0.,0.0985652920544517,0.198603092349998),
 .UNSPECIFIED.);
#49=B_SPLINE_CURVE_WITH_KNOTS('',3,(#8870,#8871,#8872,#8873,#8874),
 .UNSPECIFIED.,.F.,.F.,(4,1,4),(-0.198603092349998,-0.0985652920544517,
0.),.UNSPECIFIED.);
#50=B_SPLINE_CURVE_WITH_KNOTS('',3,(#8961,#8962,#8963,#8964,#8965),
 .UNSPECIFIED.,.F.,.F.,(4,1,4),(0.,0.105172788831196,0.208987473123267),
 .UNSPECIFIED.);
#51=B_SPLINE_CURVE_WITH_KNOTS('',3,(#8967,#8968,#8969,#8970,#8971),
 .UNSPECIFIED.,.F.,.F.,(4,1,4),(-0.208987473123267,-0.105172788831196,0.),
 .UNSPECIFIED.);
#52=B_SPLINE_CURVE_WITH_KNOTS('',3,(#8984,#8985,#8986,#8987,#8988),
 .UNSPECIFIED.,.F.,.F.,(4,1,4),(0.,0.129959009310871,0.190262055167958),
 .UNSPECIFIED.);
#53=B_SPLINE_CURVE_WITH_KNOTS('',3,(#8990,#8991,#8992,#8993,#8994),
 .UNSPECIFIED.,.F.,.F.,(4,1,4),(-0.190262055167958,-0.129959009310871,0.),
 .UNSPECIFIED.);
#54=B_SPLINE_CURVE_WITH_KNOTS('',3,(#9025,#9026,#9027,#9028,#9029),
 .UNSPECIFIED.,.F.,.F.,(4,1,4),(0.,0.18843800838204,0.362671410951869),
 .UNSPECIFIED.);
#55=B_SPLINE_CURVE_WITH_KNOTS('',3,(#9031,#9032,#9033,#9034,#9035),
 .UNSPECIFIED.,.F.,.F.,(4,1,4),(-0.362671410951869,-0.18843800838204,0.),
 .UNSPECIFIED.);
#56=B_SPLINE_CURVE_WITH_KNOTS('',3,(#9048,#9049,#9050,#9051,#9052),
 .UNSPECIFIED.,.F.,.F.,(4,1,4),(0.,0.104157286698919,0.223238189514152),
 .UNSPECIFIED.);
#57=B_SPLINE_CURVE_WITH_KNOTS('',3,(#9054,#9055,#9056,#9057,#9058),
 .UNSPECIFIED.,.F.,.F.,(4,1,4),(-0.223238189514152,-0.104157286698919,0.),
 .UNSPECIFIED.);
#58=B_SPLINE_CURVE_WITH_KNOTS('',3,(#9101,#9102,#9103,#9104,#9105),
 .UNSPECIFIED.,.F.,.F.,(4,1,4),(0.,0.0799283891462182,0.121454238581384),
 .UNSPECIFIED.);
#59=B_SPLINE_CURVE_WITH_KNOTS('',3,(#9107,#9108,#9109,#9110,#9111),
 .UNSPECIFIED.,.F.,.F.,(4,1,4),(-0.121454238581384,-0.0799283891462182,
0.),.UNSPECIFIED.);
#60=B_SPLINE_CURVE_WITH_KNOTS('',3,(#9124,#9125,#9126,#9127,#9128),
 .UNSPECIFIED.,.F.,.F.,(4,1,4),(0.,0.0655599382525092,0.120946112584078),
 .UNSPECIFIED.);
#61=B_SPLINE_CURVE_WITH_KNOTS('',3,(#9130,#9131,#9132,#9133,#9134),
 .UNSPECIFIED.,.F.,.F.,(4,1,4),(-0.120946112584078,-0.0655599382525092,
0.),.UNSPECIFIED.);
#62=B_SPLINE_CURVE_WITH_KNOTS('',3,(#9172,#9173,#9174,#9175,#9176),
 .UNSPECIFIED.,.F.,.F.,(4,1,4),(0.,0.122238554592168,0.219209376410595),
 .UNSPECIFIED.);
#63=B_SPLINE_CURVE_WITH_KNOTS('',3,(#9178,#9179,#9180,#9181,#9182),
 .UNSPECIFIED.,.F.,.F.,(4,1,4),(-0.219209376410595,-0.122238554592168,0.),
 .UNSPECIFIED.);
#64=B_SPLINE_CURVE_WITH_KNOTS('',3,(#9195,#9196,#9197,#9198,#9199),
 .UNSPECIFIED.,.F.,.F.,(4,1,4),(0.,0.0985653198981392,0.198603065021395),
 .UNSPECIFIED.);
#65=B_SPLINE_CURVE_WITH_KNOTS('',3,(#9201,#9202,#9203,#9204,#9205),
 .UNSPECIFIED.,.F.,.F.,(4,1,4),(-0.198603065021395,-0.0985653198981392,
0.),.UNSPECIFIED.);
#66=B_SPLINE_CURVE_WITH_KNOTS('',3,(#9286,#9287,#9288,#9289,#9290),
 .UNSPECIFIED.,.F.,.F.,(4,1,4),(0.,0.0435822883304278,0.0868966431234512),
 .UNSPECIFIED.);
#67=B_SPLINE_CURVE_WITH_KNOTS('',3,(#9292,#9293,#9294,#9295,#9296),
 .UNSPECIFIED.,.F.,.F.,(4,1,4),(-0.0868966431234512,-0.0435822883304278,
0.),.UNSPECIFIED.);
#68=B_SPLINE_CURVE_WITH_KNOTS('',3,(#9309,#9310,#9311,#9312,#9313),
 .UNSPECIFIED.,.F.,.F.,(4,1,4),(0.,0.0745896042908151,0.15604773861867),
 .UNSPECIFIED.);
#69=B_SPLINE_CURVE_WITH_KNOTS('',3,(#9315,#9316,#9317,#9318,#9319),
 .UNSPECIFIED.,.F.,.F.,(4,1,4),(-0.15604773861867,-0.0745896042908151,0.),
 .UNSPECIFIED.);
#70=B_SPLINE_CURVE_WITH_KNOTS('',3,(#9332,#9333,#9334,#9335,#9336),
 .UNSPECIFIED.,.F.,.F.,(4,1,4),(0.,0.0981701960531365,0.221214989688856),
 .UNSPECIFIED.);
#71=B_SPLINE_CURVE_WITH_KNOTS('',3,(#9338,#9339,#9340,#9341,#9342),
 .UNSPECIFIED.,.F.,.F.,(4,1,4),(-0.221214989688856,-0.0981701960531365,
0.),.UNSPECIFIED.);
#72=B_SPLINE_CURVE_WITH_KNOTS('',3,(#9355,#9356,#9357,#9358,#9359),
 .UNSPECIFIED.,.F.,.F.,(4,1,4),(0.,0.181631035453461,0.305841710488472),
 .UNSPECIFIED.);
#73=B_SPLINE_CURVE_WITH_KNOTS('',3,(#9361,#9362,#9363,#9364,#9365),
 .UNSPECIFIED.,.F.,.F.,(4,1,4),(-0.305841710488472,-0.181631035453461,0.),
 .UNSPECIFIED.);
#74=B_SPLINE_CURVE_WITH_KNOTS('',3,(#9378,#9379,#9380,#9381,#9382),
 .UNSPECIFIED.,.F.,.F.,(4,1,4),(0.,0.0875069064390523,0.160716053483785),
 .UNSPECIFIED.);
#75=B_SPLINE_CURVE_WITH_KNOTS('',3,(#9384,#9385,#9386,#9387,#9388),
 .UNSPECIFIED.,.F.,.F.,(4,1,4),(-0.160716053483785,-0.0875069064390523,
0.),.UNSPECIFIED.);
#76=B_SPLINE_CURVE_WITH_KNOTS('',3,(#9401,#9402,#9403,#9404,#9405),
 .UNSPECIFIED.,.F.,.F.,(4,1,4),(0.,0.0684606827085239,0.136596115836425),
 .UNSPECIFIED.);
#77=B_SPLINE_CURVE_WITH_KNOTS('',3,(#9407,#9408,#9409,#9410,#9411),
 .UNSPECIFIED.,.F.,.F.,(4,1,4),(-0.136596115836425,-0.0684606827085239,
0.),.UNSPECIFIED.);
#78=B_SPLINE_CURVE_WITH_KNOTS('',3,(#9424,#9425,#9426,#9427,#9428),
 .UNSPECIFIED.,.F.,.F.,(4,1,4),(0.,0.070824226801325,0.147753050371025),
 .UNSPECIFIED.);
#79=B_SPLINE_CURVE_WITH_KNOTS('',3,(#9430,#9431,#9432,#9433,#9434),
 .UNSPECIFIED.,.F.,.F.,(4,1,4),(-0.147753050371025,-0.070824226801325,0.),
 .UNSPECIFIED.);
#80=B_SPLINE_CURVE_WITH_KNOTS('',3,(#9447,#9448,#9449,#9450,#9451),
 .UNSPECIFIED.,.F.,.F.,(4,1,4),(0.,0.0809098743307796,0.154703583560756),
 .UNSPECIFIED.);
#81=B_SPLINE_CURVE_WITH_KNOTS('',3,(#9453,#9454,#9455,#9456,#9457),
 .UNSPECIFIED.,.F.,.F.,(4,1,4),(-0.154703583560756,-0.0809098743307796,
0.),.UNSPECIFIED.);
#82=B_SPLINE_CURVE_WITH_KNOTS('',3,(#9470,#9471,#9472,#9473,#9474),
 .UNSPECIFIED.,.F.,.F.,(4,1,4),(0.,0.0750358608106558,0.160067077351959),
 .UNSPECIFIED.);
#83=B_SPLINE_CURVE_WITH_KNOTS('',3,(#9476,#9477,#9478,#9479,#9480),
 .UNSPECIFIED.,.F.,.F.,(4,1,4),(-0.160067077351959,-0.0750358608106558,
0.),.UNSPECIFIED.);
#84=B_SPLINE_CURVE_WITH_KNOTS('',3,(#9499,#9500,#9501,#9502,#9503),
 .UNSPECIFIED.,.F.,.F.,(4,1,4),(0.,0.128092409946764,0.240545590594419),
 .UNSPECIFIED.);
#85=B_SPLINE_CURVE_WITH_KNOTS('',3,(#9505,#9506,#9507,#9508,#9509),
 .UNSPECIFIED.,.F.,.F.,(4,1,4),(-0.240545590594419,-0.128092409946764,0.),
 .UNSPECIFIED.);
#86=B_SPLINE_CURVE_WITH_KNOTS('',3,(#9522,#9523,#9524,#9525,#9526),
 .UNSPECIFIED.,.F.,.F.,(4,1,4),(0.,0.113693888504806,0.243105368694015),
 .UNSPECIFIED.);
#87=B_SPLINE_CURVE_WITH_KNOTS('',3,(#9528,#9529,#9530,#9531,#9532),
 .UNSPECIFIED.,.F.,.F.,(4,1,4),(-0.243105368694015,-0.113693888504806,0.),
 .UNSPECIFIED.);
#88=B_SPLINE_CURVE_WITH_KNOTS('',3,(#9545,#9546,#9547,#9548,#9549),
 .UNSPECIFIED.,.F.,.F.,(4,1,4),(0.,0.130457015247907,0.246067345919025),
 .UNSPECIFIED.);
#89=B_SPLINE_CURVE_WITH_KNOTS('',3,(#9551,#9552,#9553,#9554,#9555),
 .UNSPECIFIED.,.F.,.F.,(4,1,4),(-0.246067345919025,-0.130457015247907,0.),
 .UNSPECIFIED.);
#90=B_SPLINE_CURVE_WITH_KNOTS('',3,(#9568,#9569,#9570,#9571,#9572),
 .UNSPECIFIED.,.F.,.F.,(4,1,4),(0.,0.109291863582997,0.219759923877689),
 .UNSPECIFIED.);
#91=B_SPLINE_CURVE_WITH_KNOTS('',3,(#9574,#9575,#9576,#9577,#9578),
 .UNSPECIFIED.,.F.,.F.,(4,1,4),(-0.219759923877689,-0.109291863582997,0.),
 .UNSPECIFIED.);
#92=B_SPLINE_CURVE_WITH_KNOTS('',3,(#9591,#9592,#9593,#9594,#9595),
 .UNSPECIFIED.,.F.,.F.,(4,1,4),(0.,0.0598315098043293,0.121155028113812),
 .UNSPECIFIED.);
#93=B_SPLINE_CURVE_WITH_KNOTS('',3,(#9597,#9598,#9599,#9600,#9601),
 .UNSPECIFIED.,.F.,.F.,(4,1,4),(-0.121155028113812,-0.0598315098043293,
0.),.UNSPECIFIED.);
#94=B_SPLINE_CURVE_WITH_KNOTS('',3,(#9614,#9615,#9616,#9617,#9618),
 .UNSPECIFIED.,.F.,.F.,(4,1,4),(0.,0.0679276401304219,0.147482811181274),
 .UNSPECIFIED.);
#95=B_SPLINE_CURVE_WITH_KNOTS('',3,(#9620,#9621,#9622,#9623,#9624),
 .UNSPECIFIED.,.F.,.F.,(4,1,4),(-0.147482811181274,-0.0679276401304219,
0.),.UNSPECIFIED.);
#96=B_SPLINE_CURVE_WITH_KNOTS('',3,(#9637,#9638,#9639,#9640,#9641),
 .UNSPECIFIED.,.F.,.F.,(4,1,4),(0.,0.107200107878617,0.258351664535905),
 .UNSPECIFIED.);
#97=B_SPLINE_CURVE_WITH_KNOTS('',3,(#9643,#9644,#9645,#9646,#9647),
 .UNSPECIFIED.,.F.,.F.,(4,1,4),(-0.258351664535905,-0.107200107878617,0.),
 .UNSPECIFIED.);
#98=B_SPLINE_CURVE_WITH_KNOTS('',3,(#9660,#9661,#9662,#9663,#9664),
 .UNSPECIFIED.,.F.,.F.,(4,1,4),(0.,0.119600368498655,0.189930940252097),
 .UNSPECIFIED.);
#99=B_SPLINE_CURVE_WITH_KNOTS('',3,(#9666,#9667,#9668,#9669,#9670),
 .UNSPECIFIED.,.F.,.F.,(4,1,4),(-0.189930940252097,-0.119600368498655,0.),
 .UNSPECIFIED.);
#100=B_SPLINE_CURVE_WITH_KNOTS('',3,(#9683,#9684,#9685,#9686,#9687),
 .UNSPECIFIED.,.F.,.F.,(4,1,4),(0.,0.0436352541622504,0.084177816943117),
 .UNSPECIFIED.);
#101=B_SPLINE_CURVE_WITH_KNOTS('',3,(#9689,#9690,#9691,#9692,#9693),
 .UNSPECIFIED.,.F.,.F.,(4,1,4),(-0.084177816943117,-0.0436352541622504,
0.),.UNSPECIFIED.);
#102=B_SPLINE_CURVE_WITH_KNOTS('',3,(#9725,#9726,#9727,#9728,#9729),
 .UNSPECIFIED.,.F.,.F.,(4,1,4),(0.,0.0435822806487086,0.0868966580432942),
 .UNSPECIFIED.);
#103=B_SPLINE_CURVE_WITH_KNOTS('',3,(#9731,#9732,#9733,#9734,#9735),
 .UNSPECIFIED.,.F.,.F.,(4,1,4),(-0.0868966580432942,-0.0435822806487086,
0.),.UNSPECIFIED.);
#104=B_SPLINE_CURVE_WITH_KNOTS('',3,(#9748,#9749,#9750,#9751,#9752),
 .UNSPECIFIED.,.F.,.F.,(4,1,4),(0.,0.0745895470565106,0.156047720690689),
 .UNSPECIFIED.);
#105=B_SPLINE_CURVE_WITH_KNOTS('',3,(#9754,#9755,#9756,#9757,#9758),
 .UNSPECIFIED.,.F.,.F.,(4,1,4),(-0.156047720690689,-0.0745895470565106,
0.),.UNSPECIFIED.);
#106=B_SPLINE_CURVE_WITH_KNOTS('',3,(#9771,#9772,#9773,#9774,#9775),
 .UNSPECIFIED.,.F.,.F.,(4,1,4),(0.,0.0981701442833525,0.221215072735635),
 .UNSPECIFIED.);
#107=B_SPLINE_CURVE_WITH_KNOTS('',3,(#9777,#9778,#9779,#9780,#9781),
 .UNSPECIFIED.,.F.,.F.,(4,1,4),(-0.221215072735635,-0.0981701442833525,
0.),.UNSPECIFIED.);
#108=B_SPLINE_CURVE_WITH_KNOTS('',3,(#9794,#9795,#9796,#9797,#9798),
 .UNSPECIFIED.,.F.,.F.,(4,1,4),(0.,0.181631057866389,0.305841672631571),
 .UNSPECIFIED.);
#109=B_SPLINE_CURVE_WITH_KNOTS('',3,(#9800,#9801,#9802,#9803,#9804),
 .UNSPECIFIED.,.F.,.F.,(4,1,4),(-0.305841672631571,-0.181631057866389,0.),
 .UNSPECIFIED.);
#110=B_SPLINE_CURVE_WITH_KNOTS('',3,(#9817,#9818,#9819,#9820,#9821),
 .UNSPECIFIED.,.F.,.F.,(4,1,4),(0.,0.0875069649820776,0.16071611202681),
 .UNSPECIFIED.);
#111=B_SPLINE_CURVE_WITH_KNOTS('',3,(#9823,#9824,#9825,#9826,#9827),
 .UNSPECIFIED.,.F.,.F.,(4,1,4),(-0.16071611202681,-0.0875069649820776,0.),
 .UNSPECIFIED.);
#112=B_SPLINE_CURVE_WITH_KNOTS('',3,(#9840,#9841,#9842,#9843,#9844),
 .UNSPECIFIED.,.F.,.F.,(4,1,4),(0.,0.0684606712762005,0.136596104404101),
 .UNSPECIFIED.);
#113=B_SPLINE_CURVE_WITH_KNOTS('',3,(#9846,#9847,#9848,#9849,#9850),
 .UNSPECIFIED.,.F.,.F.,(4,1,4),(-0.136596104404101,-0.0684606712762005,
0.),.UNSPECIFIED.);
#114=B_SPLINE_CURVE_WITH_KNOTS('',3,(#9863,#9864,#9865,#9866,#9867),
 .UNSPECIFIED.,.F.,.F.,(4,1,4),(0.,0.0708241260521661,0.147753184810777),
 .UNSPECIFIED.);
#115=B_SPLINE_CURVE_WITH_KNOTS('',3,(#9869,#9870,#9871,#9872,#9873),
 .UNSPECIFIED.,.F.,.F.,(4,1,4),(-0.147753184810777,-0.0708241260521661,
0.),.UNSPECIFIED.);
#116=B_SPLINE_CURVE_WITH_KNOTS('',3,(#9886,#9887,#9888,#9889,#9890),
 .UNSPECIFIED.,.F.,.F.,(4,1,4),(0.,0.0809100507117668,0.154703596992893),
 .UNSPECIFIED.);
#117=B_SPLINE_CURVE_WITH_KNOTS('',3,(#9892,#9893,#9894,#9895,#9896),
 .UNSPECIFIED.,.F.,.F.,(4,1,4),(-0.154703596992893,-0.0809100507117668,
0.),.UNSPECIFIED.);
#118=B_SPLINE_CURVE_WITH_KNOTS('',3,(#9909,#9910,#9911,#9912,#9913),
 .UNSPECIFIED.,.F.,.F.,(4,1,4),(0.,0.0750358767274373,0.160067078744848),
 .UNSPECIFIED.);
#119=B_SPLINE_CURVE_WITH_KNOTS('',3,(#9915,#9916,#9917,#9918,#9919),
 .UNSPECIFIED.,.F.,.F.,(4,1,4),(-0.160067078744848,-0.0750358767274373,
0.),.UNSPECIFIED.);
#120=B_SPLINE_CURVE_WITH_KNOTS('',3,(#9938,#9939,#9940,#9941,#9942),
 .UNSPECIFIED.,.F.,.F.,(4,1,4),(0.,0.128092370448952,0.240545555514358),
 .UNSPECIFIED.);
#121=B_SPLINE_CURVE_WITH_KNOTS('',3,(#9944,#9945,#9946,#9947,#9948),
 .UNSPECIFIED.,.F.,.F.,(4,1,4),(-0.240545555514358,-0.128092370448952,0.),
 .UNSPECIFIED.);
#122=B_SPLINE_CURVE_WITH_KNOTS('',3,(#9961,#9962,#9963,#9964,#9965),
 .UNSPECIFIED.,.F.,.F.,(4,1,4),(0.,0.113693888504806,0.243105427680604),
 .UNSPECIFIED.);
#123=B_SPLINE_CURVE_WITH_KNOTS('',3,(#9967,#9968,#9969,#9970,#9971),
 .UNSPECIFIED.,.F.,.F.,(4,1,4),(-0.243105427680604,-0.113693888504806,0.),
 .UNSPECIFIED.);
#124=B_SPLINE_CURVE_WITH_KNOTS('',3,(#9984,#9985,#9986,#9987,#9988),
 .UNSPECIFIED.,.F.,.F.,(4,1,4),(0.,0.130457015247907,0.246067396912848),
 .UNSPECIFIED.);
#125=B_SPLINE_CURVE_WITH_KNOTS('',3,(#9990,#9991,#9992,#9993,#9994),
 .UNSPECIFIED.,.F.,.F.,(4,1,4),(-0.246067396912848,-0.130457015247907,0.),
 .UNSPECIFIED.);
#126=B_SPLINE_CURVE_WITH_KNOTS('',3,(#10007,#10008,#10009,#10010,#10011),
 .UNSPECIFIED.,.F.,.F.,(4,1,4),(0.,0.109291829264782,0.219759923512376),
 .UNSPECIFIED.);
#127=B_SPLINE_CURVE_WITH_KNOTS('',3,(#10013,#10014,#10015,#10016,#10017),
 .UNSPECIFIED.,.F.,.F.,(4,1,4),(-0.219759923512376,-0.109291829264782,0.),
 .UNSPECIFIED.);
#128=B_SPLINE_CURVE_WITH_KNOTS('',3,(#10030,#10031,#10032,#10033,#10034),
 .UNSPECIFIED.,.F.,.F.,(4,1,4),(0.,0.0598315220362091,0.121155004543311),
 .UNSPECIFIED.);
#129=B_SPLINE_CURVE_WITH_KNOTS('',3,(#10036,#10037,#10038,#10039,#10040),
 .UNSPECIFIED.,.F.,.F.,(4,1,4),(-0.121155004543311,-0.0598315220362091,
0.),.UNSPECIFIED.);
#130=B_SPLINE_CURVE_WITH_KNOTS('',3,(#10053,#10054,#10055,#10056,#10057),
 .UNSPECIFIED.,.F.,.F.,(4,1,4),(0.,0.0679277263214474,0.147482897372299),
 .UNSPECIFIED.);
#131=B_SPLINE_CURVE_WITH_KNOTS('',3,(#10059,#10060,#10061,#10062,#10063),
 .UNSPECIFIED.,.F.,.F.,(4,1,4),(-0.147482897372299,-0.0679277263214474,
0.),.UNSPECIFIED.);
#132=B_SPLINE_CURVE_WITH_KNOTS('',3,(#10076,#10077,#10078,#10079,#10080),
 .UNSPECIFIED.,.F.,.F.,(4,1,4),(0.,0.107200149883026,0.258351706540314),
 .UNSPECIFIED.);
#133=B_SPLINE_CURVE_WITH_KNOTS('',3,(#10082,#10083,#10084,#10085,#10086),
 .UNSPECIFIED.,.F.,.F.,(4,1,4),(-0.258351706540314,-0.107200149883026,0.),
 .UNSPECIFIED.);
#134=B_SPLINE_CURVE_WITH_KNOTS('',3,(#10099,#10100,#10101,#10102,#10103),
 .UNSPECIFIED.,.F.,.F.,(4,1,4),(0.,0.119600165039351,0.189930910222598),
 .UNSPECIFIED.);
#135=B_SPLINE_CURVE_WITH_KNOTS('',3,(#10105,#10106,#10107,#10108,#10109),
 .UNSPECIFIED.,.F.,.F.,(4,1,4),(-0.189930910222598,-0.119600165039351,0.),
 .UNSPECIFIED.);
#136=B_SPLINE_CURVE_WITH_KNOTS('',3,(#10122,#10123,#10124,#10125,#10126),
 .UNSPECIFIED.,.F.,.F.,(4,1,4),(0.,0.0436352150279376,0.084177811905631),
 .UNSPECIFIED.);
#137=B_SPLINE_CURVE_WITH_KNOTS('',3,(#10128,#10129,#10130,#10131,#10132),
 .UNSPECIFIED.,.F.,.F.,(4,1,4),(-0.084177811905631,-0.0436352150279376,
0.),.UNSPECIFIED.);
#138=B_SPLINE_CURVE_WITH_KNOTS('',3,(#10164,#10165,#10166,#10167,#10168),
 .UNSPECIFIED.,.F.,.F.,(4,1,4),(0.,0.0665085424695356,0.144319227442421),
 .UNSPECIFIED.);
#139=B_SPLINE_CURVE_WITH_KNOTS('',3,(#10170,#10171,#10172,#10173,#10174),
 .UNSPECIFIED.,.F.,.F.,(4,1,4),(-0.144319227442421,-0.0665085424695356,
0.),.UNSPECIFIED.);
#140=B_SPLINE_CURVE_WITH_KNOTS('',3,(#10187,#10188,#10189,#10190,#10191),
 .UNSPECIFIED.,.F.,.F.,(4,1,4),(0.,0.0774544093154058,0.143824708183266),
 .UNSPECIFIED.);
#141=B_SPLINE_CURVE_WITH_KNOTS('',3,(#10193,#10194,#10195,#10196,#10197),
 .UNSPECIFIED.,.F.,.F.,(4,1,4),(-0.143824708183266,-0.0774544093154058,
0.),.UNSPECIFIED.);
#142=B_SPLINE_CURVE_WITH_KNOTS('',3,(#10216,#10217,#10218,#10219,#10220),
 .UNSPECIFIED.,.F.,.F.,(4,1,4),(0.,0.110379424489262,0.215499145012778),
 .UNSPECIFIED.);
#143=B_SPLINE_CURVE_WITH_KNOTS('',3,(#10222,#10223,#10224,#10225,#10226),
 .UNSPECIFIED.,.F.,.F.,(4,1,4),(-0.215499145012778,-0.110379424489262,0.),
 .UNSPECIFIED.);
#144=B_SPLINE_CURVE_WITH_KNOTS('',3,(#10239,#10240,#10241,#10242,#10243),
 .UNSPECIFIED.,.F.,.F.,(4,1,4),(0.,0.0945492774124252,0.17334754600722),
 .UNSPECIFIED.);
#145=B_SPLINE_CURVE_WITH_KNOTS('',3,(#10245,#10246,#10247,#10248,#10249),
 .UNSPECIFIED.,.F.,.F.,(4,1,4),(-0.17334754600722,-0.0945492774124252,0.),
 .UNSPECIFIED.);
#146=B_SPLINE_CURVE_WITH_KNOTS('',3,(#10293,#10294,#10295,#10296,#10297),
 .UNSPECIFIED.,.F.,.F.,(4,1,4),(0.,0.151859724898042,0.330635267173176),
 .UNSPECIFIED.);
#147=B_SPLINE_CURVE_WITH_KNOTS('',3,(#10299,#10300,#10301,#10302,#10303),
 .UNSPECIFIED.,.F.,.F.,(4,1,4),(-0.330635267173176,-0.151859724898042,0.),
 .UNSPECIFIED.);
#148=B_SPLINE_CURVE_WITH_KNOTS('',3,(#10316,#10317,#10318,#10319,#10320),
 .UNSPECIFIED.,.F.,.F.,(4,1,4),(0.,0.189911765857644,0.376092154319262),
 .UNSPECIFIED.);
#149=B_SPLINE_CURVE_WITH_KNOTS('',3,(#10322,#10323,#10324,#10325,#10326),
 .UNSPECIFIED.,.F.,.F.,(4,1,4),(-0.376092154319262,-0.189911765857644,0.),
 .UNSPECIFIED.);
#150=B_SPLINE_CURVE_WITH_KNOTS('',3,(#10339,#10340,#10341,#10342,#10343),
 .UNSPECIFIED.,.F.,.F.,(4,1,4),(0.,0.134900472753931,0.279308218476481),
 .UNSPECIFIED.);
#151=B_SPLINE_CURVE_WITH_KNOTS('',3,(#10345,#10346,#10347,#10348,#10349),
 .UNSPECIFIED.,.F.,.F.,(4,1,4),(-0.279308218476481,-0.134900472753931,0.),
 .UNSPECIFIED.);
#152=B_SPLINE_CURVE_WITH_KNOTS('',3,(#10368,#10369,#10370,#10371,#10372),
 .UNSPECIFIED.,.F.,.F.,(4,1,4),(0.,0.130896176613151,0.289378030947194),
 .UNSPECIFIED.);
#153=B_SPLINE_CURVE_WITH_KNOTS('',3,(#10374,#10375,#10376,#10377,#10378),
 .UNSPECIFIED.,.F.,.F.,(4,1,4),(-0.289378030947194,-0.130896176613151,0.),
 .UNSPECIFIED.);
#154=B_SPLINE_CURVE_WITH_KNOTS('',3,(#10391,#10392,#10393,#10394,#10395),
 .UNSPECIFIED.,.F.,.F.,(4,1,4),(0.,0.17267579047021,0.346640240982347),
 .UNSPECIFIED.);
#155=B_SPLINE_CURVE_WITH_KNOTS('',3,(#10397,#10398,#10399,#10400,#10401),
 .UNSPECIFIED.,.F.,.F.,(4,1,4),(-0.346640240982347,-0.17267579047021,0.),
 .UNSPECIFIED.);
#156=B_SPLINE_CURVE_WITH_KNOTS('',3,(#10414,#10415,#10416,#10417,#10418),
 .UNSPECIFIED.,.F.,.F.,(4,1,4),(0.,0.166965479812762,0.316461510187802),
 .UNSPECIFIED.);
#157=B_SPLINE_CURVE_WITH_KNOTS('',3,(#10420,#10421,#10422,#10423,#10424),
 .UNSPECIFIED.,.F.,.F.,(4,1,4),(-0.316461510187802,-0.166965479812762,0.),
 .UNSPECIFIED.);
#158=B_SPLINE_CURVE_WITH_KNOTS('',3,(#10442,#10443,#10444,#10445,#10446),
 .UNSPECIFIED.,.F.,.F.,(4,1,4),(0.,0.205649516415936,0.335896878687031),
 .UNSPECIFIED.);
#159=B_SPLINE_CURVE_WITH_KNOTS('',3,(#10450,#10451,#10452,#10453,#10454),
 .UNSPECIFIED.,.F.,.F.,(4,1,4),(-0.335896878687031,-0.205649516415936,0.),
 .UNSPECIFIED.);
#160=B_SPLINE_CURVE_WITH_KNOTS('',3,(#10467,#10468,#10469,#10470,#10471),
 .UNSPECIFIED.,.F.,.F.,(4,1,4),(0.,0.0887897720023536,0.169321740022109),
 .UNSPECIFIED.);
#161=B_SPLINE_CURVE_WITH_KNOTS('',3,(#10473,#10474,#10475,#10476,#10477),
 .UNSPECIFIED.,.F.,.F.,(4,1,4),(-0.169321740022109,-0.0887897720023536,
0.),.UNSPECIFIED.);
#162=B_SPLINE_CURVE_WITH_KNOTS('',3,(#10490,#10491,#10492,#10493,#10494),
 .UNSPECIFIED.,.F.,.F.,(4,1,4),(0.,0.0804101402022157,0.169181244328717),
 .UNSPECIFIED.);
#163=B_SPLINE_CURVE_WITH_KNOTS('',3,(#10496,#10497,#10498,#10499,#10500),
 .UNSPECIFIED.,.F.,.F.,(4,1,4),(-0.169181244328717,-0.0804101402022157,
0.),.UNSPECIFIED.);
#164=B_SPLINE_CURVE_WITH_KNOTS('',3,(#10513,#10514,#10515,#10516,#10517),
 .UNSPECIFIED.,.F.,.F.,(4,1,4),(0.,0.130256312828274,0.33540745830026),
 .UNSPECIFIED.);
#165=B_SPLINE_CURVE_WITH_KNOTS('',3,(#10519,#10520,#10521,#10522,#10523),
 .UNSPECIFIED.,.F.,.F.,(4,1,4),(-0.33540745830026,-0.130256312828274,0.),
 .UNSPECIFIED.);
#166=B_SPLINE_CURVE_WITH_KNOTS('',3,(#10536,#10537,#10538,#10539,#10540),
 .UNSPECIFIED.,.F.,.F.,(4,1,4),(0.,0.20600172721015,0.336097251174795),
 .UNSPECIFIED.);
#167=B_SPLINE_CURVE_WITH_KNOTS('',3,(#10542,#10543,#10544,#10545,#10546),
 .UNSPECIFIED.,.F.,.F.,(4,1,4),(-0.336097251174795,-0.20600172721015,0.),
 .UNSPECIFIED.);
#168=B_SPLINE_CURVE_WITH_KNOTS('',3,(#10559,#10560,#10561,#10562,#10563),
 .UNSPECIFIED.,.F.,.F.,(4,1,4),(0.,0.0886657001721926,0.170023045993469),
 .UNSPECIFIED.);
#169=B_SPLINE_CURVE_WITH_KNOTS('',3,(#10565,#10566,#10567,#10568,#10569),
 .UNSPECIFIED.,.F.,.F.,(4,1,4),(-0.170023045993469,-0.0886657001721926,
0.),.UNSPECIFIED.);
#170=B_SPLINE_CURVE_WITH_KNOTS('',3,(#10582,#10583,#10584,#10585,#10586),
 .UNSPECIFIED.,.F.,.F.,(4,1,4),(0.,0.0781366500181865,0.157930522306947),
 .UNSPECIFIED.);
#171=B_SPLINE_CURVE_WITH_KNOTS('',3,(#10588,#10589,#10590,#10591,#10592),
 .UNSPECIFIED.,.F.,.F.,(4,1,4),(-0.157930522306947,-0.0781366500181865,
0.),.UNSPECIFIED.);
#172=B_SPLINE_CURVE_WITH_KNOTS('',3,(#10604,#10605,#10606,#10607,#10608),
 .UNSPECIFIED.,.F.,.F.,(4,1,4),(0.,0.138541919846283,0.346684544678872),
 .UNSPECIFIED.);
#173=B_SPLINE_CURVE_WITH_KNOTS('',3,(#10609,#10610,#10611,#10612,#10613),
 .UNSPECIFIED.,.F.,.F.,(4,1,4),(-0.346684544678872,-0.138541919846283,0.),
 .UNSPECIFIED.);
#174=B_SPLINE_CURVE_WITH_KNOTS('',3,(#10626,#10627,#10628,#10629,#10630),
 .UNSPECIFIED.,.F.,.F.,(4,1,4),(0.,0.160214218533564,0.288287873967459),
 .UNSPECIFIED.);
#175=B_SPLINE_CURVE_WITH_KNOTS('',3,(#10634,#10635,#10636,#10637,#10638),
 .UNSPECIFIED.,.F.,.F.,(4,1,4),(-0.288287873967459,-0.160214218533564,0.),
 .UNSPECIFIED.);
#176=B_SPLINE_CURVE_WITH_KNOTS('',3,(#10651,#10652,#10653,#10654,#10655),
 .UNSPECIFIED.,.F.,.F.,(4,1,4),(0.,0.106259124499288,0.201215020112882),
 .UNSPECIFIED.);
#177=B_SPLINE_CURVE_WITH_KNOTS('',3,(#10657,#10658,#10659,#10660,#10661),
 .UNSPECIFIED.,.F.,.F.,(4,1,4),(-0.201215020112882,-0.106259124499288,0.),
 .UNSPECIFIED.);
#178=B_SPLINE_CURVE_WITH_KNOTS('',3,(#10674,#10675,#10676,#10677,#10678),
 .UNSPECIFIED.,.F.,.F.,(4,1,4),(0.,0.0926301368730634,0.193632399456032),
 .UNSPECIFIED.);
#179=B_SPLINE_CURVE_WITH_KNOTS('',3,(#10680,#10681,#10682,#10683,#10684),
 .UNSPECIFIED.,.F.,.F.,(4,1,4),(-0.193632399456032,-0.0926301368730634,
0.),.UNSPECIFIED.);
#180=B_SPLINE_CURVE_WITH_KNOTS('',3,(#10697,#10698,#10699,#10700,#10701),
 .UNSPECIFIED.,.F.,.F.,(4,1,4),(0.,0.0759878380177533,0.146084848449189),
 .UNSPECIFIED.);
#181=B_SPLINE_CURVE_WITH_KNOTS('',3,(#10703,#10704,#10705,#10706,#10707),
 .UNSPECIFIED.,.F.,.F.,(4,1,4),(-0.146084848449189,-0.0759878380177533,
0.),.UNSPECIFIED.);
#182=B_SPLINE_CURVE_WITH_KNOTS('',3,(#10720,#10721,#10722,#10723,#10724),
 .UNSPECIFIED.,.F.,.F.,(4,1,4),(0.,0.0679964040214565,0.138237780583198),
 .UNSPECIFIED.);
#183=B_SPLINE_CURVE_WITH_KNOTS('',3,(#10726,#10727,#10728,#10729,#10730),
 .UNSPECIFIED.,.F.,.F.,(4,1,4),(-0.138237780583198,-0.0679964040214565,
0.),.UNSPECIFIED.);
#184=B_SPLINE_CURVE_WITH_KNOTS('',3,(#10743,#10744,#10745,#10746,#10747),
 .UNSPECIFIED.,.F.,.F.,(4,1,4),(0.,0.0762003535781406,0.161675023702407),
 .UNSPECIFIED.);
#185=B_SPLINE_CURVE_WITH_KNOTS('',3,(#10749,#10750,#10751,#10752,#10753),
 .UNSPECIFIED.,.F.,.F.,(4,1,4),(-0.161675023702407,-0.0762003535781406,
0.),.UNSPECIFIED.);
#186=B_SPLINE_CURVE_WITH_KNOTS('',3,(#10766,#10767,#10768,#10769,#10770),
 .UNSPECIFIED.,.F.,.F.,(4,1,4),(0.,0.104039228169465,0.237514007827814),
 .UNSPECIFIED.);
#187=B_SPLINE_CURVE_WITH_KNOTS('',3,(#10772,#10773,#10774,#10775,#10776),
 .UNSPECIFIED.,.F.,.F.,(4,1,4),(-0.237514007827814,-0.104039228169465,0.),
 .UNSPECIFIED.);
#188=B_SPLINE_CURVE_WITH_KNOTS('',3,(#10789,#10790,#10791,#10792,#10793),
 .UNSPECIFIED.,.F.,.F.,(4,1,4),(0.,0.159362879674332,0.287603216195231),
 .UNSPECIFIED.);
#189=B_SPLINE_CURVE_WITH_KNOTS('',3,(#10795,#10796,#10797,#10798,#10799),
 .UNSPECIFIED.,.F.,.F.,(4,1,4),(-0.287603216195231,-0.159362879674332,0.),
 .UNSPECIFIED.);
#190=B_SPLINE_CURVE_WITH_KNOTS('',3,(#10812,#10813,#10814,#10815,#10816),
 .UNSPECIFIED.,.F.,.F.,(4,1,4),(0.,0.105805024666926,0.20124227232532),
 .UNSPECIFIED.);
#191=B_SPLINE_CURVE_WITH_KNOTS('',3,(#10818,#10819,#10820,#10821,#10822),
 .UNSPECIFIED.,.F.,.F.,(4,1,4),(-0.20124227232532,-0.105805024666926,0.),
 .UNSPECIFIED.);
#192=B_SPLINE_CURVE_WITH_KNOTS('',3,(#10835,#10836,#10837,#10838,#10839),
 .UNSPECIFIED.,.F.,.F.,(4,1,4),(0.,0.0923302013585372,0.193669809945331),
 .UNSPECIFIED.);
#193=B_SPLINE_CURVE_WITH_KNOTS('',3,(#10841,#10842,#10843,#10844,#10845),
 .UNSPECIFIED.,.F.,.F.,(4,1,4),(-0.193669809945331,-0.0923302013585372,
0.),.UNSPECIFIED.);
#194=B_SPLINE_CURVE_WITH_KNOTS('',3,(#10858,#10859,#10860,#10861,#10862),
 .UNSPECIFIED.,.F.,.F.,(4,1,4),(0.,0.131669455997704,0.256817296171969),
 .UNSPECIFIED.);
#195=B_SPLINE_CURVE_WITH_KNOTS('',3,(#10864,#10865,#10866,#10867,#10868),
 .UNSPECIFIED.,.F.,.F.,(4,1,4),(-0.256817296171969,-0.131669455997704,0.),
 .UNSPECIFIED.);
#196=B_SPLINE_CURVE_WITH_KNOTS('',3,(#10880,#10881,#10882,#10883,#10884),
 .UNSPECIFIED.,.F.,.F.,(4,1,4),(0.,0.180044184586631,0.423798237750031),
 .UNSPECIFIED.);
#197=B_SPLINE_CURVE_WITH_KNOTS('',3,(#10885,#10886,#10887,#10888,#10889),
 .UNSPECIFIED.,.F.,.F.,(4,1,4),(-0.423798237750031,-0.180044184586631,0.),
 .UNSPECIFIED.);
#198=B_SPLINE_CURVE_WITH_KNOTS('',3,(#10930,#10931,#10932,#10933,#10934),
 .UNSPECIFIED.,.F.,.F.,(4,1,4),(0.,0.0996550246439935,0.19737819153305),
 .UNSPECIFIED.);
#199=B_SPLINE_CURVE_WITH_KNOTS('',3,(#10936,#10937,#10938,#10939,#10940),
 .UNSPECIFIED.,.F.,.F.,(4,1,4),(-0.19737819153305,-0.0996550246439935,0.),
 .UNSPECIFIED.);
#200=B_SPLINE_CURVE_WITH_KNOTS('',3,(#10953,#10954,#10955,#10956,#10957),
 .UNSPECIFIED.,.F.,.F.,(4,1,4),(0.,0.097126340558042,0.20768496223468),
 .UNSPECIFIED.);
#201=B_SPLINE_CURVE_WITH_KNOTS('',3,(#10959,#10960,#10961,#10962,#10963),
 .UNSPECIFIED.,.F.,.F.,(4,1,4),(-0.20768496223468,-0.097126340558042,0.),
 .UNSPECIFIED.);
#202=B_SPLINE_CURVE_WITH_KNOTS('',3,(#11013,#11014,#11015,#11016,#11017),
 .UNSPECIFIED.,.F.,.F.,(4,1,4),(0.,0.0699383209240115,0.13096058817318),
 .UNSPECIFIED.);
#203=B_SPLINE_CURVE_WITH_KNOTS('',3,(#11019,#11020,#11021,#11022,#11023),
 .UNSPECIFIED.,.F.,.F.,(4,1,4),(-0.13096058817318,-0.0699383209240115,0.),
 .UNSPECIFIED.);
#204=B_SPLINE_CURVE_WITH_KNOTS('',3,(#11036,#11037,#11038,#11039,#11040),
 .UNSPECIFIED.,.F.,.F.,(4,1,4),(0.,0.0600630192679077,0.128681470877496),
 .UNSPECIFIED.);
#205=B_SPLINE_CURVE_WITH_KNOTS('',3,(#11042,#11043,#11044,#11045,#11046),
 .UNSPECIFIED.,.F.,.F.,(4,1,4),(-0.128681470877496,-0.0600630192679077,
0.),.UNSPECIFIED.);
#206=B_SPLINE_CURVE_WITH_KNOTS('',3,(#11059,#11060,#11061,#11062,#11063),
 .UNSPECIFIED.,.F.,.F.,(4,1,4),(0.,0.0757414484175364,0.157074910930529),
 .UNSPECIFIED.);
#207=B_SPLINE_CURVE_WITH_KNOTS('',3,(#11065,#11066,#11067,#11068,#11069),
 .UNSPECIFIED.,.F.,.F.,(4,1,4),(-0.157074910930529,-0.0757414484175364,
0.),.UNSPECIFIED.);
#208=B_SPLINE_CURVE_WITH_KNOTS('',3,(#11082,#11083,#11084,#11085,#11086),
 .UNSPECIFIED.,.F.,.F.,(4,1,4),(0.,0.0715041786668495,0.136162292764333),
 .UNSPECIFIED.);
#209=B_SPLINE_CURVE_WITH_KNOTS('',3,(#11088,#11089,#11090,#11091,#11092),
 .UNSPECIFIED.,.F.,.F.,(4,1,4),(-0.136162292764333,-0.0715041786668495,
0.),.UNSPECIFIED.);
#210=B_SPLINE_CURVE_WITH_KNOTS('',3,(#11105,#11106,#11107,#11108,#11109),
 .UNSPECIFIED.,.F.,.F.,(4,1,4),(0.,0.0570582954063144,0.106741657483823),
 .UNSPECIFIED.);
#211=B_SPLINE_CURVE_WITH_KNOTS('',3,(#11111,#11112,#11113,#11114,#11115),
 .UNSPECIFIED.,.F.,.F.,(4,1,4),(-0.106741657483823,-0.0570582954063144,
0.),.UNSPECIFIED.);
#212=B_SPLINE_CURVE_WITH_KNOTS('',3,(#11128,#11129,#11130,#11131,#11132),
 .UNSPECIFIED.,.F.,.F.,(4,1,4),(0.,0.0465274911570997,0.0917772941602633),
 .UNSPECIFIED.);
#213=B_SPLINE_CURVE_WITH_KNOTS('',3,(#11134,#11135,#11136,#11137,#11138),
 .UNSPECIFIED.,.F.,.F.,(4,1,4),(-0.0917772941602633,-0.0465274911570997,
0.),.UNSPECIFIED.);
#214=B_SPLINE_CURVE_WITH_KNOTS('',3,(#11151,#11152,#11153,#11154,#11155),
 .UNSPECIFIED.,.F.,.F.,(4,1,4),(0.,0.0445229097475569,0.0875579057385359),
 .UNSPECIFIED.);
#215=B_SPLINE_CURVE_WITH_KNOTS('',3,(#11157,#11158,#11159,#11160,#11161),
 .UNSPECIFIED.,.F.,.F.,(4,1,4),(-0.0875579057385359,-0.0445229097475569,
0.),.UNSPECIFIED.);
#216=B_SPLINE_CURVE_WITH_KNOTS('',3,(#11174,#11175,#11176,#11177,#11178),
 .UNSPECIFIED.,.F.,.F.,(4,1,4),(0.,0.0486610673914952,0.108833945732274),
 .UNSPECIFIED.);
#217=B_SPLINE_CURVE_WITH_KNOTS('',3,(#11180,#11181,#11182,#11183,#11184),
 .UNSPECIFIED.,.F.,.F.,(4,1,4),(-0.108833945732274,-0.0486610673914952,
0.),.UNSPECIFIED.);
#218=B_SPLINE_CURVE_WITH_KNOTS('',3,(#11197,#11198,#11199,#11200,#11201),
 .UNSPECIFIED.,.F.,.F.,(4,1,4),(0.,0.0676411121789219,0.184566622116152),
 .UNSPECIFIED.);
#219=B_SPLINE_CURVE_WITH_KNOTS('',3,(#11203,#11204,#11205,#11206,#11207),
 .UNSPECIFIED.,.F.,.F.,(4,1,4),(-0.184566622116152,-0.0676411121789219,
0.),.UNSPECIFIED.);
#220=B_SPLINE_CURVE_WITH_KNOTS('',3,(#11220,#11221,#11222,#11223,#11224),
 .UNSPECIFIED.,.F.,.F.,(4,1,4),(0.,0.12155350116768,0.203286002385751),
 .UNSPECIFIED.);
#221=B_SPLINE_CURVE_WITH_KNOTS('',3,(#11226,#11227,#11228,#11229,#11230),
 .UNSPECIFIED.,.F.,.F.,(4,1,4),(-0.203286002385751,-0.12155350116768,0.),
 .UNSPECIFIED.);
#222=B_SPLINE_CURVE_WITH_KNOTS('',3,(#11243,#11244,#11245,#11246,#11247),
 .UNSPECIFIED.,.F.,.F.,(4,1,4),(0.,0.0753445616733017,0.142898773259458),
 .UNSPECIFIED.);
#223=B_SPLINE_CURVE_WITH_KNOTS('',3,(#11249,#11250,#11251,#11252,#11253),
 .UNSPECIFIED.,.F.,.F.,(4,1,4),(-0.142898773259458,-0.0753445616733017,
0.),.UNSPECIFIED.);
#224=B_SPLINE_CURVE_WITH_KNOTS('',3,(#11266,#11267,#11268,#11269,#11270),
 .UNSPECIFIED.,.F.,.F.,(4,1,4),(0.,0.0646713104638182,0.130899650433073),
 .UNSPECIFIED.);
#225=B_SPLINE_CURVE_WITH_KNOTS('',3,(#11272,#11273,#11274,#11275,#11276),
 .UNSPECIFIED.,.F.,.F.,(4,1,4),(-0.130899650433073,-0.0646713104638182,
0.),.UNSPECIFIED.);
#226=B_SPLINE_CURVE_WITH_KNOTS('',3,(#11289,#11290,#11291,#11292,#11293),
 .UNSPECIFIED.,.F.,.F.,(4,1,4),(0.,0.0739429303105015,0.149232696209619),
 .UNSPECIFIED.);
#227=B_SPLINE_CURVE_WITH_KNOTS('',3,(#11295,#11296,#11297,#11298,#11299),
 .UNSPECIFIED.,.F.,.F.,(4,1,4),(-0.149232696209619,-0.0739429303105015,
0.),.UNSPECIFIED.);
#228=B_SPLINE_CURVE_WITH_KNOTS('',3,(#11312,#11313,#11314,#11315,#11316),
 .UNSPECIFIED.,.F.,.F.,(4,1,4),(0.,0.0785891144827661,0.162564191641155),
 .UNSPECIFIED.);
#229=B_SPLINE_CURVE_WITH_KNOTS('',3,(#11318,#11319,#11320,#11321,#11322),
 .UNSPECIFIED.,.F.,.F.,(4,1,4),(-0.162564191641155,-0.0785891144827661,
0.),.UNSPECIFIED.);
#230=B_SPLINE_CURVE_WITH_KNOTS('',3,(#11335,#11336,#11337,#11338,#11339),
 .UNSPECIFIED.,.F.,.F.,(4,1,4),(0.,0.0908183358058618,0.187545554760321),
 .UNSPECIFIED.);
#231=B_SPLINE_CURVE_WITH_KNOTS('',3,(#11341,#11342,#11343,#11344,#11345),
 .UNSPECIFIED.,.F.,.F.,(4,1,4),(-0.187545554760321,-0.0908183358058618,
0.),.UNSPECIFIED.);
#232=B_SPLINE_CURVE_WITH_KNOTS('',3,(#11358,#11359,#11360,#11361,#11362),
 .UNSPECIFIED.,.F.,.F.,(4,1,4),(0.,0.104926526886677,0.200104678102266),
 .UNSPECIFIED.);
#233=B_SPLINE_CURVE_WITH_KNOTS('',3,(#11364,#11365,#11366,#11367,#11368),
 .UNSPECIFIED.,.F.,.F.,(4,1,4),(-0.200104678102266,-0.104926526886677,0.),
 .UNSPECIFIED.);
#234=B_SPLINE_CURVE_WITH_KNOTS('',3,(#11381,#11382,#11383,#11384,#11385),
 .UNSPECIFIED.,.F.,.F.,(4,1,4),(0.,0.0872767776345314,0.169846727685257),
 .UNSPECIFIED.);
#235=B_SPLINE_CURVE_WITH_KNOTS('',3,(#11387,#11388,#11389,#11390,#11391),
 .UNSPECIFIED.,.F.,.F.,(4,1,4),(-0.169846727685257,-0.0872767776345314,
0.),.UNSPECIFIED.);
#236=B_SPLINE_CURVE_WITH_KNOTS('',3,(#11404,#11405,#11406,#11407,#11408),
 .UNSPECIFIED.,.F.,.F.,(4,1,4),(0.,0.0820788477459994,0.166633363353297),
 .UNSPECIFIED.);
#237=B_SPLINE_CURVE_WITH_KNOTS('',3,(#11410,#11411,#11412,#11413,#11414),
 .UNSPECIFIED.,.F.,.F.,(4,1,4),(-0.166633363353297,-0.0820788477459994,
0.),.UNSPECIFIED.);
#238=B_SPLINE_CURVE_WITH_KNOTS('',3,(#11433,#11434,#11435,#11436,#11437),
 .UNSPECIFIED.,.F.,.F.,(4,1,4),(0.,0.0862104031476768,0.162489824177441),
 .UNSPECIFIED.);
#239=B_SPLINE_CURVE_WITH_KNOTS('',3,(#11439,#11440,#11441,#11442,#11443),
 .UNSPECIFIED.,.F.,.F.,(4,1,4),(-0.162489824177441,-0.0862104031476768,
0.),.UNSPECIFIED.);
#240=B_SPLINE_CURVE_WITH_KNOTS('',3,(#11456,#11457,#11458,#11459,#11460),
 .UNSPECIFIED.,.F.,.F.,(4,1,4),(0.,0.0813736959976783,0.183221663660482),
 .UNSPECIFIED.);
#241=B_SPLINE_CURVE_WITH_KNOTS('',3,(#11462,#11463,#11464,#11465,#11466),
 .UNSPECIFIED.,.F.,.F.,(4,1,4),(-0.183221663660482,-0.0813736959976783,
0.),.UNSPECIFIED.);
#242=B_SPLINE_CURVE_WITH_KNOTS('',3,(#11479,#11480,#11481,#11482,#11483),
 .UNSPECIFIED.,.F.,.F.,(4,1,4),(0.,0.104444045452261,0.183256209541548),
 .UNSPECIFIED.);
#243=B_SPLINE_CURVE_WITH_KNOTS('',3,(#11485,#11486,#11487,#11488,#11489),
 .UNSPECIFIED.,.F.,.F.,(4,1,4),(-0.183256209541548,-0.104444045452261,0.),
 .UNSPECIFIED.);
#244=B_SPLINE_CURVE_WITH_KNOTS('',3,(#11502,#11503,#11504,#11505,#11506),
 .UNSPECIFIED.,.F.,.F.,(4,1,4),(0.,0.0632785469705517,0.12234489997543),
 .UNSPECIFIED.);
#245=B_SPLINE_CURVE_WITH_KNOTS('',3,(#11508,#11509,#11510,#11511,#11512),
 .UNSPECIFIED.,.F.,.F.,(4,1,4),(-0.12234489997543,-0.0632785469705517,0.),
 .UNSPECIFIED.);
#246=B_SPLINE_CURVE_WITH_KNOTS('',3,(#11525,#11526,#11527,#11528,#11529),
 .UNSPECIFIED.,.F.,.F.,(4,1,4),(0.,0.0500658817781103,0.09921490561675),
 .UNSPECIFIED.);
#247=B_SPLINE_CURVE_WITH_KNOTS('',3,(#11531,#11532,#11533,#11534,#11535),
 .UNSPECIFIED.,.F.,.F.,(4,1,4),(-0.09921490561675,-0.0500658817781103,0.),
 .UNSPECIFIED.);
#248=B_SPLINE_CURVE_WITH_KNOTS('',3,(#11548,#11549,#11550,#11551,#11552),
 .UNSPECIFIED.,.F.,.F.,(4,1,4),(0.,0.0774123210042561,0.212667211393143),
 .UNSPECIFIED.);
#249=B_SPLINE_CURVE_WITH_KNOTS('',3,(#11554,#11555,#11556,#11557,#11558),
 .UNSPECIFIED.,.F.,.F.,(4,1,4),(-0.212667211393143,-0.0774123210042561,
0.),.UNSPECIFIED.);
#250=B_SPLINE_CURVE_WITH_KNOTS('',3,(#11571,#11572,#11573,#11574,#11575),
 .UNSPECIFIED.,.F.,.F.,(4,1,4),(0.,0.140417266283948,0.230804325097819),
 .UNSPECIFIED.);
#251=B_SPLINE_CURVE_WITH_KNOTS('',3,(#11577,#11578,#11579,#11580,#11581),
 .UNSPECIFIED.,.F.,.F.,(4,1,4),(-0.230804325097819,-0.140417266283948,0.),
 .UNSPECIFIED.);
#252=B_SPLINE_CURVE_WITH_KNOTS('',3,(#11594,#11595,#11596,#11597,#11598),
 .UNSPECIFIED.,.F.,.F.,(4,1,4),(0.,0.0885858249432262,0.166163115027694),
 .UNSPECIFIED.);
#253=B_SPLINE_CURVE_WITH_KNOTS('',3,(#11600,#11601,#11602,#11603,#11604),
 .UNSPECIFIED.,.F.,.F.,(4,1,4),(-0.166163115027694,-0.0885858249432262,
0.),.UNSPECIFIED.);
#254=B_SPLINE_CURVE_WITH_KNOTS('',3,(#11617,#11618,#11619,#11620,#11621),
 .UNSPECIFIED.,.F.,.F.,(4,1,4),(0.,0.0731567119520894,0.149584241861988),
 .UNSPECIFIED.);
#255=B_SPLINE_CURVE_WITH_KNOTS('',3,(#11623,#11624,#11625,#11626,#11627),
 .UNSPECIFIED.,.F.,.F.,(4,1,4),(-0.149584241861988,-0.0731567119520894,
0.),.UNSPECIFIED.);
#256=B_SPLINE_CURVE_WITH_KNOTS('',3,(#11640,#11641,#11642,#11643,#11644),
 .UNSPECIFIED.,.F.,.F.,(4,1,4),(0.,0.078428711403888,0.159219022997398),
 .UNSPECIFIED.);
#257=B_SPLINE_CURVE_WITH_KNOTS('',3,(#11646,#11647,#11648,#11649,#11650),
 .UNSPECIFIED.,.F.,.F.,(4,1,4),(-0.159219022997398,-0.078428711403888,0.),
 .UNSPECIFIED.);
#258=B_SPLINE_CURVE_WITH_KNOTS('',3,(#11663,#11664,#11665,#11666,#11667),
 .UNSPECIFIED.,.F.,.F.,(4,1,4),(0.,0.0838243350611238,0.17321206824716),
 .UNSPECIFIED.);
#259=B_SPLINE_CURVE_WITH_KNOTS('',3,(#11669,#11670,#11671,#11672,#11673),
 .UNSPECIFIED.,.F.,.F.,(4,1,4),(-0.17321206824716,-0.0838243350611238,0.),
 .UNSPECIFIED.);
#260=B_SPLINE_CURVE_WITH_KNOTS('',3,(#11686,#11687,#11688,#11689,#11690),
 .UNSPECIFIED.,.F.,.F.,(4,1,4),(0.,0.0952944495669836,0.197395567940017),
 .UNSPECIFIED.);
#261=B_SPLINE_CURVE_WITH_KNOTS('',3,(#11692,#11693,#11694,#11695,#11696),
 .UNSPECIFIED.,.F.,.F.,(4,1,4),(-0.197395567940017,-0.0952944495669836,
0.),.UNSPECIFIED.);
#262=B_SPLINE_CURVE_WITH_KNOTS('',3,(#11709,#11710,#11711,#11712,#11713),
 .UNSPECIFIED.,.F.,.F.,(4,1,4),(0.,0.125220525619113,0.232410977690385),
 .UNSPECIFIED.);
#263=B_SPLINE_CURVE_WITH_KNOTS('',3,(#11715,#11716,#11717,#11718,#11719),
 .UNSPECIFIED.,.F.,.F.,(4,1,4),(-0.232410977690385,-0.125220525619113,0.),
 .UNSPECIFIED.);
#264=B_SPLINE_CURVE_WITH_KNOTS('',3,(#11732,#11733,#11734,#11735,#11736),
 .UNSPECIFIED.,.F.,.F.,(4,1,4),(0.,0.0954887586953638,0.188590834315637),
 .UNSPECIFIED.);
#265=B_SPLINE_CURVE_WITH_KNOTS('',3,(#11738,#11739,#11740,#11741,#11742),
 .UNSPECIFIED.,.F.,.F.,(4,1,4),(-0.188590834315637,-0.0954887586953638,
0.),.UNSPECIFIED.);
#266=B_SPLINE_CURVE_WITH_KNOTS('',3,(#11754,#11755,#11756,#11757,#11758),
 .UNSPECIFIED.,.F.,.F.,(4,1,4),(0.,0.0936882593417946,0.19002126390093),
 .UNSPECIFIED.);
#267=B_SPLINE_CURVE_WITH_KNOTS('',3,(#11759,#11760,#11761,#11762,#11763),
 .UNSPECIFIED.,.F.,.F.,(4,1,4),(-0.19002126390093,-0.0936882593417946,0.),
 .UNSPECIFIED.);
#268=B_SPLINE_CURVE_WITH_KNOTS('',3,(#12044,#12045,#12046,#12047),
 .UNSPECIFIED.,.F.,.F.,(4,4),(-0.00014980619283429,-4.52494067623325E-15),
 .UNSPECIFIED.);
#269=B_SPLINE_CURVE_WITH_KNOTS('',3,(#12084,#12085,#12086,#12087,#12088,
#12089,#12090,#12091),.UNSPECIFIED.,.F.,.F.,(4,1,1,2,4),(-0.048854741821401,
-0.0293128450928406,-0.0195418967285604,0.,0.000289787476883057),
 .UNSPECIFIED.);
#270=B_SPLINE_CURVE_WITH_KNOTS('',3,(#12092,#12093,#12094,#12095,#12096,
#12097,#12098,#12099),.UNSPECIFIED.,.F.,.F.,(4,2,1,1,4),(-0.000289787476883057,
0.,0.0195418967285604,0.0293128450928406,0.048854741821401),
 .UNSPECIFIED.);
#271=B_SPLINE_CURVE_WITH_KNOTS('',3,(#12127,#12128,#12129,#12130),
 .UNSPECIFIED.,.F.,.F.,(4,4),(3.46638811959146E-15,0.000152085468103703),
 .UNSPECIFIED.);
#272=B_SPLINE_CURVE_WITH_KNOTS('',3,(#12164,#12165,#12166,#12167,#12168,
#12169,#12170,#12171),.UNSPECIFIED.,.F.,.F.,(4,1,1,2,4),(-0.0488521975531466,
-0.029311318531888,-0.0195408790212586,0.,0.000289980017248099),
 .UNSPECIFIED.);
#273=B_SPLINE_CURVE_WITH_KNOTS('',3,(#12172,#12173,#12174,#12175,#12176,
#12177,#12178,#12179),.UNSPECIFIED.,.F.,.F.,(4,2,1,1,4),(-0.000289980017248099,
0.,0.0195408790212586,0.029311318531888,0.0488521975531466),
 .UNSPECIFIED.);
#274=B_SPLINE_CURVE_WITH_KNOTS('',3,(#12207,#12208,#12209,#12210),
 .UNSPECIFIED.,.F.,.F.,(4,4),(3.68098095843456E-15,0.00014965520061406),
 .UNSPECIFIED.);
#275=B_SPLINE_CURVE_WITH_KNOTS('',3,(#12244,#12245,#12246,#12247,#12248,
#12249,#12250,#12251),.UNSPECIFIED.,.F.,.F.,(4,1,1,2,4),(-0.0486910855416537,
-0.038952868433323,-0.0292146513249922,0.,0.000289745402094693),
 .UNSPECIFIED.);
#276=B_SPLINE_CURVE_WITH_KNOTS('',3,(#12252,#12253,#12254,#12255,#12256,
#12257,#12258,#12259),.UNSPECIFIED.,.F.,.F.,(4,2,1,1,4),(-0.000289745402094693,
0.,0.0292146513249922,0.038952868433323,0.0486910855416537),
 .UNSPECIFIED.);
#277=B_SPLINE_CURVE_WITH_KNOTS('',3,(#12284,#12285,#12286,#12287),
 .UNSPECIFIED.,.F.,.F.,(4,4),(-0.000151934517170549,-3.55079275418192E-15),
 .UNSPECIFIED.);
#278=B_SPLINE_CURVE_WITH_KNOTS('',3,(#12324,#12325,#12326,#12327,#12328,
#12329,#12330,#12331),.UNSPECIFIED.,.F.,.F.,(4,1,1,2,4),(-0.048691474755391,
-0.0292148848532346,-0.0194765899021564,0.,0.000289453562680873),
 .UNSPECIFIED.);
#279=B_SPLINE_CURVE_WITH_KNOTS('',3,(#12332,#12333,#12334,#12335,#12336,
#12337,#12338,#12339),.UNSPECIFIED.,.F.,.F.,(4,2,1,1,4),(-0.000289453562680873,
0.,0.0194765899021564,0.0292148848532346,0.048691474755391),
 .UNSPECIFIED.);
#280=B_SPLINE_CURVE_WITH_KNOTS('',3,(#12504,#12505,#12506,#12507),
 .UNSPECIFIED.,.F.,.F.,(4,4),(-0.00014980619283429,-4.52494067623325E-15),
 .UNSPECIFIED.);
#281=B_SPLINE_CURVE_WITH_KNOTS('',3,(#12544,#12545,#12546,#12547,#12548,
#12549,#12550,#12551),.UNSPECIFIED.,.F.,.F.,(4,1,1,2,4),(-0.048854741821401,
-0.0293128450928406,-0.0195418967285604,0.,0.000289787476883057),
 .UNSPECIFIED.);
#282=B_SPLINE_CURVE_WITH_KNOTS('',3,(#12552,#12553,#12554,#12555,#12556,
#12557,#12558,#12559),.UNSPECIFIED.,.F.,.F.,(4,2,1,1,4),(-0.000289787476883057,
0.,0.0195418967285604,0.0293128450928406,0.048854741821401),
 .UNSPECIFIED.);
#283=B_SPLINE_CURVE_WITH_KNOTS('',3,(#12587,#12588,#12589,#12590),
 .UNSPECIFIED.,.F.,.F.,(4,4),(3.46638811959146E-15,0.000152085468103703),
 .UNSPECIFIED.);
#284=B_SPLINE_CURVE_WITH_KNOTS('',3,(#12624,#12625,#12626,#12627,#12628,
#12629,#12630,#12631),.UNSPECIFIED.,.F.,.F.,(4,1,1,2,4),(-0.0488521975531466,
-0.029311318531888,-0.0195408790212586,0.,0.000289980017248099),
 .UNSPECIFIED.);
#285=B_SPLINE_CURVE_WITH_KNOTS('',3,(#12632,#12633,#12634,#12635,#12636,
#12637,#12638,#12639),.UNSPECIFIED.,.F.,.F.,(4,2,1,1,4),(-0.000289980017248099,
0.,0.0195408790212586,0.029311318531888,0.0488521975531466),
 .UNSPECIFIED.);
#286=B_SPLINE_CURVE_WITH_KNOTS('',3,(#12667,#12668,#12669,#12670),
 .UNSPECIFIED.,.F.,.F.,(4,4),(3.68098095843456E-15,0.00014965520061406),
 .UNSPECIFIED.);
#287=B_SPLINE_CURVE_WITH_KNOTS('',3,(#12704,#12705,#12706,#12707,#12708,
#12709,#12710,#12711),.UNSPECIFIED.,.F.,.F.,(4,1,1,2,4),(-0.0486910855416537,
-0.038952868433323,-0.0292146513249922,0.,0.000289745402094693),
 .UNSPECIFIED.);
#288=B_SPLINE_CURVE_WITH_KNOTS('',3,(#12712,#12713,#12714,#12715,#12716,
#12717,#12718,#12719),.UNSPECIFIED.,.F.,.F.,(4,2,1,1,4),(-0.000289745402094693,
0.,0.0292146513249922,0.038952868433323,0.0486910855416537),
 .UNSPECIFIED.);
#289=B_SPLINE_CURVE_WITH_KNOTS('',3,(#12744,#12745,#12746,#12747),
 .UNSPECIFIED.,.F.,.F.,(4,4),(-0.000151934517170549,-3.55079275418192E-15),
 .UNSPECIFIED.);
#290=B_SPLINE_CURVE_WITH_KNOTS('',3,(#12784,#12785,#12786,#12787,#12788,
#12789,#12790,#12791),.UNSPECIFIED.,.F.,.F.,(4,1,1,2,4),(-0.048691474755391,
-0.0292148848532346,-0.0194765899021564,0.,0.000289453562680873),
 .UNSPECIFIED.);
#291=B_SPLINE_CURVE_WITH_KNOTS('',3,(#12792,#12793,#12794,#12795,#12796,
#12797,#12798,#12799),.UNSPECIFIED.,.F.,.F.,(4,2,1,1,4),(-0.000289453562680873,
0.,0.0194765899021564,0.0292148848532346,0.048691474755391),
 .UNSPECIFIED.);
#292=B_SPLINE_CURVE_WITH_KNOTS('',3,(#12964,#12965,#12966,#12967),
 .UNSPECIFIED.,.F.,.F.,(4,4),(-0.00014980619283429,-4.52494067623325E-15),
 .UNSPECIFIED.);
#293=B_SPLINE_CURVE_WITH_KNOTS('',3,(#13004,#13005,#13006,#13007,#13008,
#13009,#13010,#13011),.UNSPECIFIED.,.F.,.F.,(4,1,1,2,4),(-0.048854741821401,
-0.0293128450928406,-0.0195418967285604,0.,0.000289787476883057),
 .UNSPECIFIED.);
#294=B_SPLINE_CURVE_WITH_KNOTS('',3,(#13012,#13013,#13014,#13015,#13016,
#13017,#13018,#13019),.UNSPECIFIED.,.F.,.F.,(4,2,1,1,4),(-0.000289787476883057,
0.,0.0195418967285604,0.0293128450928406,0.048854741821401),
 .UNSPECIFIED.);
#295=B_SPLINE_CURVE_WITH_KNOTS('',3,(#13047,#13048,#13049,#13050),
 .UNSPECIFIED.,.F.,.F.,(4,4),(3.46638811959146E-15,0.000152085468103703),
 .UNSPECIFIED.);
#296=B_SPLINE_CURVE_WITH_KNOTS('',3,(#13084,#13085,#13086,#13087,#13088,
#13089,#13090,#13091),.UNSPECIFIED.,.F.,.F.,(4,1,1,2,4),(-0.0488521975531466,
-0.029311318531888,-0.0195408790212586,0.,0.000289980017248099),
 .UNSPECIFIED.);
#297=B_SPLINE_CURVE_WITH_KNOTS('',3,(#13092,#13093,#13094,#13095,#13096,
#13097,#13098,#13099),.UNSPECIFIED.,.F.,.F.,(4,2,1,1,4),(-0.000289980017248099,
0.,0.0195408790212586,0.029311318531888,0.0488521975531466),
 .UNSPECIFIED.);
#298=B_SPLINE_CURVE_WITH_KNOTS('',3,(#13127,#13128,#13129,#13130),
 .UNSPECIFIED.,.F.,.F.,(4,4),(3.68098095843456E-15,0.00014965520061406),
 .UNSPECIFIED.);
#299=B_SPLINE_CURVE_WITH_KNOTS('',3,(#13164,#13165,#13166,#13167,#13168,
#13169,#13170,#13171),.UNSPECIFIED.,.F.,.F.,(4,1,1,2,4),(-0.0486910855416537,
-0.038952868433323,-0.0292146513249922,0.,0.000289745402094693),
 .UNSPECIFIED.);
#300=B_SPLINE_CURVE_WITH_KNOTS('',3,(#13172,#13173,#13174,#13175,#13176,
#13177,#13178,#13179),.UNSPECIFIED.,.F.,.F.,(4,2,1,1,4),(-0.000289745402094693,
0.,0.0292146513249922,0.038952868433323,0.0486910855416537),
 .UNSPECIFIED.);
#301=B_SPLINE_CURVE_WITH_KNOTS('',3,(#13204,#13205,#13206,#13207),
 .UNSPECIFIED.,.F.,.F.,(4,4),(-0.000151934517170549,-3.55079275418192E-15),
 .UNSPECIFIED.);
#302=B_SPLINE_CURVE_WITH_KNOTS('',3,(#13244,#13245,#13246,#13247,#13248,
#13249,#13250,#13251),.UNSPECIFIED.,.F.,.F.,(4,1,1,2,4),(-0.048691474755391,
-0.0292148848532346,-0.0194765899021564,0.,0.000289453562680873),
 .UNSPECIFIED.);
#303=B_SPLINE_CURVE_WITH_KNOTS('',3,(#13252,#13253,#13254,#13255,#13256,
#13257,#13258,#13259),.UNSPECIFIED.,.F.,.F.,(4,2,1,1,4),(-0.000289453562680873,
0.,0.0194765899021564,0.0292148848532346,0.048691474755391),
 .UNSPECIFIED.);
#304=B_SPLINE_SURFACE_WITH_KNOTS('',3,1,((#8830,#8831),(#8832,#8833),(#8834,
#8835),(#8836,#8837),(#8838,#8839)),.UNSPECIFIED.,.F.,.F.,.F.,(4,1,4),(2,
2),(-0.219209343716177,-0.122238503868697,0.),(0.,0.2),.UNSPECIFIED.);
#305=B_SPLINE_SURFACE_WITH_KNOTS('',3,1,((#8853,#8854),(#8855,#8856),(#8857,
#8858),(#8859,#8860),(#8861,#8862)),.UNSPECIFIED.,.F.,.F.,.F.,(4,1,4),(2,
2),(-0.198603092349998,-0.0985652920544517,0.),(0.,0.2),.UNSPECIFIED.);
#306=B_SPLINE_SURFACE_WITH_KNOTS('',3,1,((#8950,#8951),(#8952,#8953),(#8954,
#8955),(#8956,#8957),(#8958,#8959)),.UNSPECIFIED.,.F.,.F.,.F.,(4,1,4),(2,
2),(-0.208987473123267,-0.105172788831196,0.),(0.,0.2),.UNSPECIFIED.);
#307=B_SPLINE_SURFACE_WITH_KNOTS('',3,1,((#8973,#8974),(#8975,#8976),(#8977,
#8978),(#8979,#8980),(#8981,#8982)),.UNSPECIFIED.,.F.,.F.,.F.,(4,1,4),(2,
2),(-0.190262055167958,-0.129959009310871,0.),(0.,0.2),.UNSPECIFIED.);
#308=B_SPLINE_SURFACE_WITH_KNOTS('',3,1,((#9014,#9015),(#9016,#9017),(#9018,
#9019),(#9020,#9021),(#9022,#9023)),.UNSPECIFIED.,.F.,.F.,.F.,(4,1,4),(2,
2),(-0.362671410951869,-0.18843800838204,0.),(0.,0.2),.UNSPECIFIED.);
#309=B_SPLINE_SURFACE_WITH_KNOTS('',3,1,((#9037,#9038),(#9039,#9040),(#9041,
#9042),(#9043,#9044),(#9045,#9046)),.UNSPECIFIED.,.F.,.F.,.F.,(4,1,4),(2,
2),(-0.223238189514152,-0.104157286698919,0.),(0.,0.2),.UNSPECIFIED.);
#310=B_SPLINE_SURFACE_WITH_KNOTS('',3,1,((#9090,#9091),(#9092,#9093),(#9094,
#9095),(#9096,#9097),(#9098,#9099)),.UNSPECIFIED.,.F.,.F.,.F.,(4,1,4),(2,
2),(-0.121454238581384,-0.0799283891462182,0.),(0.,0.2),.UNSPECIFIED.);
#311=B_SPLINE_SURFACE_WITH_KNOTS('',3,1,((#9113,#9114),(#9115,#9116),(#9117,
#9118),(#9119,#9120),(#9121,#9122)),.UNSPECIFIED.,.F.,.F.,.F.,(4,1,4),(2,
2),(-0.120946112584078,-0.0655599382525092,0.),(0.,0.2),.UNSPECIFIED.);
#312=B_SPLINE_SURFACE_WITH_KNOTS('',3,1,((#9161,#9162),(#9163,#9164),(#9165,
#9166),(#9167,#9168),(#9169,#9170)),.UNSPECIFIED.,.F.,.F.,.F.,(4,1,4),(2,
2),(-0.219209376410595,-0.122238554592168,0.),(0.,0.2),.UNSPECIFIED.);
#313=B_SPLINE_SURFACE_WITH_KNOTS('',3,1,((#9184,#9185),(#9186,#9187),(#9188,
#9189),(#9190,#9191),(#9192,#9193)),.UNSPECIFIED.,.F.,.F.,.F.,(4,1,4),(2,
2),(-0.198603065021395,-0.0985653198981392,0.),(0.,0.2),.UNSPECIFIED.);
#314=B_SPLINE_SURFACE_WITH_KNOTS('',3,1,((#9275,#9276),(#9277,#9278),(#9279,
#9280),(#9281,#9282),(#9283,#9284)),.UNSPECIFIED.,.F.,.F.,.F.,(4,1,4),(2,
2),(-0.0868966431234512,-0.0435822883304278,0.),(0.,0.2),.UNSPECIFIED.);
#315=B_SPLINE_SURFACE_WITH_KNOTS('',3,1,((#9298,#9299),(#9300,#9301),(#9302,
#9303),(#9304,#9305),(#9306,#9307)),.UNSPECIFIED.,.F.,.F.,.F.,(4,1,4),(2,
2),(-0.15604773861867,-0.0745896042908151,0.),(0.,0.2),.UNSPECIFIED.);
#316=B_SPLINE_SURFACE_WITH_KNOTS('',3,1,((#9321,#9322),(#9323,#9324),(#9325,
#9326),(#9327,#9328),(#9329,#9330)),.UNSPECIFIED.,.F.,.F.,.F.,(4,1,4),(2,
2),(-0.221214989688856,-0.0981701960531365,0.),(0.,0.2),.UNSPECIFIED.);
#317=B_SPLINE_SURFACE_WITH_KNOTS('',3,1,((#9344,#9345),(#9346,#9347),(#9348,
#9349),(#9350,#9351),(#9352,#9353)),.UNSPECIFIED.,.F.,.F.,.F.,(4,1,4),(2,
2),(-0.305841710488472,-0.181631035453461,0.),(0.,0.2),.UNSPECIFIED.);
#318=B_SPLINE_SURFACE_WITH_KNOTS('',3,1,((#9367,#9368),(#9369,#9370),(#9371,
#9372),(#9373,#9374),(#9375,#9376)),.UNSPECIFIED.,.F.,.F.,.F.,(4,1,4),(2,
2),(-0.160716053483785,-0.0875069064390523,0.),(0.,0.2),.UNSPECIFIED.);
#319=B_SPLINE_SURFACE_WITH_KNOTS('',3,1,((#9390,#9391),(#9392,#9393),(#9394,
#9395),(#9396,#9397),(#9398,#9399)),.UNSPECIFIED.,.F.,.F.,.F.,(4,1,4),(2,
2),(-0.136596115836425,-0.0684606827085239,0.),(0.,0.2),.UNSPECIFIED.);
#320=B_SPLINE_SURFACE_WITH_KNOTS('',3,1,((#9413,#9414),(#9415,#9416),(#9417,
#9418),(#9419,#9420),(#9421,#9422)),.UNSPECIFIED.,.F.,.F.,.F.,(4,1,4),(2,
2),(-0.147753050371025,-0.070824226801325,0.),(0.,0.2),.UNSPECIFIED.);
#321=B_SPLINE_SURFACE_WITH_KNOTS('',3,1,((#9436,#9437),(#9438,#9439),(#9440,
#9441),(#9442,#9443),(#9444,#9445)),.UNSPECIFIED.,.F.,.F.,.F.,(4,1,4),(2,
2),(-0.154703583560756,-0.0809098743307796,0.),(0.,0.2),.UNSPECIFIED.);
#322=B_SPLINE_SURFACE_WITH_KNOTS('',3,1,((#9459,#9460),(#9461,#9462),(#9463,
#9464),(#9465,#9466),(#9467,#9468)),.UNSPECIFIED.,.F.,.F.,.F.,(4,1,4),(2,
2),(-0.160067077351959,-0.0750358608106558,0.),(0.,0.2),.UNSPECIFIED.);
#323=B_SPLINE_SURFACE_WITH_KNOTS('',3,1,((#9488,#9489),(#9490,#9491),(#9492,
#9493),(#9494,#9495),(#9496,#9497)),.UNSPECIFIED.,.F.,.F.,.F.,(4,1,4),(2,
2),(-0.240545590594419,-0.128092409946764,0.),(0.,0.2),.UNSPECIFIED.);
#324=B_SPLINE_SURFACE_WITH_KNOTS('',3,1,((#9511,#9512),(#9513,#9514),(#9515,
#9516),(#9517,#9518),(#9519,#9520)),.UNSPECIFIED.,.F.,.F.,.F.,(4,1,4),(2,
2),(-0.243105368694015,-0.113693888504806,0.),(0.,0.2),.UNSPECIFIED.);
#325=B_SPLINE_SURFACE_WITH_KNOTS('',3,1,((#9534,#9535),(#9536,#9537),(#9538,
#9539),(#9540,#9541),(#9542,#9543)),.UNSPECIFIED.,.F.,.F.,.F.,(4,1,4),(2,
2),(-0.246067345919025,-0.130457015247907,0.),(0.,0.2),.UNSPECIFIED.);
#326=B_SPLINE_SURFACE_WITH_KNOTS('',3,1,((#9557,#9558),(#9559,#9560),(#9561,
#9562),(#9563,#9564),(#9565,#9566)),.UNSPECIFIED.,.F.,.F.,.F.,(4,1,4),(2,
2),(-0.219759923877689,-0.109291863582997,0.),(0.,0.2),.UNSPECIFIED.);
#327=B_SPLINE_SURFACE_WITH_KNOTS('',3,1,((#9580,#9581),(#9582,#9583),(#9584,
#9585),(#9586,#9587),(#9588,#9589)),.UNSPECIFIED.,.F.,.F.,.F.,(4,1,4),(2,
2),(-0.121155028113812,-0.0598315098043293,0.),(0.,0.2),.UNSPECIFIED.);
#328=B_SPLINE_SURFACE_WITH_KNOTS('',3,1,((#9603,#9604),(#9605,#9606),(#9607,
#9608),(#9609,#9610),(#9611,#9612)),.UNSPECIFIED.,.F.,.F.,.F.,(4,1,4),(2,
2),(-0.147482811181274,-0.0679276401304219,0.),(0.,0.2),.UNSPECIFIED.);
#329=B_SPLINE_SURFACE_WITH_KNOTS('',3,1,((#9626,#9627),(#9628,#9629),(#9630,
#9631),(#9632,#9633),(#9634,#9635)),.UNSPECIFIED.,.F.,.F.,.F.,(4,1,4),(2,
2),(-0.258351664535905,-0.107200107878617,0.),(0.,0.2),.UNSPECIFIED.);
#330=B_SPLINE_SURFACE_WITH_KNOTS('',3,1,((#9649,#9650),(#9651,#9652),(#9653,
#9654),(#9655,#9656),(#9657,#9658)),.UNSPECIFIED.,.F.,.F.,.F.,(4,1,4),(2,
2),(-0.189930940252097,-0.119600368498655,0.),(0.,0.2),.UNSPECIFIED.);
#331=B_SPLINE_SURFACE_WITH_KNOTS('',3,1,((#9672,#9673),(#9674,#9675),(#9676,
#9677),(#9678,#9679),(#9680,#9681)),.UNSPECIFIED.,.F.,.F.,.F.,(4,1,4),(2,
2),(-0.084177816943117,-0.0436352541622504,0.),(0.,0.2),.UNSPECIFIED.);
#332=B_SPLINE_SURFACE_WITH_KNOTS('',3,1,((#9714,#9715),(#9716,#9717),(#9718,
#9719),(#9720,#9721),(#9722,#9723)),.UNSPECIFIED.,.F.,.F.,.F.,(4,1,4),(2,
2),(-0.0868966580432942,-0.0435822806487086,0.),(0.,0.2),.UNSPECIFIED.);
#333=B_SPLINE_SURFACE_WITH_KNOTS('',3,1,((#9737,#9738),(#9739,#9740),(#9741,
#9742),(#9743,#9744),(#9745,#9746)),.UNSPECIFIED.,.F.,.F.,.F.,(4,1,4),(2,
2),(-0.156047720690689,-0.0745895470565106,0.),(0.,0.2),.UNSPECIFIED.);
#334=B_SPLINE_SURFACE_WITH_KNOTS('',3,1,((#9760,#9761),(#9762,#9763),(#9764,
#9765),(#9766,#9767),(#9768,#9769)),.UNSPECIFIED.,.F.,.F.,.F.,(4,1,4),(2,
2),(-0.221215072735635,-0.0981701442833525,0.),(0.,0.2),.UNSPECIFIED.);
#335=B_SPLINE_SURFACE_WITH_KNOTS('',3,1,((#9783,#9784),(#9785,#9786),(#9787,
#9788),(#9789,#9790),(#9791,#9792)),.UNSPECIFIED.,.F.,.F.,.F.,(4,1,4),(2,
2),(-0.305841672631571,-0.181631057866389,0.),(0.,0.2),.UNSPECIFIED.);
#336=B_SPLINE_SURFACE_WITH_KNOTS('',3,1,((#9806,#9807),(#9808,#9809),(#9810,
#9811),(#9812,#9813),(#9814,#9815)),.UNSPECIFIED.,.F.,.F.,.F.,(4,1,4),(2,
2),(-0.16071611202681,-0.0875069649820776,0.),(0.,0.2),.UNSPECIFIED.);
#337=B_SPLINE_SURFACE_WITH_KNOTS('',3,1,((#9829,#9830),(#9831,#9832),(#9833,
#9834),(#9835,#9836),(#9837,#9838)),.UNSPECIFIED.,.F.,.F.,.F.,(4,1,4),(2,
2),(-0.136596104404101,-0.0684606712762005,0.),(0.,0.2),.UNSPECIFIED.);
#338=B_SPLINE_SURFACE_WITH_KNOTS('',3,1,((#9852,#9853),(#9854,#9855),(#9856,
#9857),(#9858,#9859),(#9860,#9861)),.UNSPECIFIED.,.F.,.F.,.F.,(4,1,4),(2,
2),(-0.147753184810777,-0.0708241260521661,0.),(0.,0.2),.UNSPECIFIED.);
#339=B_SPLINE_SURFACE_WITH_KNOTS('',3,1,((#9875,#9876),(#9877,#9878),(#9879,
#9880),(#9881,#9882),(#9883,#9884)),.UNSPECIFIED.,.F.,.F.,.F.,(4,1,4),(2,
2),(-0.154703596992893,-0.0809100507117668,0.),(0.,0.2),.UNSPECIFIED.);
#340=B_SPLINE_SURFACE_WITH_KNOTS('',3,1,((#9898,#9899),(#9900,#9901),(#9902,
#9903),(#9904,#9905),(#9906,#9907)),.UNSPECIFIED.,.F.,.F.,.F.,(4,1,4),(2,
2),(-0.160067078744848,-0.0750358767274373,0.),(0.,0.2),.UNSPECIFIED.);
#341=B_SPLINE_SURFACE_WITH_KNOTS('',3,1,((#9927,#9928),(#9929,#9930),(#9931,
#9932),(#9933,#9934),(#9935,#9936)),.UNSPECIFIED.,.F.,.F.,.F.,(4,1,4),(2,
2),(-0.240545555514358,-0.128092370448952,0.),(0.,0.2),.UNSPECIFIED.);
#342=B_SPLINE_SURFACE_WITH_KNOTS('',3,1,((#9950,#9951),(#9952,#9953),(#9954,
#9955),(#9956,#9957),(#9958,#9959)),.UNSPECIFIED.,.F.,.F.,.F.,(4,1,4),(2,
2),(-0.243105427680604,-0.113693888504806,0.),(0.,0.2),.UNSPECIFIED.);
#343=B_SPLINE_SURFACE_WITH_KNOTS('',3,1,((#9973,#9974),(#9975,#9976),(#9977,
#9978),(#9979,#9980),(#9981,#9982)),.UNSPECIFIED.,.F.,.F.,.F.,(4,1,4),(2,
2),(-0.246067396912848,-0.130457015247907,0.),(0.,0.2),.UNSPECIFIED.);
#344=B_SPLINE_SURFACE_WITH_KNOTS('',3,1,((#9996,#9997),(#9998,#9999),(#10000,
#10001),(#10002,#10003),(#10004,#10005)),.UNSPECIFIED.,.F.,.F.,.F.,(4,1,
4),(2,2),(-0.219759923512376,-0.109291829264782,0.),(0.,0.2),
 .UNSPECIFIED.);
#345=B_SPLINE_SURFACE_WITH_KNOTS('',3,1,((#10019,#10020),(#10021,#10022),
(#10023,#10024),(#10025,#10026),(#10027,#10028)),.UNSPECIFIED.,.F.,.F.,
 .F.,(4,1,4),(2,2),(-0.121155004543311,-0.0598315220362091,0.),(0.,0.2),
 .UNSPECIFIED.);
#346=B_SPLINE_SURFACE_WITH_KNOTS('',3,1,((#10042,#10043),(#10044,#10045),
(#10046,#10047),(#10048,#10049),(#10050,#10051)),.UNSPECIFIED.,.F.,.F.,
 .F.,(4,1,4),(2,2),(-0.147482897372299,-0.0679277263214474,0.),(0.,0.2),
 .UNSPECIFIED.);
#347=B_SPLINE_SURFACE_WITH_KNOTS('',3,1,((#10065,#10066),(#10067,#10068),
(#10069,#10070),(#10071,#10072),(#10073,#10074)),.UNSPECIFIED.,.F.,.F.,
 .F.,(4,1,4),(2,2),(-0.258351706540314,-0.107200149883026,0.),(0.,0.2),
 .UNSPECIFIED.);
#348=B_SPLINE_SURFACE_WITH_KNOTS('',3,1,((#10088,#10089),(#10090,#10091),
(#10092,#10093),(#10094,#10095),(#10096,#10097)),.UNSPECIFIED.,.F.,.F.,
 .F.,(4,1,4),(2,2),(-0.189930910222598,-0.119600165039351,0.),(0.,0.2),
 .UNSPECIFIED.);
#349=B_SPLINE_SURFACE_WITH_KNOTS('',3,1,((#10111,#10112),(#10113,#10114),
(#10115,#10116),(#10117,#10118),(#10119,#10120)),.UNSPECIFIED.,.F.,.F.,
 .F.,(4,1,4),(2,2),(-0.084177811905631,-0.0436352150279376,0.),(0.,0.2),
 .UNSPECIFIED.);
#350=B_SPLINE_SURFACE_WITH_KNOTS('',3,1,((#10153,#10154),(#10155,#10156),
(#10157,#10158),(#10159,#10160),(#10161,#10162)),.UNSPECIFIED.,.F.,.F.,
 .F.,(4,1,4),(2,2),(-0.144319227442421,-0.0665085424695356,0.),(0.,0.2),
 .UNSPECIFIED.);
#351=B_SPLINE_SURFACE_WITH_KNOTS('',3,1,((#10176,#10177),(#10178,#10179),
(#10180,#10181),(#10182,#10183),(#10184,#10185)),.UNSPECIFIED.,.F.,.F.,
 .F.,(4,1,4),(2,2),(-0.143824708183266,-0.0774544093154058,0.),(0.,0.2),
 .UNSPECIFIED.);
#352=B_SPLINE_SURFACE_WITH_KNOTS('',3,1,((#10205,#10206),(#10207,#10208),
(#10209,#10210),(#10211,#10212),(#10213,#10214)),.UNSPECIFIED.,.F.,.F.,
 .F.,(4,1,4),(2,2),(-0.215499145012778,-0.110379424489262,0.),(0.,0.2),
 .UNSPECIFIED.);
#353=B_SPLINE_SURFACE_WITH_KNOTS('',3,1,((#10228,#10229),(#10230,#10231),
(#10232,#10233),(#10234,#10235),(#10236,#10237)),.UNSPECIFIED.,.F.,.F.,
 .F.,(4,1,4),(2,2),(-0.17334754600722,-0.0945492774124252,0.),(0.,0.2),
 .UNSPECIFIED.);
#354=B_SPLINE_SURFACE_WITH_KNOTS('',3,1,((#10282,#10283),(#10284,#10285),
(#10286,#10287),(#10288,#10289),(#10290,#10291)),.UNSPECIFIED.,.F.,.F.,
 .F.,(4,1,4),(2,2),(-0.330635267173176,-0.151859724898042,0.),(0.,0.2),
 .UNSPECIFIED.);
#355=B_SPLINE_SURFACE_WITH_KNOTS('',3,1,((#10305,#10306),(#10307,#10308),
(#10309,#10310),(#10311,#10312),(#10313,#10314)),.UNSPECIFIED.,.F.,.F.,
 .F.,(4,1,4),(2,2),(-0.376092154319262,-0.189911765857644,0.),(0.,0.2),
 .UNSPECIFIED.);
#356=B_SPLINE_SURFACE_WITH_KNOTS('',3,1,((#10328,#10329),(#10330,#10331),
(#10332,#10333),(#10334,#10335),(#10336,#10337)),.UNSPECIFIED.,.F.,.F.,
 .F.,(4,1,4),(2,2),(-0.279308218476481,-0.134900472753931,0.),(0.,0.2),
 .UNSPECIFIED.);
#357=B_SPLINE_SURFACE_WITH_KNOTS('',3,1,((#10357,#10358),(#10359,#10360),
(#10361,#10362),(#10363,#10364),(#10365,#10366)),.UNSPECIFIED.,.F.,.F.,
 .F.,(4,1,4),(2,2),(-0.289378030947194,-0.130896176613151,0.),(0.,0.2),
 .UNSPECIFIED.);
#358=B_SPLINE_SURFACE_WITH_KNOTS('',3,1,((#10380,#10381),(#10382,#10383),
(#10384,#10385),(#10386,#10387),(#10388,#10389)),.UNSPECIFIED.,.F.,.F.,
 .F.,(4,1,4),(2,2),(-0.346640240982347,-0.17267579047021,0.),(0.,0.2),
 .UNSPECIFIED.);
#359=B_SPLINE_SURFACE_WITH_KNOTS('',3,1,((#10403,#10404),(#10405,#10406),
(#10407,#10408),(#10409,#10410),(#10411,#10412)),.UNSPECIFIED.,.F.,.F.,
 .F.,(4,1,4),(2,2),(-0.316461510187802,-0.166965479812762,0.),(0.,0.2),
 .UNSPECIFIED.);
#360=B_SPLINE_SURFACE_WITH_KNOTS('',3,1,((#10430,#10431),(#10432,#10433),
(#10434,#10435),(#10436,#10437),(#10438,#10439)),.UNSPECIFIED.,.F.,.F.,
 .F.,(4,1,4),(2,2),(-0.335896878687031,-0.205649516415936,0.),(0.,0.2),
 .UNSPECIFIED.);
#361=B_SPLINE_SURFACE_WITH_KNOTS('',3,1,((#10456,#10457),(#10458,#10459),
(#10460,#10461),(#10462,#10463),(#10464,#10465)),.UNSPECIFIED.,.F.,.F.,
 .F.,(4,1,4),(2,2),(-0.169321740022109,-0.0887897720023536,0.),(0.,0.2),
 .UNSPECIFIED.);
#362=B_SPLINE_SURFACE_WITH_KNOTS('',3,1,((#10479,#10480),(#10481,#10482),
(#10483,#10484),(#10485,#10486),(#10487,#10488)),.UNSPECIFIED.,.F.,.F.,
 .F.,(4,1,4),(2,2),(-0.169181244328717,-0.0804101402022157,0.),(0.,0.2),
 .UNSPECIFIED.);
#363=B_SPLINE_SURFACE_WITH_KNOTS('',3,1,((#10502,#10503),(#10504,#10505),
(#10506,#10507),(#10508,#10509),(#10510,#10511)),.UNSPECIFIED.,.F.,.F.,
 .F.,(4,1,4),(2,2),(-0.33540745830026,-0.130256312828274,0.),(0.,0.2),
 .UNSPECIFIED.);
#364=B_SPLINE_SURFACE_WITH_KNOTS('',3,1,((#10525,#10526),(#10527,#10528),
(#10529,#10530),(#10531,#10532),(#10533,#10534)),.UNSPECIFIED.,.F.,.F.,
 .F.,(4,1,4),(2,2),(-0.336097251174795,-0.20600172721015,0.),(0.,0.2),
 .UNSPECIFIED.);
#365=B_SPLINE_SURFACE_WITH_KNOTS('',3,1,((#10548,#10549),(#10550,#10551),
(#10552,#10553),(#10554,#10555),(#10556,#10557)),.UNSPECIFIED.,.F.,.F.,
 .F.,(4,1,4),(2,2),(-0.170023045993469,-0.0886657001721926,0.),(0.,0.2),
 .UNSPECIFIED.);
#366=B_SPLINE_SURFACE_WITH_KNOTS('',3,1,((#10571,#10572),(#10573,#10574),
(#10575,#10576),(#10577,#10578),(#10579,#10580)),.UNSPECIFIED.,.F.,.F.,
 .F.,(4,1,4),(2,2),(-0.157930522306947,-0.0781366500181865,0.),(0.,0.2),
 .UNSPECIFIED.);
#367=B_SPLINE_SURFACE_WITH_KNOTS('',3,1,((#10594,#10595),(#10596,#10597),
(#10598,#10599),(#10600,#10601),(#10602,#10603)),.UNSPECIFIED.,.F.,.F.,
 .F.,(4,1,4),(2,2),(-0.346684544678872,-0.138541919846283,0.),(0.,0.2),
 .UNSPECIFIED.);
#368=B_SPLINE_SURFACE_WITH_KNOTS('',3,1,((#10614,#10615),(#10616,#10617),
(#10618,#10619),(#10620,#10621),(#10622,#10623)),.UNSPECIFIED.,.F.,.F.,
 .F.,(4,1,4),(2,2),(-0.288287873967459,-0.160214218533564,0.),(0.,0.2),
 .UNSPECIFIED.);
#369=B_SPLINE_SURFACE_WITH_KNOTS('',3,1,((#10640,#10641),(#10642,#10643),
(#10644,#10645),(#10646,#10647),(#10648,#10649)),.UNSPECIFIED.,.F.,.F.,
 .F.,(4,1,4),(2,2),(-0.201215020112882,-0.106259124499288,0.),(0.,0.2),
 .UNSPECIFIED.);
#370=B_SPLINE_SURFACE_WITH_KNOTS('',3,1,((#10663,#10664),(#10665,#10666),
(#10667,#10668),(#10669,#10670),(#10671,#10672)),.UNSPECIFIED.,.F.,.F.,
 .F.,(4,1,4),(2,2),(-0.193632399456032,-0.0926301368730634,0.),(0.,0.2),
 .UNSPECIFIED.);
#371=B_SPLINE_SURFACE_WITH_KNOTS('',3,1,((#10686,#10687),(#10688,#10689),
(#10690,#10691),(#10692,#10693),(#10694,#10695)),.UNSPECIFIED.,.F.,.F.,
 .F.,(4,1,4),(2,2),(-0.146084848449189,-0.0759878380177533,0.),(0.,0.2),
 .UNSPECIFIED.);
#372=B_SPLINE_SURFACE_WITH_KNOTS('',3,1,((#10709,#10710),(#10711,#10712),
(#10713,#10714),(#10715,#10716),(#10717,#10718)),.UNSPECIFIED.,.F.,.F.,
 .F.,(4,1,4),(2,2),(-0.138237780583198,-0.0679964040214565,0.),(0.,0.2),
 .UNSPECIFIED.);
#373=B_SPLINE_SURFACE_WITH_KNOTS('',3,1,((#10732,#10733),(#10734,#10735),
(#10736,#10737),(#10738,#10739),(#10740,#10741)),.UNSPECIFIED.,.F.,.F.,
 .F.,(4,1,4),(2,2),(-0.161675023702407,-0.0762003535781406,0.),(0.,0.2),
 .UNSPECIFIED.);
#374=B_SPLINE_SURFACE_WITH_KNOTS('',3,1,((#10755,#10756),(#10757,#10758),
(#10759,#10760),(#10761,#10762),(#10763,#10764)),.UNSPECIFIED.,.F.,.F.,
 .F.,(4,1,4),(2,2),(-0.237514007827814,-0.104039228169465,0.),(0.,0.2),
 .UNSPECIFIED.);
#375=B_SPLINE_SURFACE_WITH_KNOTS('',3,1,((#10778,#10779),(#10780,#10781),
(#10782,#10783),(#10784,#10785),(#10786,#10787)),.UNSPECIFIED.,.F.,.F.,
 .F.,(4,1,4),(2,2),(-0.287603216195231,-0.159362879674332,0.),(0.,0.2),
 .UNSPECIFIED.);
#376=B_SPLINE_SURFACE_WITH_KNOTS('',3,1,((#10801,#10802),(#10803,#10804),
(#10805,#10806),(#10807,#10808),(#10809,#10810)),.UNSPECIFIED.,.F.,.F.,
 .F.,(4,1,4),(2,2),(-0.20124227232532,-0.105805024666926,0.),(0.,0.2),
 .UNSPECIFIED.);
#377=B_SPLINE_SURFACE_WITH_KNOTS('',3,1,((#10824,#10825),(#10826,#10827),
(#10828,#10829),(#10830,#10831),(#10832,#10833)),.UNSPECIFIED.,.F.,.F.,
 .F.,(4,1,4),(2,2),(-0.193669809945331,-0.0923302013585372,0.),(0.,0.2),
 .UNSPECIFIED.);
#378=B_SPLINE_SURFACE_WITH_KNOTS('',3,1,((#10847,#10848),(#10849,#10850),
(#10851,#10852),(#10853,#10854),(#10855,#10856)),.UNSPECIFIED.,.F.,.F.,
 .F.,(4,1,4),(2,2),(-0.256817296171969,-0.131669455997704,0.),(0.,0.2),
 .UNSPECIFIED.);
#379=B_SPLINE_SURFACE_WITH_KNOTS('',3,1,((#10870,#10871),(#10872,#10873),
(#10874,#10875),(#10876,#10877),(#10878,#10879)),.UNSPECIFIED.,.F.,.F.,
 .F.,(4,1,4),(2,2),(-0.423798237750031,-0.180044184586631,0.),(0.,0.2),
 .UNSPECIFIED.);
#380=B_SPLINE_SURFACE_WITH_KNOTS('',3,1,((#10919,#10920),(#10921,#10922),
(#10923,#10924),(#10925,#10926),(#10927,#10928)),.UNSPECIFIED.,.F.,.F.,
 .F.,(4,1,4),(2,2),(-0.19737819153305,-0.0996550246439935,0.),(0.,0.2),
 .UNSPECIFIED.);
#381=B_SPLINE_SURFACE_WITH_KNOTS('',3,1,((#10942,#10943),(#10944,#10945),
(#10946,#10947),(#10948,#10949),(#10950,#10951)),.UNSPECIFIED.,.F.,.F.,
 .F.,(4,1,4),(2,2),(-0.20768496223468,-0.097126340558042,0.),(0.,0.2),
 .UNSPECIFIED.);
#382=B_SPLINE_SURFACE_WITH_KNOTS('',3,1,((#11002,#11003),(#11004,#11005),
(#11006,#11007),(#11008,#11009),(#11010,#11011)),.UNSPECIFIED.,.F.,.F.,
 .F.,(4,1,4),(2,2),(-0.13096058817318,-0.0699383209240115,0.),(0.,0.2),
 .UNSPECIFIED.);
#383=B_SPLINE_SURFACE_WITH_KNOTS('',3,1,((#11025,#11026),(#11027,#11028),
(#11029,#11030),(#11031,#11032),(#11033,#11034)),.UNSPECIFIED.,.F.,.F.,
 .F.,(4,1,4),(2,2),(-0.128681470877496,-0.0600630192679077,0.),(0.,0.2),
 .UNSPECIFIED.);
#384=B_SPLINE_SURFACE_WITH_KNOTS('',3,1,((#11048,#11049),(#11050,#11051),
(#11052,#11053),(#11054,#11055),(#11056,#11057)),.UNSPECIFIED.,.F.,.F.,
 .F.,(4,1,4),(2,2),(-0.157074910930529,-0.0757414484175364,0.),(0.,0.2),
 .UNSPECIFIED.);
#385=B_SPLINE_SURFACE_WITH_KNOTS('',3,1,((#11071,#11072),(#11073,#11074),
(#11075,#11076),(#11077,#11078),(#11079,#11080)),.UNSPECIFIED.,.F.,.F.,
 .F.,(4,1,4),(2,2),(-0.136162292764333,-0.0715041786668495,0.),(0.,0.2),
 .UNSPECIFIED.);
#386=B_SPLINE_SURFACE_WITH_KNOTS('',3,1,((#11094,#11095),(#11096,#11097),
(#11098,#11099),(#11100,#11101),(#11102,#11103)),.UNSPECIFIED.,.F.,.F.,
 .F.,(4,1,4),(2,2),(-0.106741657483823,-0.0570582954063144,0.),(0.,0.2),
 .UNSPECIFIED.);
#387=B_SPLINE_SURFACE_WITH_KNOTS('',3,1,((#11117,#11118),(#11119,#11120),
(#11121,#11122),(#11123,#11124),(#11125,#11126)),.UNSPECIFIED.,.F.,.F.,
 .F.,(4,1,4),(2,2),(-0.0917772941602633,-0.0465274911570997,0.),(0.,0.2),
 .UNSPECIFIED.);
#388=B_SPLINE_SURFACE_WITH_KNOTS('',3,1,((#11140,#11141),(#11142,#11143),
(#11144,#11145),(#11146,#11147),(#11148,#11149)),.UNSPECIFIED.,.F.,.F.,
 .F.,(4,1,4),(2,2),(-0.0875579057385359,-0.0445229097475569,0.),(0.,0.2),
 .UNSPECIFIED.);
#389=B_SPLINE_SURFACE_WITH_KNOTS('',3,1,((#11163,#11164),(#11165,#11166),
(#11167,#11168),(#11169,#11170),(#11171,#11172)),.UNSPECIFIED.,.F.,.F.,
 .F.,(4,1,4),(2,2),(-0.108833945732274,-0.0486610673914952,0.),(0.,0.2),
 .UNSPECIFIED.);
#390=B_SPLINE_SURFACE_WITH_KNOTS('',3,1,((#11186,#11187),(#11188,#11189),
(#11190,#11191),(#11192,#11193),(#11194,#11195)),.UNSPECIFIED.,.F.,.F.,
 .F.,(4,1,4),(2,2),(-0.184566622116152,-0.0676411121789219,0.),(0.,0.2),
 .UNSPECIFIED.);
#391=B_SPLINE_SURFACE_WITH_KNOTS('',3,1,((#11209,#11210),(#11211,#11212),
(#11213,#11214),(#11215,#11216),(#11217,#11218)),.UNSPECIFIED.,.F.,.F.,
 .F.,(4,1,4),(2,2),(-0.203286002385751,-0.12155350116768,0.),(0.,0.2),
 .UNSPECIFIED.);
#392=B_SPLINE_SURFACE_WITH_KNOTS('',3,1,((#11232,#11233),(#11234,#11235),
(#11236,#11237),(#11238,#11239),(#11240,#11241)),.UNSPECIFIED.,.F.,.F.,
 .F.,(4,1,4),(2,2),(-0.142898773259458,-0.0753445616733017,0.),(0.,0.2),
 .UNSPECIFIED.);
#393=B_SPLINE_SURFACE_WITH_KNOTS('',3,1,((#11255,#11256),(#11257,#11258),
(#11259,#11260),(#11261,#11262),(#11263,#11264)),.UNSPECIFIED.,.F.,.F.,
 .F.,(4,1,4),(2,2),(-0.130899650433073,-0.0646713104638182,0.),(0.,0.2),
 .UNSPECIFIED.);
#394=B_SPLINE_SURFACE_WITH_KNOTS('',3,1,((#11278,#11279),(#11280,#11281),
(#11282,#11283),(#11284,#11285),(#11286,#11287)),.UNSPECIFIED.,.F.,.F.,
 .F.,(4,1,4),(2,2),(-0.149232696209619,-0.0739429303105015,0.),(0.,0.2),
 .UNSPECIFIED.);
#395=B_SPLINE_SURFACE_WITH_KNOTS('',3,1,((#11301,#11302),(#11303,#11304),
(#11305,#11306),(#11307,#11308),(#11309,#11310)),.UNSPECIFIED.,.F.,.F.,
 .F.,(4,1,4),(2,2),(-0.162564191641155,-0.0785891144827661,0.),(0.,0.2),
 .UNSPECIFIED.);
#396=B_SPLINE_SURFACE_WITH_KNOTS('',3,1,((#11324,#11325),(#11326,#11327),
(#11328,#11329),(#11330,#11331),(#11332,#11333)),.UNSPECIFIED.,.F.,.F.,
 .F.,(4,1,4),(2,2),(-0.187545554760321,-0.0908183358058618,0.),(0.,0.2),
 .UNSPECIFIED.);
#397=B_SPLINE_SURFACE_WITH_KNOTS('',3,1,((#11347,#11348),(#11349,#11350),
(#11351,#11352),(#11353,#11354),(#11355,#11356)),.UNSPECIFIED.,.F.,.F.,
 .F.,(4,1,4),(2,2),(-0.200104678102266,-0.104926526886677,0.),(0.,0.2),
 .UNSPECIFIED.);
#398=B_SPLINE_SURFACE_WITH_KNOTS('',3,1,((#11370,#11371),(#11372,#11373),
(#11374,#11375),(#11376,#11377),(#11378,#11379)),.UNSPECIFIED.,.F.,.F.,
 .F.,(4,1,4),(2,2),(-0.169846727685257,-0.0872767776345314,0.),(0.,0.2),
 .UNSPECIFIED.);
#399=B_SPLINE_SURFACE_WITH_KNOTS('',3,1,((#11393,#11394),(#11395,#11396),
(#11397,#11398),(#11399,#11400),(#11401,#11402)),.UNSPECIFIED.,.F.,.F.,
 .F.,(4,1,4),(2,2),(-0.166633363353297,-0.0820788477459994,0.),(0.,0.2),
 .UNSPECIFIED.);
#400=B_SPLINE_SURFACE_WITH_KNOTS('',3,1,((#11422,#11423),(#11424,#11425),
(#11426,#11427),(#11428,#11429),(#11430,#11431)),.UNSPECIFIED.,.F.,.F.,
 .F.,(4,1,4),(2,2),(-0.162489824177441,-0.0862104031476768,0.),(0.,0.2),
 .UNSPECIFIED.);
#401=B_SPLINE_SURFACE_WITH_KNOTS('',3,1,((#11445,#11446),(#11447,#11448),
(#11449,#11450),(#11451,#11452),(#11453,#11454)),.UNSPECIFIED.,.F.,.F.,
 .F.,(4,1,4),(2,2),(-0.183221663660482,-0.0813736959976783,0.),(0.,0.2),
 .UNSPECIFIED.);
#402=B_SPLINE_SURFACE_WITH_KNOTS('',3,1,((#11468,#11469),(#11470,#11471),
(#11472,#11473),(#11474,#11475),(#11476,#11477)),.UNSPECIFIED.,.F.,.F.,
 .F.,(4,1,4),(2,2),(-0.183256209541548,-0.104444045452261,0.),(0.,0.2),
 .UNSPECIFIED.);
#403=B_SPLINE_SURFACE_WITH_KNOTS('',3,1,((#11491,#11492),(#11493,#11494),
(#11495,#11496),(#11497,#11498),(#11499,#11500)),.UNSPECIFIED.,.F.,.F.,
 .F.,(4,1,4),(2,2),(-0.12234489997543,-0.0632785469705517,0.),(0.,0.2),
 .UNSPECIFIED.);
#404=B_SPLINE_SURFACE_WITH_KNOTS('',3,1,((#11514,#11515),(#11516,#11517),
(#11518,#11519),(#11520,#11521),(#11522,#11523)),.UNSPECIFIED.,.F.,.F.,
 .F.,(4,1,4),(2,2),(-0.09921490561675,-0.0500658817781103,0.),(0.,0.2),
 .UNSPECIFIED.);
#405=B_SPLINE_SURFACE_WITH_KNOTS('',3,1,((#11537,#11538),(#11539,#11540),
(#11541,#11542),(#11543,#11544),(#11545,#11546)),.UNSPECIFIED.,.F.,.F.,
 .F.,(4,1,4),(2,2),(-0.212667211393143,-0.0774123210042561,0.),(0.,0.2),
 .UNSPECIFIED.);
#406=B_SPLINE_SURFACE_WITH_KNOTS('',3,1,((#11560,#11561),(#11562,#11563),
(#11564,#11565),(#11566,#11567),(#11568,#11569)),.UNSPECIFIED.,.F.,.F.,
 .F.,(4,1,4),(2,2),(-0.230804325097819,-0.140417266283948,0.),(0.,0.2),
 .UNSPECIFIED.);
#407=B_SPLINE_SURFACE_WITH_KNOTS('',3,1,((#11583,#11584),(#11585,#11586),
(#11587,#11588),(#11589,#11590),(#11591,#11592)),.UNSPECIFIED.,.F.,.F.,
 .F.,(4,1,4),(2,2),(-0.166163115027694,-0.0885858249432262,0.),(0.,0.2),
 .UNSPECIFIED.);
#408=B_SPLINE_SURFACE_WITH_KNOTS('',3,1,((#11606,#11607),(#11608,#11609),
(#11610,#11611),(#11612,#11613),(#11614,#11615)),.UNSPECIFIED.,.F.,.F.,
 .F.,(4,1,4),(2,2),(-0.149584241861988,-0.0731567119520894,0.),(0.,0.2),
 .UNSPECIFIED.);
#409=B_SPLINE_SURFACE_WITH_KNOTS('',3,1,((#11629,#11630),(#11631,#11632),
(#11633,#11634),(#11635,#11636),(#11637,#11638)),.UNSPECIFIED.,.F.,.F.,
 .F.,(4,1,4),(2,2),(-0.159219022997398,-0.078428711403888,0.),(0.,0.2),
 .UNSPECIFIED.);
#410=B_SPLINE_SURFACE_WITH_KNOTS('',3,1,((#11652,#11653),(#11654,#11655),
(#11656,#11657),(#11658,#11659),(#11660,#11661)),.UNSPECIFIED.,.F.,.F.,
 .F.,(4,1,4),(2,2),(-0.17321206824716,-0.0838243350611238,0.),(0.,0.2),
 .UNSPECIFIED.);
#411=B_SPLINE_SURFACE_WITH_KNOTS('',3,1,((#11675,#11676),(#11677,#11678),
(#11679,#11680),(#11681,#11682),(#11683,#11684)),.UNSPECIFIED.,.F.,.F.,
 .F.,(4,1,4),(2,2),(-0.197395567940017,-0.0952944495669836,0.),(0.,0.2),
 .UNSPECIFIED.);
#412=B_SPLINE_SURFACE_WITH_KNOTS('',3,1,((#11698,#11699),(#11700,#11701),
(#11702,#11703),(#11704,#11705),(#11706,#11707)),.UNSPECIFIED.,.F.,.F.,
 .F.,(4,1,4),(2,2),(-0.232410977690385,-0.125220525619113,0.),(0.,0.2),
 .UNSPECIFIED.);
#413=B_SPLINE_SURFACE_WITH_KNOTS('',3,1,((#11721,#11722),(#11723,#11724),
(#11725,#11726),(#11727,#11728),(#11729,#11730)),.UNSPECIFIED.,.F.,.F.,
 .F.,(4,1,4),(2,2),(-0.188590834315637,-0.0954887586953638,0.),(0.,0.2),
 .UNSPECIFIED.);
#414=B_SPLINE_SURFACE_WITH_KNOTS('',3,1,((#11744,#11745),(#11746,#11747),
(#11748,#11749),(#11750,#11751),(#11752,#11753)),.UNSPECIFIED.,.F.,.F.,
 .F.,(4,1,4),(2,2),(-0.19002126390093,-0.0936882593417946,0.),(0.,0.2),
 .UNSPECIFIED.);
#415=B_SPLINE_SURFACE_WITH_KNOTS('',3,3,((#12020,#12021,#12022,#12023),
(#12024,#12025,#12026,#12027),(#12028,#12029,#12030,#12031),(#12032,#12033,
#12034,#12035),(#12036,#12037,#12038,#12039)),.UNSPECIFIED.,.F.,.F.,.F.,
(4,1,4),(4,4),(0.,0.5,1.),(4.52494067623325E-15,0.00014980619283429),
 .UNSPECIFIED.);
#416=B_SPLINE_SURFACE_WITH_KNOTS('',3,3,((#12051,#12052,#12053,#12054,#12055,
#12056,#12057,#12058),(#12059,#12060,#12061,#12062,#12063,#12064,#12065,
#12066),(#12067,#12068,#12069,#12070,#12071,#12072,#12073,#12074),(#12075,
#12076,#12077,#12078,#12079,#12080,#12081,#12082)),.UNSPECIFIED.,.F.,.F.,
 .F.,(4,4),(4,2,1,1,4),(0.,1.),(-0.000289787476883057,0.,0.0195418967285604,
0.0293128450928406,0.048854741821401),.UNSPECIFIED.);
#417=B_SPLINE_SURFACE_WITH_KNOTS('',3,3,((#12100,#12101,#12102,#12103),
(#12104,#12105,#12106,#12107),(#12108,#12109,#12110,#12111),(#12112,#12113,
#12114,#12115),(#12116,#12117,#12118,#12119)),.UNSPECIFIED.,.F.,.F.,.F.,
(4,1,4),(4,4),(0.,0.5,1.),(3.46638811959146E-15,0.000152085468103703),
 .UNSPECIFIED.);
#418=B_SPLINE_SURFACE_WITH_KNOTS('',3,3,((#12131,#12132,#12133,#12134,#12135,
#12136,#12137,#12138),(#12139,#12140,#12141,#12142,#12143,#12144,#12145,
#12146),(#12147,#12148,#12149,#12150,#12151,#12152,#12153,#12154),(#12155,
#12156,#12157,#12158,#12159,#12160,#12161,#12162)),.UNSPECIFIED.,.F.,.F.,
 .F.,(4,4),(4,2,1,1,4),(0.,1.),(-0.000289980017248099,0.,0.0195408790212586,
0.029311318531888,0.0488521975531466),.UNSPECIFIED.);
#419=B_SPLINE_SURFACE_WITH_KNOTS('',3,3,((#12180,#12181,#12182,#12183),
(#12184,#12185,#12186,#12187),(#12188,#12189,#12190,#12191),(#12192,#12193,
#12194,#12195),(#12196,#12197,#12198,#12199)),.UNSPECIFIED.,.F.,.F.,.F.,
(4,1,4),(4,4),(0.,0.5,1.),(3.68098095843456E-15,0.00014965520061406),
 .UNSPECIFIED.);
#420=B_SPLINE_SURFACE_WITH_KNOTS('',3,3,((#12211,#12212,#12213,#12214,#12215,
#12216,#12217,#12218),(#12219,#12220,#12221,#12222,#12223,#12224,#12225,
#12226),(#12227,#12228,#12229,#12230,#12231,#12232,#12233,#12234),(#12235,
#12236,#12237,#12238,#12239,#12240,#12241,#12242)),.UNSPECIFIED.,.F.,.F.,
 .F.,(4,4),(4,2,1,1,4),(0.,1.),(-0.000289745402094693,0.,0.0292146513249922,
0.038952868433323,0.0486910855416537),.UNSPECIFIED.);
#421=B_SPLINE_SURFACE_WITH_KNOTS('',3,3,((#12260,#12261,#12262,#12263),
(#12264,#12265,#12266,#12267),(#12268,#12269,#12270,#12271),(#12272,#12273,
#12274,#12275),(#12276,#12277,#12278,#12279)),.UNSPECIFIED.,.F.,.F.,.F.,
(4,1,4),(4,4),(0.,0.5,1.),(3.55079275418192E-15,0.000151934517170549),
 .UNSPECIFIED.);
#422=B_SPLINE_SURFACE_WITH_KNOTS('',3,3,((#12291,#12292,#12293,#12294,#12295,
#12296,#12297,#12298),(#12299,#12300,#12301,#12302,#12303,#12304,#12305,
#12306),(#12307,#12308,#12309,#12310,#12311,#12312,#12313,#12314),(#12315,
#12316,#12317,#12318,#12319,#12320,#12321,#12322)),.UNSPECIFIED.,.F.,.F.,
 .F.,(4,4),(4,2,1,1,4),(0.,1.),(-0.000289453562680873,0.,0.0194765899021564,
0.0292148848532346,0.048691474755391),.UNSPECIFIED.);
#423=B_SPLINE_SURFACE_WITH_KNOTS('',3,3,((#12480,#12481,#12482,#12483),
(#12484,#12485,#12486,#12487),(#12488,#12489,#12490,#12491),(#12492,#12493,
#12494,#12495),(#12496,#12497,#12498,#12499)),.UNSPECIFIED.,.F.,.F.,.F.,
(4,1,4),(4,4),(0.,0.5,1.),(4.52494067623325E-15,0.00014980619283429),
 .UNSPECIFIED.);
#424=B_SPLINE_SURFACE_WITH_KNOTS('',3,3,((#12511,#12512,#12513,#12514,#12515,
#12516,#12517,#12518),(#12519,#12520,#12521,#12522,#12523,#12524,#12525,
#12526),(#12527,#12528,#12529,#12530,#12531,#12532,#12533,#12534),(#12535,
#12536,#12537,#12538,#12539,#12540,#12541,#12542)),.UNSPECIFIED.,.F.,.F.,
 .F.,(4,4),(4,2,1,1,4),(0.,1.),(-0.000289787476883057,0.,0.0195418967285604,
0.0293128450928406,0.048854741821401),.UNSPECIFIED.);
#425=B_SPLINE_SURFACE_WITH_KNOTS('',3,3,((#12560,#12561,#12562,#12563),
(#12564,#12565,#12566,#12567),(#12568,#12569,#12570,#12571),(#12572,#12573,
#12574,#12575),(#12576,#12577,#12578,#12579)),.UNSPECIFIED.,.F.,.F.,.F.,
(4,1,4),(4,4),(0.,0.5,1.),(3.46638811959146E-15,0.000152085468103703),
 .UNSPECIFIED.);
#426=B_SPLINE_SURFACE_WITH_KNOTS('',3,3,((#12591,#12592,#12593,#12594,#12595,
#12596,#12597,#12598),(#12599,#12600,#12601,#12602,#12603,#12604,#12605,
#12606),(#12607,#12608,#12609,#12610,#12611,#12612,#12613,#12614),(#12615,
#12616,#12617,#12618,#12619,#12620,#12621,#12622)),.UNSPECIFIED.,.F.,.F.,
 .F.,(4,4),(4,2,1,1,4),(0.,1.),(-0.000289980017248099,0.,0.0195408790212586,
0.029311318531888,0.0488521975531466),.UNSPECIFIED.);
#427=B_SPLINE_SURFACE_WITH_KNOTS('',3,3,((#12640,#12641,#12642,#12643),
(#12644,#12645,#12646,#12647),(#12648,#12649,#12650,#12651),(#12652,#12653,
#12654,#12655),(#12656,#12657,#12658,#12659)),.UNSPECIFIED.,.F.,.F.,.F.,
(4,1,4),(4,4),(0.,0.5,1.),(3.68098095843456E-15,0.00014965520061406),
 .UNSPECIFIED.);
#428=B_SPLINE_SURFACE_WITH_KNOTS('',3,3,((#12671,#12672,#12673,#12674,#12675,
#12676,#12677,#12678),(#12679,#12680,#12681,#12682,#12683,#12684,#12685,
#12686),(#12687,#12688,#12689,#12690,#12691,#12692,#12693,#12694),(#12695,
#12696,#12697,#12698,#12699,#12700,#12701,#12702)),.UNSPECIFIED.,.F.,.F.,
 .F.,(4,4),(4,2,1,1,4),(0.,1.),(-0.000289745402094693,0.,0.0292146513249922,
0.038952868433323,0.0486910855416537),.UNSPECIFIED.);
#429=B_SPLINE_SURFACE_WITH_KNOTS('',3,3,((#12720,#12721,#12722,#12723),
(#12724,#12725,#12726,#12727),(#12728,#12729,#12730,#12731),(#12732,#12733,
#12734,#12735),(#12736,#12737,#12738,#12739)),.UNSPECIFIED.,.F.,.F.,.F.,
(4,1,4),(4,4),(0.,0.5,1.),(3.55079275418192E-15,0.000151934517170549),
 .UNSPECIFIED.);
#430=B_SPLINE_SURFACE_WITH_KNOTS('',3,3,((#12751,#12752,#12753,#12754,#12755,
#12756,#12757,#12758),(#12759,#12760,#12761,#12762,#12763,#12764,#12765,
#12766),(#12767,#12768,#12769,#12770,#12771,#12772,#12773,#12774),(#12775,
#12776,#12777,#12778,#12779,#12780,#12781,#12782)),.UNSPECIFIED.,.F.,.F.,
 .F.,(4,4),(4,2,1,1,4),(0.,1.),(-0.000289453562680873,0.,0.0194765899021564,
0.0292148848532346,0.048691474755391),.UNSPECIFIED.);
#431=B_SPLINE_SURFACE_WITH_KNOTS('',3,3,((#12940,#12941,#12942,#12943),
(#12944,#12945,#12946,#12947),(#12948,#12949,#12950,#12951),(#12952,#12953,
#12954,#12955),(#12956,#12957,#12958,#12959)),.UNSPECIFIED.,.F.,.F.,.F.,
(4,1,4),(4,4),(0.,0.5,1.),(4.52494067623325E-15,0.00014980619283429),
 .UNSPECIFIED.);
#432=B_SPLINE_SURFACE_WITH_KNOTS('',3,3,((#12971,#12972,#12973,#12974,#12975,
#12976,#12977,#12978),(#12979,#12980,#12981,#12982,#12983,#12984,#12985,
#12986),(#12987,#12988,#12989,#12990,#12991,#12992,#12993,#12994),(#12995,
#12996,#12997,#12998,#12999,#13000,#13001,#13002)),.UNSPECIFIED.,.F.,.F.,
 .F.,(4,4),(4,2,1,1,4),(0.,1.),(-0.000289787476883057,0.,0.0195418967285604,
0.0293128450928406,0.048854741821401),.UNSPECIFIED.);
#433=B_SPLINE_SURFACE_WITH_KNOTS('',3,3,((#13020,#13021,#13022,#13023),
(#13024,#13025,#13026,#13027),(#13028,#13029,#13030,#13031),(#13032,#13033,
#13034,#13035),(#13036,#13037,#13038,#13039)),.UNSPECIFIED.,.F.,.F.,.F.,
(4,1,4),(4,4),(0.,0.5,1.),(3.46638811959146E-15,0.000152085468103703),
 .UNSPECIFIED.);
#434=B_SPLINE_SURFACE_WITH_KNOTS('',3,3,((#13051,#13052,#13053,#13054,#13055,
#13056,#13057,#13058),(#13059,#13060,#13061,#13062,#13063,#13064,#13065,
#13066),(#13067,#13068,#13069,#13070,#13071,#13072,#13073,#13074),(#13075,
#13076,#13077,#13078,#13079,#13080,#13081,#13082)),.UNSPECIFIED.,.F.,.F.,
 .F.,(4,4),(4,2,1,1,4),(0.,1.),(-0.000289980017248099,0.,0.0195408790212586,
0.029311318531888,0.0488521975531466),.UNSPECIFIED.);
#435=B_SPLINE_SURFACE_WITH_KNOTS('',3,3,((#13100,#13101,#13102,#13103),
(#13104,#13105,#13106,#13107),(#13108,#13109,#13110,#13111),(#13112,#13113,
#13114,#13115),(#13116,#13117,#13118,#13119)),.UNSPECIFIED.,.F.,.F.,.F.,
(4,1,4),(4,4),(0.,0.5,1.),(3.68098095843456E-15,0.00014965520061406),
 .UNSPECIFIED.);
#436=B_SPLINE_SURFACE_WITH_KNOTS('',3,3,((#13131,#13132,#13133,#13134,#13135,
#13136,#13137,#13138),(#13139,#13140,#13141,#13142,#13143,#13144,#13145,
#13146),(#13147,#13148,#13149,#13150,#13151,#13152,#13153,#13154),(#13155,
#13156,#13157,#13158,#13159,#13160,#13161,#13162)),.UNSPECIFIED.,.F.,.F.,
 .F.,(4,4),(4,2,1,1,4),(0.,1.),(-0.000289745402094693,0.,0.0292146513249922,
0.038952868433323,0.0486910855416537),.UNSPECIFIED.);
#437=B_SPLINE_SURFACE_WITH_KNOTS('',3,3,((#13180,#13181,#13182,#13183),
(#13184,#13185,#13186,#13187),(#13188,#13189,#13190,#13191),(#13192,#13193,
#13194,#13195),(#13196,#13197,#13198,#13199)),.UNSPECIFIED.,.F.,.F.,.F.,
(4,1,4),(4,4),(0.,0.5,1.),(3.55079275418192E-15,0.000151934517170549),
 .UNSPECIFIED.);
#438=B_SPLINE_SURFACE_WITH_KNOTS('',3,3,((#13211,#13212,#13213,#13214,#13215,
#13216,#13217,#13218),(#13219,#13220,#13221,#13222,#13223,#13224,#13225,
#13226),(#13227,#13228,#13229,#13230,#13231,#13232,#13233,#13234),(#13235,
#13236,#13237,#13238,#13239,#13240,#13241,#13242)),.UNSPECIFIED.,.F.,.F.,
 .F.,(4,4),(4,2,1,1,4),(0.,1.),(-0.000289453562680873,0.,0.0194765899021564,
0.0292148848532346,0.048691474755391),.UNSPECIFIED.);
#439=SHAPE_REPRESENTATION_RELATIONSHIP('SRR','None',#13423,#442);
#440=SHAPE_REPRESENTATION_RELATIONSHIP('SRR','None',#13424,#443);
#441=SHAPE_REPRESENTATION_RELATIONSHIP('SRR','None',#13422,#444);
#442=ADVANCED_BREP_SHAPE_REPRESENTATION('',(#450),#13407);
#443=ADVANCED_BREP_SHAPE_REPRESENTATION('',(#451),#13408);
#444=ADVANCED_BREP_SHAPE_REPRESENTATION('',(#452,#453,#454),#13406);
#445=STYLED_ITEM('',(#13442),#450);
#446=STYLED_ITEM('',(#13442),#451);
#447=STYLED_ITEM('',(#13442),#452);
#448=STYLED_ITEM('',(#13442),#453);
#449=STYLED_ITEM('',(#13442),#454);
#450=MANIFOLD_SOLID_BREP('Body1',#6864);
#451=MANIFOLD_SOLID_BREP('Body1',#6865);
#452=MANIFOLD_SOLID_BREP('Body3',#6866);
#453=MANIFOLD_SOLID_BREP('Body4',#6867);
#454=MANIFOLD_SOLID_BREP('Body5',#6868);
#455=FACE_BOUND('',#1060,.T.);
#456=FACE_BOUND('',#1061,.T.);
#457=FACE_BOUND('',#1062,.T.);
#458=FACE_BOUND('',#1063,.T.);
#459=FACE_BOUND('',#1083,.T.);
#460=FACE_BOUND('',#1084,.T.);
#461=FACE_BOUND('',#1085,.T.);
#462=FACE_BOUND('',#1086,.T.);
#463=FACE_BOUND('',#1101,.T.);
#464=FACE_BOUND('',#1137,.T.);
#465=FACE_BOUND('',#1228,.T.);
#466=FACE_BOUND('',#1287,.T.);
#467=FACE_BOUND('',#1288,.T.);
#468=FACE_BOUND('',#1289,.T.);
#469=FACE_BOUND('',#1290,.T.);
#470=FACE_BOUND('',#1291,.T.);
#471=FACE_BOUND('',#1292,.T.);
#472=FACE_BOUND('',#1293,.T.);
#473=FACE_BOUND('',#1330,.T.);
#474=FACE_BOUND('',#1331,.T.);
#475=FACE_BOUND('',#1332,.T.);
#476=FACE_BOUND('',#1333,.T.);
#477=FACE_BOUND('',#1334,.T.);
#478=FACE_BOUND('',#1335,.T.);
#479=FACE_BOUND('',#1336,.T.);
#480=FACE_BOUND('',#1337,.T.);
#481=FACE_BOUND('',#1338,.T.);
#482=FACE_BOUND('',#1339,.T.);
#483=FACE_BOUND('',#1340,.T.);
#484=FACE_BOUND('',#1341,.T.);
#485=FACE_BOUND('',#1342,.T.);
#486=FACE_BOUND('',#1343,.T.);
#487=FACE_BOUND('',#1344,.T.);
#488=FACE_BOUND('',#1345,.T.);
#489=FACE_BOUND('',#1346,.T.);
#490=FACE_BOUND('',#1347,.T.);
#491=FACE_BOUND('',#1380,.T.);
#492=FACE_BOUND('',#1382,.T.);
#493=FACE_BOUND('',#1426,.T.);
#494=FACE_BOUND('',#1428,.T.);
#495=FACE_BOUND('',#1472,.T.);
#496=FACE_BOUND('',#1474,.T.);
#497=PLANE('',#6897);
#498=PLANE('',#6898);
#499=PLANE('',#6908);
#500=PLANE('',#6911);
#501=PLANE('',#6914);
#502=PLANE('',#6915);
#503=PLANE('',#6916);
#504=PLANE('',#6917);
#505=PLANE('',#6918);
#506=PLANE('',#6919);
#507=PLANE('',#6920);
#508=PLANE('',#6921);
#509=PLANE('',#6930);
#510=PLANE('',#6931);
#511=PLANE('',#6933);
#512=PLANE('',#6934);
#513=PLANE('',#6935);
#514=PLANE('',#6936);
#515=PLANE('',#6937);
#516=PLANE('',#6938);
#517=PLANE('',#6939);
#518=PLANE('',#6940);
#519=PLANE('',#6941);
#520=PLANE('',#6942);
#521=PLANE('',#6943);
#522=PLANE('',#6944);
#523=PLANE('',#6945);
#524=PLANE('',#6946);
#525=PLANE('',#6947);
#526=PLANE('',#6948);
#527=PLANE('',#6949);
#528=PLANE('',#6950);
#529=PLANE('',#6951);
#530=PLANE('',#6952);
#531=PLANE('',#6953);
#532=PLANE('',#6954);
#533=PLANE('',#6955);
#534=PLANE('',#6956);
#535=PLANE('',#6957);
#536=PLANE('',#6958);
#537=PLANE('',#6959);
#538=PLANE('',#6960);
#539=PLANE('',#6961);
#540=PLANE('',#6962);
#541=PLANE('',#6963);
#542=PLANE('',#6964);
#543=PLANE('',#6965);
#544=PLANE('',#6966);
#545=PLANE('',#6967);
#546=PLANE('',#6968);
#547=PLANE('',#6969);
#548=PLANE('',#6970);
#549=PLANE('',#6971);
#550=PLANE('',#6972);
#551=PLANE('',#6973);
#552=PLANE('',#6974);
#553=PLANE('',#6975);
#554=PLANE('',#6976);
#555=PLANE('',#6977);
#556=PLANE('',#6978);
#557=PLANE('',#6979);
#558=PLANE('',#6980);
#559=PLANE('',#6981);
#560=PLANE('',#6982);
#561=PLANE('',#6983);
#562=PLANE('',#6984);
#563=PLANE('',#6985);
#564=PLANE('',#6986);
#565=PLANE('',#6987);
#566=PLANE('',#6988);
#567=PLANE('',#6989);
#568=PLANE('',#6990);
#569=PLANE('',#6991);
#570=PLANE('',#6992);
#571=PLANE('',#6993);
#572=PLANE('',#6994);
#573=PLANE('',#6995);
#574=PLANE('',#6996);
#575=PLANE('',#6997);
#576=PLANE('',#6998);
#577=PLANE('',#6999);
#578=PLANE('',#7000);
#579=PLANE('',#7001);
#580=PLANE('',#7002);
#581=PLANE('',#7003);
#582=PLANE('',#7004);
#583=PLANE('',#7005);
#584=PLANE('',#7006);
#585=PLANE('',#7007);
#586=PLANE('',#7008);
#587=PLANE('',#7009);
#588=PLANE('',#7010);
#589=PLANE('',#7011);
#590=PLANE('',#7012);
#591=PLANE('',#7013);
#592=PLANE('',#7014);
#593=PLANE('',#7015);
#594=PLANE('',#7016);
#595=PLANE('',#7020);
#596=PLANE('',#7040);
#597=PLANE('',#7045);
#598=PLANE('',#7048);
#599=PLANE('',#7051);
#600=PLANE('',#7054);
#601=PLANE('',#7057);
#602=PLANE('',#7060);
#603=PLANE('',#7063);
#604=PLANE('',#7066);
#605=PLANE('',#7069);
#606=PLANE('',#7080);
#607=PLANE('',#7083);
#608=PLANE('',#7086);
#609=PLANE('',#7089);
#610=PLANE('',#7092);
#611=PLANE('',#7093);
#612=PLANE('',#7094);
#613=PLANE('',#7118);
#614=PLANE('',#7121);
#615=PLANE('',#7126);
#616=PLANE('',#7127);
#617=PLANE('',#7128);
#618=PLANE('',#7129);
#619=PLANE('',#7130);
#620=PLANE('',#7131);
#621=PLANE('',#7132);
#622=PLANE('',#7133);
#623=PLANE('',#7134);
#624=PLANE('',#7135);
#625=PLANE('',#7136);
#626=PLANE('',#7137);
#627=PLANE('',#7138);
#628=PLANE('',#7139);
#629=PLANE('',#7140);
#630=PLANE('',#7159);
#631=PLANE('',#7160);
#632=PLANE('',#7184);
#633=PLANE('',#7187);
#634=PLANE('',#7192);
#635=PLANE('',#7193);
#636=PLANE('',#7194);
#637=PLANE('',#7195);
#638=PLANE('',#7196);
#639=PLANE('',#7197);
#640=PLANE('',#7198);
#641=PLANE('',#7199);
#642=PLANE('',#7200);
#643=PLANE('',#7201);
#644=PLANE('',#7202);
#645=PLANE('',#7203);
#646=PLANE('',#7204);
#647=PLANE('',#7205);
#648=PLANE('',#7206);
#649=PLANE('',#7225);
#650=PLANE('',#7226);
#651=PLANE('',#7250);
#652=PLANE('',#7253);
#653=PLANE('',#7258);
#654=PLANE('',#7259);
#655=PLANE('',#7260);
#656=PLANE('',#7261);
#657=PLANE('',#7262);
#658=PLANE('',#7263);
#659=PLANE('',#7264);
#660=PLANE('',#7265);
#661=PLANE('',#7266);
#662=PLANE('',#7267);
#663=PLANE('',#7268);
#664=PLANE('',#7269);
#665=PLANE('',#7270);
#666=PLANE('',#7271);
#667=PLANE('',#7272);
#668=PLANE('',#7291);
#669=PLANE('',#7292);
#670=FACE_OUTER_BOUND('',#1057,.T.);
#671=FACE_OUTER_BOUND('',#1058,.T.);
#672=FACE_OUTER_BOUND('',#1059,.T.);
#673=FACE_OUTER_BOUND('',#1064,.T.);
#674=FACE_OUTER_BOUND('',#1065,.T.);
#675=FACE_OUTER_BOUND('',#1066,.T.);
#676=FACE_OUTER_BOUND('',#1067,.T.);
#677=FACE_OUTER_BOUND('',#1068,.T.);
#678=FACE_OUTER_BOUND('',#1069,.T.);
#679=FACE_OUTER_BOUND('',#1070,.T.);
#680=FACE_OUTER_BOUND('',#1071,.T.);
#681=FACE_OUTER_BOUND('',#1072,.T.);
#682=FACE_OUTER_BOUND('',#1073,.T.);
#683=FACE_OUTER_BOUND('',#1074,.T.);
#684=FACE_OUTER_BOUND('',#1075,.T.);
#685=FACE_OUTER_BOUND('',#1076,.T.);
#686=FACE_OUTER_BOUND('',#1077,.T.);
#687=FACE_OUTER_BOUND('',#1078,.T.);
#688=FACE_OUTER_BOUND('',#1079,.T.);
#689=FACE_OUTER_BOUND('',#1080,.T.);
#690=FACE_OUTER_BOUND('',#1081,.T.);
#691=FACE_OUTER_BOUND('',#1082,.T.);
#692=FACE_OUTER_BOUND('',#1087,.T.);
#693=FACE_OUTER_BOUND('',#1088,.T.);
#694=FACE_OUTER_BOUND('',#1089,.T.);
#695=FACE_OUTER_BOUND('',#1090,.T.);
#696=FACE_OUTER_BOUND('',#1091,.T.);
#697=FACE_OUTER_BOUND('',#1092,.T.);
#698=FACE_OUTER_BOUND('',#1093,.T.);
#699=FACE_OUTER_BOUND('',#1094,.T.);
#700=FACE_OUTER_BOUND('',#1095,.T.);
#701=FACE_OUTER_BOUND('',#1096,.T.);
#702=FACE_OUTER_BOUND('',#1097,.T.);
#703=FACE_OUTER_BOUND('',#1098,.T.);
#704=FACE_OUTER_BOUND('',#1099,.T.);
#705=FACE_OUTER_BOUND('',#1100,.T.);
#706=FACE_OUTER_BOUND('',#1102,.T.);
#707=FACE_OUTER_BOUND('',#1103,.T.);
#708=FACE_OUTER_BOUND('',#1104,.T.);
#709=FACE_OUTER_BOUND('',#1105,.T.);
#710=FACE_OUTER_BOUND('',#1106,.T.);
#711=FACE_OUTER_BOUND('',#1107,.T.);
#712=FACE_OUTER_BOUND('',#1108,.T.);
#713=FACE_OUTER_BOUND('',#1109,.T.);
#714=FACE_OUTER_BOUND('',#1110,.T.);
#715=FACE_OUTER_BOUND('',#1111,.T.);
#716=FACE_OUTER_BOUND('',#1112,.T.);
#717=FACE_OUTER_BOUND('',#1113,.T.);
#718=FACE_OUTER_BOUND('',#1114,.T.);
#719=FACE_OUTER_BOUND('',#1115,.T.);
#720=FACE_OUTER_BOUND('',#1116,.T.);
#721=FACE_OUTER_BOUND('',#1117,.T.);
#722=FACE_OUTER_BOUND('',#1118,.T.);
#723=FACE_OUTER_BOUND('',#1119,.T.);
#724=FACE_OUTER_BOUND('',#1120,.T.);
#725=FACE_OUTER_BOUND('',#1121,.T.);
#726=FACE_OUTER_BOUND('',#1122,.T.);
#727=FACE_OUTER_BOUND('',#1123,.T.);
#728=FACE_OUTER_BOUND('',#1124,.T.);
#729=FACE_OUTER_BOUND('',#1125,.T.);
#730=FACE_OUTER_BOUND('',#1126,.T.);
#731=FACE_OUTER_BOUND('',#1127,.T.);
#732=FACE_OUTER_BOUND('',#1128,.T.);
#733=FACE_OUTER_BOUND('',#1129,.T.);
#734=FACE_OUTER_BOUND('',#1130,.T.);
#735=FACE_OUTER_BOUND('',#1131,.T.);
#736=FACE_OUTER_BOUND('',#1132,.T.);
#737=FACE_OUTER_BOUND('',#1133,.T.);
#738=FACE_OUTER_BOUND('',#1134,.T.);
#739=FACE_OUTER_BOUND('',#1135,.T.);
#740=FACE_OUTER_BOUND('',#1136,.T.);
#741=FACE_OUTER_BOUND('',#1138,.T.);
#742=FACE_OUTER_BOUND('',#1139,.T.);
#743=FACE_OUTER_BOUND('',#1140,.T.);
#744=FACE_OUTER_BOUND('',#1141,.T.);
#745=FACE_OUTER_BOUND('',#1142,.T.);
#746=FACE_OUTER_BOUND('',#1143,.T.);
#747=FACE_OUTER_BOUND('',#1144,.T.);
#748=FACE_OUTER_BOUND('',#1145,.T.);
#749=FACE_OUTER_BOUND('',#1146,.T.);
#750=FACE_OUTER_BOUND('',#1147,.T.);
#751=FACE_OUTER_BOUND('',#1148,.T.);
#752=FACE_OUTER_BOUND('',#1149,.T.);
#753=FACE_OUTER_BOUND('',#1150,.T.);
#754=FACE_OUTER_BOUND('',#1151,.T.);
#755=FACE_OUTER_BOUND('',#1152,.T.);
#756=FACE_OUTER_BOUND('',#1153,.T.);
#757=FACE_OUTER_BOUND('',#1154,.T.);
#758=FACE_OUTER_BOUND('',#1155,.T.);
#759=FACE_OUTER_BOUND('',#1156,.T.);
#760=FACE_OUTER_BOUND('',#1157,.T.);
#761=FACE_OUTER_BOUND('',#1158,.T.);
#762=FACE_OUTER_BOUND('',#1159,.T.);
#763=FACE_OUTER_BOUND('',#1160,.T.);
#764=FACE_OUTER_BOUND('',#1161,.T.);
#765=FACE_OUTER_BOUND('',#1162,.T.);
#766=FACE_OUTER_BOUND('',#1163,.T.);
#767=FACE_OUTER_BOUND('',#1164,.T.);
#768=FACE_OUTER_BOUND('',#1165,.T.);
#769=FACE_OUTER_BOUND('',#1166,.T.);
#770=FACE_OUTER_BOUND('',#1167,.T.);
#771=FACE_OUTER_BOUND('',#1168,.T.);
#772=FACE_OUTER_BOUND('',#1169,.T.);
#773=FACE_OUTER_BOUND('',#1170,.T.);
#774=FACE_OUTER_BOUND('',#1171,.T.);
#775=FACE_OUTER_BOUND('',#1172,.T.);
#776=FACE_OUTER_BOUND('',#1173,.T.);
#777=FACE_OUTER_BOUND('',#1174,.T.);
#778=FACE_OUTER_BOUND('',#1175,.T.);
#779=FACE_OUTER_BOUND('',#1176,.T.);
#780=FACE_OUTER_BOUND('',#1177,.T.);
#781=FACE_OUTER_BOUND('',#1178,.T.);
#782=FACE_OUTER_BOUND('',#1179,.T.);
#783=FACE_OUTER_BOUND('',#1180,.T.);
#784=FACE_OUTER_BOUND('',#1181,.T.);
#785=FACE_OUTER_BOUND('',#1182,.T.);
#786=FACE_OUTER_BOUND('',#1183,.T.);
#787=FACE_OUTER_BOUND('',#1184,.T.);
#788=FACE_OUTER_BOUND('',#1185,.T.);
#789=FACE_OUTER_BOUND('',#1186,.T.);
#790=FACE_OUTER_BOUND('',#1187,.T.);
#791=FACE_OUTER_BOUND('',#1188,.T.);
#792=FACE_OUTER_BOUND('',#1189,.T.);
#793=FACE_OUTER_BOUND('',#1190,.T.);
#794=FACE_OUTER_BOUND('',#1191,.T.);
#795=FACE_OUTER_BOUND('',#1192,.T.);
#796=FACE_OUTER_BOUND('',#1193,.T.);
#797=FACE_OUTER_BOUND('',#1194,.T.);
#798=FACE_OUTER_BOUND('',#1195,.T.);
#799=FACE_OUTER_BOUND('',#1196,.T.);
#800=FACE_OUTER_BOUND('',#1197,.T.);
#801=FACE_OUTER_BOUND('',#1198,.T.);
#802=FACE_OUTER_BOUND('',#1199,.T.);
#803=FACE_OUTER_BOUND('',#1200,.T.);
#804=FACE_OUTER_BOUND('',#1201,.T.);
#805=FACE_OUTER_BOUND('',#1202,.T.);
#806=FACE_OUTER_BOUND('',#1203,.T.);
#807=FACE_OUTER_BOUND('',#1204,.T.);
#808=FACE_OUTER_BOUND('',#1205,.T.);
#809=FACE_OUTER_BOUND('',#1206,.T.);
#810=FACE_OUTER_BOUND('',#1207,.T.);
#811=FACE_OUTER_BOUND('',#1208,.T.);
#812=FACE_OUTER_BOUND('',#1209,.T.);
#813=FACE_OUTER_BOUND('',#1210,.T.);
#814=FACE_OUTER_BOUND('',#1211,.T.);
#815=FACE_OUTER_BOUND('',#1212,.T.);
#816=FACE_OUTER_BOUND('',#1213,.T.);
#817=FACE_OUTER_BOUND('',#1214,.T.);
#818=FACE_OUTER_BOUND('',#1215,.T.);
#819=FACE_OUTER_BOUND('',#1216,.T.);
#820=FACE_OUTER_BOUND('',#1217,.T.);
#821=FACE_OUTER_BOUND('',#1218,.T.);
#822=FACE_OUTER_BOUND('',#1219,.T.);
#823=FACE_OUTER_BOUND('',#1220,.T.);
#824=FACE_OUTER_BOUND('',#1221,.T.);
#825=FACE_OUTER_BOUND('',#1222,.T.);
#826=FACE_OUTER_BOUND('',#1223,.T.);
#827=FACE_OUTER_BOUND('',#1224,.T.);
#828=FACE_OUTER_BOUND('',#1225,.T.);
#829=FACE_OUTER_BOUND('',#1226,.T.);
#830=FACE_OUTER_BOUND('',#1227,.T.);
#831=FACE_OUTER_BOUND('',#1229,.T.);
#832=FACE_OUTER_BOUND('',#1230,.T.);
#833=FACE_OUTER_BOUND('',#1231,.T.);
#834=FACE_OUTER_BOUND('',#1232,.T.);
#835=FACE_OUTER_BOUND('',#1233,.T.);
#836=FACE_OUTER_BOUND('',#1234,.T.);
#837=FACE_OUTER_BOUND('',#1235,.T.);
#838=FACE_OUTER_BOUND('',#1236,.T.);
#839=FACE_OUTER_BOUND('',#1237,.T.);
#840=FACE_OUTER_BOUND('',#1238,.T.);
#841=FACE_OUTER_BOUND('',#1239,.T.);
#842=FACE_OUTER_BOUND('',#1240,.T.);
#843=FACE_OUTER_BOUND('',#1241,.T.);
#844=FACE_OUTER_BOUND('',#1242,.T.);
#845=FACE_OUTER_BOUND('',#1243,.T.);
#846=FACE_OUTER_BOUND('',#1244,.T.);
#847=FACE_OUTER_BOUND('',#1245,.T.);
#848=FACE_OUTER_BOUND('',#1246,.T.);
#849=FACE_OUTER_BOUND('',#1247,.T.);
#850=FACE_OUTER_BOUND('',#1248,.T.);
#851=FACE_OUTER_BOUND('',#1249,.T.);
#852=FACE_OUTER_BOUND('',#1250,.T.);
#853=FACE_OUTER_BOUND('',#1251,.T.);
#854=FACE_OUTER_BOUND('',#1252,.T.);
#855=FACE_OUTER_BOUND('',#1253,.T.);
#856=FACE_OUTER_BOUND('',#1254,.T.);
#857=FACE_OUTER_BOUND('',#1255,.T.);
#858=FACE_OUTER_BOUND('',#1256,.T.);
#859=FACE_OUTER_BOUND('',#1257,.T.);
#860=FACE_OUTER_BOUND('',#1258,.T.);
#861=FACE_OUTER_BOUND('',#1259,.T.);
#862=FACE_OUTER_BOUND('',#1260,.T.);
#863=FACE_OUTER_BOUND('',#1261,.T.);
#864=FACE_OUTER_BOUND('',#1262,.T.);
#865=FACE_OUTER_BOUND('',#1263,.T.);
#866=FACE_OUTER_BOUND('',#1264,.T.);
#867=FACE_OUTER_BOUND('',#1265,.T.);
#868=FACE_OUTER_BOUND('',#1266,.T.);
#869=FACE_OUTER_BOUND('',#1267,.T.);
#870=FACE_OUTER_BOUND('',#1268,.T.);
#871=FACE_OUTER_BOUND('',#1269,.T.);
#872=FACE_OUTER_BOUND('',#1270,.T.);
#873=FACE_OUTER_BOUND('',#1271,.T.);
#874=FACE_OUTER_BOUND('',#1272,.T.);
#875=FACE_OUTER_BOUND('',#1273,.T.);
#876=FACE_OUTER_BOUND('',#1274,.T.);
#877=FACE_OUTER_BOUND('',#1275,.T.);
#878=FACE_OUTER_BOUND('',#1276,.T.);
#879=FACE_OUTER_BOUND('',#1277,.T.);
#880=FACE_OUTER_BOUND('',#1278,.T.);
#881=FACE_OUTER_BOUND('',#1279,.T.);
#882=FACE_OUTER_BOUND('',#1280,.T.);
#883=FACE_OUTER_BOUND('',#1281,.T.);
#884=FACE_OUTER_BOUND('',#1282,.T.);
#885=FACE_OUTER_BOUND('',#1283,.T.);
#886=FACE_OUTER_BOUND('',#1284,.T.);
#887=FACE_OUTER_BOUND('',#1285,.T.);
#888=FACE_OUTER_BOUND('',#1286,.T.);
#889=FACE_OUTER_BOUND('',#1294,.T.);
#890=FACE_OUTER_BOUND('',#1295,.T.);
#891=FACE_OUTER_BOUND('',#1296,.T.);
#892=FACE_OUTER_BOUND('',#1297,.T.);
#893=FACE_OUTER_BOUND('',#1298,.T.);
#894=FACE_OUTER_BOUND('',#1299,.T.);
#895=FACE_OUTER_BOUND('',#1300,.T.);
#896=FACE_OUTER_BOUND('',#1301,.T.);
#897=FACE_OUTER_BOUND('',#1302,.T.);
#898=FACE_OUTER_BOUND('',#1303,.T.);
#899=FACE_OUTER_BOUND('',#1304,.T.);
#900=FACE_OUTER_BOUND('',#1305,.T.);
#901=FACE_OUTER_BOUND('',#1306,.T.);
#902=FACE_OUTER_BOUND('',#1307,.T.);
#903=FACE_OUTER_BOUND('',#1308,.T.);
#904=FACE_OUTER_BOUND('',#1309,.T.);
#905=FACE_OUTER_BOUND('',#1310,.T.);
#906=FACE_OUTER_BOUND('',#1311,.T.);
#907=FACE_OUTER_BOUND('',#1312,.T.);
#908=FACE_OUTER_BOUND('',#1313,.T.);
#909=FACE_OUTER_BOUND('',#1314,.T.);
#910=FACE_OUTER_BOUND('',#1315,.T.);
#911=FACE_OUTER_BOUND('',#1316,.T.);
#912=FACE_OUTER_BOUND('',#1317,.T.);
#913=FACE_OUTER_BOUND('',#1318,.T.);
#914=FACE_OUTER_BOUND('',#1319,.T.);
#915=FACE_OUTER_BOUND('',#1320,.T.);
#916=FACE_OUTER_BOUND('',#1321,.T.);
#917=FACE_OUTER_BOUND('',#1322,.T.);
#918=FACE_OUTER_BOUND('',#1323,.T.);
#919=FACE_OUTER_BOUND('',#1324,.T.);
#920=FACE_OUTER_BOUND('',#1325,.T.);
#921=FACE_OUTER_BOUND('',#1326,.T.);
#922=FACE_OUTER_BOUND('',#1327,.T.);
#923=FACE_OUTER_BOUND('',#1328,.T.);
#924=FACE_OUTER_BOUND('',#1329,.T.);
#925=FACE_OUTER_BOUND('',#1348,.T.);
#926=FACE_OUTER_BOUND('',#1349,.T.);
#927=FACE_OUTER_BOUND('',#1350,.T.);
#928=FACE_OUTER_BOUND('',#1351,.T.);
#929=FACE_OUTER_BOUND('',#1352,.T.);
#930=FACE_OUTER_BOUND('',#1353,.T.);
#931=FACE_OUTER_BOUND('',#1354,.T.);
#932=FACE_OUTER_BOUND('',#1355,.T.);
#933=FACE_OUTER_BOUND('',#1356,.T.);
#934=FACE_OUTER_BOUND('',#1357,.T.);
#935=FACE_OUTER_BOUND('',#1358,.T.);
#936=FACE_OUTER_BOUND('',#1359,.T.);
#937=FACE_OUTER_BOUND('',#1360,.T.);
#938=FACE_OUTER_BOUND('',#1361,.T.);
#939=FACE_OUTER_BOUND('',#1362,.T.);
#940=FACE_OUTER_BOUND('',#1363,.T.);
#941=FACE_OUTER_BOUND('',#1364,.T.);
#942=FACE_OUTER_BOUND('',#1365,.T.);
#943=FACE_OUTER_BOUND('',#1366,.T.);
#944=FACE_OUTER_BOUND('',#1367,.T.);
#945=FACE_OUTER_BOUND('',#1368,.T.);
#946=FACE_OUTER_BOUND('',#1369,.T.);
#947=FACE_OUTER_BOUND('',#1370,.T.);
#948=FACE_OUTER_BOUND('',#1371,.T.);
#949=FACE_OUTER_BOUND('',#1372,.T.);
#950=FACE_OUTER_BOUND('',#1373,.T.);
#951=FACE_OUTER_BOUND('',#1374,.T.);
#952=FACE_OUTER_BOUND('',#1375,.T.);
#953=FACE_OUTER_BOUND('',#1376,.T.);
#954=FACE_OUTER_BOUND('',#1377,.T.);
#955=FACE_OUTER_BOUND('',#1378,.T.);
#956=FACE_OUTER_BOUND('',#1379,.T.);
#957=FACE_OUTER_BOUND('',#1381,.T.);
#958=FACE_OUTER_BOUND('',#1383,.T.);
#959=FACE_OUTER_BOUND('',#1384,.T.);
#960=FACE_OUTER_BOUND('',#1385,.T.);
#961=FACE_OUTER_BOUND('',#1386,.T.);
#962=FACE_OUTER_BOUND('',#1387,.T.);
#963=FACE_OUTER_BOUND('',#1388,.T.);
#964=FACE_OUTER_BOUND('',#1389,.T.);
#965=FACE_OUTER_BOUND('',#1390,.T.);
#966=FACE_OUTER_BOUND('',#1391,.T.);
#967=FACE_OUTER_BOUND('',#1392,.T.);
#968=FACE_OUTER_BOUND('',#1393,.T.);
#969=FACE_OUTER_BOUND('',#1394,.T.);
#970=FACE_OUTER_BOUND('',#1395,.T.);
#971=FACE_OUTER_BOUND('',#1396,.T.);
#972=FACE_OUTER_BOUND('',#1397,.T.);
#973=FACE_OUTER_BOUND('',#1398,.T.);
#974=FACE_OUTER_BOUND('',#1399,.T.);
#975=FACE_OUTER_BOUND('',#1400,.T.);
#976=FACE_OUTER_BOUND('',#1401,.T.);
#977=FACE_OUTER_BOUND('',#1402,.T.);
#978=FACE_OUTER_BOUND('',#1403,.T.);
#979=FACE_OUTER_BOUND('',#1404,.T.);
#980=FACE_OUTER_BOUND('',#1405,.T.);
#981=FACE_OUTER_BOUND('',#1406,.T.);
#982=FACE_OUTER_BOUND('',#1407,.T.);
#983=FACE_OUTER_BOUND('',#1408,.T.);
#984=FACE_OUTER_BOUND('',#1409,.T.);
#985=FACE_OUTER_BOUND('',#1410,.T.);
#986=FACE_OUTER_BOUND('',#1411,.T.);
#987=FACE_OUTER_BOUND('',#1412,.T.);
#988=FACE_OUTER_BOUND('',#1413,.T.);
#989=FACE_OUTER_BOUND('',#1414,.T.);
#990=FACE_OUTER_BOUND('',#1415,.T.);
#991=FACE_OUTER_BOUND('',#1416,.T.);
#992=FACE_OUTER_BOUND('',#1417,.T.);
#993=FACE_OUTER_BOUND('',#1418,.T.);
#994=FACE_OUTER_BOUND('',#1419,.T.);
#995=FACE_OUTER_BOUND('',#1420,.T.);
#996=FACE_OUTER_BOUND('',#1421,.T.);
#997=FACE_OUTER_BOUND('',#1422,.T.);
#998=FACE_OUTER_BOUND('',#1423,.T.);
#999=FACE_OUTER_BOUND('',#1424,.T.);
#1000=FACE_OUTER_BOUND('',#1425,.T.);
#1001=FACE_OUTER_BOUND('',#1427,.T.);
#1002=FACE_OUTER_BOUND('',#1429,.T.);
#1003=FACE_OUTER_BOUND('',#1430,.T.);
#1004=FACE_OUTER_BOUND('',#1431,.T.);
#1005=FACE_OUTER_BOUND('',#1432,.T.);
#1006=FACE_OUTER_BOUND('',#1433,.T.);
#1007=FACE_OUTER_BOUND('',#1434,.T.);
#1008=FACE_OUTER_BOUND('',#1435,.T.);
#1009=FACE_OUTER_BOUND('',#1436,.T.);
#1010=FACE_OUTER_BOUND('',#1437,.T.);
#1011=FACE_OUTER_BOUND('',#1438,.T.);
#1012=FACE_OUTER_BOUND('',#1439,.T.);
#1013=FACE_OUTER_BOUND('',#1440,.T.);
#1014=FACE_OUTER_BOUND('',#1441,.T.);
#1015=FACE_OUTER_BOUND('',#1442,.T.);
#1016=FACE_OUTER_BOUND('',#1443,.T.);
#1017=FACE_OUTER_BOUND('',#1444,.T.);
#1018=FACE_OUTER_BOUND('',#1445,.T.);
#1019=FACE_OUTER_BOUND('',#1446,.T.);
#1020=FACE_OUTER_BOUND('',#1447,.T.);
#1021=FACE_OUTER_BOUND('',#1448,.T.);
#1022=FACE_OUTER_BOUND('',#1449,.T.);
#1023=FACE_OUTER_BOUND('',#1450,.T.);
#1024=FACE_OUTER_BOUND('',#1451,.T.);
#1025=FACE_OUTER_BOUND('',#1452,.T.);
#1026=FACE_OUTER_BOUND('',#1453,.T.);
#1027=FACE_OUTER_BOUND('',#1454,.T.);
#1028=FACE_OUTER_BOUND('',#1455,.T.);
#1029=FACE_OUTER_BOUND('',#1456,.T.);
#1030=FACE_OUTER_BOUND('',#1457,.T.);
#1031=FACE_OUTER_BOUND('',#1458,.T.);
#1032=FACE_OUTER_BOUND('',#1459,.T.);
#1033=FACE_OUTER_BOUND('',#1460,.T.);
#1034=FACE_OUTER_BOUND('',#1461,.T.);
#1035=FACE_OUTER_BOUND('',#1462,.T.);
#1036=FACE_OUTER_BOUND('',#1463,.T.);
#1037=FACE_OUTER_BOUND('',#1464,.T.);
#1038=FACE_OUTER_BOUND('',#1465,.T.);
#1039=FACE_OUTER_BOUND('',#1466,.T.);
#1040=FACE_OUTER_BOUND('',#1467,.T.);
#1041=FACE_OUTER_BOUND('',#1468,.T.);
#1042=FACE_OUTER_BOUND('',#1469,.T.);
#1043=FACE_OUTER_BOUND('',#1470,.T.);
#1044=FACE_OUTER_BOUND('',#1471,.T.);
#1045=FACE_OUTER_BOUND('',#1473,.T.);
#1046=FACE_OUTER_BOUND('',#1475,.T.);
#1047=FACE_OUTER_BOUND('',#1476,.T.);
#1048=FACE_OUTER_BOUND('',#1477,.T.);
#1049=FACE_OUTER_BOUND('',#1478,.T.);
#1050=FACE_OUTER_BOUND('',#1479,.T.);
#1051=FACE_OUTER_BOUND('',#1480,.T.);
#1052=FACE_OUTER_BOUND('',#1481,.T.);
#1053=FACE_OUTER_BOUND('',#1482,.T.);
#1054=FACE_OUTER_BOUND('',#1483,.T.);
#1055=FACE_OUTER_BOUND('',#1484,.T.);
#1056=FACE_OUTER_BOUND('',#1485,.T.);
#1057=EDGE_LOOP('',(#4439,#4440,#4441,#4442));
#1058=EDGE_LOOP('',(#4443,#4444,#4445,#4446));
#1059=EDGE_LOOP('',(#4447,#4448,#4449,#4450,#4451,#4452,#4453,#4454,#4455,
#4456,#4457,#4458,#4459,#4460,#4461,#4462));
#1060=EDGE_LOOP('',(#4463));
#1061=EDGE_LOOP('',(#4464));
#1062=EDGE_LOOP('',(#4465));
#1063=EDGE_LOOP('',(#4466));
#1064=EDGE_LOOP('',(#4467,#4468,#4469,#4470));
#1065=EDGE_LOOP('',(#4471,#4472,#4473,#4474));
#1066=EDGE_LOOP('',(#4475,#4476,#4477,#4478));
#1067=EDGE_LOOP('',(#4479,#4480,#4481,#4482));
#1068=EDGE_LOOP('',(#4483,#4484,#4485,#4486));
#1069=EDGE_LOOP('',(#4487,#4488,#4489,#4490));
#1070=EDGE_LOOP('',(#4491,#4492,#4493,#4494));
#1071=EDGE_LOOP('',(#4495,#4496,#4497,#4498));
#1072=EDGE_LOOP('',(#4499,#4500,#4501,#4502,#4503,#4504,#4505,#4506));
#1073=EDGE_LOOP('',(#4507,#4508,#4509,#4510,#4511,#4512,#4513,#4514));
#1074=EDGE_LOOP('',(#4515,#4516,#4517,#4518));
#1075=EDGE_LOOP('',(#4519,#4520,#4521,#4522));
#1076=EDGE_LOOP('',(#4523,#4524,#4525,#4526));
#1077=EDGE_LOOP('',(#4527,#4528,#4529,#4530));
#1078=EDGE_LOOP('',(#4531,#4532,#4533,#4534));
#1079=EDGE_LOOP('',(#4535,#4536,#4537,#4538));
#1080=EDGE_LOOP('',(#4539,#4540,#4541,#4542));
#1081=EDGE_LOOP('',(#4543,#4544,#4545,#4546));
#1082=EDGE_LOOP('',(#4547,#4548,#4549,#4550,#4551,#4552,#4553,#4554));
#1083=EDGE_LOOP('',(#4555));
#1084=EDGE_LOOP('',(#4556));
#1085=EDGE_LOOP('',(#4557));
#1086=EDGE_LOOP('',(#4558));
#1087=EDGE_LOOP('',(#4559,#4560,#4561,#4562));
#1088=EDGE_LOOP('',(#4563,#4564,#4565,#4566));
#1089=EDGE_LOOP('',(#4567,#4568,#4569,#4570));
#1090=EDGE_LOOP('',(#4571,#4572,#4573,#4574));
#1091=EDGE_LOOP('',(#4575,#4576,#4577,#4578));
#1092=EDGE_LOOP('',(#4579,#4580,#4581,#4582));
#1093=EDGE_LOOP('',(#4583,#4584,#4585,#4586));
#1094=EDGE_LOOP('',(#4587,#4588,#4589,#4590));
#1095=EDGE_LOOP('',(#4591,#4592,#4593,#4594));
#1096=EDGE_LOOP('',(#4595,#4596,#4597,#4598));
#1097=EDGE_LOOP('',(#4599,#4600,#4601,#4602));
#1098=EDGE_LOOP('',(#4603,#4604,#4605,#4606));
#1099=EDGE_LOOP('',(#4607,#4608,#4609,#4610));
#1100=EDGE_LOOP('',(#4611,#4612,#4613,#4614,#4615,#4616,#4617,#4618));
#1101=EDGE_LOOP('',(#4619,#4620,#4621,#4622,#4623));
#1102=EDGE_LOOP('',(#4624,#4625,#4626,#4627,#4628));
#1103=EDGE_LOOP('',(#4629,#4630,#4631,#4632));
#1104=EDGE_LOOP('',(#4633,#4634,#4635,#4636));
#1105=EDGE_LOOP('',(#4637,#4638,#4639,#4640));
#1106=EDGE_LOOP('',(#4641,#4642,#4643,#4644));
#1107=EDGE_LOOP('',(#4645,#4646,#4647,#4648));
#1108=EDGE_LOOP('',(#4649,#4650,#4651,#4652));
#1109=EDGE_LOOP('',(#4653,#4654,#4655,#4656));
#1110=EDGE_LOOP('',(#4657,#4658,#4659,#4660));
#1111=EDGE_LOOP('',(#4661,#4662,#4663,#4664));
#1112=EDGE_LOOP('',(#4665,#4666,#4667,#4668));
#1113=EDGE_LOOP('',(#4669,#4670,#4671,#4672));
#1114=EDGE_LOOP('',(#4673,#4674,#4675,#4676));
#1115=EDGE_LOOP('',(#4677,#4678,#4679,#4680));
#1116=EDGE_LOOP('',(#4681,#4682,#4683,#4684));
#1117=EDGE_LOOP('',(#4685,#4686,#4687,#4688));
#1118=EDGE_LOOP('',(#4689,#4690,#4691,#4692));
#1119=EDGE_LOOP('',(#4693,#4694,#4695,#4696));
#1120=EDGE_LOOP('',(#4697,#4698,#4699,#4700));
#1121=EDGE_LOOP('',(#4701,#4702,#4703,#4704));
#1122=EDGE_LOOP('',(#4705,#4706,#4707,#4708,#4709,#4710,#4711,#4712,#4713,
#4714,#4715,#4716,#4717,#4718,#4719,#4720,#4721,#4722,#4723));
#1123=EDGE_LOOP('',(#4724,#4725,#4726,#4727));
#1124=EDGE_LOOP('',(#4728,#4729,#4730,#4731));
#1125=EDGE_LOOP('',(#4732,#4733,#4734,#4735));
#1126=EDGE_LOOP('',(#4736,#4737,#4738,#4739));
#1127=EDGE_LOOP('',(#4740,#4741,#4742,#4743));
#1128=EDGE_LOOP('',(#4744,#4745,#4746,#4747));
#1129=EDGE_LOOP('',(#4748,#4749,#4750,#4751));
#1130=EDGE_LOOP('',(#4752,#4753,#4754,#4755));
#1131=EDGE_LOOP('',(#4756,#4757,#4758,#4759));
#1132=EDGE_LOOP('',(#4760,#4761,#4762,#4763));
#1133=EDGE_LOOP('',(#4764,#4765,#4766,#4767));
#1134=EDGE_LOOP('',(#4768,#4769,#4770,#4771));
#1135=EDGE_LOOP('',(#4772,#4773,#4774,#4775));
#1136=EDGE_LOOP('',(#4776,#4777,#4778,#4779,#4780,#4781,#4782,#4783));
#1137=EDGE_LOOP('',(#4784,#4785,#4786,#4787,#4788));
#1138=EDGE_LOOP('',(#4789,#4790,#4791,#4792,#4793));
#1139=EDGE_LOOP('',(#4794,#4795,#4796,#4797));
#1140=EDGE_LOOP('',(#4798,#4799,#4800,#4801));
#1141=EDGE_LOOP('',(#4802,#4803,#4804,#4805));
#1142=EDGE_LOOP('',(#4806,#4807,#4808,#4809));
#1143=EDGE_LOOP('',(#4810,#4811,#4812,#4813));
#1144=EDGE_LOOP('',(#4814,#4815,#4816,#4817));
#1145=EDGE_LOOP('',(#4818,#4819,#4820,#4821));
#1146=EDGE_LOOP('',(#4822,#4823,#4824,#4825));
#1147=EDGE_LOOP('',(#4826,#4827,#4828,#4829));
#1148=EDGE_LOOP('',(#4830,#4831,#4832,#4833));
#1149=EDGE_LOOP('',(#4834,#4835,#4836,#4837));
#1150=EDGE_LOOP('',(#4838,#4839,#4840,#4841));
#1151=EDGE_LOOP('',(#4842,#4843,#4844,#4845));
#1152=EDGE_LOOP('',(#4846,#4847,#4848,#4849));
#1153=EDGE_LOOP('',(#4850,#4851,#4852,#4853));
#1154=EDGE_LOOP('',(#4854,#4855,#4856,#4857));
#1155=EDGE_LOOP('',(#4858,#4859,#4860,#4861));
#1156=EDGE_LOOP('',(#4862,#4863,#4864,#4865));
#1157=EDGE_LOOP('',(#4866,#4867,#4868,#4869));
#1158=EDGE_LOOP('',(#4870,#4871,#4872,#4873));
#1159=EDGE_LOOP('',(#4874,#4875,#4876,#4877));
#1160=EDGE_LOOP('',(#4878,#4879,#4880,#4881));
#1161=EDGE_LOOP('',(#4882,#4883,#4884,#4885,#4886,#4887,#4888,#4889,#4890,
#4891,#4892,#4893,#4894,#4895,#4896,#4897,#4898,#4899,#4900,#4901,#4902,
#4903));
#1162=EDGE_LOOP('',(#4904,#4905,#4906,#4907));
#1163=EDGE_LOOP('',(#4908,#4909,#4910,#4911));
#1164=EDGE_LOOP('',(#4912,#4913,#4914,#4915));
#1165=EDGE_LOOP('',(#4916,#4917,#4918,#4919));
#1166=EDGE_LOOP('',(#4920,#4921,#4922,#4923));
#1167=EDGE_LOOP('',(#4924,#4925,#4926,#4927));
#1168=EDGE_LOOP('',(#4928,#4929,#4930,#4931));
#1169=EDGE_LOOP('',(#4932,#4933,#4934,#4935));
#1170=EDGE_LOOP('',(#4936,#4937,#4938,#4939));
#1171=EDGE_LOOP('',(#4940,#4941,#4942,#4943));
#1172=EDGE_LOOP('',(#4944,#4945,#4946,#4947));
#1173=EDGE_LOOP('',(#4948,#4949,#4950,#4951));
#1174=EDGE_LOOP('',(#4952,#4953,#4954,#4955));
#1175=EDGE_LOOP('',(#4956,#4957,#4958,#4959));
#1176=EDGE_LOOP('',(#4960,#4961,#4962,#4963));
#1177=EDGE_LOOP('',(#4964,#4965,#4966,#4967));
#1178=EDGE_LOOP('',(#4968,#4969,#4970,#4971));
#1179=EDGE_LOOP('',(#4972,#4973,#4974,#4975));
#1180=EDGE_LOOP('',(#4976,#4977,#4978,#4979));
#1181=EDGE_LOOP('',(#4980,#4981,#4982,#4983));
#1182=EDGE_LOOP('',(#4984,#4985,#4986,#4987));
#1183=EDGE_LOOP('',(#4988,#4989,#4990,#4991));
#1184=EDGE_LOOP('',(#4992,#4993,#4994,#4995,#4996,#4997,#4998,#4999,#5000,
#5001,#5002,#5003,#5004,#5005,#5006,#5007,#5008,#5009,#5010,#5011,#5012,
#5013));
#1185=EDGE_LOOP('',(#5014,#5015,#5016,#5017));
#1186=EDGE_LOOP('',(#5018,#5019,#5020,#5021));
#1187=EDGE_LOOP('',(#5022,#5023,#5024,#5025));
#1188=EDGE_LOOP('',(#5026,#5027,#5028,#5029));
#1189=EDGE_LOOP('',(#5030,#5031,#5032,#5033));
#1190=EDGE_LOOP('',(#5034,#5035,#5036,#5037));
#1191=EDGE_LOOP('',(#5038,#5039,#5040,#5041));
#1192=EDGE_LOOP('',(#5042,#5043,#5044,#5045));
#1193=EDGE_LOOP('',(#5046,#5047,#5048,#5049));
#1194=EDGE_LOOP('',(#5050,#5051,#5052,#5053,#5054,#5055,#5056,#5057,#5058));
#1195=EDGE_LOOP('',(#5059,#5060,#5061,#5062));
#1196=EDGE_LOOP('',(#5063,#5064,#5065,#5066));
#1197=EDGE_LOOP('',(#5067,#5068,#5069,#5070));
#1198=EDGE_LOOP('',(#5071,#5072,#5073,#5074));
#1199=EDGE_LOOP('',(#5075,#5076,#5077,#5078));
#1200=EDGE_LOOP('',(#5079,#5080,#5081,#5082));
#1201=EDGE_LOOP('',(#5083,#5084,#5085,#5086));
#1202=EDGE_LOOP('',(#5087,#5088,#5089,#5090));
#1203=EDGE_LOOP('',(#5091,#5092,#5093,#5094));
#1204=EDGE_LOOP('',(#5095,#5096,#5097,#5098));
#1205=EDGE_LOOP('',(#5099,#5100,#5101,#5102));
#1206=EDGE_LOOP('',(#5103,#5104,#5105,#5106,#5107,#5108,#5109,#5110,#5111,
#5112,#5113));
#1207=EDGE_LOOP('',(#5114,#5115,#5116,#5117));
#1208=EDGE_LOOP('',(#5118,#5119,#5120,#5121));
#1209=EDGE_LOOP('',(#5122,#5123,#5124,#5125));
#1210=EDGE_LOOP('',(#5126,#5127,#5128,#5129));
#1211=EDGE_LOOP('',(#5130,#5131,#5132,#5133));
#1212=EDGE_LOOP('',(#5134,#5135,#5136,#5137));
#1213=EDGE_LOOP('',(#5138,#5139,#5140,#5141));
#1214=EDGE_LOOP('',(#5142,#5143,#5144,#5145));
#1215=EDGE_LOOP('',(#5146,#5147,#5148,#5149));
#1216=EDGE_LOOP('',(#5150,#5151,#5152,#5153));
#1217=EDGE_LOOP('',(#5154,#5155,#5156,#5157));
#1218=EDGE_LOOP('',(#5158,#5159,#5160,#5161));
#1219=EDGE_LOOP('',(#5162,#5163,#5164,#5165));
#1220=EDGE_LOOP('',(#5166,#5167,#5168,#5169));
#1221=EDGE_LOOP('',(#5170,#5171,#5172,#5173));
#1222=EDGE_LOOP('',(#5174,#5175,#5176,#5177));
#1223=EDGE_LOOP('',(#5178,#5179,#5180,#5181));
#1224=EDGE_LOOP('',(#5182,#5183,#5184,#5185));
#1225=EDGE_LOOP('',(#5186,#5187,#5188,#5189));
#1226=EDGE_LOOP('',(#5190,#5191,#5192,#5193));
#1227=EDGE_LOOP('',(#5194,#5195,#5196,#5197,#5198,#5199,#5200,#5201,#5202,
#5203,#5204,#5205));
#1228=EDGE_LOOP('',(#5206,#5207,#5208,#5209,#5210,#5211,#5212,#5213));
#1229=EDGE_LOOP('',(#5214,#5215,#5216,#5217,#5218,#5219,#5220,#5221));
#1230=EDGE_LOOP('',(#5222,#5223,#5224,#5225));
#1231=EDGE_LOOP('',(#5226,#5227,#5228,#5229));
#1232=EDGE_LOOP('',(#5230,#5231,#5232,#5233));
#1233=EDGE_LOOP('',(#5234,#5235,#5236,#5237));
#1234=EDGE_LOOP('',(#5238,#5239,#5240,#5241));
#1235=EDGE_LOOP('',(#5242,#5243,#5244,#5245));
#1236=EDGE_LOOP('',(#5246,#5247,#5248,#5249));
#1237=EDGE_LOOP('',(#5250,#5251,#5252,#5253));
#1238=EDGE_LOOP('',(#5254,#5255,#5256,#5257));
#1239=EDGE_LOOP('',(#5258,#5259,#5260,#5261));
#1240=EDGE_LOOP('',(#5262,#5263,#5264,#5265));
#1241=EDGE_LOOP('',(#5266,#5267,#5268,#5269,#5270,#5271,#5272,#5273,#5274,
#5275,#5276));
#1242=EDGE_LOOP('',(#5277,#5278,#5279,#5280));
#1243=EDGE_LOOP('',(#5281,#5282,#5283,#5284));
#1244=EDGE_LOOP('',(#5285,#5286,#5287,#5288));
#1245=EDGE_LOOP('',(#5289,#5290,#5291,#5292));
#1246=EDGE_LOOP('',(#5293,#5294,#5295,#5296));
#1247=EDGE_LOOP('',(#5297,#5298,#5299,#5300));
#1248=EDGE_LOOP('',(#5301,#5302,#5303,#5304));
#1249=EDGE_LOOP('',(#5305,#5306,#5307,#5308));
#1250=EDGE_LOOP('',(#5309,#5310,#5311,#5312));
#1251=EDGE_LOOP('',(#5313,#5314,#5315,#5316));
#1252=EDGE_LOOP('',(#5317,#5318,#5319,#5320));
#1253=EDGE_LOOP('',(#5321,#5322,#5323,#5324));
#1254=EDGE_LOOP('',(#5325,#5326,#5327,#5328));
#1255=EDGE_LOOP('',(#5329,#5330,#5331,#5332));
#1256=EDGE_LOOP('',(#5333,#5334,#5335,#5336));
#1257=EDGE_LOOP('',(#5337,#5338,#5339,#5340));
#1258=EDGE_LOOP('',(#5341,#5342,#5343,#5344));
#1259=EDGE_LOOP('',(#5345,#5346,#5347,#5348));
#1260=EDGE_LOOP('',(#5349,#5350,#5351,#5352));
#1261=EDGE_LOOP('',(#5353,#5354,#5355,#5356));
#1262=EDGE_LOOP('',(#5357,#5358,#5359,#5360));
#1263=EDGE_LOOP('',(#5361,#5362,#5363,#5364));
#1264=EDGE_LOOP('',(#5365,#5366,#5367,#5368));
#1265=EDGE_LOOP('',(#5369,#5370,#5371,#5372));
#1266=EDGE_LOOP('',(#5373,#5374,#5375,#5376));
#1267=EDGE_LOOP('',(#5377,#5378,#5379,#5380));
#1268=EDGE_LOOP('',(#5381,#5382,#5383,#5384));
#1269=EDGE_LOOP('',(#5385,#5386,#5387,#5388));
#1270=EDGE_LOOP('',(#5389,#5390,#5391,#5392));
#1271=EDGE_LOOP('',(#5393,#5394,#5395,#5396));
#1272=EDGE_LOOP('',(#5397,#5398,#5399,#5400));
#1273=EDGE_LOOP('',(#5401,#5402,#5403,#5404));
#1274=EDGE_LOOP('',(#5405,#5406,#5407,#5408));
#1275=EDGE_LOOP('',(#5409,#5410,#5411,#5412));
#1276=EDGE_LOOP('',(#5413,#5414,#5415,#5416));
#1277=EDGE_LOOP('',(#5417,#5418,#5419,#5420,#5421,#5422,#5423,#5424,#5425,
#5426,#5427,#5428,#5429,#5430,#5431,#5432,#5433,#5434,#5435,#5436,#5437,
#5438,#5439,#5440,#5441,#5442,#5443,#5444,#5445,#5446,#5447,#5448,#5449,
#5450,#5451));
#1278=EDGE_LOOP('',(#5452,#5453,#5454,#5455));
#1279=EDGE_LOOP('',(#5456,#5457,#5458,#5459));
#1280=EDGE_LOOP('',(#5460,#5461,#5462,#5463));
#1281=EDGE_LOOP('',(#5464,#5465,#5466,#5467));
#1282=EDGE_LOOP('',(#5468,#5469,#5470,#5471));
#1283=EDGE_LOOP('',(#5472,#5473,#5474,#5475));
#1284=EDGE_LOOP('',(#5476,#5477,#5478,#5479,#5480,#5481));
#1285=EDGE_LOOP('',(#5482,#5483,#5484,#5485));
#1286=EDGE_LOOP('',(#5486,#5487,#5488,#5489,#5490,#5491,#5492,#5493));
#1287=EDGE_LOOP('',(#5494,#5495,#5496,#5497,#5498,#5499,#5500,#5501));
#1288=EDGE_LOOP('',(#5502));
#1289=EDGE_LOOP('',(#5503));
#1290=EDGE_LOOP('',(#5504));
#1291=EDGE_LOOP('',(#5505));
#1292=EDGE_LOOP('',(#5506,#5507,#5508,#5509,#5510,#5511,#5512,#5513));
#1293=EDGE_LOOP('',(#5514,#5515,#5516,#5517,#5518,#5519,#5520,#5521));
#1294=EDGE_LOOP('',(#5522,#5523,#5524,#5525));
#1295=EDGE_LOOP('',(#5526,#5527,#5528,#5529));
#1296=EDGE_LOOP('',(#5530,#5531,#5532,#5533));
#1297=EDGE_LOOP('',(#5534,#5535,#5536,#5537));
#1298=EDGE_LOOP('',(#5538,#5539,#5540,#5541));
#1299=EDGE_LOOP('',(#5542,#5543,#5544,#5545));
#1300=EDGE_LOOP('',(#5546,#5547,#5548,#5549));
#1301=EDGE_LOOP('',(#5550,#5551,#5552,#5553));
#1302=EDGE_LOOP('',(#5554,#5555,#5556,#5557));
#1303=EDGE_LOOP('',(#5558,#5559,#5560,#5561));
#1304=EDGE_LOOP('',(#5562,#5563,#5564,#5565));
#1305=EDGE_LOOP('',(#5566,#5567,#5568,#5569));
#1306=EDGE_LOOP('',(#5570,#5571,#5572,#5573));
#1307=EDGE_LOOP('',(#5574,#5575,#5576,#5577));
#1308=EDGE_LOOP('',(#5578,#5579,#5580,#5581));
#1309=EDGE_LOOP('',(#5582,#5583,#5584,#5585));
#1310=EDGE_LOOP('',(#5586,#5587,#5588,#5589));
#1311=EDGE_LOOP('',(#5590,#5591,#5592,#5593));
#1312=EDGE_LOOP('',(#5594,#5595,#5596,#5597));
#1313=EDGE_LOOP('',(#5598,#5599,#5600,#5601));
#1314=EDGE_LOOP('',(#5602,#5603,#5604,#5605));
#1315=EDGE_LOOP('',(#5606,#5607,#5608,#5609));
#1316=EDGE_LOOP('',(#5610,#5611,#5612,#5613));
#1317=EDGE_LOOP('',(#5614,#5615,#5616,#5617));
#1318=EDGE_LOOP('',(#5618,#5619,#5620,#5621));
#1319=EDGE_LOOP('',(#5622,#5623,#5624,#5625));
#1320=EDGE_LOOP('',(#5626,#5627,#5628,#5629));
#1321=EDGE_LOOP('',(#5630,#5631,#5632,#5633));
#1322=EDGE_LOOP('',(#5634,#5635,#5636,#5637));
#1323=EDGE_LOOP('',(#5638,#5639,#5640,#5641));
#1324=EDGE_LOOP('',(#5642,#5643,#5644,#5645));
#1325=EDGE_LOOP('',(#5646,#5647,#5648,#5649));
#1326=EDGE_LOOP('',(#5650,#5651,#5652,#5653));
#1327=EDGE_LOOP('',(#5654,#5655,#5656,#5657));
#1328=EDGE_LOOP('',(#5658,#5659,#5660,#5661));
#1329=EDGE_LOOP('',(#5662,#5663,#5664,#5665,#5666,#5667,#5668,#5669));
#1330=EDGE_LOOP('',(#5670,#5671,#5672,#5673,#5674,#5675,#5676,#5677,#5678,
#5679,#5680,#5681,#5682,#5683,#5684,#5685,#5686,#5687,#5688));
#1331=EDGE_LOOP('',(#5689,#5690,#5691,#5692,#5693,#5694,#5695,#5696,#5697,
#5698,#5699,#5700,#5701,#5702,#5703,#5704,#5705,#5706,#5707,#5708,#5709,
#5710));
#1332=EDGE_LOOP('',(#5711,#5712,#5713,#5714,#5715,#5716,#5717,#5718,#5719));
#1333=EDGE_LOOP('',(#5720,#5721,#5722,#5723,#5724,#5725,#5726,#5727,#5728,
#5729,#5730,#5731));
#1334=EDGE_LOOP('',(#5732,#5733,#5734,#5735,#5736,#5737,#5738,#5739,#5740,
#5741,#5742,#5743,#5744,#5745,#5746,#5747,#5748,#5749,#5750,#5751,#5752,
#5753,#5754,#5755,#5756,#5757,#5758,#5759,#5760,#5761,#5762,#5763,#5764,
#5765,#5766));
#1335=EDGE_LOOP('',(#5767,#5768,#5769,#5770,#5771,#5772,#5773,#5774));
#1336=EDGE_LOOP('',(#5775,#5776,#5777,#5778,#5779,#5780,#5781,#5782));
#1337=EDGE_LOOP('',(#5783));
#1338=EDGE_LOOP('',(#5784));
#1339=EDGE_LOOP('',(#5785));
#1340=EDGE_LOOP('',(#5786));
#1341=EDGE_LOOP('',(#5787,#5788,#5789,#5790,#5791,#5792,#5793,#5794));
#1342=EDGE_LOOP('',(#5795,#5796,#5797,#5798,#5799,#5800));
#1343=EDGE_LOOP('',(#5801,#5802,#5803,#5804,#5805,#5806,#5807,#5808,#5809,
#5810,#5811));
#1344=EDGE_LOOP('',(#5812,#5813,#5814,#5815,#5816,#5817,#5818,#5819,#5820,
#5821,#5822));
#1345=EDGE_LOOP('',(#5823,#5824,#5825,#5826,#5827,#5828,#5829,#5830,#5831,
#5832,#5833,#5834,#5835,#5836,#5837,#5838,#5839,#5840,#5841,#5842,#5843,
#5844));
#1346=EDGE_LOOP('',(#5845,#5846,#5847,#5848,#5849,#5850,#5851,#5852));
#1347=EDGE_LOOP('',(#5853,#5854,#5855,#5856,#5857,#5858,#5859,#5860));
#1348=EDGE_LOOP('',(#5861,#5862,#5863,#5864));
#1349=EDGE_LOOP('',(#5865,#5866,#5867));
#1350=EDGE_LOOP('',(#5868,#5869,#5870,#5871));
#1351=EDGE_LOOP('',(#5872,#5873,#5874));
#1352=EDGE_LOOP('',(#5875,#5876,#5877,#5878));
#1353=EDGE_LOOP('',(#5879,#5880,#5881));
#1354=EDGE_LOOP('',(#5882,#5883,#5884,#5885));
#1355=EDGE_LOOP('',(#5886,#5887,#5888));
#1356=EDGE_LOOP('',(#5889,#5890,#5891,#5892,#5893));
#1357=EDGE_LOOP('',(#5894,#5895,#5896,#5897));
#1358=EDGE_LOOP('',(#5898,#5899,#5900,#5901,#5902));
#1359=EDGE_LOOP('',(#5903,#5904,#5905,#5906,#5907,#5908,#5909));
#1360=EDGE_LOOP('',(#5910,#5911,#5912,#5913));
#1361=EDGE_LOOP('',(#5914,#5915,#5916,#5917));
#1362=EDGE_LOOP('',(#5918,#5919,#5920,#5921));
#1363=EDGE_LOOP('',(#5922,#5923,#5924,#5925,#5926));
#1364=EDGE_LOOP('',(#5927,#5928,#5929,#5930));
#1365=EDGE_LOOP('',(#5931,#5932,#5933,#5934,#5935,#5936,#5937));
#1366=EDGE_LOOP('',(#5938,#5939,#5940,#5941));
#1367=EDGE_LOOP('',(#5942,#5943,#5944,#5945));
#1368=EDGE_LOOP('',(#5946,#5947,#5948,#5949));
#1369=EDGE_LOOP('',(#5950,#5951,#5952,#5953));
#1370=EDGE_LOOP('',(#5954,#5955,#5956,#5957));
#1371=EDGE_LOOP('',(#5958,#5959,#5960,#5961));
#1372=EDGE_LOOP('',(#5962,#5963,#5964,#5965));
#1373=EDGE_LOOP('',(#5966,#5967,#5968,#5969));
#1374=EDGE_LOOP('',(#5970,#5971,#5972,#5973));
#1375=EDGE_LOOP('',(#5974,#5975,#5976,#5977));
#1376=EDGE_LOOP('',(#5978,#5979,#5980,#5981));
#1377=EDGE_LOOP('',(#5982,#5983,#5984,#5985));
#1378=EDGE_LOOP('',(#5986,#5987,#5988,#5989));
#1379=EDGE_LOOP('',(#5990,#5991,#5992,#5993));
#1380=EDGE_LOOP('',(#5994,#5995,#5996,#5997));
#1381=EDGE_LOOP('',(#5998,#5999,#6000,#6001));
#1382=EDGE_LOOP('',(#6002,#6003,#6004,#6005));
#1383=EDGE_LOOP('',(#6006,#6007,#6008));
#1384=EDGE_LOOP('',(#6009,#6010,#6011));
#1385=EDGE_LOOP('',(#6012,#6013,#6014));
#1386=EDGE_LOOP('',(#6015,#6016,#6017));
#1387=EDGE_LOOP('',(#6018,#6019,#6020,#6021));
#1388=EDGE_LOOP('',(#6022,#6023,#6024,#6025));
#1389=EDGE_LOOP('',(#6026,#6027,#6028,#6029));
#1390=EDGE_LOOP('',(#6030,#6031,#6032,#6033));
#1391=EDGE_LOOP('',(#6034,#6035,#6036,#6037));
#1392=EDGE_LOOP('',(#6038,#6039,#6040,#6041,#6042));
#1393=EDGE_LOOP('',(#6043,#6044,#6045,#6046,#6047,#6048));
#1394=EDGE_LOOP('',(#6049,#6050,#6051,#6052));
#1395=EDGE_LOOP('',(#6053,#6054,#6055));
#1396=EDGE_LOOP('',(#6056,#6057,#6058,#6059));
#1397=EDGE_LOOP('',(#6060,#6061,#6062));
#1398=EDGE_LOOP('',(#6063,#6064,#6065,#6066));
#1399=EDGE_LOOP('',(#6067,#6068,#6069));
#1400=EDGE_LOOP('',(#6070,#6071,#6072,#6073));
#1401=EDGE_LOOP('',(#6074,#6075,#6076));
#1402=EDGE_LOOP('',(#6077,#6078,#6079,#6080,#6081));
#1403=EDGE_LOOP('',(#6082,#6083,#6084,#6085));
#1404=EDGE_LOOP('',(#6086,#6087,#6088,#6089,#6090));
#1405=EDGE_LOOP('',(#6091,#6092,#6093,#6094,#6095,#6096,#6097));
#1406=EDGE_LOOP('',(#6098,#6099,#6100,#6101));
#1407=EDGE_LOOP('',(#6102,#6103,#6104,#6105));
#1408=EDGE_LOOP('',(#6106,#6107,#6108,#6109));
#1409=EDGE_LOOP('',(#6110,#6111,#6112,#6113,#6114));
#1410=EDGE_LOOP('',(#6115,#6116,#6117,#6118));
#1411=EDGE_LOOP('',(#6119,#6120,#6121,#6122,#6123,#6124,#6125));
#1412=EDGE_LOOP('',(#6126,#6127,#6128,#6129));
#1413=EDGE_LOOP('',(#6130,#6131,#6132,#6133));
#1414=EDGE_LOOP('',(#6134,#6135,#6136,#6137));
#1415=EDGE_LOOP('',(#6138,#6139,#6140,#6141));
#1416=EDGE_LOOP('',(#6142,#6143,#6144,#6145));
#1417=EDGE_LOOP('',(#6146,#6147,#6148,#6149));
#1418=EDGE_LOOP('',(#6150,#6151,#6152,#6153));
#1419=EDGE_LOOP('',(#6154,#6155,#6156,#6157));
#1420=EDGE_LOOP('',(#6158,#6159,#6160,#6161));
#1421=EDGE_LOOP('',(#6162,#6163,#6164,#6165));
#1422=EDGE_LOOP('',(#6166,#6167,#6168,#6169));
#1423=EDGE_LOOP('',(#6170,#6171,#6172,#6173));
#1424=EDGE_LOOP('',(#6174,#6175,#6176,#6177));
#1425=EDGE_LOOP('',(#6178,#6179,#6180,#6181));
#1426=EDGE_LOOP('',(#6182,#6183,#6184,#6185));
#1427=EDGE_LOOP('',(#6186,#6187,#6188,#6189));
#1428=EDGE_LOOP('',(#6190,#6191,#6192,#6193));
#1429=EDGE_LOOP('',(#6194,#6195,#6196));
#1430=EDGE_LOOP('',(#6197,#6198,#6199));
#1431=EDGE_LOOP('',(#6200,#6201,#6202));
#1432=EDGE_LOOP('',(#6203,#6204,#6205));
#1433=EDGE_LOOP('',(#6206,#6207,#6208,#6209));
#1434=EDGE_LOOP('',(#6210,#6211,#6212,#6213));
#1435=EDGE_LOOP('',(#6214,#6215,#6216,#6217));
#1436=EDGE_LOOP('',(#6218,#6219,#6220,#6221));
#1437=EDGE_LOOP('',(#6222,#6223,#6224,#6225));
#1438=EDGE_LOOP('',(#6226,#6227,#6228,#6229,#6230));
#1439=EDGE_LOOP('',(#6231,#6232,#6233,#6234,#6235,#6236));
#1440=EDGE_LOOP('',(#6237,#6238,#6239,#6240));
#1441=EDGE_LOOP('',(#6241,#6242,#6243));
#1442=EDGE_LOOP('',(#6244,#6245,#6246,#6247));
#1443=EDGE_LOOP('',(#6248,#6249,#6250));
#1444=EDGE_LOOP('',(#6251,#6252,#6253,#6254));
#1445=EDGE_LOOP('',(#6255,#6256,#6257));
#1446=EDGE_LOOP('',(#6258,#6259,#6260,#6261));
#1447=EDGE_LOOP('',(#6262,#6263,#6264));
#1448=EDGE_LOOP('',(#6265,#6266,#6267,#6268,#6269));
#1449=EDGE_LOOP('',(#6270,#6271,#6272,#6273));
#1450=EDGE_LOOP('',(#6274,#6275,#6276,#6277,#6278));
#1451=EDGE_LOOP('',(#6279,#6280,#6281,#6282,#6283,#6284,#6285));
#1452=EDGE_LOOP('',(#6286,#6287,#6288,#6289));
#1453=EDGE_LOOP('',(#6290,#6291,#6292,#6293));
#1454=EDGE_LOOP('',(#6294,#6295,#6296,#6297));
#1455=EDGE_LOOP('',(#6298,#6299,#6300,#6301,#6302));
#1456=EDGE_LOOP('',(#6303,#6304,#6305,#6306));
#1457=EDGE_LOOP('',(#6307,#6308,#6309,#6310,#6311,#6312,#6313));
#1458=EDGE_LOOP('',(#6314,#6315,#6316,#6317));
#1459=EDGE_LOOP('',(#6318,#6319,#6320,#6321));
#1460=EDGE_LOOP('',(#6322,#6323,#6324,#6325));
#1461=EDGE_LOOP('',(#6326,#6327,#6328,#6329));
#1462=EDGE_LOOP('',(#6330,#6331,#6332,#6333));
#1463=EDGE_LOOP('',(#6334,#6335,#6336,#6337));
#1464=EDGE_LOOP('',(#6338,#6339,#6340,#6341));
#1465=EDGE_LOOP('',(#6342,#6343,#6344,#6345));
#1466=EDGE_LOOP('',(#6346,#6347,#6348,#6349));
#1467=EDGE_LOOP('',(#6350,#6351,#6352,#6353));
#1468=EDGE_LOOP('',(#6354,#6355,#6356,#6357));
#1469=EDGE_LOOP('',(#6358,#6359,#6360,#6361));
#1470=EDGE_LOOP('',(#6362,#6363,#6364,#6365));
#1471=EDGE_LOOP('',(#6366,#6367,#6368,#6369));
#1472=EDGE_LOOP('',(#6370,#6371,#6372,#6373));
#1473=EDGE_LOOP('',(#6374,#6375,#6376,#6377));
#1474=EDGE_LOOP('',(#6378,#6379,#6380,#6381));
#1475=EDGE_LOOP('',(#6382,#6383,#6384));
#1476=EDGE_LOOP('',(#6385,#6386,#6387));
#1477=EDGE_LOOP('',(#6388,#6389,#6390));
#1478=EDGE_LOOP('',(#6391,#6392,#6393));
#1479=EDGE_LOOP('',(#6394,#6395,#6396,#6397));
#1480=EDGE_LOOP('',(#6398,#6399,#6400,#6401));
#1481=EDGE_LOOP('',(#6402,#6403,#6404,#6405));
#1482=EDGE_LOOP('',(#6406,#6407,#6408,#6409));
#1483=EDGE_LOOP('',(#6410,#6411,#6412,#6413));
#1484=EDGE_LOOP('',(#6414,#6415,#6416,#6417,#6418));
#1485=EDGE_LOOP('',(#6419,#6420,#6421,#6422,#6423,#6424));
#1486=LINE('',#8697,#2075);
#1487=LINE('',#8700,#2076);
#1488=LINE('',#8703,#2077);
#1489=LINE('',#8705,#2078);
#1490=LINE('',#8706,#2079);
#1491=LINE('',#8709,#2080);
#1492=LINE('',#8711,#2081);
#1493=LINE('',#8713,#2082);
#1494=LINE('',#8715,#2083);
#1495=LINE('',#8717,#2084);
#1496=LINE('',#8719,#2085);
#1497=LINE('',#8721,#2086);
#1498=LINE('',#8723,#2087);
#1499=LINE('',#8725,#2088);
#1500=LINE('',#8729,#2089);
#1501=LINE('',#8733,#2090);
#1502=LINE('',#8745,#2091);
#1503=LINE('',#8749,#2092);
#1504=LINE('',#8750,#2093);
#1505=LINE('',#8753,#2094);
#1506=LINE('',#8756,#2095);
#1507=LINE('',#8759,#2096);
#1508=LINE('',#8760,#2097);
#1509=LINE('',#8765,#2098);
#1510=LINE('',#8767,#2099);
#1511=LINE('',#8768,#2100);
#1512=LINE('',#8771,#2101);
#1513=LINE('',#8773,#2102);
#1514=LINE('',#8774,#2103);
#1515=LINE('',#8776,#2104);
#1516=LINE('',#8777,#2105);
#1517=LINE('',#8779,#2106);
#1518=LINE('',#8782,#2107);
#1519=LINE('',#8784,#2108);
#1520=LINE('',#8785,#2109);
#1521=LINE('',#8788,#2110);
#1522=LINE('',#8789,#2111);
#1523=LINE('',#8792,#2112);
#1524=LINE('',#8793,#2113);
#1525=LINE('',#8795,#2114);
#1526=LINE('',#8798,#2115);
#1527=LINE('',#8802,#2116);
#1528=LINE('',#8806,#2117);
#1529=LINE('',#8810,#2118);
#1530=LINE('',#8818,#2119);
#1531=LINE('',#8820,#2120);
#1532=LINE('',#8822,#2121);
#1533=LINE('',#8823,#2122);
#1534=LINE('',#8826,#2123);
#1535=LINE('',#8828,#2124);
#1536=LINE('',#8829,#2125);
#1537=LINE('',#8852,#2126);
#1538=LINE('',#8875,#2127);
#1539=LINE('',#8877,#2128);
#1540=LINE('',#8878,#2129);
#1541=LINE('',#8882,#2130);
#1542=LINE('',#8884,#2131);
#1543=LINE('',#8886,#2132);
#1544=LINE('',#8887,#2133);
#1545=LINE('',#8890,#2134);
#1546=LINE('',#8892,#2135);
#1547=LINE('',#8893,#2136);
#1548=LINE('',#8896,#2137);
#1549=LINE('',#8898,#2138);
#1550=LINE('',#8899,#2139);
#1551=LINE('',#8902,#2140);
#1552=LINE('',#8904,#2141);
#1553=LINE('',#8905,#2142);
#1554=LINE('',#8908,#2143);
#1555=LINE('',#8910,#2144);
#1556=LINE('',#8911,#2145);
#1557=LINE('',#8914,#2146);
#1558=LINE('',#8916,#2147);
#1559=LINE('',#8917,#2148);
#1560=LINE('',#8920,#2149);
#1561=LINE('',#8922,#2150);
#1562=LINE('',#8923,#2151);
#1563=LINE('',#8925,#2152);
#1564=LINE('',#8926,#2153);
#1565=LINE('',#8932,#2154);
#1566=LINE('',#8934,#2155);
#1567=LINE('',#8936,#2156);
#1568=LINE('',#8937,#2157);
#1569=LINE('',#8940,#2158);
#1570=LINE('',#8942,#2159);
#1571=LINE('',#8943,#2160);
#1572=LINE('',#8946,#2161);
#1573=LINE('',#8948,#2162);
#1574=LINE('',#8949,#2163);
#1575=LINE('',#8972,#2164);
#1576=LINE('',#8995,#2165);
#1577=LINE('',#8998,#2166);
#1578=LINE('',#9000,#2167);
#1579=LINE('',#9001,#2168);
#1580=LINE('',#9004,#2169);
#1581=LINE('',#9006,#2170);
#1582=LINE('',#9007,#2171);
#1583=LINE('',#9010,#2172);
#1584=LINE('',#9012,#2173);
#1585=LINE('',#9013,#2174);
#1586=LINE('',#9036,#2175);
#1587=LINE('',#9059,#2176);
#1588=LINE('',#9062,#2177);
#1589=LINE('',#9064,#2178);
#1590=LINE('',#9065,#2179);
#1591=LINE('',#9068,#2180);
#1592=LINE('',#9070,#2181);
#1593=LINE('',#9071,#2182);
#1594=LINE('',#9074,#2183);
#1595=LINE('',#9076,#2184);
#1596=LINE('',#9077,#2185);
#1597=LINE('',#9080,#2186);
#1598=LINE('',#9082,#2187);
#1599=LINE('',#9083,#2188);
#1600=LINE('',#9086,#2189);
#1601=LINE('',#9088,#2190);
#1602=LINE('',#9089,#2191);
#1603=LINE('',#9112,#2192);
#1604=LINE('',#9135,#2193);
#1605=LINE('',#9138,#2194);
#1606=LINE('',#9140,#2195);
#1607=LINE('',#9141,#2196);
#1608=LINE('',#9143,#2197);
#1609=LINE('',#9144,#2198);
#1610=LINE('',#9149,#2199);
#1611=LINE('',#9151,#2200);
#1612=LINE('',#9153,#2201);
#1613=LINE('',#9154,#2202);
#1614=LINE('',#9157,#2203);
#1615=LINE('',#9159,#2204);
#1616=LINE('',#9160,#2205);
#1617=LINE('',#9183,#2206);
#1618=LINE('',#9206,#2207);
#1619=LINE('',#9208,#2208);
#1620=LINE('',#9209,#2209);
#1621=LINE('',#9213,#2210);
#1622=LINE('',#9215,#2211);
#1623=LINE('',#9217,#2212);
#1624=LINE('',#9218,#2213);
#1625=LINE('',#9221,#2214);
#1626=LINE('',#9223,#2215);
#1627=LINE('',#9224,#2216);
#1628=LINE('',#9227,#2217);
#1629=LINE('',#9229,#2218);
#1630=LINE('',#9230,#2219);
#1631=LINE('',#9233,#2220);
#1632=LINE('',#9235,#2221);
#1633=LINE('',#9236,#2222);
#1634=LINE('',#9239,#2223);
#1635=LINE('',#9241,#2224);
#1636=LINE('',#9242,#2225);
#1637=LINE('',#9245,#2226);
#1638=LINE('',#9247,#2227);
#1639=LINE('',#9248,#2228);
#1640=LINE('',#9251,#2229);
#1641=LINE('',#9253,#2230);
#1642=LINE('',#9254,#2231);
#1643=LINE('',#9256,#2232);
#1644=LINE('',#9257,#2233);
#1645=LINE('',#9263,#2234);
#1646=LINE('',#9265,#2235);
#1647=LINE('',#9267,#2236);
#1648=LINE('',#9268,#2237);
#1649=LINE('',#9271,#2238);
#1650=LINE('',#9273,#2239);
#1651=LINE('',#9274,#2240);
#1652=LINE('',#9297,#2241);
#1653=LINE('',#9320,#2242);
#1654=LINE('',#9343,#2243);
#1655=LINE('',#9366,#2244);
#1656=LINE('',#9389,#2245);
#1657=LINE('',#9412,#2246);
#1658=LINE('',#9435,#2247);
#1659=LINE('',#9458,#2248);
#1660=LINE('',#9481,#2249);
#1661=LINE('',#9484,#2250);
#1662=LINE('',#9486,#2251);
#1663=LINE('',#9487,#2252);
#1664=LINE('',#9510,#2253);
#1665=LINE('',#9533,#2254);
#1666=LINE('',#9556,#2255);
#1667=LINE('',#9579,#2256);
#1668=LINE('',#9602,#2257);
#1669=LINE('',#9625,#2258);
#1670=LINE('',#9648,#2259);
#1671=LINE('',#9671,#2260);
#1672=LINE('',#9694,#2261);
#1673=LINE('',#9696,#2262);
#1674=LINE('',#9697,#2263);
#1675=LINE('',#9702,#2264);
#1676=LINE('',#9704,#2265);
#1677=LINE('',#9706,#2266);
#1678=LINE('',#9707,#2267);
#1679=LINE('',#9710,#2268);
#1680=LINE('',#9712,#2269);
#1681=LINE('',#9713,#2270);
#1682=LINE('',#9736,#2271);
#1683=LINE('',#9759,#2272);
#1684=LINE('',#9782,#2273);
#1685=LINE('',#9805,#2274);
#1686=LINE('',#9828,#2275);
#1687=LINE('',#9851,#2276);
#1688=LINE('',#9874,#2277);
#1689=LINE('',#9897,#2278);
#1690=LINE('',#9920,#2279);
#1691=LINE('',#9923,#2280);
#1692=LINE('',#9925,#2281);
#1693=LINE('',#9926,#2282);
#1694=LINE('',#9949,#2283);
#1695=LINE('',#9972,#2284);
#1696=LINE('',#9995,#2285);
#1697=LINE('',#10018,#2286);
#1698=LINE('',#10041,#2287);
#1699=LINE('',#10064,#2288);
#1700=LINE('',#10087,#2289);
#1701=LINE('',#10110,#2290);
#1702=LINE('',#10133,#2291);
#1703=LINE('',#10135,#2292);
#1704=LINE('',#10136,#2293);
#1705=LINE('',#10141,#2294);
#1706=LINE('',#10143,#2295);
#1707=LINE('',#10145,#2296);
#1708=LINE('',#10146,#2297);
#1709=LINE('',#10149,#2298);
#1710=LINE('',#10151,#2299);
#1711=LINE('',#10152,#2300);
#1712=LINE('',#10175,#2301);
#1713=LINE('',#10198,#2302);
#1714=LINE('',#10201,#2303);
#1715=LINE('',#10203,#2304);
#1716=LINE('',#10204,#2305);
#1717=LINE('',#10227,#2306);
#1718=LINE('',#10250,#2307);
#1719=LINE('',#10253,#2308);
#1720=LINE('',#10255,#2309);
#1721=LINE('',#10256,#2310);
#1722=LINE('',#10258,#2311);
#1723=LINE('',#10259,#2312);
#1724=LINE('',#10264,#2313);
#1725=LINE('',#10266,#2314);
#1726=LINE('',#10268,#2315);
#1727=LINE('',#10269,#2316);
#1728=LINE('',#10272,#2317);
#1729=LINE('',#10274,#2318);
#1730=LINE('',#10275,#2319);
#1731=LINE('',#10278,#2320);
#1732=LINE('',#10280,#2321);
#1733=LINE('',#10281,#2322);
#1734=LINE('',#10304,#2323);
#1735=LINE('',#10327,#2324);
#1736=LINE('',#10350,#2325);
#1737=LINE('',#10353,#2326);
#1738=LINE('',#10355,#2327);
#1739=LINE('',#10356,#2328);
#1740=LINE('',#10379,#2329);
#1741=LINE('',#10402,#2330);
#1742=LINE('',#10425,#2331);
#1743=LINE('',#10427,#2332);
#1744=LINE('',#10428,#2333);
#1745=LINE('',#10448,#2334);
#1746=LINE('',#10455,#2335);
#1747=LINE('',#10478,#2336);
#1748=LINE('',#10501,#2337);
#1749=LINE('',#10524,#2338);
#1750=LINE('',#10547,#2339);
#1751=LINE('',#10570,#2340);
#1752=LINE('',#10593,#2341);
#1753=LINE('',#10632,#2342);
#1754=LINE('',#10639,#2343);
#1755=LINE('',#10662,#2344);
#1756=LINE('',#10685,#2345);
#1757=LINE('',#10708,#2346);
#1758=LINE('',#10731,#2347);
#1759=LINE('',#10754,#2348);
#1760=LINE('',#10777,#2349);
#1761=LINE('',#10800,#2350);
#1762=LINE('',#10823,#2351);
#1763=LINE('',#10846,#2352);
#1764=LINE('',#10869,#2353);
#1765=LINE('',#10895,#2354);
#1766=LINE('',#10897,#2355);
#1767=LINE('',#10899,#2356);
#1768=LINE('',#10900,#2357);
#1769=LINE('',#10903,#2358);
#1770=LINE('',#10905,#2359);
#1771=LINE('',#10906,#2360);
#1772=LINE('',#10909,#2361);
#1773=LINE('',#10911,#2362);
#1774=LINE('',#10912,#2363);
#1775=LINE('',#10915,#2364);
#1776=LINE('',#10917,#2365);
#1777=LINE('',#10918,#2366);
#1778=LINE('',#10941,#2367);
#1779=LINE('',#10964,#2368);
#1780=LINE('',#10967,#2369);
#1781=LINE('',#10969,#2370);
#1782=LINE('',#10970,#2371);
#1783=LINE('',#10973,#2372);
#1784=LINE('',#10975,#2373);
#1785=LINE('',#10976,#2374);
#1786=LINE('',#10979,#2375);
#1787=LINE('',#10981,#2376);
#1788=LINE('',#10982,#2377);
#1789=LINE('',#10985,#2378);
#1790=LINE('',#10987,#2379);
#1791=LINE('',#10988,#2380);
#1792=LINE('',#10990,#2381);
#1793=LINE('',#10991,#2382);
#1794=LINE('',#10996,#2383);
#1795=LINE('',#10998,#2384);
#1796=LINE('',#11000,#2385);
#1797=LINE('',#11001,#2386);
#1798=LINE('',#11024,#2387);
#1799=LINE('',#11047,#2388);
#1800=LINE('',#11070,#2389);
#1801=LINE('',#11093,#2390);
#1802=LINE('',#11116,#2391);
#1803=LINE('',#11139,#2392);
#1804=LINE('',#11162,#2393);
#1805=LINE('',#11185,#2394);
#1806=LINE('',#11208,#2395);
#1807=LINE('',#11231,#2396);
#1808=LINE('',#11254,#2397);
#1809=LINE('',#11277,#2398);
#1810=LINE('',#11300,#2399);
#1811=LINE('',#11323,#2400);
#1812=LINE('',#11346,#2401);
#1813=LINE('',#11369,#2402);
#1814=LINE('',#11392,#2403);
#1815=LINE('',#11415,#2404);
#1816=LINE('',#11418,#2405);
#1817=LINE('',#11420,#2406);
#1818=LINE('',#11421,#2407);
#1819=LINE('',#11444,#2408);
#1820=LINE('',#11467,#2409);
#1821=LINE('',#11490,#2410);
#1822=LINE('',#11513,#2411);
#1823=LINE('',#11536,#2412);
#1824=LINE('',#11559,#2413);
#1825=LINE('',#11582,#2414);
#1826=LINE('',#11605,#2415);
#1827=LINE('',#11628,#2416);
#1828=LINE('',#11651,#2417);
#1829=LINE('',#11674,#2418);
#1830=LINE('',#11697,#2419);
#1831=LINE('',#11720,#2420);
#1832=LINE('',#11743,#2421);
#1833=LINE('',#11768,#2422);
#1834=LINE('',#11770,#2423);
#1835=LINE('',#11772,#2424);
#1836=LINE('',#11773,#2425);
#1837=LINE('',#11776,#2426);
#1838=LINE('',#11778,#2427);
#1839=LINE('',#11779,#2428);
#1840=LINE('',#11782,#2429);
#1841=LINE('',#11784,#2430);
#1842=LINE('',#11785,#2431);
#1843=LINE('',#11788,#2432);
#1844=LINE('',#11790,#2433);
#1845=LINE('',#11791,#2434);
#1846=LINE('',#11794,#2435);
#1847=LINE('',#11796,#2436);
#1848=LINE('',#11797,#2437);
#1849=LINE('',#11799,#2438);
#1850=LINE('',#11800,#2439);
#1851=LINE('',#11807,#2440);
#1852=LINE('',#11810,#2441);
#1853=LINE('',#11813,#2442);
#1854=LINE('',#11817,#2443);
#1855=LINE('',#11821,#2444);
#1856=LINE('',#11824,#2445);
#1857=LINE('',#11829,#2446);
#1858=LINE('',#11833,#2447);
#1859=LINE('',#11837,#2448);
#1860=LINE('',#11840,#2449);
#1861=LINE('',#11853,#2450);
#1862=LINE('',#11857,#2451);
#1863=LINE('',#11861,#2452);
#1864=LINE('',#11864,#2453);
#1865=LINE('',#11869,#2454);
#1866=LINE('',#11873,#2455);
#1867=LINE('',#11877,#2456);
#1868=LINE('',#11880,#2457);
#1869=LINE('',#11883,#2458);
#1870=LINE('',#11884,#2459);
#1871=LINE('',#11888,#2460);
#1872=LINE('',#11893,#2461);
#1873=LINE('',#11894,#2462);
#1874=LINE('',#11897,#2463);
#1875=LINE('',#11898,#2464);
#1876=LINE('',#11902,#2465);
#1877=LINE('',#11905,#2466);
#1878=LINE('',#11907,#2467);
#1879=LINE('',#11908,#2468);
#1880=LINE('',#11912,#2469);
#1881=LINE('',#11915,#2470);
#1882=LINE('',#11916,#2471);
#1883=LINE('',#11920,#2472);
#1884=LINE('',#11923,#2473);
#1885=LINE('',#11924,#2474);
#1886=LINE('',#11928,#2475);
#1887=LINE('',#11931,#2476);
#1888=LINE('',#11932,#2477);
#1889=LINE('',#11937,#2478);
#1890=LINE('',#11939,#2479);
#1891=LINE('',#11940,#2480);
#1892=LINE('',#11944,#2481);
#1893=LINE('',#11947,#2482);
#1894=LINE('',#11948,#2483);
#1895=LINE('',#11952,#2484);
#1896=LINE('',#11955,#2485);
#1897=LINE('',#11956,#2486);
#1898=LINE('',#11960,#2487);
#1899=LINE('',#11963,#2488);
#1900=LINE('',#11964,#2489);
#1901=LINE('',#11970,#2490);
#1902=LINE('',#11974,#2491);
#1903=LINE('',#11978,#2492);
#1904=LINE('',#11982,#2493);
#1905=LINE('',#11985,#2494);
#1906=LINE('',#11987,#2495);
#1907=LINE('',#11988,#2496);
#1908=LINE('',#11992,#2497);
#1909=LINE('',#11995,#2498);
#1910=LINE('',#11996,#2499);
#1911=LINE('',#12000,#2500);
#1912=LINE('',#12003,#2501);
#1913=LINE('',#12004,#2502);
#1914=LINE('',#12008,#2503);
#1915=LINE('',#12011,#2504);
#1916=LINE('',#12012,#2505);
#1917=LINE('',#12016,#2506);
#1918=LINE('',#12018,#2507);
#1919=LINE('',#12050,#2508);
#1920=LINE('',#12124,#2509);
#1921=LINE('',#12204,#2510);
#1922=LINE('',#12290,#2511);
#1923=LINE('',#12356,#2512);
#1924=LINE('',#12359,#2513);
#1925=LINE('',#12362,#2514);
#1926=LINE('',#12363,#2515);
#1927=LINE('',#12366,#2516);
#1928=LINE('',#12370,#2517);
#1929=LINE('',#12371,#2518);
#1930=LINE('',#12374,#2519);
#1931=LINE('',#12382,#2520);
#1932=LINE('',#12384,#2521);
#1933=LINE('',#12386,#2522);
#1934=LINE('',#12387,#2523);
#1935=LINE('',#12390,#2524);
#1936=LINE('',#12392,#2525);
#1937=LINE('',#12393,#2526);
#1938=LINE('',#12396,#2527);
#1939=LINE('',#12398,#2528);
#1940=LINE('',#12399,#2529);
#1941=LINE('',#12401,#2530);
#1942=LINE('',#12402,#2531);
#1943=LINE('',#12407,#2532);
#1944=LINE('',#12408,#2533);
#1945=LINE('',#12409,#2534);
#1946=LINE('',#12412,#2535);
#1947=LINE('',#12413,#2536);
#1948=LINE('',#12416,#2537);
#1949=LINE('',#12417,#2538);
#1950=LINE('',#12419,#2539);
#1951=LINE('',#12423,#2540);
#1952=LINE('',#12425,#2541);
#1953=LINE('',#12427,#2542);
#1954=LINE('',#12428,#2543);
#1955=LINE('',#12431,#2544);
#1956=LINE('',#12433,#2545);
#1957=LINE('',#12434,#2546);
#1958=LINE('',#12437,#2547);
#1959=LINE('',#12439,#2548);
#1960=LINE('',#12440,#2549);
#1961=LINE('',#12442,#2550);
#1962=LINE('',#12443,#2551);
#1963=LINE('',#12448,#2552);
#1964=LINE('',#12450,#2553);
#1965=LINE('',#12452,#2554);
#1966=LINE('',#12453,#2555);
#1967=LINE('',#12471,#2556);
#1968=LINE('',#12472,#2557);
#1969=LINE('',#12474,#2558);
#1970=LINE('',#12476,#2559);
#1971=LINE('',#12510,#2560);
#1972=LINE('',#12584,#2561);
#1973=LINE('',#12664,#2562);
#1974=LINE('',#12750,#2563);
#1975=LINE('',#12816,#2564);
#1976=LINE('',#12819,#2565);
#1977=LINE('',#12822,#2566);
#1978=LINE('',#12823,#2567);
#1979=LINE('',#12826,#2568);
#1980=LINE('',#12830,#2569);
#1981=LINE('',#12831,#2570);
#1982=LINE('',#12834,#2571);
#1983=LINE('',#12842,#2572);
#1984=LINE('',#12844,#2573);
#1985=LINE('',#12846,#2574);
#1986=LINE('',#12847,#2575);
#1987=LINE('',#12850,#2576);
#1988=LINE('',#12852,#2577);
#1989=LINE('',#12853,#2578);
#1990=LINE('',#12856,#2579);
#1991=LINE('',#12858,#2580);
#1992=LINE('',#12859,#2581);
#1993=LINE('',#12861,#2582);
#1994=LINE('',#12862,#2583);
#1995=LINE('',#12867,#2584);
#1996=LINE('',#12868,#2585);
#1997=LINE('',#12869,#2586);
#1998=LINE('',#12872,#2587);
#1999=LINE('',#12873,#2588);
#2000=LINE('',#12876,#2589);
#2001=LINE('',#12877,#2590);
#2002=LINE('',#12879,#2591);
#2003=LINE('',#12883,#2592);
#2004=LINE('',#12885,#2593);
#2005=LINE('',#12887,#2594);
#2006=LINE('',#12888,#2595);
#2007=LINE('',#12891,#2596);
#2008=LINE('',#12893,#2597);
#2009=LINE('',#12894,#2598);
#2010=LINE('',#12897,#2599);
#2011=LINE('',#12899,#2600);
#2012=LINE('',#12900,#2601);
#2013=LINE('',#12902,#2602);
#2014=LINE('',#12903,#2603);
#2015=LINE('',#12908,#2604);
#2016=LINE('',#12910,#2605);
#2017=LINE('',#12912,#2606);
#2018=LINE('',#12913,#2607);
#2019=LINE('',#12931,#2608);
#2020=LINE('',#12932,#2609);
#2021=LINE('',#12934,#2610);
#2022=LINE('',#12936,#2611);
#2023=LINE('',#12970,#2612);
#2024=LINE('',#13044,#2613);
#2025=LINE('',#13124,#2614);
#2026=LINE('',#13210,#2615);
#2027=LINE('',#13276,#2616);
#2028=LINE('',#13279,#2617);
#2029=LINE('',#13282,#2618);
#2030=LINE('',#13283,#2619);
#2031=LINE('',#13286,#2620);
#2032=LINE('',#13290,#2621);
#2033=LINE('',#13291,#2622);
#2034=LINE('',#13294,#2623);
#2035=LINE('',#13302,#2624);
#2036=LINE('',#13304,#2625);
#2037=LINE('',#13306,#2626);
#2038=LINE('',#13307,#2627);
#2039=LINE('',#13310,#2628);
#2040=LINE('',#13312,#2629);
#2041=LINE('',#13313,#2630);
#2042=LINE('',#13316,#2631);
#2043=LINE('',#13318,#2632);
#2044=LINE('',#13319,#2633);
#2045=LINE('',#13321,#2634);
#2046=LINE('',#13322,#2635);
#2047=LINE('',#13327,#2636);
#2048=LINE('',#13328,#2637);
#2049=LINE('',#13329,#2638);
#2050=LINE('',#13332,#2639);
#2051=LINE('',#13333,#2640);
#2052=LINE('',#13336,#2641);
#2053=LINE('',#13337,#2642);
#2054=LINE('',#13339,#2643);
#2055=LINE('',#13343,#2644);
#2056=LINE('',#13345,#2645);
#2057=LINE('',#13347,#2646);
#2058=LINE('',#13348,#2647);
#2059=LINE('',#13351,#2648);
#2060=LINE('',#13353,#2649);
#2061=LINE('',#13354,#2650);
#2062=LINE('',#13357,#2651);
#2063=LINE('',#13359,#2652);
#2064=LINE('',#13360,#2653);
#2065=LINE('',#13362,#2654);
#2066=LINE('',#13363,#2655);
#2067=LINE('',#13368,#2656);
#2068=LINE('',#13370,#2657);
#2069=LINE('',#13372,#2658);
#2070=LINE('',#13373,#2659);
#2071=LINE('',#13391,#2660);
#2072=LINE('',#13392,#2661);
#2073=LINE('',#13394,#2662);
#2074=LINE('',#13396,#2663);
#2075=VECTOR('',#7303,10.);
#2076=VECTOR('',#7306,10.);
#2077=VECTOR('',#7309,10.);
#2078=VECTOR('',#7310,10.);
#2079=VECTOR('',#7311,10.);
#2080=VECTOR('',#7314,10.);
#2081=VECTOR('',#7315,10.);
#2082=VECTOR('',#7316,10.);
#2083=VECTOR('',#7317,10.);
#2084=VECTOR('',#7318,10.);
#2085=VECTOR('',#7319,10.);
#2086=VECTOR('',#7320,10.);
#2087=VECTOR('',#7321,10.);
#2088=VECTOR('',#7322,10.);
#2089=VECTOR('',#7325,10.);
#2090=VECTOR('',#7328,10.);
#2091=VECTOR('',#7341,10.);
#2092=VECTOR('',#7346,10.);
#2093=VECTOR('',#7347,10.);
#2094=VECTOR('',#7350,10.);
#2095=VECTOR('',#7353,10.);
#2096=VECTOR('',#7356,10.);
#2097=VECTOR('',#7357,10.);
#2098=VECTOR('',#7364,10.);
#2099=VECTOR('',#7365,10.);
#2100=VECTOR('',#7366,10.);
#2101=VECTOR('',#7369,10.);
#2102=VECTOR('',#7370,10.);
#2103=VECTOR('',#7371,10.);
#2104=VECTOR('',#7374,10.);
#2105=VECTOR('',#7375,10.);
#2106=VECTOR('',#7378,10.);
#2107=VECTOR('',#7381,10.);
#2108=VECTOR('',#7382,10.);
#2109=VECTOR('',#7383,10.);
#2110=VECTOR('',#7386,10.);
#2111=VECTOR('',#7387,10.);
#2112=VECTOR('',#7390,10.);
#2113=VECTOR('',#7391,10.);
#2114=VECTOR('',#7394,10.);
#2115=VECTOR('',#7397,1.45);
#2116=VECTOR('',#7402,1.45);
#2117=VECTOR('',#7407,1.45);
#2118=VECTOR('',#7412,1.45);
#2119=VECTOR('',#7423,10.);
#2120=VECTOR('',#7424,10.);
#2121=VECTOR('',#7425,10.);
#2122=VECTOR('',#7426,10.);
#2123=VECTOR('',#7429,10.);
#2124=VECTOR('',#7430,10.);
#2125=VECTOR('',#7431,10.);
#2126=VECTOR('',#7432,10.);
#2127=VECTOR('',#7433,10.);
#2128=VECTOR('',#7436,10.);
#2129=VECTOR('',#7437,10.);
#2130=VECTOR('',#7440,10.);
#2131=VECTOR('',#7441,10.);
#2132=VECTOR('',#7442,10.);
#2133=VECTOR('',#7443,10.);
#2134=VECTOR('',#7446,10.);
#2135=VECTOR('',#7447,10.);
#2136=VECTOR('',#7448,10.);
#2137=VECTOR('',#7451,10.);
#2138=VECTOR('',#7452,10.);
#2139=VECTOR('',#7453,10.);
#2140=VECTOR('',#7456,10.);
#2141=VECTOR('',#7457,10.);
#2142=VECTOR('',#7458,10.);
#2143=VECTOR('',#7461,10.);
#2144=VECTOR('',#7462,10.);
#2145=VECTOR('',#7463,10.);
#2146=VECTOR('',#7466,10.);
#2147=VECTOR('',#7467,10.);
#2148=VECTOR('',#7468,10.);
#2149=VECTOR('',#7471,10.);
#2150=VECTOR('',#7472,10.);
#2151=VECTOR('',#7473,10.);
#2152=VECTOR('',#7476,10.);
#2153=VECTOR('',#7477,10.);
#2154=VECTOR('',#7484,10.);
#2155=VECTOR('',#7485,10.);
#2156=VECTOR('',#7486,10.);
#2157=VECTOR('',#7487,10.);
#2158=VECTOR('',#7490,10.);
#2159=VECTOR('',#7491,10.);
#2160=VECTOR('',#7492,10.);
#2161=VECTOR('',#7495,10.);
#2162=VECTOR('',#7496,10.);
#2163=VECTOR('',#7497,10.);
#2164=VECTOR('',#7498,10.);
#2165=VECTOR('',#7499,10.);
#2166=VECTOR('',#7502,10.);
#2167=VECTOR('',#7503,10.);
#2168=VECTOR('',#7504,10.);
#2169=VECTOR('',#7507,10.);
#2170=VECTOR('',#7508,10.);
#2171=VECTOR('',#7509,10.);
#2172=VECTOR('',#7512,10.);
#2173=VECTOR('',#7513,10.);
#2174=VECTOR('',#7514,10.);
#2175=VECTOR('',#7515,10.);
#2176=VECTOR('',#7516,10.);
#2177=VECTOR('',#7519,10.);
#2178=VECTOR('',#7520,10.);
#2179=VECTOR('',#7521,10.);
#2180=VECTOR('',#7524,10.);
#2181=VECTOR('',#7525,10.);
#2182=VECTOR('',#7526,10.);
#2183=VECTOR('',#7529,10.);
#2184=VECTOR('',#7530,10.);
#2185=VECTOR('',#7531,10.);
#2186=VECTOR('',#7534,10.);
#2187=VECTOR('',#7535,10.);
#2188=VECTOR('',#7536,10.);
#2189=VECTOR('',#7539,10.);
#2190=VECTOR('',#7540,10.);
#2191=VECTOR('',#7541,10.);
#2192=VECTOR('',#7542,10.);
#2193=VECTOR('',#7543,10.);
#2194=VECTOR('',#7546,10.);
#2195=VECTOR('',#7547,10.);
#2196=VECTOR('',#7548,10.);
#2197=VECTOR('',#7551,10.);
#2198=VECTOR('',#7552,10.);
#2199=VECTOR('',#7557,10.);
#2200=VECTOR('',#7558,10.);
#2201=VECTOR('',#7559,10.);
#2202=VECTOR('',#7560,10.);
#2203=VECTOR('',#7563,10.);
#2204=VECTOR('',#7564,10.);
#2205=VECTOR('',#7565,10.);
#2206=VECTOR('',#7566,10.);
#2207=VECTOR('',#7567,10.);
#2208=VECTOR('',#7570,10.);
#2209=VECTOR('',#7571,10.);
#2210=VECTOR('',#7574,10.);
#2211=VECTOR('',#7575,10.);
#2212=VECTOR('',#7576,10.);
#2213=VECTOR('',#7577,10.);
#2214=VECTOR('',#7580,10.);
#2215=VECTOR('',#7581,10.);
#2216=VECTOR('',#7582,10.);
#2217=VECTOR('',#7585,10.);
#2218=VECTOR('',#7586,10.);
#2219=VECTOR('',#7587,10.);
#2220=VECTOR('',#7590,10.);
#2221=VECTOR('',#7591,10.);
#2222=VECTOR('',#7592,10.);
#2223=VECTOR('',#7595,10.);
#2224=VECTOR('',#7596,10.);
#2225=VECTOR('',#7597,10.);
#2226=VECTOR('',#7600,10.);
#2227=VECTOR('',#7601,10.);
#2228=VECTOR('',#7602,10.);
#2229=VECTOR('',#7605,10.);
#2230=VECTOR('',#7606,10.);
#2231=VECTOR('',#7607,10.);
#2232=VECTOR('',#7610,10.);
#2233=VECTOR('',#7611,10.);
#2234=VECTOR('',#7618,10.);
#2235=VECTOR('',#7619,10.);
#2236=VECTOR('',#7620,10.);
#2237=VECTOR('',#7621,10.);
#2238=VECTOR('',#7624,10.);
#2239=VECTOR('',#7625,10.);
#2240=VECTOR('',#7626,10.);
#2241=VECTOR('',#7627,10.);
#2242=VECTOR('',#7628,10.);
#2243=VECTOR('',#7629,10.);
#2244=VECTOR('',#7630,10.);
#2245=VECTOR('',#7631,10.);
#2246=VECTOR('',#7632,10.);
#2247=VECTOR('',#7633,10.);
#2248=VECTOR('',#7634,10.);
#2249=VECTOR('',#7635,10.);
#2250=VECTOR('',#7638,10.);
#2251=VECTOR('',#7639,10.);
#2252=VECTOR('',#7640,10.);
#2253=VECTOR('',#7641,10.);
#2254=VECTOR('',#7642,10.);
#2255=VECTOR('',#7643,10.);
#2256=VECTOR('',#7644,10.);
#2257=VECTOR('',#7645,10.);
#2258=VECTOR('',#7646,10.);
#2259=VECTOR('',#7647,10.);
#2260=VECTOR('',#7648,10.);
#2261=VECTOR('',#7649,10.);
#2262=VECTOR('',#7652,10.);
#2263=VECTOR('',#7653,10.);
#2264=VECTOR('',#7658,10.);
#2265=VECTOR('',#7659,10.);
#2266=VECTOR('',#7660,10.);
#2267=VECTOR('',#7661,10.);
#2268=VECTOR('',#7664,10.);
#2269=VECTOR('',#7665,10.);
#2270=VECTOR('',#7666,10.);
#2271=VECTOR('',#7667,10.);
#2272=VECTOR('',#7668,10.);
#2273=VECTOR('',#7669,10.);
#2274=VECTOR('',#7670,10.);
#2275=VECTOR('',#7671,10.);
#2276=VECTOR('',#7672,10.);
#2277=VECTOR('',#7673,10.);
#2278=VECTOR('',#7674,10.);
#2279=VECTOR('',#7675,10.);
#2280=VECTOR('',#7678,10.);
#2281=VECTOR('',#7679,10.);
#2282=VECTOR('',#7680,10.);
#2283=VECTOR('',#7681,10.);
#2284=VECTOR('',#7682,10.);
#2285=VECTOR('',#7683,10.);
#2286=VECTOR('',#7684,10.);
#2287=VECTOR('',#7685,10.);
#2288=VECTOR('',#7686,10.);
#2289=VECTOR('',#7687,10.);
#2290=VECTOR('',#7688,10.);
#2291=VECTOR('',#7689,10.);
#2292=VECTOR('',#7692,10.);
#2293=VECTOR('',#7693,10.);
#2294=VECTOR('',#7698,10.);
#2295=VECTOR('',#7699,10.);
#2296=VECTOR('',#7700,10.);
#2297=VECTOR('',#7701,10.);
#2298=VECTOR('',#7704,10.);
#2299=VECTOR('',#7705,10.);
#2300=VECTOR('',#7706,10.);
#2301=VECTOR('',#7707,10.);
#2302=VECTOR('',#7708,10.);
#2303=VECTOR('',#7711,10.);
#2304=VECTOR('',#7712,10.);
#2305=VECTOR('',#7713,10.);
#2306=VECTOR('',#7714,10.);
#2307=VECTOR('',#7715,10.);
#2308=VECTOR('',#7718,10.);
#2309=VECTOR('',#7719,10.);
#2310=VECTOR('',#7720,10.);
#2311=VECTOR('',#7723,10.);
#2312=VECTOR('',#7724,10.);
#2313=VECTOR('',#7729,10.);
#2314=VECTOR('',#7730,10.);
#2315=VECTOR('',#7731,10.);
#2316=VECTOR('',#7732,10.);
#2317=VECTOR('',#7735,10.);
#2318=VECTOR('',#7736,10.);
#2319=VECTOR('',#7737,10.);
#2320=VECTOR('',#7740,10.);
#2321=VECTOR('',#7741,10.);
#2322=VECTOR('',#7742,10.);
#2323=VECTOR('',#7743,10.);
#2324=VECTOR('',#7744,10.);
#2325=VECTOR('',#7745,10.);
#2326=VECTOR('',#7748,10.);
#2327=VECTOR('',#7749,10.);
#2328=VECTOR('',#7750,10.);
#2329=VECTOR('',#7751,10.);
#2330=VECTOR('',#7752,10.);
#2331=VECTOR('',#7753,10.);
#2332=VECTOR('',#7756,10.);
#2333=VECTOR('',#7757,10.);
#2334=VECTOR('',#7760,10.);
#2335=VECTOR('',#7761,10.);
#2336=VECTOR('',#7762,10.);
#2337=VECTOR('',#7763,10.);
#2338=VECTOR('',#7764,10.);
#2339=VECTOR('',#7765,10.);
#2340=VECTOR('',#7766,10.);
#2341=VECTOR('',#7767,10.);
#2342=VECTOR('',#7768,10.);
#2343=VECTOR('',#7769,10.);
#2344=VECTOR('',#7770,10.);
#2345=VECTOR('',#7771,10.);
#2346=VECTOR('',#7772,10.);
#2347=VECTOR('',#7773,10.);
#2348=VECTOR('',#7774,10.);
#2349=VECTOR('',#7775,10.);
#2350=VECTOR('',#7776,10.);
#2351=VECTOR('',#7777,10.);
#2352=VECTOR('',#7778,10.);
#2353=VECTOR('',#7779,10.);
#2354=VECTOR('',#7786,10.);
#2355=VECTOR('',#7787,10.);
#2356=VECTOR('',#7788,10.);
#2357=VECTOR('',#7789,10.);
#2358=VECTOR('',#7792,10.);
#2359=VECTOR('',#7793,10.);
#2360=VECTOR('',#7794,10.);
#2361=VECTOR('',#7797,10.);
#2362=VECTOR('',#7798,10.);
#2363=VECTOR('',#7799,10.);
#2364=VECTOR('',#7802,10.);
#2365=VECTOR('',#7803,10.);
#2366=VECTOR('',#7804,10.);
#2367=VECTOR('',#7805,10.);
#2368=VECTOR('',#7806,10.);
#2369=VECTOR('',#7809,10.);
#2370=VECTOR('',#7810,10.);
#2371=VECTOR('',#7811,10.);
#2372=VECTOR('',#7814,10.);
#2373=VECTOR('',#7815,10.);
#2374=VECTOR('',#7816,10.);
#2375=VECTOR('',#7819,10.);
#2376=VECTOR('',#7820,10.);
#2377=VECTOR('',#7821,10.);
#2378=VECTOR('',#7824,10.);
#2379=VECTOR('',#7825,10.);
#2380=VECTOR('',#7826,10.);
#2381=VECTOR('',#7829,10.);
#2382=VECTOR('',#7830,10.);
#2383=VECTOR('',#7835,10.);
#2384=VECTOR('',#7836,10.);
#2385=VECTOR('',#7837,10.);
#2386=VECTOR('',#7838,10.);
#2387=VECTOR('',#7839,10.);
#2388=VECTOR('',#7840,10.);
#2389=VECTOR('',#7841,10.);
#2390=VECTOR('',#7842,10.);
#2391=VECTOR('',#7843,10.);
#2392=VECTOR('',#7844,10.);
#2393=VECTOR('',#7845,10.);
#2394=VECTOR('',#7846,10.);
#2395=VECTOR('',#7847,10.);
#2396=VECTOR('',#7848,10.);
#2397=VECTOR('',#7849,10.);
#2398=VECTOR('',#7850,10.);
#2399=VECTOR('',#7851,10.);
#2400=VECTOR('',#7852,10.);
#2401=VECTOR('',#7853,10.);
#2402=VECTOR('',#7854,10.);
#2403=VECTOR('',#7855,10.);
#2404=VECTOR('',#7856,10.);
#2405=VECTOR('',#7859,10.);
#2406=VECTOR('',#7860,10.);
#2407=VECTOR('',#7861,10.);
#2408=VECTOR('',#7862,10.);
#2409=VECTOR('',#7863,10.);
#2410=VECTOR('',#7864,10.);
#2411=VECTOR('',#7865,10.);
#2412=VECTOR('',#7866,10.);
#2413=VECTOR('',#7867,10.);
#2414=VECTOR('',#7868,10.);
#2415=VECTOR('',#7869,10.);
#2416=VECTOR('',#7870,10.);
#2417=VECTOR('',#7871,10.);
#2418=VECTOR('',#7872,10.);
#2419=VECTOR('',#7873,10.);
#2420=VECTOR('',#7874,10.);
#2421=VECTOR('',#7875,10.);
#2422=VECTOR('',#7880,10.);
#2423=VECTOR('',#7881,10.);
#2424=VECTOR('',#7882,10.);
#2425=VECTOR('',#7883,10.);
#2426=VECTOR('',#7886,10.);
#2427=VECTOR('',#7887,10.);
#2428=VECTOR('',#7888,10.);
#2429=VECTOR('',#7891,10.);
#2430=VECTOR('',#7892,10.);
#2431=VECTOR('',#7893,10.);
#2432=VECTOR('',#7896,10.);
#2433=VECTOR('',#7897,10.);
#2434=VECTOR('',#7898,10.);
#2435=VECTOR('',#7901,10.);
#2436=VECTOR('',#7902,10.);
#2437=VECTOR('',#7903,10.);
#2438=VECTOR('',#7906,10.);
#2439=VECTOR('',#7907,10.);
#2440=VECTOR('',#7914,10.);
#2441=VECTOR('',#7917,10.);
#2442=VECTOR('',#7920,10.);
#2443=VECTOR('',#7923,10.);
#2444=VECTOR('',#7926,10.);
#2445=VECTOR('',#7929,10.);
#2446=VECTOR('',#7932,10.);
#2447=VECTOR('',#7935,10.);
#2448=VECTOR('',#7938,10.);
#2449=VECTOR('',#7941,10.);
#2450=VECTOR('',#7952,10.);
#2451=VECTOR('',#7955,10.);
#2452=VECTOR('',#7958,10.);
#2453=VECTOR('',#7961,10.);
#2454=VECTOR('',#7964,10.);
#2455=VECTOR('',#7967,10.);
#2456=VECTOR('',#7970,10.);
#2457=VECTOR('',#7973,10.);
#2458=VECTOR('',#7976,10.);
#2459=VECTOR('',#7977,10.);
#2460=VECTOR('',#7982,10.);
#2461=VECTOR('',#7987,10.);
#2462=VECTOR('',#7988,10.);
#2463=VECTOR('',#7991,10.);
#2464=VECTOR('',#7992,10.);
#2465=VECTOR('',#7997,10.);
#2466=VECTOR('',#8000,10.);
#2467=VECTOR('',#8001,10.);
#2468=VECTOR('',#8002,10.);
#2469=VECTOR('',#8007,10.);
#2470=VECTOR('',#8010,10.);
#2471=VECTOR('',#8011,10.);
#2472=VECTOR('',#8016,10.);
#2473=VECTOR('',#8019,10.);
#2474=VECTOR('',#8020,10.);
#2475=VECTOR('',#8025,10.);
#2476=VECTOR('',#8028,10.);
#2477=VECTOR('',#8029,10.);
#2478=VECTOR('',#8036,10.);
#2479=VECTOR('',#8037,10.);
#2480=VECTOR('',#8038,10.);
#2481=VECTOR('',#8043,10.);
#2482=VECTOR('',#8046,10.);
#2483=VECTOR('',#8047,10.);
#2484=VECTOR('',#8052,10.);
#2485=VECTOR('',#8055,10.);
#2486=VECTOR('',#8056,10.);
#2487=VECTOR('',#8061,10.);
#2488=VECTOR('',#8064,10.);
#2489=VECTOR('',#8065,10.);
#2490=VECTOR('',#8074,1.45);
#2491=VECTOR('',#8079,1.45);
#2492=VECTOR('',#8084,1.45);
#2493=VECTOR('',#8089,1.45);
#2494=VECTOR('',#8092,10.);
#2495=VECTOR('',#8093,10.);
#2496=VECTOR('',#8094,10.);
#2497=VECTOR('',#8099,10.);
#2498=VECTOR('',#8102,10.);
#2499=VECTOR('',#8103,10.);
#2500=VECTOR('',#8108,10.);
#2501=VECTOR('',#8111,10.);
#2502=VECTOR('',#8112,10.);
#2503=VECTOR('',#8117,10.);
#2504=VECTOR('',#8120,10.);
#2505=VECTOR('',#8121,10.);
#2506=VECTOR('',#8128,10.);
#2507=VECTOR('',#8131,10.);
#2508=VECTOR('',#8138,10.);
#2509=VECTOR('',#8141,10.);
#2510=VECTOR('',#8146,10.);
#2511=VECTOR('',#8153,10.);
#2512=VECTOR('',#8182,10.);
#2513=VECTOR('',#8185,10.);
#2514=VECTOR('',#8188,10.);
#2515=VECTOR('',#8189,10.);
#2516=VECTOR('',#8192,10.);
#2517=VECTOR('',#8197,10.);
#2518=VECTOR('',#8198,10.);
#2519=VECTOR('',#8201,10.);
#2520=VECTOR('',#8210,10.);
#2521=VECTOR('',#8211,10.);
#2522=VECTOR('',#8212,10.);
#2523=VECTOR('',#8213,10.);
#2524=VECTOR('',#8216,10.);
#2525=VECTOR('',#8217,10.);
#2526=VECTOR('',#8218,10.);
#2527=VECTOR('',#8221,10.);
#2528=VECTOR('',#8222,10.);
#2529=VECTOR('',#8223,10.);
#2530=VECTOR('',#8226,10.);
#2531=VECTOR('',#8227,10.);
#2532=VECTOR('',#8232,10.);
#2533=VECTOR('',#8233,10.);
#2534=VECTOR('',#8234,10.);
#2535=VECTOR('',#8237,10.);
#2536=VECTOR('',#8238,10.);
#2537=VECTOR('',#8241,10.);
#2538=VECTOR('',#8242,10.);
#2539=VECTOR('',#8245,10.);
#2540=VECTOR('',#8248,10.);
#2541=VECTOR('',#8249,10.);
#2542=VECTOR('',#8250,10.);
#2543=VECTOR('',#8251,10.);
#2544=VECTOR('',#8254,10.);
#2545=VECTOR('',#8255,10.);
#2546=VECTOR('',#8256,10.);
#2547=VECTOR('',#8259,10.);
#2548=VECTOR('',#8260,10.);
#2549=VECTOR('',#8261,10.);
#2550=VECTOR('',#8264,10.);
#2551=VECTOR('',#8265,10.);
#2552=VECTOR('',#8270,10.);
#2553=VECTOR('',#8271,10.);
#2554=VECTOR('',#8272,10.);
#2555=VECTOR('',#8273,10.);
#2556=VECTOR('',#8304,10.);
#2557=VECTOR('',#8305,10.);
#2558=VECTOR('',#8308,10.);
#2559=VECTOR('',#8311,10.);
#2560=VECTOR('',#8322,10.);
#2561=VECTOR('',#8325,10.);
#2562=VECTOR('',#8330,10.);
#2563=VECTOR('',#8337,10.);
#2564=VECTOR('',#8366,10.);
#2565=VECTOR('',#8369,10.);
#2566=VECTOR('',#8372,10.);
#2567=VECTOR('',#8373,10.);
#2568=VECTOR('',#8376,10.);
#2569=VECTOR('',#8381,10.);
#2570=VECTOR('',#8382,10.);
#2571=VECTOR('',#8385,10.);
#2572=VECTOR('',#8394,10.);
#2573=VECTOR('',#8395,10.);
#2574=VECTOR('',#8396,10.);
#2575=VECTOR('',#8397,10.);
#2576=VECTOR('',#8400,10.);
#2577=VECTOR('',#8401,10.);
#2578=VECTOR('',#8402,10.);
#2579=VECTOR('',#8405,10.);
#2580=VECTOR('',#8406,10.);
#2581=VECTOR('',#8407,10.);
#2582=VECTOR('',#8410,10.);
#2583=VECTOR('',#8411,10.);
#2584=VECTOR('',#8416,10.);
#2585=VECTOR('',#8417,10.);
#2586=VECTOR('',#8418,10.);
#2587=VECTOR('',#8421,10.);
#2588=VECTOR('',#8422,10.);
#2589=VECTOR('',#8425,10.);
#2590=VECTOR('',#8426,10.);
#2591=VECTOR('',#8429,10.);
#2592=VECTOR('',#8432,10.);
#2593=VECTOR('',#8433,10.);
#2594=VECTOR('',#8434,10.);
#2595=VECTOR('',#8435,10.);
#2596=VECTOR('',#8438,10.);
#2597=VECTOR('',#8439,10.);
#2598=VECTOR('',#8440,10.);
#2599=VECTOR('',#8443,10.);
#2600=VECTOR('',#8444,10.);
#2601=VECTOR('',#8445,10.);
#2602=VECTOR('',#8448,10.);
#2603=VECTOR('',#8449,10.);
#2604=VECTOR('',#8454,10.);
#2605=VECTOR('',#8455,10.);
#2606=VECTOR('',#8456,10.);
#2607=VECTOR('',#8457,10.);
#2608=VECTOR('',#8488,10.);
#2609=VECTOR('',#8489,10.);
#2610=VECTOR('',#8492,10.);
#2611=VECTOR('',#8495,10.);
#2612=VECTOR('',#8506,10.);
#2613=VECTOR('',#8509,10.);
#2614=VECTOR('',#8514,10.);
#2615=VECTOR('',#8521,10.);
#2616=VECTOR('',#8550,10.);
#2617=VECTOR('',#8553,10.);
#2618=VECTOR('',#8556,10.);
#2619=VECTOR('',#8557,10.);
#2620=VECTOR('',#8560,10.);
#2621=VECTOR('',#8565,10.);
#2622=VECTOR('',#8566,10.);
#2623=VECTOR('',#8569,10.);
#2624=VECTOR('',#8578,10.);
#2625=VECTOR('',#8579,10.);
#2626=VECTOR('',#8580,10.);
#2627=VECTOR('',#8581,10.);
#2628=VECTOR('',#8584,10.);
#2629=VECTOR('',#8585,10.);
#2630=VECTOR('',#8586,10.);
#2631=VECTOR('',#8589,10.);
#2632=VECTOR('',#8590,10.);
#2633=VECTOR('',#8591,10.);
#2634=VECTOR('',#8594,10.);
#2635=VECTOR('',#8595,10.);
#2636=VECTOR('',#8600,10.);
#2637=VECTOR('',#8601,10.);
#2638=VECTOR('',#8602,10.);
#2639=VECTOR('',#8605,10.);
#2640=VECTOR('',#8606,10.);
#2641=VECTOR('',#8609,10.);
#2642=VECTOR('',#8610,10.);
#2643=VECTOR('',#8613,10.);
#2644=VECTOR('',#8616,10.);
#2645=VECTOR('',#8617,10.);
#2646=VECTOR('',#8618,10.);
#2647=VECTOR('',#8619,10.);
#2648=VECTOR('',#8622,10.);
#2649=VECTOR('',#8623,10.);
#2650=VECTOR('',#8624,10.);
#2651=VECTOR('',#8627,10.);
#2652=VECTOR('',#8628,10.);
#2653=VECTOR('',#8629,10.);
#2654=VECTOR('',#8632,10.);
#2655=VECTOR('',#8633,10.);
#2656=VECTOR('',#8638,10.);
#2657=VECTOR('',#8639,10.);
#2658=VECTOR('',#8640,10.);
#2659=VECTOR('',#8641,10.);
#2660=VECTOR('',#8672,10.);
#2661=VECTOR('',#8673,10.);
#2662=VECTOR('',#8676,10.);
#2663=VECTOR('',#8679,10.);
#2664=CIRCLE('',#6895,6.);
#2665=CIRCLE('',#6896,6.);
#2666=CIRCLE('',#6899,6.);
#2667=CIRCLE('',#6900,6.);
#2668=CIRCLE('',#6901,6.);
#2669=CIRCLE('',#6902,1.45);
#2670=CIRCLE('',#6903,1.45);
#2671=CIRCLE('',#6904,1.45);
#2672=CIRCLE('',#6905,1.45);
#2673=CIRCLE('',#6907,6.);
#2674=CIRCLE('',#6910,6.);
#2675=CIRCLE('',#6913,6.);
#2676=CIRCLE('',#6923,1.45);
#2677=CIRCLE('',#6925,1.45);
#2678=CIRCLE('',#6927,1.45);
#2679=CIRCLE('',#6929,1.45);
#2680=CIRCLE('',#7018,6.);
#2681=CIRCLE('',#7019,6.);
#2682=CIRCLE('',#7021,6.);
#2683=CIRCLE('',#7022,6.);
#2684=CIRCLE('',#7023,6.);
#2685=CIRCLE('',#7024,0.499999999999999);
#2686=CIRCLE('',#7025,0.499999999999998);
#2687=CIRCLE('',#7026,0.499999999999998);
#2688=CIRCLE('',#7027,0.499999999999998);
#2689=CIRCLE('',#7028,1.45);
#2690=CIRCLE('',#7029,1.45);
#2691=CIRCLE('',#7030,1.45);
#2692=CIRCLE('',#7031,1.45);
#2693=CIRCLE('',#7032,0.499999999999999);
#2694=CIRCLE('',#7033,0.499999999999998);
#2695=CIRCLE('',#7034,0.499999999999998);
#2696=CIRCLE('',#7035,0.499999999999998);
#2697=CIRCLE('',#7036,0.499999999999999);
#2698=CIRCLE('',#7037,0.499999999999998);
#2699=CIRCLE('',#7038,0.499999999999998);
#2700=CIRCLE('',#7039,0.500000000000003);
#2701=CIRCLE('',#7042,6.);
#2702=CIRCLE('',#7044,6.);
#2703=CIRCLE('',#7047,6.);
#2704=CIRCLE('',#7050,0.499999999999998);
#2705=CIRCLE('',#7053,0.499999999999998);
#2706=CIRCLE('',#7056,0.500000000000003);
#2707=CIRCLE('',#7059,0.499999999999999);
#2708=CIRCLE('',#7062,0.499999999999998);
#2709=CIRCLE('',#7065,0.499999999999998);
#2710=CIRCLE('',#7068,0.499999999999998);
#2711=CIRCLE('',#7071,0.499999999999999);
#2712=CIRCLE('',#7073,1.45);
#2713=CIRCLE('',#7075,1.45);
#2714=CIRCLE('',#7077,1.45);
#2715=CIRCLE('',#7079,1.45);
#2716=CIRCLE('',#7082,0.499999999999998);
#2717=CIRCLE('',#7085,0.499999999999998);
#2718=CIRCLE('',#7088,0.499999999999998);
#2719=CIRCLE('',#7091,0.499999999999999);
#2720=CIRCLE('',#7095,0.25);
#2721=CIRCLE('',#7096,0.249999999999999);
#2722=CIRCLE('',#7097,0.249999999999999);
#2723=CIRCLE('',#7098,0.249999999999999);
#2724=CIRCLE('',#7099,0.250000000000001);
#2725=CIRCLE('',#7100,0.250000000000001);
#2726=CIRCLE('',#7101,0.25);
#2727=CIRCLE('',#7102,0.250000000000002);
#2728=CIRCLE('',#7104,20.9315374031814);
#2729=CIRCLE('',#7105,21.4299073413524);
#2730=CIRCLE('',#7107,21.4400193822431);
#2731=CIRCLE('',#7108,20.9414142803305);
#2732=CIRCLE('',#7110,21.4300648502692);
#2733=CIRCLE('',#7111,20.9316912491001);
#2734=CIRCLE('',#7113,21.4191732201862);
#2735=CIRCLE('',#7114,20.92105291274);
#2736=CIRCLE('',#7115,20.92105291274);
#2737=CIRCLE('',#7117,0.250000000000005);
#2738=CIRCLE('',#7120,0.249999999999999);
#2739=CIRCLE('',#7123,0.250000000000002);
#2740=CIRCLE('',#7125,21.);
#2741=CIRCLE('',#7142,0.249999999999999);
#2742=CIRCLE('',#7143,0.249999999999999);
#2743=CIRCLE('',#7145,0.249999999999999);
#2744=CIRCLE('',#7146,0.25);
#2745=CIRCLE('',#7148,0.249999999999999);
#2746=CIRCLE('',#7149,0.25);
#2747=CIRCLE('',#7150,0.249999999999999);
#2748=CIRCLE('',#7152,0.249999999999999);
#2749=CIRCLE('',#7153,0.249999999999999);
#2750=CIRCLE('',#7161,0.25);
#2751=CIRCLE('',#7162,0.249999999999999);
#2752=CIRCLE('',#7163,0.249999999999999);
#2753=CIRCLE('',#7164,0.249999999999999);
#2754=CIRCLE('',#7165,0.250000000000001);
#2755=CIRCLE('',#7166,0.250000000000001);
#2756=CIRCLE('',#7167,0.25);
#2757=CIRCLE('',#7168,0.250000000000002);
#2758=CIRCLE('',#7170,20.9315374031814);
#2759=CIRCLE('',#7171,21.4299073413524);
#2760=CIRCLE('',#7173,21.4400193822431);
#2761=CIRCLE('',#7174,20.9414142803305);
#2762=CIRCLE('',#7176,21.4300648502692);
#2763=CIRCLE('',#7177,20.9316912491001);
#2764=CIRCLE('',#7179,21.4191732201862);
#2765=CIRCLE('',#7180,20.92105291274);
#2766=CIRCLE('',#7181,20.92105291274);
#2767=CIRCLE('',#7183,0.250000000000005);
#2768=CIRCLE('',#7186,0.249999999999999);
#2769=CIRCLE('',#7189,0.250000000000002);
#2770=CIRCLE('',#7191,21.);
#2771=CIRCLE('',#7208,0.249999999999999);
#2772=CIRCLE('',#7209,0.249999999999999);
#2773=CIRCLE('',#7211,0.249999999999999);
#2774=CIRCLE('',#7212,0.25);
#2775=CIRCLE('',#7214,0.249999999999999);
#2776=CIRCLE('',#7215,0.25);
#2777=CIRCLE('',#7216,0.249999999999999);
#2778=CIRCLE('',#7218,0.249999999999999);
#2779=CIRCLE('',#7219,0.249999999999999);
#2780=CIRCLE('',#7227,0.25);
#2781=CIRCLE('',#7228,0.249999999999999);
#2782=CIRCLE('',#7229,0.249999999999999);
#2783=CIRCLE('',#7230,0.249999999999999);
#2784=CIRCLE('',#7231,0.250000000000001);
#2785=CIRCLE('',#7232,0.250000000000001);
#2786=CIRCLE('',#7233,0.25);
#2787=CIRCLE('',#7234,0.250000000000002);
#2788=CIRCLE('',#7236,20.9315374031814);
#2789=CIRCLE('',#7237,21.4299073413524);
#2790=CIRCLE('',#7239,21.4400193822431);
#2791=CIRCLE('',#7240,20.9414142803305);
#2792=CIRCLE('',#7242,21.4300648502692);
#2793=CIRCLE('',#7243,20.9316912491001);
#2794=CIRCLE('',#7245,21.4191732201862);
#2795=CIRCLE('',#7246,20.92105291274);
#2796=CIRCLE('',#7247,20.92105291274);
#2797=CIRCLE('',#7249,0.250000000000005);
#2798=CIRCLE('',#7252,0.249999999999999);
#2799=CIRCLE('',#7255,0.250000000000002);
#2800=CIRCLE('',#7257,21.);
#2801=CIRCLE('',#7274,0.249999999999999);
#2802=CIRCLE('',#7275,0.249999999999999);
#2803=CIRCLE('',#7277,0.249999999999999);
#2804=CIRCLE('',#7278,0.25);
#2805=CIRCLE('',#7280,0.249999999999999);
#2806=CIRCLE('',#7281,0.25);
#2807=CIRCLE('',#7282,0.249999999999999);
#2808=CIRCLE('',#7284,0.249999999999999);
#2809=CIRCLE('',#7285,0.249999999999999);
#2810=VERTEX_POINT('',#8693);
#2811=VERTEX_POINT('',#8694);
#2812=VERTEX_POINT('',#8696);
#2813=VERTEX_POINT('',#8698);
#2814=VERTEX_POINT('',#8702);
#2815=VERTEX_POINT('',#8704);
#2816=VERTEX_POINT('',#8708);
#2817=VERTEX_POINT('',#8710);
#2818=VERTEX_POINT('',#8712);
#2819=VERTEX_POINT('',#8714);
#2820=VERTEX_POINT('',#8716);
#2821=VERTEX_POINT('',#8718);
#2822=VERTEX_POINT('',#8720);
#2823=VERTEX_POINT('',#8722);
#2824=VERTEX_POINT('',#8724);
#2825=VERTEX_POINT('',#8726);
#2826=VERTEX_POINT('',#8728);
#2827=VERTEX_POINT('',#8730);
#2828=VERTEX_POINT('',#8732);
#2829=VERTEX_POINT('',#8735);
#2830=VERTEX_POINT('',#8737);
#2831=VERTEX_POINT('',#8739);
#2832=VERTEX_POINT('',#8741);
#2833=VERTEX_POINT('',#8744);
#2834=VERTEX_POINT('',#8748);
#2835=VERTEX_POINT('',#8752);
#2836=VERTEX_POINT('',#8754);
#2837=VERTEX_POINT('',#8758);
#2838=VERTEX_POINT('',#8764);
#2839=VERTEX_POINT('',#8766);
#2840=VERTEX_POINT('',#8770);
#2841=VERTEX_POINT('',#8772);
#2842=VERTEX_POINT('',#8781);
#2843=VERTEX_POINT('',#8783);
#2844=VERTEX_POINT('',#8787);
#2845=VERTEX_POINT('',#8791);
#2846=VERTEX_POINT('',#8797);
#2847=VERTEX_POINT('',#8801);
#2848=VERTEX_POINT('',#8805);
#2849=VERTEX_POINT('',#8809);
#2850=VERTEX_POINT('',#8816);
#2851=VERTEX_POINT('',#8817);
#2852=VERTEX_POINT('',#8819);
#2853=VERTEX_POINT('',#8821);
#2854=VERTEX_POINT('',#8825);
#2855=VERTEX_POINT('',#8827);
#2856=VERTEX_POINT('',#8840);
#2857=VERTEX_POINT('',#8846);
#2858=VERTEX_POINT('',#8863);
#2859=VERTEX_POINT('',#8869);
#2860=VERTEX_POINT('',#8880);
#2861=VERTEX_POINT('',#8881);
#2862=VERTEX_POINT('',#8883);
#2863=VERTEX_POINT('',#8885);
#2864=VERTEX_POINT('',#8889);
#2865=VERTEX_POINT('',#8891);
#2866=VERTEX_POINT('',#8895);
#2867=VERTEX_POINT('',#8897);
#2868=VERTEX_POINT('',#8901);
#2869=VERTEX_POINT('',#8903);
#2870=VERTEX_POINT('',#8907);
#2871=VERTEX_POINT('',#8909);
#2872=VERTEX_POINT('',#8913);
#2873=VERTEX_POINT('',#8915);
#2874=VERTEX_POINT('',#8919);
#2875=VERTEX_POINT('',#8921);
#2876=VERTEX_POINT('',#8930);
#2877=VERTEX_POINT('',#8931);
#2878=VERTEX_POINT('',#8933);
#2879=VERTEX_POINT('',#8935);
#2880=VERTEX_POINT('',#8939);
#2881=VERTEX_POINT('',#8941);
#2882=VERTEX_POINT('',#8945);
#2883=VERTEX_POINT('',#8947);
#2884=VERTEX_POINT('',#8960);
#2885=VERTEX_POINT('',#8966);
#2886=VERTEX_POINT('',#8983);
#2887=VERTEX_POINT('',#8989);
#2888=VERTEX_POINT('',#8997);
#2889=VERTEX_POINT('',#8999);
#2890=VERTEX_POINT('',#9003);
#2891=VERTEX_POINT('',#9005);
#2892=VERTEX_POINT('',#9009);
#2893=VERTEX_POINT('',#9011);
#2894=VERTEX_POINT('',#9024);
#2895=VERTEX_POINT('',#9030);
#2896=VERTEX_POINT('',#9047);
#2897=VERTEX_POINT('',#9053);
#2898=VERTEX_POINT('',#9061);
#2899=VERTEX_POINT('',#9063);
#2900=VERTEX_POINT('',#9067);
#2901=VERTEX_POINT('',#9069);
#2902=VERTEX_POINT('',#9073);
#2903=VERTEX_POINT('',#9075);
#2904=VERTEX_POINT('',#9079);
#2905=VERTEX_POINT('',#9081);
#2906=VERTEX_POINT('',#9085);
#2907=VERTEX_POINT('',#9087);
#2908=VERTEX_POINT('',#9100);
#2909=VERTEX_POINT('',#9106);
#2910=VERTEX_POINT('',#9123);
#2911=VERTEX_POINT('',#9129);
#2912=VERTEX_POINT('',#9137);
#2913=VERTEX_POINT('',#9139);
#2914=VERTEX_POINT('',#9147);
#2915=VERTEX_POINT('',#9148);
#2916=VERTEX_POINT('',#9150);
#2917=VERTEX_POINT('',#9152);
#2918=VERTEX_POINT('',#9156);
#2919=VERTEX_POINT('',#9158);
#2920=VERTEX_POINT('',#9171);
#2921=VERTEX_POINT('',#9177);
#2922=VERTEX_POINT('',#9194);
#2923=VERTEX_POINT('',#9200);
#2924=VERTEX_POINT('',#9211);
#2925=VERTEX_POINT('',#9212);
#2926=VERTEX_POINT('',#9214);
#2927=VERTEX_POINT('',#9216);
#2928=VERTEX_POINT('',#9220);
#2929=VERTEX_POINT('',#9222);
#2930=VERTEX_POINT('',#9226);
#2931=VERTEX_POINT('',#9228);
#2932=VERTEX_POINT('',#9232);
#2933=VERTEX_POINT('',#9234);
#2934=VERTEX_POINT('',#9238);
#2935=VERTEX_POINT('',#9240);
#2936=VERTEX_POINT('',#9244);
#2937=VERTEX_POINT('',#9246);
#2938=VERTEX_POINT('',#9250);
#2939=VERTEX_POINT('',#9252);
#2940=VERTEX_POINT('',#9261);
#2941=VERTEX_POINT('',#9262);
#2942=VERTEX_POINT('',#9264);
#2943=VERTEX_POINT('',#9266);
#2944=VERTEX_POINT('',#9270);
#2945=VERTEX_POINT('',#9272);
#2946=VERTEX_POINT('',#9285);
#2947=VERTEX_POINT('',#9291);
#2948=VERTEX_POINT('',#9308);
#2949=VERTEX_POINT('',#9314);
#2950=VERTEX_POINT('',#9331);
#2951=VERTEX_POINT('',#9337);
#2952=VERTEX_POINT('',#9354);
#2953=VERTEX_POINT('',#9360);
#2954=VERTEX_POINT('',#9377);
#2955=VERTEX_POINT('',#9383);
#2956=VERTEX_POINT('',#9400);
#2957=VERTEX_POINT('',#9406);
#2958=VERTEX_POINT('',#9423);
#2959=VERTEX_POINT('',#9429);
#2960=VERTEX_POINT('',#9446);
#2961=VERTEX_POINT('',#9452);
#2962=VERTEX_POINT('',#9469);
#2963=VERTEX_POINT('',#9475);
#2964=VERTEX_POINT('',#9483);
#2965=VERTEX_POINT('',#9485);
#2966=VERTEX_POINT('',#9498);
#2967=VERTEX_POINT('',#9504);
#2968=VERTEX_POINT('',#9521);
#2969=VERTEX_POINT('',#9527);
#2970=VERTEX_POINT('',#9544);
#2971=VERTEX_POINT('',#9550);
#2972=VERTEX_POINT('',#9567);
#2973=VERTEX_POINT('',#9573);
#2974=VERTEX_POINT('',#9590);
#2975=VERTEX_POINT('',#9596);
#2976=VERTEX_POINT('',#9613);
#2977=VERTEX_POINT('',#9619);
#2978=VERTEX_POINT('',#9636);
#2979=VERTEX_POINT('',#9642);
#2980=VERTEX_POINT('',#9659);
#2981=VERTEX_POINT('',#9665);
#2982=VERTEX_POINT('',#9682);
#2983=VERTEX_POINT('',#9688);
#2984=VERTEX_POINT('',#9700);
#2985=VERTEX_POINT('',#9701);
#2986=VERTEX_POINT('',#9703);
#2987=VERTEX_POINT('',#9705);
#2988=VERTEX_POINT('',#9709);
#2989=VERTEX_POINT('',#9711);
#2990=VERTEX_POINT('',#9724);
#2991=VERTEX_POINT('',#9730);
#2992=VERTEX_POINT('',#9747);
#2993=VERTEX_POINT('',#9753);
#2994=VERTEX_POINT('',#9770);
#2995=VERTEX_POINT('',#9776);
#2996=VERTEX_POINT('',#9793);
#2997=VERTEX_POINT('',#9799);
#2998=VERTEX_POINT('',#9816);
#2999=VERTEX_POINT('',#9822);
#3000=VERTEX_POINT('',#9839);
#3001=VERTEX_POINT('',#9845);
#3002=VERTEX_POINT('',#9862);
#3003=VERTEX_POINT('',#9868);
#3004=VERTEX_POINT('',#9885);
#3005=VERTEX_POINT('',#9891);
#3006=VERTEX_POINT('',#9908);
#3007=VERTEX_POINT('',#9914);
#3008=VERTEX_POINT('',#9922);
#3009=VERTEX_POINT('',#9924);
#3010=VERTEX_POINT('',#9937);
#3011=VERTEX_POINT('',#9943);
#3012=VERTEX_POINT('',#9960);
#3013=VERTEX_POINT('',#9966);
#3014=VERTEX_POINT('',#9983);
#3015=VERTEX_POINT('',#9989);
#3016=VERTEX_POINT('',#10006);
#3017=VERTEX_POINT('',#10012);
#3018=VERTEX_POINT('',#10029);
#3019=VERTEX_POINT('',#10035);
#3020=VERTEX_POINT('',#10052);
#3021=VERTEX_POINT('',#10058);
#3022=VERTEX_POINT('',#10075);
#3023=VERTEX_POINT('',#10081);
#3024=VERTEX_POINT('',#10098);
#3025=VERTEX_POINT('',#10104);
#3026=VERTEX_POINT('',#10121);
#3027=VERTEX_POINT('',#10127);
#3028=VERTEX_POINT('',#10139);
#3029=VERTEX_POINT('',#10140);
#3030=VERTEX_POINT('',#10142);
#3031=VERTEX_POINT('',#10144);
#3032=VERTEX_POINT('',#10148);
#3033=VERTEX_POINT('',#10150);
#3034=VERTEX_POINT('',#10163);
#3035=VERTEX_POINT('',#10169);
#3036=VERTEX_POINT('',#10186);
#3037=VERTEX_POINT('',#10192);
#3038=VERTEX_POINT('',#10200);
#3039=VERTEX_POINT('',#10202);
#3040=VERTEX_POINT('',#10215);
#3041=VERTEX_POINT('',#10221);
#3042=VERTEX_POINT('',#10238);
#3043=VERTEX_POINT('',#10244);
#3044=VERTEX_POINT('',#10252);
#3045=VERTEX_POINT('',#10254);
#3046=VERTEX_POINT('',#10262);
#3047=VERTEX_POINT('',#10263);
#3048=VERTEX_POINT('',#10265);
#3049=VERTEX_POINT('',#10267);
#3050=VERTEX_POINT('',#10271);
#3051=VERTEX_POINT('',#10273);
#3052=VERTEX_POINT('',#10277);
#3053=VERTEX_POINT('',#10279);
#3054=VERTEX_POINT('',#10292);
#3055=VERTEX_POINT('',#10298);
#3056=VERTEX_POINT('',#10315);
#3057=VERTEX_POINT('',#10321);
#3058=VERTEX_POINT('',#10338);
#3059=VERTEX_POINT('',#10344);
#3060=VERTEX_POINT('',#10352);
#3061=VERTEX_POINT('',#10354);
#3062=VERTEX_POINT('',#10367);
#3063=VERTEX_POINT('',#10373);
#3064=VERTEX_POINT('',#10390);
#3065=VERTEX_POINT('',#10396);
#3066=VERTEX_POINT('',#10413);
#3067=VERTEX_POINT('',#10419);
#3068=VERTEX_POINT('',#10440);
#3069=VERTEX_POINT('',#10441);
#3070=VERTEX_POINT('',#10447);
#3071=VERTEX_POINT('',#10449);
#3072=VERTEX_POINT('',#10466);
#3073=VERTEX_POINT('',#10472);
#3074=VERTEX_POINT('',#10489);
#3075=VERTEX_POINT('',#10495);
#3076=VERTEX_POINT('',#10512);
#3077=VERTEX_POINT('',#10518);
#3078=VERTEX_POINT('',#10535);
#3079=VERTEX_POINT('',#10541);
#3080=VERTEX_POINT('',#10558);
#3081=VERTEX_POINT('',#10564);
#3082=VERTEX_POINT('',#10581);
#3083=VERTEX_POINT('',#10587);
#3084=VERTEX_POINT('',#10624);
#3085=VERTEX_POINT('',#10625);
#3086=VERTEX_POINT('',#10631);
#3087=VERTEX_POINT('',#10633);
#3088=VERTEX_POINT('',#10650);
#3089=VERTEX_POINT('',#10656);
#3090=VERTEX_POINT('',#10673);
#3091=VERTEX_POINT('',#10679);
#3092=VERTEX_POINT('',#10696);
#3093=VERTEX_POINT('',#10702);
#3094=VERTEX_POINT('',#10719);
#3095=VERTEX_POINT('',#10725);
#3096=VERTEX_POINT('',#10742);
#3097=VERTEX_POINT('',#10748);
#3098=VERTEX_POINT('',#10765);
#3099=VERTEX_POINT('',#10771);
#3100=VERTEX_POINT('',#10788);
#3101=VERTEX_POINT('',#10794);
#3102=VERTEX_POINT('',#10811);
#3103=VERTEX_POINT('',#10817);
#3104=VERTEX_POINT('',#10834);
#3105=VERTEX_POINT('',#10840);
#3106=VERTEX_POINT('',#10857);
#3107=VERTEX_POINT('',#10863);
#3108=VERTEX_POINT('',#10893);
#3109=VERTEX_POINT('',#10894);
#3110=VERTEX_POINT('',#10896);
#3111=VERTEX_POINT('',#10898);
#3112=VERTEX_POINT('',#10902);
#3113=VERTEX_POINT('',#10904);
#3114=VERTEX_POINT('',#10908);
#3115=VERTEX_POINT('',#10910);
#3116=VERTEX_POINT('',#10914);
#3117=VERTEX_POINT('',#10916);
#3118=VERTEX_POINT('',#10929);
#3119=VERTEX_POINT('',#10935);
#3120=VERTEX_POINT('',#10952);
#3121=VERTEX_POINT('',#10958);
#3122=VERTEX_POINT('',#10966);
#3123=VERTEX_POINT('',#10968);
#3124=VERTEX_POINT('',#10972);
#3125=VERTEX_POINT('',#10974);
#3126=VERTEX_POINT('',#10978);
#3127=VERTEX_POINT('',#10980);
#3128=VERTEX_POINT('',#10984);
#3129=VERTEX_POINT('',#10986);
#3130=VERTEX_POINT('',#10994);
#3131=VERTEX_POINT('',#10995);
#3132=VERTEX_POINT('',#10997);
#3133=VERTEX_POINT('',#10999);
#3134=VERTEX_POINT('',#11012);
#3135=VERTEX_POINT('',#11018);
#3136=VERTEX_POINT('',#11035);
#3137=VERTEX_POINT('',#11041);
#3138=VERTEX_POINT('',#11058);
#3139=VERTEX_POINT('',#11064);
#3140=VERTEX_POINT('',#11081);
#3141=VERTEX_POINT('',#11087);
#3142=VERTEX_POINT('',#11104);
#3143=VERTEX_POINT('',#11110);
#3144=VERTEX_POINT('',#11127);
#3145=VERTEX_POINT('',#11133);
#3146=VERTEX_POINT('',#11150);
#3147=VERTEX_POINT('',#11156);
#3148=VERTEX_POINT('',#11173);
#3149=VERTEX_POINT('',#11179);
#3150=VERTEX_POINT('',#11196);
#3151=VERTEX_POINT('',#11202);
#3152=VERTEX_POINT('',#11219);
#3153=VERTEX_POINT('',#11225);
#3154=VERTEX_POINT('',#11242);
#3155=VERTEX_POINT('',#11248);
#3156=VERTEX_POINT('',#11265);
#3157=VERTEX_POINT('',#11271);
#3158=VERTEX_POINT('',#11288);
#3159=VERTEX_POINT('',#11294);
#3160=VERTEX_POINT('',#11311);
#3161=VERTEX_POINT('',#11317);
#3162=VERTEX_POINT('',#11334);
#3163=VERTEX_POINT('',#11340);
#3164=VERTEX_POINT('',#11357);
#3165=VERTEX_POINT('',#11363);
#3166=VERTEX_POINT('',#11380);
#3167=VERTEX_POINT('',#11386);
#3168=VERTEX_POINT('',#11403);
#3169=VERTEX_POINT('',#11409);
#3170=VERTEX_POINT('',#11417);
#3171=VERTEX_POINT('',#11419);
#3172=VERTEX_POINT('',#11432);
#3173=VERTEX_POINT('',#11438);
#3174=VERTEX_POINT('',#11455);
#3175=VERTEX_POINT('',#11461);
#3176=VERTEX_POINT('',#11478);
#3177=VERTEX_POINT('',#11484);
#3178=VERTEX_POINT('',#11501);
#3179=VERTEX_POINT('',#11507);
#3180=VERTEX_POINT('',#11524);
#3181=VERTEX_POINT('',#11530);
#3182=VERTEX_POINT('',#11547);
#3183=VERTEX_POINT('',#11553);
#3184=VERTEX_POINT('',#11570);
#3185=VERTEX_POINT('',#11576);
#3186=VERTEX_POINT('',#11593);
#3187=VERTEX_POINT('',#11599);
#3188=VERTEX_POINT('',#11616);
#3189=VERTEX_POINT('',#11622);
#3190=VERTEX_POINT('',#11639);
#3191=VERTEX_POINT('',#11645);
#3192=VERTEX_POINT('',#11662);
#3193=VERTEX_POINT('',#11668);
#3194=VERTEX_POINT('',#11685);
#3195=VERTEX_POINT('',#11691);
#3196=VERTEX_POINT('',#11708);
#3197=VERTEX_POINT('',#11714);
#3198=VERTEX_POINT('',#11731);
#3199=VERTEX_POINT('',#11737);
#3200=VERTEX_POINT('',#11766);
#3201=VERTEX_POINT('',#11767);
#3202=VERTEX_POINT('',#11769);
#3203=VERTEX_POINT('',#11771);
#3204=VERTEX_POINT('',#11775);
#3205=VERTEX_POINT('',#11777);
#3206=VERTEX_POINT('',#11781);
#3207=VERTEX_POINT('',#11783);
#3208=VERTEX_POINT('',#11787);
#3209=VERTEX_POINT('',#11789);
#3210=VERTEX_POINT('',#11793);
#3211=VERTEX_POINT('',#11795);
#3212=VERTEX_POINT('',#11803);
#3213=VERTEX_POINT('',#11804);
#3214=VERTEX_POINT('',#11806);
#3215=VERTEX_POINT('',#11808);
#3216=VERTEX_POINT('',#11812);
#3217=VERTEX_POINT('',#11814);
#3218=VERTEX_POINT('',#11816);
#3219=VERTEX_POINT('',#11818);
#3220=VERTEX_POINT('',#11820);
#3221=VERTEX_POINT('',#11822);
#3222=VERTEX_POINT('',#11825);
#3223=VERTEX_POINT('',#11826);
#3224=VERTEX_POINT('',#11828);
#3225=VERTEX_POINT('',#11830);
#3226=VERTEX_POINT('',#11832);
#3227=VERTEX_POINT('',#11834);
#3228=VERTEX_POINT('',#11836);
#3229=VERTEX_POINT('',#11838);
#3230=VERTEX_POINT('',#11841);
#3231=VERTEX_POINT('',#11843);
#3232=VERTEX_POINT('',#11845);
#3233=VERTEX_POINT('',#11847);
#3234=VERTEX_POINT('',#11849);
#3235=VERTEX_POINT('',#11850);
#3236=VERTEX_POINT('',#11852);
#3237=VERTEX_POINT('',#11854);
#3238=VERTEX_POINT('',#11856);
#3239=VERTEX_POINT('',#11858);
#3240=VERTEX_POINT('',#11860);
#3241=VERTEX_POINT('',#11862);
#3242=VERTEX_POINT('',#11865);
#3243=VERTEX_POINT('',#11866);
#3244=VERTEX_POINT('',#11868);
#3245=VERTEX_POINT('',#11870);
#3246=VERTEX_POINT('',#11872);
#3247=VERTEX_POINT('',#11874);
#3248=VERTEX_POINT('',#11876);
#3249=VERTEX_POINT('',#11878);
#3250=VERTEX_POINT('',#11882);
#3251=VERTEX_POINT('',#11886);
#3252=VERTEX_POINT('',#11890);
#3253=VERTEX_POINT('',#11891);
#3254=VERTEX_POINT('',#11896);
#3255=VERTEX_POINT('',#11900);
#3256=VERTEX_POINT('',#11904);
#3257=VERTEX_POINT('',#11906);
#3258=VERTEX_POINT('',#11910);
#3259=VERTEX_POINT('',#11914);
#3260=VERTEX_POINT('',#11918);
#3261=VERTEX_POINT('',#11922);
#3262=VERTEX_POINT('',#11926);
#3263=VERTEX_POINT('',#11930);
#3264=VERTEX_POINT('',#11936);
#3265=VERTEX_POINT('',#11938);
#3266=VERTEX_POINT('',#11942);
#3267=VERTEX_POINT('',#11946);
#3268=VERTEX_POINT('',#11950);
#3269=VERTEX_POINT('',#11954);
#3270=VERTEX_POINT('',#11958);
#3271=VERTEX_POINT('',#11962);
#3272=VERTEX_POINT('',#11968);
#3273=VERTEX_POINT('',#11972);
#3274=VERTEX_POINT('',#11976);
#3275=VERTEX_POINT('',#11980);
#3276=VERTEX_POINT('',#11984);
#3277=VERTEX_POINT('',#11986);
#3278=VERTEX_POINT('',#11990);
#3279=VERTEX_POINT('',#11994);
#3280=VERTEX_POINT('',#11998);
#3281=VERTEX_POINT('',#12002);
#3282=VERTEX_POINT('',#12006);
#3283=VERTEX_POINT('',#12010);
#3284=VERTEX_POINT('',#12040);
#3285=VERTEX_POINT('',#12041);
#3286=VERTEX_POINT('',#12043);
#3287=VERTEX_POINT('',#12048);
#3288=VERTEX_POINT('',#12083);
#3289=VERTEX_POINT('',#12120);
#3290=VERTEX_POINT('',#12121);
#3291=VERTEX_POINT('',#12123);
#3292=VERTEX_POINT('',#12125);
#3293=VERTEX_POINT('',#12163);
#3294=VERTEX_POINT('',#12200);
#3295=VERTEX_POINT('',#12201);
#3296=VERTEX_POINT('',#12203);
#3297=VERTEX_POINT('',#12205);
#3298=VERTEX_POINT('',#12243);
#3299=VERTEX_POINT('',#12280);
#3300=VERTEX_POINT('',#12281);
#3301=VERTEX_POINT('',#12283);
#3302=VERTEX_POINT('',#12288);
#3303=VERTEX_POINT('',#12323);
#3304=VERTEX_POINT('',#12351);
#3305=VERTEX_POINT('',#12355);
#3306=VERTEX_POINT('',#12357);
#3307=VERTEX_POINT('',#12361);
#3308=VERTEX_POINT('',#12365);
#3309=VERTEX_POINT('',#12369);
#3310=VERTEX_POINT('',#12373);
#3311=VERTEX_POINT('',#12377);
#3312=VERTEX_POINT('',#12380);
#3313=VERTEX_POINT('',#12381);
#3314=VERTEX_POINT('',#12383);
#3315=VERTEX_POINT('',#12385);
#3316=VERTEX_POINT('',#12389);
#3317=VERTEX_POINT('',#12391);
#3318=VERTEX_POINT('',#12395);
#3319=VERTEX_POINT('',#12397);
#3320=VERTEX_POINT('',#12405);
#3321=VERTEX_POINT('',#12406);
#3322=VERTEX_POINT('',#12411);
#3323=VERTEX_POINT('',#12415);
#3324=VERTEX_POINT('',#12421);
#3325=VERTEX_POINT('',#12422);
#3326=VERTEX_POINT('',#12424);
#3327=VERTEX_POINT('',#12426);
#3328=VERTEX_POINT('',#12430);
#3329=VERTEX_POINT('',#12432);
#3330=VERTEX_POINT('',#12436);
#3331=VERTEX_POINT('',#12438);
#3332=VERTEX_POINT('',#12446);
#3333=VERTEX_POINT('',#12447);
#3334=VERTEX_POINT('',#12449);
#3335=VERTEX_POINT('',#12451);
#3336=VERTEX_POINT('',#12461);
#3337=VERTEX_POINT('',#12463);
#3338=VERTEX_POINT('',#12500);
#3339=VERTEX_POINT('',#12501);
#3340=VERTEX_POINT('',#12503);
#3341=VERTEX_POINT('',#12508);
#3342=VERTEX_POINT('',#12543);
#3343=VERTEX_POINT('',#12580);
#3344=VERTEX_POINT('',#12581);
#3345=VERTEX_POINT('',#12583);
#3346=VERTEX_POINT('',#12585);
#3347=VERTEX_POINT('',#12623);
#3348=VERTEX_POINT('',#12660);
#3349=VERTEX_POINT('',#12661);
#3350=VERTEX_POINT('',#12663);
#3351=VERTEX_POINT('',#12665);
#3352=VERTEX_POINT('',#12703);
#3353=VERTEX_POINT('',#12740);
#3354=VERTEX_POINT('',#12741);
#3355=VERTEX_POINT('',#12743);
#3356=VERTEX_POINT('',#12748);
#3357=VERTEX_POINT('',#12783);
#3358=VERTEX_POINT('',#12811);
#3359=VERTEX_POINT('',#12815);
#3360=VERTEX_POINT('',#12817);
#3361=VERTEX_POINT('',#12821);
#3362=VERTEX_POINT('',#12825);
#3363=VERTEX_POINT('',#12829);
#3364=VERTEX_POINT('',#12833);
#3365=VERTEX_POINT('',#12837);
#3366=VERTEX_POINT('',#12840);
#3367=VERTEX_POINT('',#12841);
#3368=VERTEX_POINT('',#12843);
#3369=VERTEX_POINT('',#12845);
#3370=VERTEX_POINT('',#12849);
#3371=VERTEX_POINT('',#12851);
#3372=VERTEX_POINT('',#12855);
#3373=VERTEX_POINT('',#12857);
#3374=VERTEX_POINT('',#12865);
#3375=VERTEX_POINT('',#12866);
#3376=VERTEX_POINT('',#12871);
#3377=VERTEX_POINT('',#12875);
#3378=VERTEX_POINT('',#12881);
#3379=VERTEX_POINT('',#12882);
#3380=VERTEX_POINT('',#12884);
#3381=VERTEX_POINT('',#12886);
#3382=VERTEX_POINT('',#12890);
#3383=VERTEX_POINT('',#12892);
#3384=VERTEX_POINT('',#12896);
#3385=VERTEX_POINT('',#12898);
#3386=VERTEX_POINT('',#12906);
#3387=VERTEX_POINT('',#12907);
#3388=VERTEX_POINT('',#12909);
#3389=VERTEX_POINT('',#12911);
#3390=VERTEX_POINT('',#12921);
#3391=VERTEX_POINT('',#12923);
#3392=VERTEX_POINT('',#12960);
#3393=VERTEX_POINT('',#12961);
#3394=VERTEX_POINT('',#12963);
#3395=VERTEX_POINT('',#12968);
#3396=VERTEX_POINT('',#13003);
#3397=VERTEX_POINT('',#13040);
#3398=VERTEX_POINT('',#13041);
#3399=VERTEX_POINT('',#13043);
#3400=VERTEX_POINT('',#13045);
#3401=VERTEX_POINT('',#13083);
#3402=VERTEX_POINT('',#13120);
#3403=VERTEX_POINT('',#13121);
#3404=VERTEX_POINT('',#13123);
#3405=VERTEX_POINT('',#13125);
#3406=VERTEX_POINT('',#13163);
#3407=VERTEX_POINT('',#13200);
#3408=VERTEX_POINT('',#13201);
#3409=VERTEX_POINT('',#13203);
#3410=VERTEX_POINT('',#13208);
#3411=VERTEX_POINT('',#13243);
#3412=VERTEX_POINT('',#13271);
#3413=VERTEX_POINT('',#13275);
#3414=VERTEX_POINT('',#13277);
#3415=VERTEX_POINT('',#13281);
#3416=VERTEX_POINT('',#13285);
#3417=VERTEX_POINT('',#13289);
#3418=VERTEX_POINT('',#13293);
#3419=VERTEX_POINT('',#13297);
#3420=VERTEX_POINT('',#13300);
#3421=VERTEX_POINT('',#13301);
#3422=VERTEX_POINT('',#13303);
#3423=VERTEX_POINT('',#13305);
#3424=VERTEX_POINT('',#13309);
#3425=VERTEX_POINT('',#13311);
#3426=VERTEX_POINT('',#13315);
#3427=VERTEX_POINT('',#13317);
#3428=VERTEX_POINT('',#13325);
#3429=VERTEX_POINT('',#13326);
#3430=VERTEX_POINT('',#13331);
#3431=VERTEX_POINT('',#13335);
#3432=VERTEX_POINT('',#13341);
#3433=VERTEX_POINT('',#13342);
#3434=VERTEX_POINT('',#13344);
#3435=VERTEX_POINT('',#13346);
#3436=VERTEX_POINT('',#13350);
#3437=VERTEX_POINT('',#13352);
#3438=VERTEX_POINT('',#13356);
#3439=VERTEX_POINT('',#13358);
#3440=VERTEX_POINT('',#13366);
#3441=VERTEX_POINT('',#13367);
#3442=VERTEX_POINT('',#13369);
#3443=VERTEX_POINT('',#13371);
#3444=VERTEX_POINT('',#13381);
#3445=VERTEX_POINT('',#13383);
#3446=EDGE_CURVE('',#2810,#2811,#2664,.T.);
#3447=EDGE_CURVE('',#2811,#2812,#1486,.T.);
#3448=EDGE_CURVE('',#2812,#2813,#2665,.T.);
#3449=EDGE_CURVE('',#2813,#2810,#1487,.T.);
#3450=EDGE_CURVE('',#2814,#2811,#1488,.T.);
#3451=EDGE_CURVE('',#2815,#2814,#1489,.T.);
#3452=EDGE_CURVE('',#2815,#2812,#1490,.T.);
#3453=EDGE_CURVE('',#2810,#2816,#1491,.T.);
#3454=EDGE_CURVE('',#2816,#2817,#1492,.T.);
#3455=EDGE_CURVE('',#2817,#2818,#1493,.T.);
#3456=EDGE_CURVE('',#2818,#2819,#1494,.T.);
#3457=EDGE_CURVE('',#2819,#2820,#1495,.T.);
#3458=EDGE_CURVE('',#2820,#2821,#1496,.T.);
#3459=EDGE_CURVE('',#2821,#2822,#1497,.T.);
#3460=EDGE_CURVE('',#2822,#2823,#1498,.T.);
#3461=EDGE_CURVE('',#2823,#2824,#1499,.T.);
#3462=EDGE_CURVE('',#2825,#2824,#2666,.T.);
#3463=EDGE_CURVE('',#2825,#2826,#1500,.T.);
#3464=EDGE_CURVE('',#2827,#2826,#2667,.T.);
#3465=EDGE_CURVE('',#2827,#2828,#1501,.T.);
#3466=EDGE_CURVE('',#2814,#2828,#2668,.T.);
#3467=EDGE_CURVE('',#2829,#2829,#2669,.T.);
#3468=EDGE_CURVE('',#2830,#2830,#2670,.T.);
#3469=EDGE_CURVE('',#2831,#2831,#2671,.T.);
#3470=EDGE_CURVE('',#2832,#2832,#2672,.T.);
#3471=EDGE_CURVE('',#2828,#2833,#1502,.T.);
#3472=EDGE_CURVE('',#2833,#2815,#2673,.T.);
#3473=EDGE_CURVE('',#2834,#2827,#1503,.T.);
#3474=EDGE_CURVE('',#2834,#2833,#1504,.T.);
#3475=EDGE_CURVE('',#2824,#2835,#1505,.T.);
#3476=EDGE_CURVE('',#2835,#2836,#2674,.T.);
#3477=EDGE_CURVE('',#2836,#2825,#1506,.T.);
#3478=EDGE_CURVE('',#2836,#2837,#1507,.T.);
#3479=EDGE_CURVE('',#2826,#2837,#1508,.T.);
#3480=EDGE_CURVE('',#2837,#2834,#2675,.T.);
#3481=EDGE_CURVE('',#2838,#2816,#1509,.T.);
#3482=EDGE_CURVE('',#2838,#2839,#1510,.T.);
#3483=EDGE_CURVE('',#2817,#2839,#1511,.T.);
#3484=EDGE_CURVE('',#2840,#2838,#1512,.T.);
#3485=EDGE_CURVE('',#2840,#2841,#1513,.T.);
#3486=EDGE_CURVE('',#2839,#2841,#1514,.T.);
#3487=EDGE_CURVE('',#2823,#2840,#1515,.T.);
#3488=EDGE_CURVE('',#2841,#2822,#1516,.T.);
#3489=EDGE_CURVE('',#2813,#2835,#1517,.T.);
#3490=EDGE_CURVE('',#2842,#2821,#1518,.T.);
#3491=EDGE_CURVE('',#2843,#2842,#1519,.T.);
#3492=EDGE_CURVE('',#2843,#2818,#1520,.T.);
#3493=EDGE_CURVE('',#2844,#2843,#1521,.T.);
#3494=EDGE_CURVE('',#2844,#2819,#1522,.T.);
#3495=EDGE_CURVE('',#2842,#2845,#1523,.T.);
#3496=EDGE_CURVE('',#2845,#2820,#1524,.T.);
#3497=EDGE_CURVE('',#2845,#2844,#1525,.T.);
#3498=EDGE_CURVE('',#2830,#2846,#1526,.T.);
#3499=EDGE_CURVE('',#2846,#2846,#2676,.T.);
#3500=EDGE_CURVE('',#2829,#2847,#1527,.T.);
#3501=EDGE_CURVE('',#2847,#2847,#2677,.T.);
#3502=EDGE_CURVE('',#2832,#2848,#1528,.T.);
#3503=EDGE_CURVE('',#2848,#2848,#2678,.T.);
#3504=EDGE_CURVE('',#2831,#2849,#1529,.T.);
#3505=EDGE_CURVE('',#2849,#2849,#2679,.T.);
#3506=EDGE_CURVE('',#2850,#2851,#1530,.T.);
#3507=EDGE_CURVE('',#2850,#2852,#1531,.T.);
#3508=EDGE_CURVE('',#2853,#2852,#1532,.T.);
#3509=EDGE_CURVE('',#2851,#2853,#1533,.T.);
#3510=EDGE_CURVE('',#2851,#2854,#1534,.T.);
#3511=EDGE_CURVE('',#2855,#2853,#1535,.T.);
#3512=EDGE_CURVE('',#2854,#2855,#1536,.T.);
#3513=EDGE_CURVE('',#2854,#2856,#46,.T.);
#3514=EDGE_CURVE('',#2857,#2855,#47,.T.);
#3515=EDGE_CURVE('',#2856,#2857,#1537,.T.);
#3516=EDGE_CURVE('',#2856,#2858,#48,.T.);
#3517=EDGE_CURVE('',#2859,#2857,#49,.T.);
#3518=EDGE_CURVE('',#2858,#2859,#1538,.T.);
#3519=EDGE_CURVE('',#2858,#2850,#1539,.T.);
#3520=EDGE_CURVE('',#2852,#2859,#1540,.T.);
#3521=EDGE_CURVE('',#2860,#2861,#1541,.T.);
#3522=EDGE_CURVE('',#2860,#2862,#1542,.T.);
#3523=EDGE_CURVE('',#2863,#2862,#1543,.T.);
#3524=EDGE_CURVE('',#2861,#2863,#1544,.T.);
#3525=EDGE_CURVE('',#2861,#2864,#1545,.T.);
#3526=EDGE_CURVE('',#2865,#2863,#1546,.T.);
#3527=EDGE_CURVE('',#2864,#2865,#1547,.T.);
#3528=EDGE_CURVE('',#2864,#2866,#1548,.T.);
#3529=EDGE_CURVE('',#2867,#2865,#1549,.T.);
#3530=EDGE_CURVE('',#2866,#2867,#1550,.T.);
#3531=EDGE_CURVE('',#2866,#2868,#1551,.T.);
#3532=EDGE_CURVE('',#2869,#2867,#1552,.T.);
#3533=EDGE_CURVE('',#2868,#2869,#1553,.T.);
#3534=EDGE_CURVE('',#2868,#2870,#1554,.T.);
#3535=EDGE_CURVE('',#2871,#2869,#1555,.T.);
#3536=EDGE_CURVE('',#2870,#2871,#1556,.T.);
#3537=EDGE_CURVE('',#2870,#2872,#1557,.T.);
#3538=EDGE_CURVE('',#2873,#2871,#1558,.T.);
#3539=EDGE_CURVE('',#2872,#2873,#1559,.T.);
#3540=EDGE_CURVE('',#2872,#2874,#1560,.T.);
#3541=EDGE_CURVE('',#2875,#2873,#1561,.T.);
#3542=EDGE_CURVE('',#2874,#2875,#1562,.T.);
#3543=EDGE_CURVE('',#2874,#2860,#1563,.T.);
#3544=EDGE_CURVE('',#2862,#2875,#1564,.T.);
#3545=EDGE_CURVE('',#2876,#2877,#1565,.T.);
#3546=EDGE_CURVE('',#2876,#2878,#1566,.T.);
#3547=EDGE_CURVE('',#2879,#2878,#1567,.T.);
#3548=EDGE_CURVE('',#2877,#2879,#1568,.T.);
#3549=EDGE_CURVE('',#2877,#2880,#1569,.T.);
#3550=EDGE_CURVE('',#2881,#2879,#1570,.T.);
#3551=EDGE_CURVE('',#2880,#2881,#1571,.T.);
#3552=EDGE_CURVE('',#2880,#2882,#1572,.T.);
#3553=EDGE_CURVE('',#2883,#2881,#1573,.T.);
#3554=EDGE_CURVE('',#2882,#2883,#1574,.T.);
#3555=EDGE_CURVE('',#2882,#2884,#50,.T.);
#3556=EDGE_CURVE('',#2885,#2883,#51,.T.);
#3557=EDGE_CURVE('',#2884,#2885,#1575,.T.);
#3558=EDGE_CURVE('',#2884,#2886,#52,.T.);
#3559=EDGE_CURVE('',#2887,#2885,#53,.T.);
#3560=EDGE_CURVE('',#2886,#2887,#1576,.T.);
#3561=EDGE_CURVE('',#2886,#2888,#1577,.T.);
#3562=EDGE_CURVE('',#2889,#2887,#1578,.T.);
#3563=EDGE_CURVE('',#2888,#2889,#1579,.T.);
#3564=EDGE_CURVE('',#2888,#2890,#1580,.T.);
#3565=EDGE_CURVE('',#2891,#2889,#1581,.T.);
#3566=EDGE_CURVE('',#2890,#2891,#1582,.T.);
#3567=EDGE_CURVE('',#2890,#2892,#1583,.T.);
#3568=EDGE_CURVE('',#2893,#2891,#1584,.T.);
#3569=EDGE_CURVE('',#2892,#2893,#1585,.T.);
#3570=EDGE_CURVE('',#2892,#2894,#54,.T.);
#3571=EDGE_CURVE('',#2895,#2893,#55,.T.);
#3572=EDGE_CURVE('',#2894,#2895,#1586,.T.);
#3573=EDGE_CURVE('',#2894,#2896,#56,.T.);
#3574=EDGE_CURVE('',#2897,#2895,#57,.T.);
#3575=EDGE_CURVE('',#2896,#2897,#1587,.T.);
#3576=EDGE_CURVE('',#2896,#2898,#1588,.T.);
#3577=EDGE_CURVE('',#2899,#2897,#1589,.T.);
#3578=EDGE_CURVE('',#2898,#2899,#1590,.T.);
#3579=EDGE_CURVE('',#2898,#2900,#1591,.T.);
#3580=EDGE_CURVE('',#2901,#2899,#1592,.T.);
#3581=EDGE_CURVE('',#2900,#2901,#1593,.T.);
#3582=EDGE_CURVE('',#2900,#2902,#1594,.T.);
#3583=EDGE_CURVE('',#2903,#2901,#1595,.T.);
#3584=EDGE_CURVE('',#2902,#2903,#1596,.T.);
#3585=EDGE_CURVE('',#2902,#2904,#1597,.T.);
#3586=EDGE_CURVE('',#2905,#2903,#1598,.T.);
#3587=EDGE_CURVE('',#2904,#2905,#1599,.T.);
#3588=EDGE_CURVE('',#2904,#2906,#1600,.T.);
#3589=EDGE_CURVE('',#2907,#2905,#1601,.T.);
#3590=EDGE_CURVE('',#2906,#2907,#1602,.T.);
#3591=EDGE_CURVE('',#2906,#2908,#58,.T.);
#3592=EDGE_CURVE('',#2909,#2907,#59,.T.);
#3593=EDGE_CURVE('',#2908,#2909,#1603,.T.);
#3594=EDGE_CURVE('',#2908,#2910,#60,.T.);
#3595=EDGE_CURVE('',#2911,#2909,#61,.T.);
#3596=EDGE_CURVE('',#2910,#2911,#1604,.T.);
#3597=EDGE_CURVE('',#2910,#2912,#1605,.T.);
#3598=EDGE_CURVE('',#2913,#2911,#1606,.T.);
#3599=EDGE_CURVE('',#2912,#2913,#1607,.T.);
#3600=EDGE_CURVE('',#2912,#2876,#1608,.T.);
#3601=EDGE_CURVE('',#2878,#2913,#1609,.T.);
#3602=EDGE_CURVE('',#2914,#2915,#1610,.T.);
#3603=EDGE_CURVE('',#2914,#2916,#1611,.T.);
#3604=EDGE_CURVE('',#2917,#2916,#1612,.T.);
#3605=EDGE_CURVE('',#2915,#2917,#1613,.T.);
#3606=EDGE_CURVE('',#2915,#2918,#1614,.T.);
#3607=EDGE_CURVE('',#2919,#2917,#1615,.T.);
#3608=EDGE_CURVE('',#2918,#2919,#1616,.T.);
#3609=EDGE_CURVE('',#2918,#2920,#62,.T.);
#3610=EDGE_CURVE('',#2921,#2919,#63,.T.);
#3611=EDGE_CURVE('',#2920,#2921,#1617,.T.);
#3612=EDGE_CURVE('',#2920,#2922,#64,.T.);
#3613=EDGE_CURVE('',#2923,#2921,#65,.T.);
#3614=EDGE_CURVE('',#2922,#2923,#1618,.T.);
#3615=EDGE_CURVE('',#2922,#2914,#1619,.T.);
#3616=EDGE_CURVE('',#2916,#2923,#1620,.T.);
#3617=EDGE_CURVE('',#2924,#2925,#1621,.T.);
#3618=EDGE_CURVE('',#2924,#2926,#1622,.T.);
#3619=EDGE_CURVE('',#2927,#2926,#1623,.T.);
#3620=EDGE_CURVE('',#2925,#2927,#1624,.T.);
#3621=EDGE_CURVE('',#2925,#2928,#1625,.T.);
#3622=EDGE_CURVE('',#2929,#2927,#1626,.T.);
#3623=EDGE_CURVE('',#2928,#2929,#1627,.T.);
#3624=EDGE_CURVE('',#2928,#2930,#1628,.T.);
#3625=EDGE_CURVE('',#2931,#2929,#1629,.T.);
#3626=EDGE_CURVE('',#2930,#2931,#1630,.T.);
#3627=EDGE_CURVE('',#2930,#2932,#1631,.T.);
#3628=EDGE_CURVE('',#2933,#2931,#1632,.T.);
#3629=EDGE_CURVE('',#2932,#2933,#1633,.T.);
#3630=EDGE_CURVE('',#2932,#2934,#1634,.T.);
#3631=EDGE_CURVE('',#2935,#2933,#1635,.T.);
#3632=EDGE_CURVE('',#2934,#2935,#1636,.T.);
#3633=EDGE_CURVE('',#2934,#2936,#1637,.T.);
#3634=EDGE_CURVE('',#2937,#2935,#1638,.T.);
#3635=EDGE_CURVE('',#2936,#2937,#1639,.T.);
#3636=EDGE_CURVE('',#2936,#2938,#1640,.T.);
#3637=EDGE_CURVE('',#2939,#2937,#1641,.T.);
#3638=EDGE_CURVE('',#2938,#2939,#1642,.T.);
#3639=EDGE_CURVE('',#2938,#2924,#1643,.T.);
#3640=EDGE_CURVE('',#2926,#2939,#1644,.T.);
#3641=EDGE_CURVE('',#2940,#2941,#1645,.T.);
#3642=EDGE_CURVE('',#2940,#2942,#1646,.T.);
#3643=EDGE_CURVE('',#2943,#2942,#1647,.T.);
#3644=EDGE_CURVE('',#2941,#2943,#1648,.T.);
#3645=EDGE_CURVE('',#2941,#2944,#1649,.T.);
#3646=EDGE_CURVE('',#2945,#2943,#1650,.T.);
#3647=EDGE_CURVE('',#2944,#2945,#1651,.T.);
#3648=EDGE_CURVE('',#2944,#2946,#66,.T.);
#3649=EDGE_CURVE('',#2947,#2945,#67,.T.);
#3650=EDGE_CURVE('',#2946,#2947,#1652,.T.);
#3651=EDGE_CURVE('',#2946,#2948,#68,.T.);
#3652=EDGE_CURVE('',#2949,#2947,#69,.T.);
#3653=EDGE_CURVE('',#2948,#2949,#1653,.T.);
#3654=EDGE_CURVE('',#2948,#2950,#70,.T.);
#3655=EDGE_CURVE('',#2951,#2949,#71,.T.);
#3656=EDGE_CURVE('',#2950,#2951,#1654,.T.);
#3657=EDGE_CURVE('',#2950,#2952,#72,.T.);
#3658=EDGE_CURVE('',#2953,#2951,#73,.T.);
#3659=EDGE_CURVE('',#2952,#2953,#1655,.T.);
#3660=EDGE_CURVE('',#2952,#2954,#74,.T.);
#3661=EDGE_CURVE('',#2955,#2953,#75,.T.);
#3662=EDGE_CURVE('',#2954,#2955,#1656,.T.);
#3663=EDGE_CURVE('',#2954,#2956,#76,.T.);
#3664=EDGE_CURVE('',#2957,#2955,#77,.T.);
#3665=EDGE_CURVE('',#2956,#2957,#1657,.T.);
#3666=EDGE_CURVE('',#2956,#2958,#78,.T.);
#3667=EDGE_CURVE('',#2959,#2957,#79,.T.);
#3668=EDGE_CURVE('',#2958,#2959,#1658,.T.);
#3669=EDGE_CURVE('',#2958,#2960,#80,.T.);
#3670=EDGE_CURVE('',#2961,#2959,#81,.T.);
#3671=EDGE_CURVE('',#2960,#2961,#1659,.T.);
#3672=EDGE_CURVE('',#2960,#2962,#82,.T.);
#3673=EDGE_CURVE('',#2963,#2961,#83,.T.);
#3674=EDGE_CURVE('',#2962,#2963,#1660,.T.);
#3675=EDGE_CURVE('',#2962,#2964,#1661,.T.);
#3676=EDGE_CURVE('',#2965,#2963,#1662,.T.);
#3677=EDGE_CURVE('',#2964,#2965,#1663,.T.);
#3678=EDGE_CURVE('',#2964,#2966,#84,.T.);
#3679=EDGE_CURVE('',#2967,#2965,#85,.T.);
#3680=EDGE_CURVE('',#2966,#2967,#1664,.T.);
#3681=EDGE_CURVE('',#2966,#2968,#86,.T.);
#3682=EDGE_CURVE('',#2969,#2967,#87,.T.);
#3683=EDGE_CURVE('',#2968,#2969,#1665,.T.);
#3684=EDGE_CURVE('',#2968,#2970,#88,.T.);
#3685=EDGE_CURVE('',#2971,#2969,#89,.T.);
#3686=EDGE_CURVE('',#2970,#2971,#1666,.T.);
#3687=EDGE_CURVE('',#2970,#2972,#90,.T.);
#3688=EDGE_CURVE('',#2973,#2971,#91,.T.);
#3689=EDGE_CURVE('',#2972,#2973,#1667,.T.);
#3690=EDGE_CURVE('',#2972,#2974,#92,.T.);
#3691=EDGE_CURVE('',#2975,#2973,#93,.T.);
#3692=EDGE_CURVE('',#2974,#2975,#1668,.T.);
#3693=EDGE_CURVE('',#2974,#2976,#94,.T.);
#3694=EDGE_CURVE('',#2977,#2975,#95,.T.);
#3695=EDGE_CURVE('',#2976,#2977,#1669,.T.);
#3696=EDGE_CURVE('',#2976,#2978,#96,.T.);
#3697=EDGE_CURVE('',#2979,#2977,#97,.T.);
#3698=EDGE_CURVE('',#2978,#2979,#1670,.T.);
#3699=EDGE_CURVE('',#2978,#2980,#98,.T.);
#3700=EDGE_CURVE('',#2981,#2979,#99,.T.);
#3701=EDGE_CURVE('',#2980,#2981,#1671,.T.);
#3702=EDGE_CURVE('',#2980,#2982,#100,.T.);
#3703=EDGE_CURVE('',#2983,#2981,#101,.T.);
#3704=EDGE_CURVE('',#2982,#2983,#1672,.T.);
#3705=EDGE_CURVE('',#2982,#2940,#1673,.T.);
#3706=EDGE_CURVE('',#2942,#2983,#1674,.T.);
#3707=EDGE_CURVE('',#2984,#2985,#1675,.T.);
#3708=EDGE_CURVE('',#2984,#2986,#1676,.T.);
#3709=EDGE_CURVE('',#2987,#2986,#1677,.T.);
#3710=EDGE_CURVE('',#2985,#2987,#1678,.T.);
#3711=EDGE_CURVE('',#2985,#2988,#1679,.T.);
#3712=EDGE_CURVE('',#2989,#2987,#1680,.T.);
#3713=EDGE_CURVE('',#2988,#2989,#1681,.T.);
#3714=EDGE_CURVE('',#2988,#2990,#102,.T.);
#3715=EDGE_CURVE('',#2991,#2989,#103,.T.);
#3716=EDGE_CURVE('',#2990,#2991,#1682,.T.);
#3717=EDGE_CURVE('',#2990,#2992,#104,.T.);
#3718=EDGE_CURVE('',#2993,#2991,#105,.T.);
#3719=EDGE_CURVE('',#2992,#2993,#1683,.T.);
#3720=EDGE_CURVE('',#2992,#2994,#106,.T.);
#3721=EDGE_CURVE('',#2995,#2993,#107,.T.);
#3722=EDGE_CURVE('',#2994,#2995,#1684,.T.);
#3723=EDGE_CURVE('',#2994,#2996,#108,.T.);
#3724=EDGE_CURVE('',#2997,#2995,#109,.T.);
#3725=EDGE_CURVE('',#2996,#2997,#1685,.T.);
#3726=EDGE_CURVE('',#2996,#2998,#110,.T.);
#3727=EDGE_CURVE('',#2999,#2997,#111,.T.);
#3728=EDGE_CURVE('',#2998,#2999,#1686,.T.);
#3729=EDGE_CURVE('',#2998,#3000,#112,.T.);
#3730=EDGE_CURVE('',#3001,#2999,#113,.T.);
#3731=EDGE_CURVE('',#3000,#3001,#1687,.T.);
#3732=EDGE_CURVE('',#3000,#3002,#114,.T.);
#3733=EDGE_CURVE('',#3003,#3001,#115,.T.);
#3734=EDGE_CURVE('',#3002,#3003,#1688,.T.);
#3735=EDGE_CURVE('',#3002,#3004,#116,.T.);
#3736=EDGE_CURVE('',#3005,#3003,#117,.T.);
#3737=EDGE_CURVE('',#3004,#3005,#1689,.T.);
#3738=EDGE_CURVE('',#3004,#3006,#118,.T.);
#3739=EDGE_CURVE('',#3007,#3005,#119,.T.);
#3740=EDGE_CURVE('',#3006,#3007,#1690,.T.);
#3741=EDGE_CURVE('',#3006,#3008,#1691,.T.);
#3742=EDGE_CURVE('',#3009,#3007,#1692,.T.);
#3743=EDGE_CURVE('',#3008,#3009,#1693,.T.);
#3744=EDGE_CURVE('',#3008,#3010,#120,.T.);
#3745=EDGE_CURVE('',#3011,#3009,#121,.T.);
#3746=EDGE_CURVE('',#3010,#3011,#1694,.T.);
#3747=EDGE_CURVE('',#3010,#3012,#122,.T.);
#3748=EDGE_CURVE('',#3013,#3011,#123,.T.);
#3749=EDGE_CURVE('',#3012,#3013,#1695,.T.);
#3750=EDGE_CURVE('',#3012,#3014,#124,.T.);
#3751=EDGE_CURVE('',#3015,#3013,#125,.T.);
#3752=EDGE_CURVE('',#3014,#3015,#1696,.T.);
#3753=EDGE_CURVE('',#3014,#3016,#126,.T.);
#3754=EDGE_CURVE('',#3017,#3015,#127,.T.);
#3755=EDGE_CURVE('',#3016,#3017,#1697,.T.);
#3756=EDGE_CURVE('',#3016,#3018,#128,.T.);
#3757=EDGE_CURVE('',#3019,#3017,#129,.T.);
#3758=EDGE_CURVE('',#3018,#3019,#1698,.T.);
#3759=EDGE_CURVE('',#3018,#3020,#130,.T.);
#3760=EDGE_CURVE('',#3021,#3019,#131,.T.);
#3761=EDGE_CURVE('',#3020,#3021,#1699,.T.);
#3762=EDGE_CURVE('',#3020,#3022,#132,.T.);
#3763=EDGE_CURVE('',#3023,#3021,#133,.T.);
#3764=EDGE_CURVE('',#3022,#3023,#1700,.T.);
#3765=EDGE_CURVE('',#3022,#3024,#134,.T.);
#3766=EDGE_CURVE('',#3025,#3023,#135,.T.);
#3767=EDGE_CURVE('',#3024,#3025,#1701,.T.);
#3768=EDGE_CURVE('',#3024,#3026,#136,.T.);
#3769=EDGE_CURVE('',#3027,#3025,#137,.T.);
#3770=EDGE_CURVE('',#3026,#3027,#1702,.T.);
#3771=EDGE_CURVE('',#3026,#2984,#1703,.T.);
#3772=EDGE_CURVE('',#2986,#3027,#1704,.T.);
#3773=EDGE_CURVE('',#3028,#3029,#1705,.T.);
#3774=EDGE_CURVE('',#3028,#3030,#1706,.T.);
#3775=EDGE_CURVE('',#3031,#3030,#1707,.T.);
#3776=EDGE_CURVE('',#3029,#3031,#1708,.T.);
#3777=EDGE_CURVE('',#3029,#3032,#1709,.T.);
#3778=EDGE_CURVE('',#3033,#3031,#1710,.T.);
#3779=EDGE_CURVE('',#3032,#3033,#1711,.T.);
#3780=EDGE_CURVE('',#3032,#3034,#138,.T.);
#3781=EDGE_CURVE('',#3035,#3033,#139,.T.);
#3782=EDGE_CURVE('',#3034,#3035,#1712,.T.);
#3783=EDGE_CURVE('',#3034,#3036,#140,.T.);
#3784=EDGE_CURVE('',#3037,#3035,#141,.T.);
#3785=EDGE_CURVE('',#3036,#3037,#1713,.T.);
#3786=EDGE_CURVE('',#3036,#3038,#1714,.T.);
#3787=EDGE_CURVE('',#3039,#3037,#1715,.T.);
#3788=EDGE_CURVE('',#3038,#3039,#1716,.T.);
#3789=EDGE_CURVE('',#3038,#3040,#142,.T.);
#3790=EDGE_CURVE('',#3041,#3039,#143,.T.);
#3791=EDGE_CURVE('',#3040,#3041,#1717,.T.);
#3792=EDGE_CURVE('',#3040,#3042,#144,.T.);
#3793=EDGE_CURVE('',#3043,#3041,#145,.T.);
#3794=EDGE_CURVE('',#3042,#3043,#1718,.T.);
#3795=EDGE_CURVE('',#3042,#3044,#1719,.T.);
#3796=EDGE_CURVE('',#3045,#3043,#1720,.T.);
#3797=EDGE_CURVE('',#3044,#3045,#1721,.T.);
#3798=EDGE_CURVE('',#3044,#3028,#1722,.T.);
#3799=EDGE_CURVE('',#3030,#3045,#1723,.T.);
#3800=EDGE_CURVE('',#3046,#3047,#1724,.T.);
#3801=EDGE_CURVE('',#3046,#3048,#1725,.T.);
#3802=EDGE_CURVE('',#3049,#3048,#1726,.T.);
#3803=EDGE_CURVE('',#3047,#3049,#1727,.T.);
#3804=EDGE_CURVE('',#3047,#3050,#1728,.T.);
#3805=EDGE_CURVE('',#3051,#3049,#1729,.T.);
#3806=EDGE_CURVE('',#3050,#3051,#1730,.T.);
#3807=EDGE_CURVE('',#3050,#3052,#1731,.T.);
#3808=EDGE_CURVE('',#3053,#3051,#1732,.T.);
#3809=EDGE_CURVE('',#3052,#3053,#1733,.T.);
#3810=EDGE_CURVE('',#3052,#3054,#146,.T.);
#3811=EDGE_CURVE('',#3055,#3053,#147,.T.);
#3812=EDGE_CURVE('',#3054,#3055,#1734,.T.);
#3813=EDGE_CURVE('',#3054,#3056,#148,.T.);
#3814=EDGE_CURVE('',#3057,#3055,#149,.T.);
#3815=EDGE_CURVE('',#3056,#3057,#1735,.T.);
#3816=EDGE_CURVE('',#3056,#3058,#150,.T.);
#3817=EDGE_CURVE('',#3059,#3057,#151,.T.);
#3818=EDGE_CURVE('',#3058,#3059,#1736,.T.);
#3819=EDGE_CURVE('',#3058,#3060,#1737,.T.);
#3820=EDGE_CURVE('',#3061,#3059,#1738,.T.);
#3821=EDGE_CURVE('',#3060,#3061,#1739,.T.);
#3822=EDGE_CURVE('',#3060,#3062,#152,.T.);
#3823=EDGE_CURVE('',#3063,#3061,#153,.T.);
#3824=EDGE_CURVE('',#3062,#3063,#1740,.T.);
#3825=EDGE_CURVE('',#3062,#3064,#154,.T.);
#3826=EDGE_CURVE('',#3065,#3063,#155,.T.);
#3827=EDGE_CURVE('',#3064,#3065,#1741,.T.);
#3828=EDGE_CURVE('',#3064,#3066,#156,.T.);
#3829=EDGE_CURVE('',#3067,#3065,#157,.T.);
#3830=EDGE_CURVE('',#3066,#3067,#1742,.T.);
#3831=EDGE_CURVE('',#3066,#3046,#1743,.T.);
#3832=EDGE_CURVE('',#3048,#3067,#1744,.T.);
#3833=EDGE_CURVE('',#3068,#3069,#158,.T.);
#3834=EDGE_CURVE('',#3068,#3070,#1745,.T.);
#3835=EDGE_CURVE('',#3071,#3070,#159,.T.);
#3836=EDGE_CURVE('',#3069,#3071,#1746,.T.);
#3837=EDGE_CURVE('',#3069,#3072,#160,.T.);
#3838=EDGE_CURVE('',#3073,#3071,#161,.T.);
#3839=EDGE_CURVE('',#3072,#3073,#1747,.T.);
#3840=EDGE_CURVE('',#3072,#3074,#162,.T.);
#3841=EDGE_CURVE('',#3075,#3073,#163,.T.);
#3842=EDGE_CURVE('',#3074,#3075,#1748,.T.);
#3843=EDGE_CURVE('',#3074,#3076,#164,.T.);
#3844=EDGE_CURVE('',#3077,#3075,#165,.T.);
#3845=EDGE_CURVE('',#3076,#3077,#1749,.T.);
#3846=EDGE_CURVE('',#3076,#3078,#166,.T.);
#3847=EDGE_CURVE('',#3079,#3077,#167,.T.);
#3848=EDGE_CURVE('',#3078,#3079,#1750,.T.);
#3849=EDGE_CURVE('',#3078,#3080,#168,.T.);
#3850=EDGE_CURVE('',#3081,#3079,#169,.T.);
#3851=EDGE_CURVE('',#3080,#3081,#1751,.T.);
#3852=EDGE_CURVE('',#3080,#3082,#170,.T.);
#3853=EDGE_CURVE('',#3083,#3081,#171,.T.);
#3854=EDGE_CURVE('',#3082,#3083,#1752,.T.);
#3855=EDGE_CURVE('',#3082,#3068,#172,.T.);
#3856=EDGE_CURVE('',#3070,#3083,#173,.T.);
#3857=EDGE_CURVE('',#3084,#3085,#174,.T.);
#3858=EDGE_CURVE('',#3084,#3086,#1753,.T.);
#3859=EDGE_CURVE('',#3087,#3086,#175,.T.);
#3860=EDGE_CURVE('',#3085,#3087,#1754,.T.);
#3861=EDGE_CURVE('',#3085,#3088,#176,.T.);
#3862=EDGE_CURVE('',#3089,#3087,#177,.T.);
#3863=EDGE_CURVE('',#3088,#3089,#1755,.T.);
#3864=EDGE_CURVE('',#3088,#3090,#178,.T.);
#3865=EDGE_CURVE('',#3091,#3089,#179,.T.);
#3866=EDGE_CURVE('',#3090,#3091,#1756,.T.);
#3867=EDGE_CURVE('',#3090,#3092,#180,.T.);
#3868=EDGE_CURVE('',#3093,#3091,#181,.T.);
#3869=EDGE_CURVE('',#3092,#3093,#1757,.T.);
#3870=EDGE_CURVE('',#3092,#3094,#182,.T.);
#3871=EDGE_CURVE('',#3095,#3093,#183,.T.);
#3872=EDGE_CURVE('',#3094,#3095,#1758,.T.);
#3873=EDGE_CURVE('',#3094,#3096,#184,.T.);
#3874=EDGE_CURVE('',#3097,#3095,#185,.T.);
#3875=EDGE_CURVE('',#3096,#3097,#1759,.T.);
#3876=EDGE_CURVE('',#3096,#3098,#186,.T.);
#3877=EDGE_CURVE('',#3099,#3097,#187,.T.);
#3878=EDGE_CURVE('',#3098,#3099,#1760,.T.);
#3879=EDGE_CURVE('',#3098,#3100,#188,.T.);
#3880=EDGE_CURVE('',#3101,#3099,#189,.T.);
#3881=EDGE_CURVE('',#3100,#3101,#1761,.T.);
#3882=EDGE_CURVE('',#3100,#3102,#190,.T.);
#3883=EDGE_CURVE('',#3103,#3101,#191,.T.);
#3884=EDGE_CURVE('',#3102,#3103,#1762,.T.);
#3885=EDGE_CURVE('',#3102,#3104,#192,.T.);
#3886=EDGE_CURVE('',#3105,#3103,#193,.T.);
#3887=EDGE_CURVE('',#3104,#3105,#1763,.T.);
#3888=EDGE_CURVE('',#3104,#3106,#194,.T.);
#3889=EDGE_CURVE('',#3107,#3105,#195,.T.);
#3890=EDGE_CURVE('',#3106,#3107,#1764,.T.);
#3891=EDGE_CURVE('',#3106,#3084,#196,.T.);
#3892=EDGE_CURVE('',#3086,#3107,#197,.T.);
#3893=EDGE_CURVE('',#3108,#3109,#1765,.T.);
#3894=EDGE_CURVE('',#3108,#3110,#1766,.T.);
#3895=EDGE_CURVE('',#3111,#3110,#1767,.T.);
#3896=EDGE_CURVE('',#3109,#3111,#1768,.T.);
#3897=EDGE_CURVE('',#3109,#3112,#1769,.T.);
#3898=EDGE_CURVE('',#3113,#3111,#1770,.T.);
#3899=EDGE_CURVE('',#3112,#3113,#1771,.T.);
#3900=EDGE_CURVE('',#3112,#3114,#1772,.T.);
#3901=EDGE_CURVE('',#3115,#3113,#1773,.T.);
#3902=EDGE_CURVE('',#3114,#3115,#1774,.T.);
#3903=EDGE_CURVE('',#3114,#3116,#1775,.T.);
#3904=EDGE_CURVE('',#3117,#3115,#1776,.T.);
#3905=EDGE_CURVE('',#3116,#3117,#1777,.T.);
#3906=EDGE_CURVE('',#3116,#3118,#198,.T.);
#3907=EDGE_CURVE('',#3119,#3117,#199,.T.);
#3908=EDGE_CURVE('',#3118,#3119,#1778,.T.);
#3909=EDGE_CURVE('',#3118,#3120,#200,.T.);
#3910=EDGE_CURVE('',#3121,#3119,#201,.T.);
#3911=EDGE_CURVE('',#3120,#3121,#1779,.T.);
#3912=EDGE_CURVE('',#3120,#3122,#1780,.T.);
#3913=EDGE_CURVE('',#3123,#3121,#1781,.T.);
#3914=EDGE_CURVE('',#3122,#3123,#1782,.T.);
#3915=EDGE_CURVE('',#3122,#3124,#1783,.T.);
#3916=EDGE_CURVE('',#3125,#3123,#1784,.T.);
#3917=EDGE_CURVE('',#3124,#3125,#1785,.T.);
#3918=EDGE_CURVE('',#3124,#3126,#1786,.T.);
#3919=EDGE_CURVE('',#3127,#3125,#1787,.T.);
#3920=EDGE_CURVE('',#3126,#3127,#1788,.T.);
#3921=EDGE_CURVE('',#3126,#3128,#1789,.T.);
#3922=EDGE_CURVE('',#3129,#3127,#1790,.T.);
#3923=EDGE_CURVE('',#3128,#3129,#1791,.T.);
#3924=EDGE_CURVE('',#3128,#3108,#1792,.T.);
#3925=EDGE_CURVE('',#3110,#3129,#1793,.T.);
#3926=EDGE_CURVE('',#3130,#3131,#1794,.T.);
#3927=EDGE_CURVE('',#3130,#3132,#1795,.T.);
#3928=EDGE_CURVE('',#3133,#3132,#1796,.T.);
#3929=EDGE_CURVE('',#3131,#3133,#1797,.T.);
#3930=EDGE_CURVE('',#3131,#3134,#202,.T.);
#3931=EDGE_CURVE('',#3135,#3133,#203,.T.);
#3932=EDGE_CURVE('',#3134,#3135,#1798,.T.);
#3933=EDGE_CURVE('',#3134,#3136,#204,.T.);
#3934=EDGE_CURVE('',#3137,#3135,#205,.T.);
#3935=EDGE_CURVE('',#3136,#3137,#1799,.T.);
#3936=EDGE_CURVE('',#3136,#3138,#206,.T.);
#3937=EDGE_CURVE('',#3139,#3137,#207,.T.);
#3938=EDGE_CURVE('',#3138,#3139,#1800,.T.);
#3939=EDGE_CURVE('',#3138,#3140,#208,.T.);
#3940=EDGE_CURVE('',#3141,#3139,#209,.T.);
#3941=EDGE_CURVE('',#3140,#3141,#1801,.T.);
#3942=EDGE_CURVE('',#3140,#3142,#210,.T.);
#3943=EDGE_CURVE('',#3143,#3141,#211,.T.);
#3944=EDGE_CURVE('',#3142,#3143,#1802,.T.);
#3945=EDGE_CURVE('',#3142,#3144,#212,.T.);
#3946=EDGE_CURVE('',#3145,#3143,#213,.T.);
#3947=EDGE_CURVE('',#3144,#3145,#1803,.T.);
#3948=EDGE_CURVE('',#3144,#3146,#214,.T.);
#3949=EDGE_CURVE('',#3147,#3145,#215,.T.);
#3950=EDGE_CURVE('',#3146,#3147,#1804,.T.);
#3951=EDGE_CURVE('',#3146,#3148,#216,.T.);
#3952=EDGE_CURVE('',#3149,#3147,#217,.T.);
#3953=EDGE_CURVE('',#3148,#3149,#1805,.T.);
#3954=EDGE_CURVE('',#3148,#3150,#218,.T.);
#3955=EDGE_CURVE('',#3151,#3149,#219,.T.);
#3956=EDGE_CURVE('',#3150,#3151,#1806,.T.);
#3957=EDGE_CURVE('',#3150,#3152,#220,.T.);
#3958=EDGE_CURVE('',#3153,#3151,#221,.T.);
#3959=EDGE_CURVE('',#3152,#3153,#1807,.T.);
#3960=EDGE_CURVE('',#3152,#3154,#222,.T.);
#3961=EDGE_CURVE('',#3155,#3153,#223,.T.);
#3962=EDGE_CURVE('',#3154,#3155,#1808,.T.);
#3963=EDGE_CURVE('',#3154,#3156,#224,.T.);
#3964=EDGE_CURVE('',#3157,#3155,#225,.T.);
#3965=EDGE_CURVE('',#3156,#3157,#1809,.T.);
#3966=EDGE_CURVE('',#3156,#3158,#226,.T.);
#3967=EDGE_CURVE('',#3159,#3157,#227,.T.);
#3968=EDGE_CURVE('',#3158,#3159,#1810,.T.);
#3969=EDGE_CURVE('',#3158,#3160,#228,.T.);
#3970=EDGE_CURVE('',#3161,#3159,#229,.T.);
#3971=EDGE_CURVE('',#3160,#3161,#1811,.T.);
#3972=EDGE_CURVE('',#3160,#3162,#230,.T.);
#3973=EDGE_CURVE('',#3163,#3161,#231,.T.);
#3974=EDGE_CURVE('',#3162,#3163,#1812,.T.);
#3975=EDGE_CURVE('',#3162,#3164,#232,.T.);
#3976=EDGE_CURVE('',#3165,#3163,#233,.T.);
#3977=EDGE_CURVE('',#3164,#3165,#1813,.T.);
#3978=EDGE_CURVE('',#3164,#3166,#234,.T.);
#3979=EDGE_CURVE('',#3167,#3165,#235,.T.);
#3980=EDGE_CURVE('',#3166,#3167,#1814,.T.);
#3981=EDGE_CURVE('',#3166,#3168,#236,.T.);
#3982=EDGE_CURVE('',#3169,#3167,#237,.T.);
#3983=EDGE_CURVE('',#3168,#3169,#1815,.T.);
#3984=EDGE_CURVE('',#3168,#3170,#1816,.T.);
#3985=EDGE_CURVE('',#3171,#3169,#1817,.T.);
#3986=EDGE_CURVE('',#3170,#3171,#1818,.T.);
#3987=EDGE_CURVE('',#3170,#3172,#238,.T.);
#3988=EDGE_CURVE('',#3173,#3171,#239,.T.);
#3989=EDGE_CURVE('',#3172,#3173,#1819,.T.);
#3990=EDGE_CURVE('',#3172,#3174,#240,.T.);
#3991=EDGE_CURVE('',#3175,#3173,#241,.T.);
#3992=EDGE_CURVE('',#3174,#3175,#1820,.T.);
#3993=EDGE_CURVE('',#3174,#3176,#242,.T.);
#3994=EDGE_CURVE('',#3177,#3175,#243,.T.);
#3995=EDGE_CURVE('',#3176,#3177,#1821,.T.);
#3996=EDGE_CURVE('',#3176,#3178,#244,.T.);
#3997=EDGE_CURVE('',#3179,#3177,#245,.T.);
#3998=EDGE_CURVE('',#3178,#3179,#1822,.T.);
#3999=EDGE_CURVE('',#3178,#3180,#246,.T.);
#4000=EDGE_CURVE('',#3181,#3179,#247,.T.);
#4001=EDGE_CURVE('',#3180,#3181,#1823,.T.);
#4002=EDGE_CURVE('',#3180,#3182,#248,.T.);
#4003=EDGE_CURVE('',#3183,#3181,#249,.T.);
#4004=EDGE_CURVE('',#3182,#3183,#1824,.T.);
#4005=EDGE_CURVE('',#3182,#3184,#250,.T.);
#4006=EDGE_CURVE('',#3185,#3183,#251,.T.);
#4007=EDGE_CURVE('',#3184,#3185,#1825,.T.);
#4008=EDGE_CURVE('',#3184,#3186,#252,.T.);
#4009=EDGE_CURVE('',#3187,#3185,#253,.T.);
#4010=EDGE_CURVE('',#3186,#3187,#1826,.T.);
#4011=EDGE_CURVE('',#3186,#3188,#254,.T.);
#4012=EDGE_CURVE('',#3189,#3187,#255,.T.);
#4013=EDGE_CURVE('',#3188,#3189,#1827,.T.);
#4014=EDGE_CURVE('',#3188,#3190,#256,.T.);
#4015=EDGE_CURVE('',#3191,#3189,#257,.T.);
#4016=EDGE_CURVE('',#3190,#3191,#1828,.T.);
#4017=EDGE_CURVE('',#3190,#3192,#258,.T.);
#4018=EDGE_CURVE('',#3193,#3191,#259,.T.);
#4019=EDGE_CURVE('',#3192,#3193,#1829,.T.);
#4020=EDGE_CURVE('',#3192,#3194,#260,.T.);
#4021=EDGE_CURVE('',#3195,#3193,#261,.T.);
#4022=EDGE_CURVE('',#3194,#3195,#1830,.T.);
#4023=EDGE_CURVE('',#3194,#3196,#262,.T.);
#4024=EDGE_CURVE('',#3197,#3195,#263,.T.);
#4025=EDGE_CURVE('',#3196,#3197,#1831,.T.);
#4026=EDGE_CURVE('',#3196,#3198,#264,.T.);
#4027=EDGE_CURVE('',#3199,#3197,#265,.T.);
#4028=EDGE_CURVE('',#3198,#3199,#1832,.T.);
#4029=EDGE_CURVE('',#3198,#3130,#266,.T.);
#4030=EDGE_CURVE('',#3132,#3199,#267,.T.);
#4031=EDGE_CURVE('',#3200,#3201,#1833,.T.);
#4032=EDGE_CURVE('',#3200,#3202,#1834,.T.);
#4033=EDGE_CURVE('',#3203,#3202,#1835,.T.);
#4034=EDGE_CURVE('',#3201,#3203,#1836,.T.);
#4035=EDGE_CURVE('',#3201,#3204,#1837,.T.);
#4036=EDGE_CURVE('',#3205,#3203,#1838,.T.);
#4037=EDGE_CURVE('',#3204,#3205,#1839,.T.);
#4038=EDGE_CURVE('',#3204,#3206,#1840,.T.);
#4039=EDGE_CURVE('',#3207,#3205,#1841,.T.);
#4040=EDGE_CURVE('',#3206,#3207,#1842,.T.);
#4041=EDGE_CURVE('',#3206,#3208,#1843,.T.);
#4042=EDGE_CURVE('',#3209,#3207,#1844,.T.);
#4043=EDGE_CURVE('',#3208,#3209,#1845,.T.);
#4044=EDGE_CURVE('',#3208,#3210,#1846,.T.);
#4045=EDGE_CURVE('',#3211,#3209,#1847,.T.);
#4046=EDGE_CURVE('',#3210,#3211,#1848,.T.);
#4047=EDGE_CURVE('',#3210,#3200,#1849,.T.);
#4048=EDGE_CURVE('',#3202,#3211,#1850,.T.);
#4049=EDGE_CURVE('',#3212,#3213,#2680,.T.);
#4050=EDGE_CURVE('',#3213,#3214,#1851,.T.);
#4051=EDGE_CURVE('',#3214,#3215,#2681,.T.);
#4052=EDGE_CURVE('',#3215,#3212,#1852,.T.);
#4053=EDGE_CURVE('',#3216,#3214,#1853,.T.);
#4054=EDGE_CURVE('',#3217,#3216,#2682,.T.);
#4055=EDGE_CURVE('',#3218,#3217,#1854,.T.);
#4056=EDGE_CURVE('',#3219,#3218,#2683,.T.);
#4057=EDGE_CURVE('',#3220,#3219,#1855,.T.);
#4058=EDGE_CURVE('',#3221,#3220,#2684,.T.);
#4059=EDGE_CURVE('',#3215,#3221,#1856,.T.);
#4060=EDGE_CURVE('',#3222,#3223,#2685,.T.);
#4061=EDGE_CURVE('',#3224,#3222,#1857,.T.);
#4062=EDGE_CURVE('',#3225,#3224,#2686,.T.);
#4063=EDGE_CURVE('',#3226,#3225,#1858,.T.);
#4064=EDGE_CURVE('',#3227,#3226,#2687,.T.);
#4065=EDGE_CURVE('',#3228,#3227,#1859,.T.);
#4066=EDGE_CURVE('',#3229,#3228,#2688,.T.);
#4067=EDGE_CURVE('',#3223,#3229,#1860,.T.);
#4068=EDGE_CURVE('',#3230,#3230,#2689,.T.);
#4069=EDGE_CURVE('',#3231,#3231,#2690,.T.);
#4070=EDGE_CURVE('',#3232,#3232,#2691,.T.);
#4071=EDGE_CURVE('',#3233,#3233,#2692,.T.);
#4072=EDGE_CURVE('',#3234,#3235,#2693,.T.);
#4073=EDGE_CURVE('',#3236,#3234,#1861,.T.);
#4074=EDGE_CURVE('',#3237,#3236,#2694,.T.);
#4075=EDGE_CURVE('',#3238,#3237,#1862,.T.);
#4076=EDGE_CURVE('',#3239,#3238,#2695,.T.);
#4077=EDGE_CURVE('',#3240,#3239,#1863,.T.);
#4078=EDGE_CURVE('',#3241,#3240,#2696,.T.);
#4079=EDGE_CURVE('',#3235,#3241,#1864,.T.);
#4080=EDGE_CURVE('',#3242,#3243,#2697,.T.);
#4081=EDGE_CURVE('',#3244,#3242,#1865,.T.);
#4082=EDGE_CURVE('',#3245,#3244,#2698,.T.);
#4083=EDGE_CURVE('',#3246,#3245,#1866,.T.);
#4084=EDGE_CURVE('',#3247,#3246,#2699,.T.);
#4085=EDGE_CURVE('',#3248,#3247,#1867,.T.);
#4086=EDGE_CURVE('',#3249,#3248,#2700,.T.);
#4087=EDGE_CURVE('',#3243,#3249,#1868,.T.);
#4088=EDGE_CURVE('',#3250,#3213,#1869,.T.);
#4089=EDGE_CURVE('',#3216,#3250,#1870,.T.);
#4090=EDGE_CURVE('',#3250,#3251,#2701,.T.);
#4091=EDGE_CURVE('',#3251,#3217,#1871,.T.);
#4092=EDGE_CURVE('',#3252,#3253,#2702,.T.);
#4093=EDGE_CURVE('',#3253,#3221,#1872,.T.);
#4094=EDGE_CURVE('',#3220,#3252,#1873,.T.);
#4095=EDGE_CURVE('',#3254,#3219,#1874,.T.);
#4096=EDGE_CURVE('',#3252,#3254,#1875,.T.);
#4097=EDGE_CURVE('',#3255,#3254,#2703,.T.);
#4098=EDGE_CURVE('',#3218,#3255,#1876,.T.);
#4099=EDGE_CURVE('',#3242,#3256,#1877,.T.);
#4100=EDGE_CURVE('',#3257,#3256,#1878,.T.);
#4101=EDGE_CURVE('',#3244,#3257,#1879,.T.);
#4102=EDGE_CURVE('',#3258,#3257,#2704,.T.);
#4103=EDGE_CURVE('',#3245,#3258,#1880,.T.);
#4104=EDGE_CURVE('',#3259,#3258,#1881,.T.);
#4105=EDGE_CURVE('',#3246,#3259,#1882,.T.);
#4106=EDGE_CURVE('',#3260,#3259,#2705,.T.);
#4107=EDGE_CURVE('',#3247,#3260,#1883,.T.);
#4108=EDGE_CURVE('',#3261,#3260,#1884,.T.);
#4109=EDGE_CURVE('',#3248,#3261,#1885,.T.);
#4110=EDGE_CURVE('',#3262,#3261,#2706,.T.);
#4111=EDGE_CURVE('',#3249,#3262,#1886,.T.);
#4112=EDGE_CURVE('',#3263,#3262,#1887,.T.);
#4113=EDGE_CURVE('',#3243,#3263,#1888,.T.);
#4114=EDGE_CURVE('',#3256,#3263,#2707,.T.);
#4115=EDGE_CURVE('',#3234,#3264,#1889,.T.);
#4116=EDGE_CURVE('',#3265,#3264,#1890,.T.);
#4117=EDGE_CURVE('',#3236,#3265,#1891,.T.);
#4118=EDGE_CURVE('',#3266,#3265,#2708,.T.);
#4119=EDGE_CURVE('',#3237,#3266,#1892,.T.);
#4120=EDGE_CURVE('',#3267,#3266,#1893,.T.);
#4121=EDGE_CURVE('',#3238,#3267,#1894,.T.);
#4122=EDGE_CURVE('',#3268,#3267,#2709,.T.);
#4123=EDGE_CURVE('',#3239,#3268,#1895,.T.);
#4124=EDGE_CURVE('',#3269,#3268,#1896,.T.);
#4125=EDGE_CURVE('',#3240,#3269,#1897,.T.);
#4126=EDGE_CURVE('',#3270,#3269,#2710,.T.);
#4127=EDGE_CURVE('',#3241,#3270,#1898,.T.);
#4128=EDGE_CURVE('',#3271,#3270,#1899,.T.);
#4129=EDGE_CURVE('',#3235,#3271,#1900,.T.);
#4130=EDGE_CURVE('',#3264,#3271,#2711,.T.);
#4131=EDGE_CURVE('',#3272,#3272,#2712,.T.);
#4132=EDGE_CURVE('',#3272,#3233,#1901,.T.);
#4133=EDGE_CURVE('',#3273,#3273,#2713,.T.);
#4134=EDGE_CURVE('',#3273,#3232,#1902,.T.);
#4135=EDGE_CURVE('',#3274,#3274,#2714,.T.);
#4136=EDGE_CURVE('',#3274,#3231,#1903,.T.);
#4137=EDGE_CURVE('',#3275,#3275,#2715,.T.);
#4138=EDGE_CURVE('',#3275,#3230,#1904,.T.);
#4139=EDGE_CURVE('',#3222,#3276,#1905,.T.);
#4140=EDGE_CURVE('',#3277,#3276,#1906,.T.);
#4141=EDGE_CURVE('',#3224,#3277,#1907,.T.);
#4142=EDGE_CURVE('',#3278,#3277,#2716,.T.);
#4143=EDGE_CURVE('',#3225,#3278,#1908,.T.);
#4144=EDGE_CURVE('',#3279,#3278,#1909,.T.);
#4145=EDGE_CURVE('',#3226,#3279,#1910,.T.);
#4146=EDGE_CURVE('',#3280,#3279,#2717,.T.);
#4147=EDGE_CURVE('',#3227,#3280,#1911,.T.);
#4148=EDGE_CURVE('',#3281,#3280,#1912,.T.);
#4149=EDGE_CURVE('',#3228,#3281,#1913,.T.);
#4150=EDGE_CURVE('',#3282,#3281,#2718,.T.);
#4151=EDGE_CURVE('',#3229,#3282,#1914,.T.);
#4152=EDGE_CURVE('',#3283,#3282,#1915,.T.);
#4153=EDGE_CURVE('',#3223,#3283,#1916,.T.);
#4154=EDGE_CURVE('',#3276,#3283,#2719,.T.);
#4155=EDGE_CURVE('',#3255,#3251,#1917,.T.);
#4156=EDGE_CURVE('',#3212,#3253,#1918,.T.);
#4157=EDGE_CURVE('',#3284,#3285,#2720,.T.);
#4158=EDGE_CURVE('',#3285,#3286,#268,.T.);
#4159=EDGE_CURVE('',#3287,#3286,#2721,.T.);
#4160=EDGE_CURVE('',#3287,#3284,#1919,.T.);
#4161=EDGE_CURVE('',#3286,#3288,#269,.T.);
#4162=EDGE_CURVE('',#3288,#3287,#270,.T.);
#4163=EDGE_CURVE('',#3289,#3290,#2722,.T.);
#4164=EDGE_CURVE('',#3290,#3291,#1920,.T.);
#4165=EDGE_CURVE('',#3292,#3291,#2723,.T.);
#4166=EDGE_CURVE('',#3292,#3289,#271,.T.);
#4167=EDGE_CURVE('',#3291,#3293,#272,.T.);
#4168=EDGE_CURVE('',#3293,#3292,#273,.T.);
#4169=EDGE_CURVE('',#3294,#3295,#2724,.T.);
#4170=EDGE_CURVE('',#3295,#3296,#1921,.T.);
#4171=EDGE_CURVE('',#3297,#3296,#2725,.T.);
#4172=EDGE_CURVE('',#3297,#3294,#274,.T.);
#4173=EDGE_CURVE('',#3296,#3298,#275,.T.);
#4174=EDGE_CURVE('',#3298,#3297,#276,.T.);
#4175=EDGE_CURVE('',#3299,#3300,#2726,.T.);
#4176=EDGE_CURVE('',#3300,#3301,#277,.T.);
#4177=EDGE_CURVE('',#3302,#3301,#2727,.T.);
#4178=EDGE_CURVE('',#3302,#3299,#1922,.T.);
#4179=EDGE_CURVE('',#3301,#3303,#278,.T.);
#4180=EDGE_CURVE('',#3303,#3302,#279,.T.);
#4181=EDGE_CURVE('',#3288,#3303,#2728,.T.);
#4182=EDGE_CURVE('',#3300,#3287,#2729,.T.);
#4183=EDGE_CURVE('',#3296,#3302,#2730,.T.);
#4184=EDGE_CURVE('',#3303,#3298,#2731,.T.);
#4185=EDGE_CURVE('',#3291,#3294,#2732,.T.);
#4186=EDGE_CURVE('',#3298,#3293,#2733,.T.);
#4187=EDGE_CURVE('',#3285,#3289,#2734,.T.);
#4188=EDGE_CURVE('',#3293,#3304,#2735,.T.);
#4189=EDGE_CURVE('',#3304,#3288,#2736,.T.);
#4190=EDGE_CURVE('',#3289,#3305,#1923,.T.);
#4191=EDGE_CURVE('',#3305,#3306,#2737,.F.);
#4192=EDGE_CURVE('',#3306,#3290,#1924,.T.);
#4193=EDGE_CURVE('',#3307,#3285,#1925,.T.);
#4194=EDGE_CURVE('',#3305,#3307,#1926,.T.);
#4195=EDGE_CURVE('',#3284,#3308,#1927,.T.);
#4196=EDGE_CURVE('',#3308,#3307,#2738,.F.);
#4197=EDGE_CURVE('',#3309,#3300,#1928,.T.);
#4198=EDGE_CURVE('',#3308,#3309,#1929,.T.);
#4199=EDGE_CURVE('',#3299,#3310,#1930,.T.);
#4200=EDGE_CURVE('',#3310,#3309,#2739,.F.);
#4201=EDGE_CURVE('',#3311,#3304,#2740,.T.);
#4202=EDGE_CURVE('',#3312,#3313,#1931,.T.);
#4203=EDGE_CURVE('',#3313,#3314,#1932,.T.);
#4204=EDGE_CURVE('',#3315,#3314,#1933,.T.);
#4205=EDGE_CURVE('',#3312,#3315,#1934,.T.);
#4206=EDGE_CURVE('',#3316,#3312,#1935,.T.);
#4207=EDGE_CURVE('',#3317,#3315,#1936,.T.);
#4208=EDGE_CURVE('',#3316,#3317,#1937,.T.);
#4209=EDGE_CURVE('',#3318,#3316,#1938,.T.);
#4210=EDGE_CURVE('',#3319,#3317,#1939,.T.);
#4211=EDGE_CURVE('',#3318,#3319,#1940,.T.);
#4212=EDGE_CURVE('',#3313,#3318,#1941,.T.);
#4213=EDGE_CURVE('',#3314,#3319,#1942,.T.);
#4214=EDGE_CURVE('',#3320,#3321,#1943,.T.);
#4215=EDGE_CURVE('',#3318,#3321,#1944,.T.);
#4216=EDGE_CURVE('',#3313,#3320,#1945,.T.);
#4217=EDGE_CURVE('',#3321,#3322,#1946,.T.);
#4218=EDGE_CURVE('',#3316,#3322,#1947,.T.);
#4219=EDGE_CURVE('',#3322,#3323,#1948,.T.);
#4220=EDGE_CURVE('',#3312,#3323,#1949,.T.);
#4221=EDGE_CURVE('',#3323,#3320,#1950,.T.);
#4222=EDGE_CURVE('',#3324,#3325,#1951,.T.);
#4223=EDGE_CURVE('',#3326,#3324,#1952,.T.);
#4224=EDGE_CURVE('',#3327,#3326,#1953,.T.);
#4225=EDGE_CURVE('',#3327,#3325,#1954,.T.);
#4226=EDGE_CURVE('',#3325,#3328,#1955,.T.);
#4227=EDGE_CURVE('',#3329,#3327,#1956,.T.);
#4228=EDGE_CURVE('',#3329,#3328,#1957,.T.);
#4229=EDGE_CURVE('',#3328,#3330,#1958,.T.);
#4230=EDGE_CURVE('',#3331,#3329,#1959,.T.);
#4231=EDGE_CURVE('',#3331,#3330,#1960,.T.);
#4232=EDGE_CURVE('',#3330,#3324,#1961,.T.);
#4233=EDGE_CURVE('',#3326,#3331,#1962,.T.);
#4234=EDGE_CURVE('',#3332,#3333,#1963,.T.);
#4235=EDGE_CURVE('',#3334,#3332,#1964,.T.);
#4236=EDGE_CURVE('',#3335,#3334,#1965,.T.);
#4237=EDGE_CURVE('',#3333,#3335,#1966,.T.);
#4238=EDGE_CURVE('',#3335,#3305,#2741,.F.);
#4239=EDGE_CURVE('',#3306,#3335,#2742,.F.);
#4240=EDGE_CURVE('',#3333,#3308,#2743,.F.);
#4241=EDGE_CURVE('',#3307,#3333,#2744,.F.);
#4242=EDGE_CURVE('',#3334,#3336,#2745,.F.);
#4243=EDGE_CURVE('',#3337,#3334,#2746,.F.);
#4244=EDGE_CURVE('',#3336,#3337,#2747,.F.);
#4245=EDGE_CURVE('',#3332,#3310,#2748,.F.);
#4246=EDGE_CURVE('',#3309,#3332,#2749,.F.);
#4247=EDGE_CURVE('',#3294,#3336,#1967,.T.);
#4248=EDGE_CURVE('',#3337,#3295,#1968,.T.);
#4249=EDGE_CURVE('',#3310,#3337,#1969,.T.);
#4250=EDGE_CURVE('',#3336,#3306,#1970,.T.);
#4251=EDGE_CURVE('',#3338,#3339,#2750,.T.);
#4252=EDGE_CURVE('',#3339,#3340,#280,.T.);
#4253=EDGE_CURVE('',#3341,#3340,#2751,.T.);
#4254=EDGE_CURVE('',#3341,#3338,#1971,.T.);
#4255=EDGE_CURVE('',#3340,#3342,#281,.T.);
#4256=EDGE_CURVE('',#3342,#3341,#282,.T.);
#4257=EDGE_CURVE('',#3343,#3344,#2752,.T.);
#4258=EDGE_CURVE('',#3344,#3345,#1972,.T.);
#4259=EDGE_CURVE('',#3346,#3345,#2753,.T.);
#4260=EDGE_CURVE('',#3346,#3343,#283,.T.);
#4261=EDGE_CURVE('',#3345,#3347,#284,.T.);
#4262=EDGE_CURVE('',#3347,#3346,#285,.T.);
#4263=EDGE_CURVE('',#3348,#3349,#2754,.T.);
#4264=EDGE_CURVE('',#3349,#3350,#1973,.T.);
#4265=EDGE_CURVE('',#3351,#3350,#2755,.T.);
#4266=EDGE_CURVE('',#3351,#3348,#286,.T.);
#4267=EDGE_CURVE('',#3350,#3352,#287,.T.);
#4268=EDGE_CURVE('',#3352,#3351,#288,.T.);
#4269=EDGE_CURVE('',#3353,#3354,#2756,.T.);
#4270=EDGE_CURVE('',#3354,#3355,#289,.T.);
#4271=EDGE_CURVE('',#3356,#3355,#2757,.T.);
#4272=EDGE_CURVE('',#3356,#3353,#1974,.T.);
#4273=EDGE_CURVE('',#3355,#3357,#290,.T.);
#4274=EDGE_CURVE('',#3357,#3356,#291,.T.);
#4275=EDGE_CURVE('',#3342,#3357,#2758,.T.);
#4276=EDGE_CURVE('',#3354,#3341,#2759,.T.);
#4277=EDGE_CURVE('',#3350,#3356,#2760,.T.);
#4278=EDGE_CURVE('',#3357,#3352,#2761,.T.);
#4279=EDGE_CURVE('',#3345,#3348,#2762,.T.);
#4280=EDGE_CURVE('',#3352,#3347,#2763,.T.);
#4281=EDGE_CURVE('',#3339,#3343,#2764,.T.);
#4282=EDGE_CURVE('',#3347,#3358,#2765,.T.);
#4283=EDGE_CURVE('',#3358,#3342,#2766,.T.);
#4284=EDGE_CURVE('',#3343,#3359,#1975,.T.);
#4285=EDGE_CURVE('',#3359,#3360,#2767,.F.);
#4286=EDGE_CURVE('',#3360,#3344,#1976,.T.);
#4287=EDGE_CURVE('',#3361,#3339,#1977,.T.);
#4288=EDGE_CURVE('',#3359,#3361,#1978,.T.);
#4289=EDGE_CURVE('',#3338,#3362,#1979,.T.);
#4290=EDGE_CURVE('',#3362,#3361,#2768,.F.);
#4291=EDGE_CURVE('',#3363,#3354,#1980,.T.);
#4292=EDGE_CURVE('',#3362,#3363,#1981,.T.);
#4293=EDGE_CURVE('',#3353,#3364,#1982,.T.);
#4294=EDGE_CURVE('',#3364,#3363,#2769,.F.);
#4295=EDGE_CURVE('',#3365,#3358,#2770,.T.);
#4296=EDGE_CURVE('',#3366,#3367,#1983,.T.);
#4297=EDGE_CURVE('',#3367,#3368,#1984,.T.);
#4298=EDGE_CURVE('',#3369,#3368,#1985,.T.);
#4299=EDGE_CURVE('',#3366,#3369,#1986,.T.);
#4300=EDGE_CURVE('',#3370,#3366,#1987,.T.);
#4301=EDGE_CURVE('',#3371,#3369,#1988,.T.);
#4302=EDGE_CURVE('',#3370,#3371,#1989,.T.);
#4303=EDGE_CURVE('',#3372,#3370,#1990,.T.);
#4304=EDGE_CURVE('',#3373,#3371,#1991,.T.);
#4305=EDGE_CURVE('',#3372,#3373,#1992,.T.);
#4306=EDGE_CURVE('',#3367,#3372,#1993,.T.);
#4307=EDGE_CURVE('',#3368,#3373,#1994,.T.);
#4308=EDGE_CURVE('',#3374,#3375,#1995,.T.);
#4309=EDGE_CURVE('',#3372,#3375,#1996,.T.);
#4310=EDGE_CURVE('',#3367,#3374,#1997,.T.);
#4311=EDGE_CURVE('',#3375,#3376,#1998,.T.);
#4312=EDGE_CURVE('',#3370,#3376,#1999,.T.);
#4313=EDGE_CURVE('',#3376,#3377,#2000,.T.);
#4314=EDGE_CURVE('',#3366,#3377,#2001,.T.);
#4315=EDGE_CURVE('',#3377,#3374,#2002,.T.);
#4316=EDGE_CURVE('',#3378,#3379,#2003,.T.);
#4317=EDGE_CURVE('',#3380,#3378,#2004,.T.);
#4318=EDGE_CURVE('',#3381,#3380,#2005,.T.);
#4319=EDGE_CURVE('',#3381,#3379,#2006,.T.);
#4320=EDGE_CURVE('',#3379,#3382,#2007,.T.);
#4321=EDGE_CURVE('',#3383,#3381,#2008,.T.);
#4322=EDGE_CURVE('',#3383,#3382,#2009,.T.);
#4323=EDGE_CURVE('',#3382,#3384,#2010,.T.);
#4324=EDGE_CURVE('',#3385,#3383,#2011,.T.);
#4325=EDGE_CURVE('',#3385,#3384,#2012,.T.);
#4326=EDGE_CURVE('',#3384,#3378,#2013,.T.);
#4327=EDGE_CURVE('',#3380,#3385,#2014,.T.);
#4328=EDGE_CURVE('',#3386,#3387,#2015,.T.);
#4329=EDGE_CURVE('',#3388,#3386,#2016,.T.);
#4330=EDGE_CURVE('',#3389,#3388,#2017,.T.);
#4331=EDGE_CURVE('',#3387,#3389,#2018,.T.);
#4332=EDGE_CURVE('',#3389,#3359,#2771,.F.);
#4333=EDGE_CURVE('',#3360,#3389,#2772,.F.);
#4334=EDGE_CURVE('',#3387,#3362,#2773,.F.);
#4335=EDGE_CURVE('',#3361,#3387,#2774,.F.);
#4336=EDGE_CURVE('',#3388,#3390,#2775,.F.);
#4337=EDGE_CURVE('',#3391,#3388,#2776,.F.);
#4338=EDGE_CURVE('',#3390,#3391,#2777,.F.);
#4339=EDGE_CURVE('',#3386,#3364,#2778,.F.);
#4340=EDGE_CURVE('',#3363,#3386,#2779,.F.);
#4341=EDGE_CURVE('',#3348,#3390,#2019,.T.);
#4342=EDGE_CURVE('',#3391,#3349,#2020,.T.);
#4343=EDGE_CURVE('',#3364,#3391,#2021,.T.);
#4344=EDGE_CURVE('',#3390,#3360,#2022,.T.);
#4345=EDGE_CURVE('',#3392,#3393,#2780,.T.);
#4346=EDGE_CURVE('',#3393,#3394,#292,.T.);
#4347=EDGE_CURVE('',#3395,#3394,#2781,.T.);
#4348=EDGE_CURVE('',#3395,#3392,#2023,.T.);
#4349=EDGE_CURVE('',#3394,#3396,#293,.T.);
#4350=EDGE_CURVE('',#3396,#3395,#294,.T.);
#4351=EDGE_CURVE('',#3397,#3398,#2782,.T.);
#4352=EDGE_CURVE('',#3398,#3399,#2024,.T.);
#4353=EDGE_CURVE('',#3400,#3399,#2783,.T.);
#4354=EDGE_CURVE('',#3400,#3397,#295,.T.);
#4355=EDGE_CURVE('',#3399,#3401,#296,.T.);
#4356=EDGE_CURVE('',#3401,#3400,#297,.T.);
#4357=EDGE_CURVE('',#3402,#3403,#2784,.T.);
#4358=EDGE_CURVE('',#3403,#3404,#2025,.T.);
#4359=EDGE_CURVE('',#3405,#3404,#2785,.T.);
#4360=EDGE_CURVE('',#3405,#3402,#298,.T.);
#4361=EDGE_CURVE('',#3404,#3406,#299,.T.);
#4362=EDGE_CURVE('',#3406,#3405,#300,.T.);
#4363=EDGE_CURVE('',#3407,#3408,#2786,.T.);
#4364=EDGE_CURVE('',#3408,#3409,#301,.T.);
#4365=EDGE_CURVE('',#3410,#3409,#2787,.T.);
#4366=EDGE_CURVE('',#3410,#3407,#2026,.T.);
#4367=EDGE_CURVE('',#3409,#3411,#302,.T.);
#4368=EDGE_CURVE('',#3411,#3410,#303,.T.);
#4369=EDGE_CURVE('',#3396,#3411,#2788,.T.);
#4370=EDGE_CURVE('',#3408,#3395,#2789,.T.);
#4371=EDGE_CURVE('',#3404,#3410,#2790,.T.);
#4372=EDGE_CURVE('',#3411,#3406,#2791,.T.);
#4373=EDGE_CURVE('',#3399,#3402,#2792,.T.);
#4374=EDGE_CURVE('',#3406,#3401,#2793,.T.);
#4375=EDGE_CURVE('',#3393,#3397,#2794,.T.);
#4376=EDGE_CURVE('',#3401,#3412,#2795,.T.);
#4377=EDGE_CURVE('',#3412,#3396,#2796,.T.);
#4378=EDGE_CURVE('',#3397,#3413,#2027,.T.);
#4379=EDGE_CURVE('',#3413,#3414,#2797,.F.);
#4380=EDGE_CURVE('',#3414,#3398,#2028,.T.);
#4381=EDGE_CURVE('',#3415,#3393,#2029,.T.);
#4382=EDGE_CURVE('',#3413,#3415,#2030,.T.);
#4383=EDGE_CURVE('',#3392,#3416,#2031,.T.);
#4384=EDGE_CURVE('',#3416,#3415,#2798,.F.);
#4385=EDGE_CURVE('',#3417,#3408,#2032,.T.);
#4386=EDGE_CURVE('',#3416,#3417,#2033,.T.);
#4387=EDGE_CURVE('',#3407,#3418,#2034,.T.);
#4388=EDGE_CURVE('',#3418,#3417,#2799,.F.);
#4389=EDGE_CURVE('',#3419,#3412,#2800,.T.);
#4390=EDGE_CURVE('',#3420,#3421,#2035,.T.);
#4391=EDGE_CURVE('',#3421,#3422,#2036,.T.);
#4392=EDGE_CURVE('',#3423,#3422,#2037,.T.);
#4393=EDGE_CURVE('',#3420,#3423,#2038,.T.);
#4394=EDGE_CURVE('',#3424,#3420,#2039,.T.);
#4395=EDGE_CURVE('',#3425,#3423,#2040,.T.);
#4396=EDGE_CURVE('',#3424,#3425,#2041,.T.);
#4397=EDGE_CURVE('',#3426,#3424,#2042,.T.);
#4398=EDGE_CURVE('',#3427,#3425,#2043,.T.);
#4399=EDGE_CURVE('',#3426,#3427,#2044,.T.);
#4400=EDGE_CURVE('',#3421,#3426,#2045,.T.);
#4401=EDGE_CURVE('',#3422,#3427,#2046,.T.);
#4402=EDGE_CURVE('',#3428,#3429,#2047,.T.);
#4403=EDGE_CURVE('',#3426,#3429,#2048,.T.);
#4404=EDGE_CURVE('',#3421,#3428,#2049,.T.);
#4405=EDGE_CURVE('',#3429,#3430,#2050,.T.);
#4406=EDGE_CURVE('',#3424,#3430,#2051,.T.);
#4407=EDGE_CURVE('',#3430,#3431,#2052,.T.);
#4408=EDGE_CURVE('',#3420,#3431,#2053,.T.);
#4409=EDGE_CURVE('',#3431,#3428,#2054,.T.);
#4410=EDGE_CURVE('',#3432,#3433,#2055,.T.);
#4411=EDGE_CURVE('',#3434,#3432,#2056,.T.);
#4412=EDGE_CURVE('',#3435,#3434,#2057,.T.);
#4413=EDGE_CURVE('',#3435,#3433,#2058,.T.);
#4414=EDGE_CURVE('',#3433,#3436,#2059,.T.);
#4415=EDGE_CURVE('',#3437,#3435,#2060,.T.);
#4416=EDGE_CURVE('',#3437,#3436,#2061,.T.);
#4417=EDGE_CURVE('',#3436,#3438,#2062,.T.);
#4418=EDGE_CURVE('',#3439,#3437,#2063,.T.);
#4419=EDGE_CURVE('',#3439,#3438,#2064,.T.);
#4420=EDGE_CURVE('',#3438,#3432,#2065,.T.);
#4421=EDGE_CURVE('',#3434,#3439,#2066,.T.);
#4422=EDGE_CURVE('',#3440,#3441,#2067,.T.);
#4423=EDGE_CURVE('',#3442,#3440,#2068,.T.);
#4424=EDGE_CURVE('',#3443,#3442,#2069,.T.);
#4425=EDGE_CURVE('',#3441,#3443,#2070,.T.);
#4426=EDGE_CURVE('',#3443,#3413,#2801,.F.);
#4427=EDGE_CURVE('',#3414,#3443,#2802,.F.);
#4428=EDGE_CURVE('',#3441,#3416,#2803,.F.);
#4429=EDGE_CURVE('',#3415,#3441,#2804,.F.);
#4430=EDGE_CURVE('',#3442,#3444,#2805,.F.);
#4431=EDGE_CURVE('',#3445,#3442,#2806,.F.);
#4432=EDGE_CURVE('',#3444,#3445,#2807,.F.);
#4433=EDGE_CURVE('',#3440,#3418,#2808,.F.);
#4434=EDGE_CURVE('',#3417,#3440,#2809,.F.);
#4435=EDGE_CURVE('',#3402,#3444,#2071,.T.);
#4436=EDGE_CURVE('',#3445,#3403,#2072,.T.);
#4437=EDGE_CURVE('',#3418,#3445,#2073,.T.);
#4438=EDGE_CURVE('',#3444,#3414,#2074,.T.);
#4439=ORIENTED_EDGE('',*,*,#3446,.T.);
#4440=ORIENTED_EDGE('',*,*,#3447,.T.);
#4441=ORIENTED_EDGE('',*,*,#3448,.T.);
#4442=ORIENTED_EDGE('',*,*,#3449,.T.);
#4443=ORIENTED_EDGE('',*,*,#3447,.F.);
#4444=ORIENTED_EDGE('',*,*,#3450,.F.);
#4445=ORIENTED_EDGE('',*,*,#3451,.F.);
#4446=ORIENTED_EDGE('',*,*,#3452,.T.);
#4447=ORIENTED_EDGE('',*,*,#3446,.F.);
#4448=ORIENTED_EDGE('',*,*,#3453,.T.);
#4449=ORIENTED_EDGE('',*,*,#3454,.T.);
#4450=ORIENTED_EDGE('',*,*,#3455,.T.);
#4451=ORIENTED_EDGE('',*,*,#3456,.T.);
#4452=ORIENTED_EDGE('',*,*,#3457,.T.);
#4453=ORIENTED_EDGE('',*,*,#3458,.T.);
#4454=ORIENTED_EDGE('',*,*,#3459,.T.);
#4455=ORIENTED_EDGE('',*,*,#3460,.T.);
#4456=ORIENTED_EDGE('',*,*,#3461,.T.);
#4457=ORIENTED_EDGE('',*,*,#3462,.F.);
#4458=ORIENTED_EDGE('',*,*,#3463,.T.);
#4459=ORIENTED_EDGE('',*,*,#3464,.F.);
#4460=ORIENTED_EDGE('',*,*,#3465,.T.);
#4461=ORIENTED_EDGE('',*,*,#3466,.F.);
#4462=ORIENTED_EDGE('',*,*,#3450,.T.);
#4463=ORIENTED_EDGE('',*,*,#3467,.T.);
#4464=ORIENTED_EDGE('',*,*,#3468,.T.);
#4465=ORIENTED_EDGE('',*,*,#3469,.T.);
#4466=ORIENTED_EDGE('',*,*,#3470,.T.);
#4467=ORIENTED_EDGE('',*,*,#3466,.T.);
#4468=ORIENTED_EDGE('',*,*,#3471,.T.);
#4469=ORIENTED_EDGE('',*,*,#3472,.T.);
#4470=ORIENTED_EDGE('',*,*,#3451,.T.);
#4471=ORIENTED_EDGE('',*,*,#3471,.F.);
#4472=ORIENTED_EDGE('',*,*,#3465,.F.);
#4473=ORIENTED_EDGE('',*,*,#3473,.F.);
#4474=ORIENTED_EDGE('',*,*,#3474,.T.);
#4475=ORIENTED_EDGE('',*,*,#3462,.T.);
#4476=ORIENTED_EDGE('',*,*,#3475,.T.);
#4477=ORIENTED_EDGE('',*,*,#3476,.T.);
#4478=ORIENTED_EDGE('',*,*,#3477,.T.);
#4479=ORIENTED_EDGE('',*,*,#3477,.F.);
#4480=ORIENTED_EDGE('',*,*,#3478,.T.);
#4481=ORIENTED_EDGE('',*,*,#3479,.F.);
#4482=ORIENTED_EDGE('',*,*,#3463,.F.);
#4483=ORIENTED_EDGE('',*,*,#3464,.T.);
#4484=ORIENTED_EDGE('',*,*,#3479,.T.);
#4485=ORIENTED_EDGE('',*,*,#3480,.T.);
#4486=ORIENTED_EDGE('',*,*,#3473,.T.);
#4487=ORIENTED_EDGE('',*,*,#3481,.F.);
#4488=ORIENTED_EDGE('',*,*,#3482,.T.);
#4489=ORIENTED_EDGE('',*,*,#3483,.F.);
#4490=ORIENTED_EDGE('',*,*,#3454,.F.);
#4491=ORIENTED_EDGE('',*,*,#3484,.F.);
#4492=ORIENTED_EDGE('',*,*,#3485,.T.);
#4493=ORIENTED_EDGE('',*,*,#3486,.F.);
#4494=ORIENTED_EDGE('',*,*,#3482,.F.);
#4495=ORIENTED_EDGE('',*,*,#3487,.F.);
#4496=ORIENTED_EDGE('',*,*,#3460,.F.);
#4497=ORIENTED_EDGE('',*,*,#3488,.F.);
#4498=ORIENTED_EDGE('',*,*,#3485,.F.);
#4499=ORIENTED_EDGE('',*,*,#3449,.F.);
#4500=ORIENTED_EDGE('',*,*,#3489,.T.);
#4501=ORIENTED_EDGE('',*,*,#3475,.F.);
#4502=ORIENTED_EDGE('',*,*,#3461,.F.);
#4503=ORIENTED_EDGE('',*,*,#3487,.T.);
#4504=ORIENTED_EDGE('',*,*,#3484,.T.);
#4505=ORIENTED_EDGE('',*,*,#3481,.T.);
#4506=ORIENTED_EDGE('',*,*,#3453,.F.);
#4507=ORIENTED_EDGE('',*,*,#3488,.T.);
#4508=ORIENTED_EDGE('',*,*,#3459,.F.);
#4509=ORIENTED_EDGE('',*,*,#3490,.F.);
#4510=ORIENTED_EDGE('',*,*,#3491,.F.);
#4511=ORIENTED_EDGE('',*,*,#3492,.T.);
#4512=ORIENTED_EDGE('',*,*,#3455,.F.);
#4513=ORIENTED_EDGE('',*,*,#3483,.T.);
#4514=ORIENTED_EDGE('',*,*,#3486,.T.);
#4515=ORIENTED_EDGE('',*,*,#3493,.F.);
#4516=ORIENTED_EDGE('',*,*,#3494,.T.);
#4517=ORIENTED_EDGE('',*,*,#3456,.F.);
#4518=ORIENTED_EDGE('',*,*,#3492,.F.);
#4519=ORIENTED_EDGE('',*,*,#3495,.F.);
#4520=ORIENTED_EDGE('',*,*,#3490,.T.);
#4521=ORIENTED_EDGE('',*,*,#3458,.F.);
#4522=ORIENTED_EDGE('',*,*,#3496,.F.);
#4523=ORIENTED_EDGE('',*,*,#3497,.F.);
#4524=ORIENTED_EDGE('',*,*,#3496,.T.);
#4525=ORIENTED_EDGE('',*,*,#3457,.F.);
#4526=ORIENTED_EDGE('',*,*,#3494,.F.);
#4527=ORIENTED_EDGE('',*,*,#3468,.F.);
#4528=ORIENTED_EDGE('',*,*,#3498,.T.);
#4529=ORIENTED_EDGE('',*,*,#3499,.T.);
#4530=ORIENTED_EDGE('',*,*,#3498,.F.);
#4531=ORIENTED_EDGE('',*,*,#3467,.F.);
#4532=ORIENTED_EDGE('',*,*,#3500,.T.);
#4533=ORIENTED_EDGE('',*,*,#3501,.T.);
#4534=ORIENTED_EDGE('',*,*,#3500,.F.);
#4535=ORIENTED_EDGE('',*,*,#3470,.F.);
#4536=ORIENTED_EDGE('',*,*,#3502,.T.);
#4537=ORIENTED_EDGE('',*,*,#3503,.T.);
#4538=ORIENTED_EDGE('',*,*,#3502,.F.);
#4539=ORIENTED_EDGE('',*,*,#3469,.F.);
#4540=ORIENTED_EDGE('',*,*,#3504,.T.);
#4541=ORIENTED_EDGE('',*,*,#3505,.T.);
#4542=ORIENTED_EDGE('',*,*,#3504,.F.);
#4543=ORIENTED_EDGE('',*,*,#3493,.T.);
#4544=ORIENTED_EDGE('',*,*,#3491,.T.);
#4545=ORIENTED_EDGE('',*,*,#3495,.T.);
#4546=ORIENTED_EDGE('',*,*,#3497,.T.);
#4547=ORIENTED_EDGE('',*,*,#3448,.F.);
#4548=ORIENTED_EDGE('',*,*,#3452,.F.);
#4549=ORIENTED_EDGE('',*,*,#3472,.F.);
#4550=ORIENTED_EDGE('',*,*,#3474,.F.);
#4551=ORIENTED_EDGE('',*,*,#3480,.F.);
#4552=ORIENTED_EDGE('',*,*,#3478,.F.);
#4553=ORIENTED_EDGE('',*,*,#3476,.F.);
#4554=ORIENTED_EDGE('',*,*,#3489,.F.);
#4555=ORIENTED_EDGE('',*,*,#3505,.F.);
#4556=ORIENTED_EDGE('',*,*,#3503,.F.);
#4557=ORIENTED_EDGE('',*,*,#3501,.F.);
#4558=ORIENTED_EDGE('',*,*,#3499,.F.);
#4559=ORIENTED_EDGE('',*,*,#3506,.F.);
#4560=ORIENTED_EDGE('',*,*,#3507,.T.);
#4561=ORIENTED_EDGE('',*,*,#3508,.F.);
#4562=ORIENTED_EDGE('',*,*,#3509,.F.);
#4563=ORIENTED_EDGE('',*,*,#3510,.F.);
#4564=ORIENTED_EDGE('',*,*,#3509,.T.);
#4565=ORIENTED_EDGE('',*,*,#3511,.F.);
#4566=ORIENTED_EDGE('',*,*,#3512,.F.);
#4567=ORIENTED_EDGE('',*,*,#3513,.F.);
#4568=ORIENTED_EDGE('',*,*,#3512,.T.);
#4569=ORIENTED_EDGE('',*,*,#3514,.F.);
#4570=ORIENTED_EDGE('',*,*,#3515,.F.);
#4571=ORIENTED_EDGE('',*,*,#3516,.F.);
#4572=ORIENTED_EDGE('',*,*,#3515,.T.);
#4573=ORIENTED_EDGE('',*,*,#3517,.F.);
#4574=ORIENTED_EDGE('',*,*,#3518,.F.);
#4575=ORIENTED_EDGE('',*,*,#3519,.F.);
#4576=ORIENTED_EDGE('',*,*,#3518,.T.);
#4577=ORIENTED_EDGE('',*,*,#3520,.F.);
#4578=ORIENTED_EDGE('',*,*,#3507,.F.);
#4579=ORIENTED_EDGE('',*,*,#3521,.F.);
#4580=ORIENTED_EDGE('',*,*,#3522,.T.);
#4581=ORIENTED_EDGE('',*,*,#3523,.F.);
#4582=ORIENTED_EDGE('',*,*,#3524,.F.);
#4583=ORIENTED_EDGE('',*,*,#3525,.F.);
#4584=ORIENTED_EDGE('',*,*,#3524,.T.);
#4585=ORIENTED_EDGE('',*,*,#3526,.F.);
#4586=ORIENTED_EDGE('',*,*,#3527,.F.);
#4587=ORIENTED_EDGE('',*,*,#3528,.F.);
#4588=ORIENTED_EDGE('',*,*,#3527,.T.);
#4589=ORIENTED_EDGE('',*,*,#3529,.F.);
#4590=ORIENTED_EDGE('',*,*,#3530,.F.);
#4591=ORIENTED_EDGE('',*,*,#3531,.F.);
#4592=ORIENTED_EDGE('',*,*,#3530,.T.);
#4593=ORIENTED_EDGE('',*,*,#3532,.F.);
#4594=ORIENTED_EDGE('',*,*,#3533,.F.);
#4595=ORIENTED_EDGE('',*,*,#3534,.F.);
#4596=ORIENTED_EDGE('',*,*,#3533,.T.);
#4597=ORIENTED_EDGE('',*,*,#3535,.F.);
#4598=ORIENTED_EDGE('',*,*,#3536,.F.);
#4599=ORIENTED_EDGE('',*,*,#3537,.F.);
#4600=ORIENTED_EDGE('',*,*,#3536,.T.);
#4601=ORIENTED_EDGE('',*,*,#3538,.F.);
#4602=ORIENTED_EDGE('',*,*,#3539,.F.);
#4603=ORIENTED_EDGE('',*,*,#3540,.F.);
#4604=ORIENTED_EDGE('',*,*,#3539,.T.);
#4605=ORIENTED_EDGE('',*,*,#3541,.F.);
#4606=ORIENTED_EDGE('',*,*,#3542,.F.);
#4607=ORIENTED_EDGE('',*,*,#3543,.F.);
#4608=ORIENTED_EDGE('',*,*,#3542,.T.);
#4609=ORIENTED_EDGE('',*,*,#3544,.F.);
#4610=ORIENTED_EDGE('',*,*,#3522,.F.);
#4611=ORIENTED_EDGE('',*,*,#3544,.T.);
#4612=ORIENTED_EDGE('',*,*,#3541,.T.);
#4613=ORIENTED_EDGE('',*,*,#3538,.T.);
#4614=ORIENTED_EDGE('',*,*,#3535,.T.);
#4615=ORIENTED_EDGE('',*,*,#3532,.T.);
#4616=ORIENTED_EDGE('',*,*,#3529,.T.);
#4617=ORIENTED_EDGE('',*,*,#3526,.T.);
#4618=ORIENTED_EDGE('',*,*,#3523,.T.);
#4619=ORIENTED_EDGE('',*,*,#3520,.T.);
#4620=ORIENTED_EDGE('',*,*,#3517,.T.);
#4621=ORIENTED_EDGE('',*,*,#3514,.T.);
#4622=ORIENTED_EDGE('',*,*,#3511,.T.);
#4623=ORIENTED_EDGE('',*,*,#3508,.T.);
#4624=ORIENTED_EDGE('',*,*,#3506,.T.);
#4625=ORIENTED_EDGE('',*,*,#3510,.T.);
#4626=ORIENTED_EDGE('',*,*,#3513,.T.);
#4627=ORIENTED_EDGE('',*,*,#3516,.T.);
#4628=ORIENTED_EDGE('',*,*,#3519,.T.);
#4629=ORIENTED_EDGE('',*,*,#3545,.F.);
#4630=ORIENTED_EDGE('',*,*,#3546,.T.);
#4631=ORIENTED_EDGE('',*,*,#3547,.F.);
#4632=ORIENTED_EDGE('',*,*,#3548,.F.);
#4633=ORIENTED_EDGE('',*,*,#3549,.F.);
#4634=ORIENTED_EDGE('',*,*,#3548,.T.);
#4635=ORIENTED_EDGE('',*,*,#3550,.F.);
#4636=ORIENTED_EDGE('',*,*,#3551,.F.);
#4637=ORIENTED_EDGE('',*,*,#3552,.F.);
#4638=ORIENTED_EDGE('',*,*,#3551,.T.);
#4639=ORIENTED_EDGE('',*,*,#3553,.F.);
#4640=ORIENTED_EDGE('',*,*,#3554,.F.);
#4641=ORIENTED_EDGE('',*,*,#3555,.F.);
#4642=ORIENTED_EDGE('',*,*,#3554,.T.);
#4643=ORIENTED_EDGE('',*,*,#3556,.F.);
#4644=ORIENTED_EDGE('',*,*,#3557,.F.);
#4645=ORIENTED_EDGE('',*,*,#3558,.F.);
#4646=ORIENTED_EDGE('',*,*,#3557,.T.);
#4647=ORIENTED_EDGE('',*,*,#3559,.F.);
#4648=ORIENTED_EDGE('',*,*,#3560,.F.);
#4649=ORIENTED_EDGE('',*,*,#3561,.F.);
#4650=ORIENTED_EDGE('',*,*,#3560,.T.);
#4651=ORIENTED_EDGE('',*,*,#3562,.F.);
#4652=ORIENTED_EDGE('',*,*,#3563,.F.);
#4653=ORIENTED_EDGE('',*,*,#3564,.F.);
#4654=ORIENTED_EDGE('',*,*,#3563,.T.);
#4655=ORIENTED_EDGE('',*,*,#3565,.F.);
#4656=ORIENTED_EDGE('',*,*,#3566,.F.);
#4657=ORIENTED_EDGE('',*,*,#3567,.F.);
#4658=ORIENTED_EDGE('',*,*,#3566,.T.);
#4659=ORIENTED_EDGE('',*,*,#3568,.F.);
#4660=ORIENTED_EDGE('',*,*,#3569,.F.);
#4661=ORIENTED_EDGE('',*,*,#3570,.F.);
#4662=ORIENTED_EDGE('',*,*,#3569,.T.);
#4663=ORIENTED_EDGE('',*,*,#3571,.F.);
#4664=ORIENTED_EDGE('',*,*,#3572,.F.);
#4665=ORIENTED_EDGE('',*,*,#3573,.F.);
#4666=ORIENTED_EDGE('',*,*,#3572,.T.);
#4667=ORIENTED_EDGE('',*,*,#3574,.F.);
#4668=ORIENTED_EDGE('',*,*,#3575,.F.);
#4669=ORIENTED_EDGE('',*,*,#3576,.F.);
#4670=ORIENTED_EDGE('',*,*,#3575,.T.);
#4671=ORIENTED_EDGE('',*,*,#3577,.F.);
#4672=ORIENTED_EDGE('',*,*,#3578,.F.);
#4673=ORIENTED_EDGE('',*,*,#3579,.F.);
#4674=ORIENTED_EDGE('',*,*,#3578,.T.);
#4675=ORIENTED_EDGE('',*,*,#3580,.F.);
#4676=ORIENTED_EDGE('',*,*,#3581,.F.);
#4677=ORIENTED_EDGE('',*,*,#3582,.F.);
#4678=ORIENTED_EDGE('',*,*,#3581,.T.);
#4679=ORIENTED_EDGE('',*,*,#3583,.F.);
#4680=ORIENTED_EDGE('',*,*,#3584,.F.);
#4681=ORIENTED_EDGE('',*,*,#3585,.F.);
#4682=ORIENTED_EDGE('',*,*,#3584,.T.);
#4683=ORIENTED_EDGE('',*,*,#3586,.F.);
#4684=ORIENTED_EDGE('',*,*,#3587,.F.);
#4685=ORIENTED_EDGE('',*,*,#3588,.F.);
#4686=ORIENTED_EDGE('',*,*,#3587,.T.);
#4687=ORIENTED_EDGE('',*,*,#3589,.F.);
#4688=ORIENTED_EDGE('',*,*,#3590,.F.);
#4689=ORIENTED_EDGE('',*,*,#3591,.F.);
#4690=ORIENTED_EDGE('',*,*,#3590,.T.);
#4691=ORIENTED_EDGE('',*,*,#3592,.F.);
#4692=ORIENTED_EDGE('',*,*,#3593,.F.);
#4693=ORIENTED_EDGE('',*,*,#3594,.F.);
#4694=ORIENTED_EDGE('',*,*,#3593,.T.);
#4695=ORIENTED_EDGE('',*,*,#3595,.F.);
#4696=ORIENTED_EDGE('',*,*,#3596,.F.);
#4697=ORIENTED_EDGE('',*,*,#3597,.F.);
#4698=ORIENTED_EDGE('',*,*,#3596,.T.);
#4699=ORIENTED_EDGE('',*,*,#3598,.F.);
#4700=ORIENTED_EDGE('',*,*,#3599,.F.);
#4701=ORIENTED_EDGE('',*,*,#3600,.F.);
#4702=ORIENTED_EDGE('',*,*,#3599,.T.);
#4703=ORIENTED_EDGE('',*,*,#3601,.F.);
#4704=ORIENTED_EDGE('',*,*,#3546,.F.);
#4705=ORIENTED_EDGE('',*,*,#3601,.T.);
#4706=ORIENTED_EDGE('',*,*,#3598,.T.);
#4707=ORIENTED_EDGE('',*,*,#3595,.T.);
#4708=ORIENTED_EDGE('',*,*,#3592,.T.);
#4709=ORIENTED_EDGE('',*,*,#3589,.T.);
#4710=ORIENTED_EDGE('',*,*,#3586,.T.);
#4711=ORIENTED_EDGE('',*,*,#3583,.T.);
#4712=ORIENTED_EDGE('',*,*,#3580,.T.);
#4713=ORIENTED_EDGE('',*,*,#3577,.T.);
#4714=ORIENTED_EDGE('',*,*,#3574,.T.);
#4715=ORIENTED_EDGE('',*,*,#3571,.T.);
#4716=ORIENTED_EDGE('',*,*,#3568,.T.);
#4717=ORIENTED_EDGE('',*,*,#3565,.T.);
#4718=ORIENTED_EDGE('',*,*,#3562,.T.);
#4719=ORIENTED_EDGE('',*,*,#3559,.T.);
#4720=ORIENTED_EDGE('',*,*,#3556,.T.);
#4721=ORIENTED_EDGE('',*,*,#3553,.T.);
#4722=ORIENTED_EDGE('',*,*,#3550,.T.);
#4723=ORIENTED_EDGE('',*,*,#3547,.T.);
#4724=ORIENTED_EDGE('',*,*,#3602,.F.);
#4725=ORIENTED_EDGE('',*,*,#3603,.T.);
#4726=ORIENTED_EDGE('',*,*,#3604,.F.);
#4727=ORIENTED_EDGE('',*,*,#3605,.F.);
#4728=ORIENTED_EDGE('',*,*,#3606,.F.);
#4729=ORIENTED_EDGE('',*,*,#3605,.T.);
#4730=ORIENTED_EDGE('',*,*,#3607,.F.);
#4731=ORIENTED_EDGE('',*,*,#3608,.F.);
#4732=ORIENTED_EDGE('',*,*,#3609,.F.);
#4733=ORIENTED_EDGE('',*,*,#3608,.T.);
#4734=ORIENTED_EDGE('',*,*,#3610,.F.);
#4735=ORIENTED_EDGE('',*,*,#3611,.F.);
#4736=ORIENTED_EDGE('',*,*,#3612,.F.);
#4737=ORIENTED_EDGE('',*,*,#3611,.T.);
#4738=ORIENTED_EDGE('',*,*,#3613,.F.);
#4739=ORIENTED_EDGE('',*,*,#3614,.F.);
#4740=ORIENTED_EDGE('',*,*,#3615,.F.);
#4741=ORIENTED_EDGE('',*,*,#3614,.T.);
#4742=ORIENTED_EDGE('',*,*,#3616,.F.);
#4743=ORIENTED_EDGE('',*,*,#3603,.F.);
#4744=ORIENTED_EDGE('',*,*,#3617,.F.);
#4745=ORIENTED_EDGE('',*,*,#3618,.T.);
#4746=ORIENTED_EDGE('',*,*,#3619,.F.);
#4747=ORIENTED_EDGE('',*,*,#3620,.F.);
#4748=ORIENTED_EDGE('',*,*,#3621,.F.);
#4749=ORIENTED_EDGE('',*,*,#3620,.T.);
#4750=ORIENTED_EDGE('',*,*,#3622,.F.);
#4751=ORIENTED_EDGE('',*,*,#3623,.F.);
#4752=ORIENTED_EDGE('',*,*,#3624,.F.);
#4753=ORIENTED_EDGE('',*,*,#3623,.T.);
#4754=ORIENTED_EDGE('',*,*,#3625,.F.);
#4755=ORIENTED_EDGE('',*,*,#3626,.F.);
#4756=ORIENTED_EDGE('',*,*,#3627,.F.);
#4757=ORIENTED_EDGE('',*,*,#3626,.T.);
#4758=ORIENTED_EDGE('',*,*,#3628,.F.);
#4759=ORIENTED_EDGE('',*,*,#3629,.F.);
#4760=ORIENTED_EDGE('',*,*,#3630,.F.);
#4761=ORIENTED_EDGE('',*,*,#3629,.T.);
#4762=ORIENTED_EDGE('',*,*,#3631,.F.);
#4763=ORIENTED_EDGE('',*,*,#3632,.F.);
#4764=ORIENTED_EDGE('',*,*,#3633,.F.);
#4765=ORIENTED_EDGE('',*,*,#3632,.T.);
#4766=ORIENTED_EDGE('',*,*,#3634,.F.);
#4767=ORIENTED_EDGE('',*,*,#3635,.F.);
#4768=ORIENTED_EDGE('',*,*,#3636,.F.);
#4769=ORIENTED_EDGE('',*,*,#3635,.T.);
#4770=ORIENTED_EDGE('',*,*,#3637,.F.);
#4771=ORIENTED_EDGE('',*,*,#3638,.F.);
#4772=ORIENTED_EDGE('',*,*,#3639,.F.);
#4773=ORIENTED_EDGE('',*,*,#3638,.T.);
#4774=ORIENTED_EDGE('',*,*,#3640,.F.);
#4775=ORIENTED_EDGE('',*,*,#3618,.F.);
#4776=ORIENTED_EDGE('',*,*,#3640,.T.);
#4777=ORIENTED_EDGE('',*,*,#3637,.T.);
#4778=ORIENTED_EDGE('',*,*,#3634,.T.);
#4779=ORIENTED_EDGE('',*,*,#3631,.T.);
#4780=ORIENTED_EDGE('',*,*,#3628,.T.);
#4781=ORIENTED_EDGE('',*,*,#3625,.T.);
#4782=ORIENTED_EDGE('',*,*,#3622,.T.);
#4783=ORIENTED_EDGE('',*,*,#3619,.T.);
#4784=ORIENTED_EDGE('',*,*,#3616,.T.);
#4785=ORIENTED_EDGE('',*,*,#3613,.T.);
#4786=ORIENTED_EDGE('',*,*,#3610,.T.);
#4787=ORIENTED_EDGE('',*,*,#3607,.T.);
#4788=ORIENTED_EDGE('',*,*,#3604,.T.);
#4789=ORIENTED_EDGE('',*,*,#3602,.T.);
#4790=ORIENTED_EDGE('',*,*,#3606,.T.);
#4791=ORIENTED_EDGE('',*,*,#3609,.T.);
#4792=ORIENTED_EDGE('',*,*,#3612,.T.);
#4793=ORIENTED_EDGE('',*,*,#3615,.T.);
#4794=ORIENTED_EDGE('',*,*,#3641,.F.);
#4795=ORIENTED_EDGE('',*,*,#3642,.T.);
#4796=ORIENTED_EDGE('',*,*,#3643,.F.);
#4797=ORIENTED_EDGE('',*,*,#3644,.F.);
#4798=ORIENTED_EDGE('',*,*,#3645,.F.);
#4799=ORIENTED_EDGE('',*,*,#3644,.T.);
#4800=ORIENTED_EDGE('',*,*,#3646,.F.);
#4801=ORIENTED_EDGE('',*,*,#3647,.F.);
#4802=ORIENTED_EDGE('',*,*,#3648,.F.);
#4803=ORIENTED_EDGE('',*,*,#3647,.T.);
#4804=ORIENTED_EDGE('',*,*,#3649,.F.);
#4805=ORIENTED_EDGE('',*,*,#3650,.F.);
#4806=ORIENTED_EDGE('',*,*,#3651,.F.);
#4807=ORIENTED_EDGE('',*,*,#3650,.T.);
#4808=ORIENTED_EDGE('',*,*,#3652,.F.);
#4809=ORIENTED_EDGE('',*,*,#3653,.F.);
#4810=ORIENTED_EDGE('',*,*,#3654,.F.);
#4811=ORIENTED_EDGE('',*,*,#3653,.T.);
#4812=ORIENTED_EDGE('',*,*,#3655,.F.);
#4813=ORIENTED_EDGE('',*,*,#3656,.F.);
#4814=ORIENTED_EDGE('',*,*,#3657,.F.);
#4815=ORIENTED_EDGE('',*,*,#3656,.T.);
#4816=ORIENTED_EDGE('',*,*,#3658,.F.);
#4817=ORIENTED_EDGE('',*,*,#3659,.F.);
#4818=ORIENTED_EDGE('',*,*,#3660,.F.);
#4819=ORIENTED_EDGE('',*,*,#3659,.T.);
#4820=ORIENTED_EDGE('',*,*,#3661,.F.);
#4821=ORIENTED_EDGE('',*,*,#3662,.F.);
#4822=ORIENTED_EDGE('',*,*,#3663,.F.);
#4823=ORIENTED_EDGE('',*,*,#3662,.T.);
#4824=ORIENTED_EDGE('',*,*,#3664,.F.);
#4825=ORIENTED_EDGE('',*,*,#3665,.F.);
#4826=ORIENTED_EDGE('',*,*,#3666,.F.);
#4827=ORIENTED_EDGE('',*,*,#3665,.T.);
#4828=ORIENTED_EDGE('',*,*,#3667,.F.);
#4829=ORIENTED_EDGE('',*,*,#3668,.F.);
#4830=ORIENTED_EDGE('',*,*,#3669,.F.);
#4831=ORIENTED_EDGE('',*,*,#3668,.T.);
#4832=ORIENTED_EDGE('',*,*,#3670,.F.);
#4833=ORIENTED_EDGE('',*,*,#3671,.F.);
#4834=ORIENTED_EDGE('',*,*,#3672,.F.);
#4835=ORIENTED_EDGE('',*,*,#3671,.T.);
#4836=ORIENTED_EDGE('',*,*,#3673,.F.);
#4837=ORIENTED_EDGE('',*,*,#3674,.F.);
#4838=ORIENTED_EDGE('',*,*,#3675,.F.);
#4839=ORIENTED_EDGE('',*,*,#3674,.T.);
#4840=ORIENTED_EDGE('',*,*,#3676,.F.);
#4841=ORIENTED_EDGE('',*,*,#3677,.F.);
#4842=ORIENTED_EDGE('',*,*,#3678,.F.);
#4843=ORIENTED_EDGE('',*,*,#3677,.T.);
#4844=ORIENTED_EDGE('',*,*,#3679,.F.);
#4845=ORIENTED_EDGE('',*,*,#3680,.F.);
#4846=ORIENTED_EDGE('',*,*,#3681,.F.);
#4847=ORIENTED_EDGE('',*,*,#3680,.T.);
#4848=ORIENTED_EDGE('',*,*,#3682,.F.);
#4849=ORIENTED_EDGE('',*,*,#3683,.F.);
#4850=ORIENTED_EDGE('',*,*,#3684,.F.);
#4851=ORIENTED_EDGE('',*,*,#3683,.T.);
#4852=ORIENTED_EDGE('',*,*,#3685,.F.);
#4853=ORIENTED_EDGE('',*,*,#3686,.F.);
#4854=ORIENTED_EDGE('',*,*,#3687,.F.);
#4855=ORIENTED_EDGE('',*,*,#3686,.T.);
#4856=ORIENTED_EDGE('',*,*,#3688,.F.);
#4857=ORIENTED_EDGE('',*,*,#3689,.F.);
#4858=ORIENTED_EDGE('',*,*,#3690,.F.);
#4859=ORIENTED_EDGE('',*,*,#3689,.T.);
#4860=ORIENTED_EDGE('',*,*,#3691,.F.);
#4861=ORIENTED_EDGE('',*,*,#3692,.F.);
#4862=ORIENTED_EDGE('',*,*,#3693,.F.);
#4863=ORIENTED_EDGE('',*,*,#3692,.T.);
#4864=ORIENTED_EDGE('',*,*,#3694,.F.);
#4865=ORIENTED_EDGE('',*,*,#3695,.F.);
#4866=ORIENTED_EDGE('',*,*,#3696,.F.);
#4867=ORIENTED_EDGE('',*,*,#3695,.T.);
#4868=ORIENTED_EDGE('',*,*,#3697,.F.);
#4869=ORIENTED_EDGE('',*,*,#3698,.F.);
#4870=ORIENTED_EDGE('',*,*,#3699,.F.);
#4871=ORIENTED_EDGE('',*,*,#3698,.T.);
#4872=ORIENTED_EDGE('',*,*,#3700,.F.);
#4873=ORIENTED_EDGE('',*,*,#3701,.F.);
#4874=ORIENTED_EDGE('',*,*,#3702,.F.);
#4875=ORIENTED_EDGE('',*,*,#3701,.T.);
#4876=ORIENTED_EDGE('',*,*,#3703,.F.);
#4877=ORIENTED_EDGE('',*,*,#3704,.F.);
#4878=ORIENTED_EDGE('',*,*,#3705,.F.);
#4879=ORIENTED_EDGE('',*,*,#3704,.T.);
#4880=ORIENTED_EDGE('',*,*,#3706,.F.);
#4881=ORIENTED_EDGE('',*,*,#3642,.F.);
#4882=ORIENTED_EDGE('',*,*,#3706,.T.);
#4883=ORIENTED_EDGE('',*,*,#3703,.T.);
#4884=ORIENTED_EDGE('',*,*,#3700,.T.);
#4885=ORIENTED_EDGE('',*,*,#3697,.T.);
#4886=ORIENTED_EDGE('',*,*,#3694,.T.);
#4887=ORIENTED_EDGE('',*,*,#3691,.T.);
#4888=ORIENTED_EDGE('',*,*,#3688,.T.);
#4889=ORIENTED_EDGE('',*,*,#3685,.T.);
#4890=ORIENTED_EDGE('',*,*,#3682,.T.);
#4891=ORIENTED_EDGE('',*,*,#3679,.T.);
#4892=ORIENTED_EDGE('',*,*,#3676,.T.);
#4893=ORIENTED_EDGE('',*,*,#3673,.T.);
#4894=ORIENTED_EDGE('',*,*,#3670,.T.);
#4895=ORIENTED_EDGE('',*,*,#3667,.T.);
#4896=ORIENTED_EDGE('',*,*,#3664,.T.);
#4897=ORIENTED_EDGE('',*,*,#3661,.T.);
#4898=ORIENTED_EDGE('',*,*,#3658,.T.);
#4899=ORIENTED_EDGE('',*,*,#3655,.T.);
#4900=ORIENTED_EDGE('',*,*,#3652,.T.);
#4901=ORIENTED_EDGE('',*,*,#3649,.T.);
#4902=ORIENTED_EDGE('',*,*,#3646,.T.);
#4903=ORIENTED_EDGE('',*,*,#3643,.T.);
#4904=ORIENTED_EDGE('',*,*,#3707,.F.);
#4905=ORIENTED_EDGE('',*,*,#3708,.T.);
#4906=ORIENTED_EDGE('',*,*,#3709,.F.);
#4907=ORIENTED_EDGE('',*,*,#3710,.F.);
#4908=ORIENTED_EDGE('',*,*,#3711,.F.);
#4909=ORIENTED_EDGE('',*,*,#3710,.T.);
#4910=ORIENTED_EDGE('',*,*,#3712,.F.);
#4911=ORIENTED_EDGE('',*,*,#3713,.F.);
#4912=ORIENTED_EDGE('',*,*,#3714,.F.);
#4913=ORIENTED_EDGE('',*,*,#3713,.T.);
#4914=ORIENTED_EDGE('',*,*,#3715,.F.);
#4915=ORIENTED_EDGE('',*,*,#3716,.F.);
#4916=ORIENTED_EDGE('',*,*,#3717,.F.);
#4917=ORIENTED_EDGE('',*,*,#3716,.T.);
#4918=ORIENTED_EDGE('',*,*,#3718,.F.);
#4919=ORIENTED_EDGE('',*,*,#3719,.F.);
#4920=ORIENTED_EDGE('',*,*,#3720,.F.);
#4921=ORIENTED_EDGE('',*,*,#3719,.T.);
#4922=ORIENTED_EDGE('',*,*,#3721,.F.);
#4923=ORIENTED_EDGE('',*,*,#3722,.F.);
#4924=ORIENTED_EDGE('',*,*,#3723,.F.);
#4925=ORIENTED_EDGE('',*,*,#3722,.T.);
#4926=ORIENTED_EDGE('',*,*,#3724,.F.);
#4927=ORIENTED_EDGE('',*,*,#3725,.F.);
#4928=ORIENTED_EDGE('',*,*,#3726,.F.);
#4929=ORIENTED_EDGE('',*,*,#3725,.T.);
#4930=ORIENTED_EDGE('',*,*,#3727,.F.);
#4931=ORIENTED_EDGE('',*,*,#3728,.F.);
#4932=ORIENTED_EDGE('',*,*,#3729,.F.);
#4933=ORIENTED_EDGE('',*,*,#3728,.T.);
#4934=ORIENTED_EDGE('',*,*,#3730,.F.);
#4935=ORIENTED_EDGE('',*,*,#3731,.F.);
#4936=ORIENTED_EDGE('',*,*,#3732,.F.);
#4937=ORIENTED_EDGE('',*,*,#3731,.T.);
#4938=ORIENTED_EDGE('',*,*,#3733,.F.);
#4939=ORIENTED_EDGE('',*,*,#3734,.F.);
#4940=ORIENTED_EDGE('',*,*,#3735,.F.);
#4941=ORIENTED_EDGE('',*,*,#3734,.T.);
#4942=ORIENTED_EDGE('',*,*,#3736,.F.);
#4943=ORIENTED_EDGE('',*,*,#3737,.F.);
#4944=ORIENTED_EDGE('',*,*,#3738,.F.);
#4945=ORIENTED_EDGE('',*,*,#3737,.T.);
#4946=ORIENTED_EDGE('',*,*,#3739,.F.);
#4947=ORIENTED_EDGE('',*,*,#3740,.F.);
#4948=ORIENTED_EDGE('',*,*,#3741,.F.);
#4949=ORIENTED_EDGE('',*,*,#3740,.T.);
#4950=ORIENTED_EDGE('',*,*,#3742,.F.);
#4951=ORIENTED_EDGE('',*,*,#3743,.F.);
#4952=ORIENTED_EDGE('',*,*,#3744,.F.);
#4953=ORIENTED_EDGE('',*,*,#3743,.T.);
#4954=ORIENTED_EDGE('',*,*,#3745,.F.);
#4955=ORIENTED_EDGE('',*,*,#3746,.F.);
#4956=ORIENTED_EDGE('',*,*,#3747,.F.);
#4957=ORIENTED_EDGE('',*,*,#3746,.T.);
#4958=ORIENTED_EDGE('',*,*,#3748,.F.);
#4959=ORIENTED_EDGE('',*,*,#3749,.F.);
#4960=ORIENTED_EDGE('',*,*,#3750,.F.);
#4961=ORIENTED_EDGE('',*,*,#3749,.T.);
#4962=ORIENTED_EDGE('',*,*,#3751,.F.);
#4963=ORIENTED_EDGE('',*,*,#3752,.F.);
#4964=ORIENTED_EDGE('',*,*,#3753,.F.);
#4965=ORIENTED_EDGE('',*,*,#3752,.T.);
#4966=ORIENTED_EDGE('',*,*,#3754,.F.);
#4967=ORIENTED_EDGE('',*,*,#3755,.F.);
#4968=ORIENTED_EDGE('',*,*,#3756,.F.);
#4969=ORIENTED_EDGE('',*,*,#3755,.T.);
#4970=ORIENTED_EDGE('',*,*,#3757,.F.);
#4971=ORIENTED_EDGE('',*,*,#3758,.F.);
#4972=ORIENTED_EDGE('',*,*,#3759,.F.);
#4973=ORIENTED_EDGE('',*,*,#3758,.T.);
#4974=ORIENTED_EDGE('',*,*,#3760,.F.);
#4975=ORIENTED_EDGE('',*,*,#3761,.F.);
#4976=ORIENTED_EDGE('',*,*,#3762,.F.);
#4977=ORIENTED_EDGE('',*,*,#3761,.T.);
#4978=ORIENTED_EDGE('',*,*,#3763,.F.);
#4979=ORIENTED_EDGE('',*,*,#3764,.F.);
#4980=ORIENTED_EDGE('',*,*,#3765,.F.);
#4981=ORIENTED_EDGE('',*,*,#3764,.T.);
#4982=ORIENTED_EDGE('',*,*,#3766,.F.);
#4983=ORIENTED_EDGE('',*,*,#3767,.F.);
#4984=ORIENTED_EDGE('',*,*,#3768,.F.);
#4985=ORIENTED_EDGE('',*,*,#3767,.T.);
#4986=ORIENTED_EDGE('',*,*,#3769,.F.);
#4987=ORIENTED_EDGE('',*,*,#3770,.F.);
#4988=ORIENTED_EDGE('',*,*,#3771,.F.);
#4989=ORIENTED_EDGE('',*,*,#3770,.T.);
#4990=ORIENTED_EDGE('',*,*,#3772,.F.);
#4991=ORIENTED_EDGE('',*,*,#3708,.F.);
#4992=ORIENTED_EDGE('',*,*,#3772,.T.);
#4993=ORIENTED_EDGE('',*,*,#3769,.T.);
#4994=ORIENTED_EDGE('',*,*,#3766,.T.);
#4995=ORIENTED_EDGE('',*,*,#3763,.T.);
#4996=ORIENTED_EDGE('',*,*,#3760,.T.);
#4997=ORIENTED_EDGE('',*,*,#3757,.T.);
#4998=ORIENTED_EDGE('',*,*,#3754,.T.);
#4999=ORIENTED_EDGE('',*,*,#3751,.T.);
#5000=ORIENTED_EDGE('',*,*,#3748,.T.);
#5001=ORIENTED_EDGE('',*,*,#3745,.T.);
#5002=ORIENTED_EDGE('',*,*,#3742,.T.);
#5003=ORIENTED_EDGE('',*,*,#3739,.T.);
#5004=ORIENTED_EDGE('',*,*,#3736,.T.);
#5005=ORIENTED_EDGE('',*,*,#3733,.T.);
#5006=ORIENTED_EDGE('',*,*,#3730,.T.);
#5007=ORIENTED_EDGE('',*,*,#3727,.T.);
#5008=ORIENTED_EDGE('',*,*,#3724,.T.);
#5009=ORIENTED_EDGE('',*,*,#3721,.T.);
#5010=ORIENTED_EDGE('',*,*,#3718,.T.);
#5011=ORIENTED_EDGE('',*,*,#3715,.T.);
#5012=ORIENTED_EDGE('',*,*,#3712,.T.);
#5013=ORIENTED_EDGE('',*,*,#3709,.T.);
#5014=ORIENTED_EDGE('',*,*,#3773,.F.);
#5015=ORIENTED_EDGE('',*,*,#3774,.T.);
#5016=ORIENTED_EDGE('',*,*,#3775,.F.);
#5017=ORIENTED_EDGE('',*,*,#3776,.F.);
#5018=ORIENTED_EDGE('',*,*,#3777,.F.);
#5019=ORIENTED_EDGE('',*,*,#3776,.T.);
#5020=ORIENTED_EDGE('',*,*,#3778,.F.);
#5021=ORIENTED_EDGE('',*,*,#3779,.F.);
#5022=ORIENTED_EDGE('',*,*,#3780,.F.);
#5023=ORIENTED_EDGE('',*,*,#3779,.T.);
#5024=ORIENTED_EDGE('',*,*,#3781,.F.);
#5025=ORIENTED_EDGE('',*,*,#3782,.F.);
#5026=ORIENTED_EDGE('',*,*,#3783,.F.);
#5027=ORIENTED_EDGE('',*,*,#3782,.T.);
#5028=ORIENTED_EDGE('',*,*,#3784,.F.);
#5029=ORIENTED_EDGE('',*,*,#3785,.F.);
#5030=ORIENTED_EDGE('',*,*,#3786,.F.);
#5031=ORIENTED_EDGE('',*,*,#3785,.T.);
#5032=ORIENTED_EDGE('',*,*,#3787,.F.);
#5033=ORIENTED_EDGE('',*,*,#3788,.F.);
#5034=ORIENTED_EDGE('',*,*,#3789,.F.);
#5035=ORIENTED_EDGE('',*,*,#3788,.T.);
#5036=ORIENTED_EDGE('',*,*,#3790,.F.);
#5037=ORIENTED_EDGE('',*,*,#3791,.F.);
#5038=ORIENTED_EDGE('',*,*,#3792,.F.);
#5039=ORIENTED_EDGE('',*,*,#3791,.T.);
#5040=ORIENTED_EDGE('',*,*,#3793,.F.);
#5041=ORIENTED_EDGE('',*,*,#3794,.F.);
#5042=ORIENTED_EDGE('',*,*,#3795,.F.);
#5043=ORIENTED_EDGE('',*,*,#3794,.T.);
#5044=ORIENTED_EDGE('',*,*,#3796,.F.);
#5045=ORIENTED_EDGE('',*,*,#3797,.F.);
#5046=ORIENTED_EDGE('',*,*,#3798,.F.);
#5047=ORIENTED_EDGE('',*,*,#3797,.T.);
#5048=ORIENTED_EDGE('',*,*,#3799,.F.);
#5049=ORIENTED_EDGE('',*,*,#3774,.F.);
#5050=ORIENTED_EDGE('',*,*,#3799,.T.);
#5051=ORIENTED_EDGE('',*,*,#3796,.T.);
#5052=ORIENTED_EDGE('',*,*,#3793,.T.);
#5053=ORIENTED_EDGE('',*,*,#3790,.T.);
#5054=ORIENTED_EDGE('',*,*,#3787,.T.);
#5055=ORIENTED_EDGE('',*,*,#3784,.T.);
#5056=ORIENTED_EDGE('',*,*,#3781,.T.);
#5057=ORIENTED_EDGE('',*,*,#3778,.T.);
#5058=ORIENTED_EDGE('',*,*,#3775,.T.);
#5059=ORIENTED_EDGE('',*,*,#3800,.F.);
#5060=ORIENTED_EDGE('',*,*,#3801,.T.);
#5061=ORIENTED_EDGE('',*,*,#3802,.F.);
#5062=ORIENTED_EDGE('',*,*,#3803,.F.);
#5063=ORIENTED_EDGE('',*,*,#3804,.F.);
#5064=ORIENTED_EDGE('',*,*,#3803,.T.);
#5065=ORIENTED_EDGE('',*,*,#3805,.F.);
#5066=ORIENTED_EDGE('',*,*,#3806,.F.);
#5067=ORIENTED_EDGE('',*,*,#3807,.F.);
#5068=ORIENTED_EDGE('',*,*,#3806,.T.);
#5069=ORIENTED_EDGE('',*,*,#3808,.F.);
#5070=ORIENTED_EDGE('',*,*,#3809,.F.);
#5071=ORIENTED_EDGE('',*,*,#3810,.F.);
#5072=ORIENTED_EDGE('',*,*,#3809,.T.);
#5073=ORIENTED_EDGE('',*,*,#3811,.F.);
#5074=ORIENTED_EDGE('',*,*,#3812,.F.);
#5075=ORIENTED_EDGE('',*,*,#3813,.F.);
#5076=ORIENTED_EDGE('',*,*,#3812,.T.);
#5077=ORIENTED_EDGE('',*,*,#3814,.F.);
#5078=ORIENTED_EDGE('',*,*,#3815,.F.);
#5079=ORIENTED_EDGE('',*,*,#3816,.F.);
#5080=ORIENTED_EDGE('',*,*,#3815,.T.);
#5081=ORIENTED_EDGE('',*,*,#3817,.F.);
#5082=ORIENTED_EDGE('',*,*,#3818,.F.);
#5083=ORIENTED_EDGE('',*,*,#3819,.F.);
#5084=ORIENTED_EDGE('',*,*,#3818,.T.);
#5085=ORIENTED_EDGE('',*,*,#3820,.F.);
#5086=ORIENTED_EDGE('',*,*,#3821,.F.);
#5087=ORIENTED_EDGE('',*,*,#3822,.F.);
#5088=ORIENTED_EDGE('',*,*,#3821,.T.);
#5089=ORIENTED_EDGE('',*,*,#3823,.F.);
#5090=ORIENTED_EDGE('',*,*,#3824,.F.);
#5091=ORIENTED_EDGE('',*,*,#3825,.F.);
#5092=ORIENTED_EDGE('',*,*,#3824,.T.);
#5093=ORIENTED_EDGE('',*,*,#3826,.F.);
#5094=ORIENTED_EDGE('',*,*,#3827,.F.);
#5095=ORIENTED_EDGE('',*,*,#3828,.F.);
#5096=ORIENTED_EDGE('',*,*,#3827,.T.);
#5097=ORIENTED_EDGE('',*,*,#3829,.F.);
#5098=ORIENTED_EDGE('',*,*,#3830,.F.);
#5099=ORIENTED_EDGE('',*,*,#3831,.F.);
#5100=ORIENTED_EDGE('',*,*,#3830,.T.);
#5101=ORIENTED_EDGE('',*,*,#3832,.F.);
#5102=ORIENTED_EDGE('',*,*,#3801,.F.);
#5103=ORIENTED_EDGE('',*,*,#3832,.T.);
#5104=ORIENTED_EDGE('',*,*,#3829,.T.);
#5105=ORIENTED_EDGE('',*,*,#3826,.T.);
#5106=ORIENTED_EDGE('',*,*,#3823,.T.);
#5107=ORIENTED_EDGE('',*,*,#3820,.T.);
#5108=ORIENTED_EDGE('',*,*,#3817,.T.);
#5109=ORIENTED_EDGE('',*,*,#3814,.T.);
#5110=ORIENTED_EDGE('',*,*,#3811,.T.);
#5111=ORIENTED_EDGE('',*,*,#3808,.T.);
#5112=ORIENTED_EDGE('',*,*,#3805,.T.);
#5113=ORIENTED_EDGE('',*,*,#3802,.T.);
#5114=ORIENTED_EDGE('',*,*,#3833,.F.);
#5115=ORIENTED_EDGE('',*,*,#3834,.T.);
#5116=ORIENTED_EDGE('',*,*,#3835,.F.);
#5117=ORIENTED_EDGE('',*,*,#3836,.F.);
#5118=ORIENTED_EDGE('',*,*,#3837,.F.);
#5119=ORIENTED_EDGE('',*,*,#3836,.T.);
#5120=ORIENTED_EDGE('',*,*,#3838,.F.);
#5121=ORIENTED_EDGE('',*,*,#3839,.F.);
#5122=ORIENTED_EDGE('',*,*,#3840,.F.);
#5123=ORIENTED_EDGE('',*,*,#3839,.T.);
#5124=ORIENTED_EDGE('',*,*,#3841,.F.);
#5125=ORIENTED_EDGE('',*,*,#3842,.F.);
#5126=ORIENTED_EDGE('',*,*,#3843,.F.);
#5127=ORIENTED_EDGE('',*,*,#3842,.T.);
#5128=ORIENTED_EDGE('',*,*,#3844,.F.);
#5129=ORIENTED_EDGE('',*,*,#3845,.F.);
#5130=ORIENTED_EDGE('',*,*,#3846,.F.);
#5131=ORIENTED_EDGE('',*,*,#3845,.T.);
#5132=ORIENTED_EDGE('',*,*,#3847,.F.);
#5133=ORIENTED_EDGE('',*,*,#3848,.F.);
#5134=ORIENTED_EDGE('',*,*,#3849,.F.);
#5135=ORIENTED_EDGE('',*,*,#3848,.T.);
#5136=ORIENTED_EDGE('',*,*,#3850,.F.);
#5137=ORIENTED_EDGE('',*,*,#3851,.F.);
#5138=ORIENTED_EDGE('',*,*,#3852,.F.);
#5139=ORIENTED_EDGE('',*,*,#3851,.T.);
#5140=ORIENTED_EDGE('',*,*,#3853,.F.);
#5141=ORIENTED_EDGE('',*,*,#3854,.F.);
#5142=ORIENTED_EDGE('',*,*,#3855,.F.);
#5143=ORIENTED_EDGE('',*,*,#3854,.T.);
#5144=ORIENTED_EDGE('',*,*,#3856,.F.);
#5145=ORIENTED_EDGE('',*,*,#3834,.F.);
#5146=ORIENTED_EDGE('',*,*,#3857,.F.);
#5147=ORIENTED_EDGE('',*,*,#3858,.T.);
#5148=ORIENTED_EDGE('',*,*,#3859,.F.);
#5149=ORIENTED_EDGE('',*,*,#3860,.F.);
#5150=ORIENTED_EDGE('',*,*,#3861,.F.);
#5151=ORIENTED_EDGE('',*,*,#3860,.T.);
#5152=ORIENTED_EDGE('',*,*,#3862,.F.);
#5153=ORIENTED_EDGE('',*,*,#3863,.F.);
#5154=ORIENTED_EDGE('',*,*,#3864,.F.);
#5155=ORIENTED_EDGE('',*,*,#3863,.T.);
#5156=ORIENTED_EDGE('',*,*,#3865,.F.);
#5157=ORIENTED_EDGE('',*,*,#3866,.F.);
#5158=ORIENTED_EDGE('',*,*,#3867,.F.);
#5159=ORIENTED_EDGE('',*,*,#3866,.T.);
#5160=ORIENTED_EDGE('',*,*,#3868,.F.);
#5161=ORIENTED_EDGE('',*,*,#3869,.F.);
#5162=ORIENTED_EDGE('',*,*,#3870,.F.);
#5163=ORIENTED_EDGE('',*,*,#3869,.T.);
#5164=ORIENTED_EDGE('',*,*,#3871,.F.);
#5165=ORIENTED_EDGE('',*,*,#3872,.F.);
#5166=ORIENTED_EDGE('',*,*,#3873,.F.);
#5167=ORIENTED_EDGE('',*,*,#3872,.T.);
#5168=ORIENTED_EDGE('',*,*,#3874,.F.);
#5169=ORIENTED_EDGE('',*,*,#3875,.F.);
#5170=ORIENTED_EDGE('',*,*,#3876,.F.);
#5171=ORIENTED_EDGE('',*,*,#3875,.T.);
#5172=ORIENTED_EDGE('',*,*,#3877,.F.);
#5173=ORIENTED_EDGE('',*,*,#3878,.F.);
#5174=ORIENTED_EDGE('',*,*,#3879,.F.);
#5175=ORIENTED_EDGE('',*,*,#3878,.T.);
#5176=ORIENTED_EDGE('',*,*,#3880,.F.);
#5177=ORIENTED_EDGE('',*,*,#3881,.F.);
#5178=ORIENTED_EDGE('',*,*,#3882,.F.);
#5179=ORIENTED_EDGE('',*,*,#3881,.T.);
#5180=ORIENTED_EDGE('',*,*,#3883,.F.);
#5181=ORIENTED_EDGE('',*,*,#3884,.F.);
#5182=ORIENTED_EDGE('',*,*,#3885,.F.);
#5183=ORIENTED_EDGE('',*,*,#3884,.T.);
#5184=ORIENTED_EDGE('',*,*,#3886,.F.);
#5185=ORIENTED_EDGE('',*,*,#3887,.F.);
#5186=ORIENTED_EDGE('',*,*,#3888,.F.);
#5187=ORIENTED_EDGE('',*,*,#3887,.T.);
#5188=ORIENTED_EDGE('',*,*,#3889,.F.);
#5189=ORIENTED_EDGE('',*,*,#3890,.F.);
#5190=ORIENTED_EDGE('',*,*,#3891,.F.);
#5191=ORIENTED_EDGE('',*,*,#3890,.T.);
#5192=ORIENTED_EDGE('',*,*,#3892,.F.);
#5193=ORIENTED_EDGE('',*,*,#3858,.F.);
#5194=ORIENTED_EDGE('',*,*,#3892,.T.);
#5195=ORIENTED_EDGE('',*,*,#3889,.T.);
#5196=ORIENTED_EDGE('',*,*,#3886,.T.);
#5197=ORIENTED_EDGE('',*,*,#3883,.T.);
#5198=ORIENTED_EDGE('',*,*,#3880,.T.);
#5199=ORIENTED_EDGE('',*,*,#3877,.T.);
#5200=ORIENTED_EDGE('',*,*,#3874,.T.);
#5201=ORIENTED_EDGE('',*,*,#3871,.T.);
#5202=ORIENTED_EDGE('',*,*,#3868,.T.);
#5203=ORIENTED_EDGE('',*,*,#3865,.T.);
#5204=ORIENTED_EDGE('',*,*,#3862,.T.);
#5205=ORIENTED_EDGE('',*,*,#3859,.T.);
#5206=ORIENTED_EDGE('',*,*,#3856,.T.);
#5207=ORIENTED_EDGE('',*,*,#3853,.T.);
#5208=ORIENTED_EDGE('',*,*,#3850,.T.);
#5209=ORIENTED_EDGE('',*,*,#3847,.T.);
#5210=ORIENTED_EDGE('',*,*,#3844,.T.);
#5211=ORIENTED_EDGE('',*,*,#3841,.T.);
#5212=ORIENTED_EDGE('',*,*,#3838,.T.);
#5213=ORIENTED_EDGE('',*,*,#3835,.T.);
#5214=ORIENTED_EDGE('',*,*,#3833,.T.);
#5215=ORIENTED_EDGE('',*,*,#3837,.T.);
#5216=ORIENTED_EDGE('',*,*,#3840,.T.);
#5217=ORIENTED_EDGE('',*,*,#3843,.T.);
#5218=ORIENTED_EDGE('',*,*,#3846,.T.);
#5219=ORIENTED_EDGE('',*,*,#3849,.T.);
#5220=ORIENTED_EDGE('',*,*,#3852,.T.);
#5221=ORIENTED_EDGE('',*,*,#3855,.T.);
#5222=ORIENTED_EDGE('',*,*,#3893,.F.);
#5223=ORIENTED_EDGE('',*,*,#3894,.T.);
#5224=ORIENTED_EDGE('',*,*,#3895,.F.);
#5225=ORIENTED_EDGE('',*,*,#3896,.F.);
#5226=ORIENTED_EDGE('',*,*,#3897,.F.);
#5227=ORIENTED_EDGE('',*,*,#3896,.T.);
#5228=ORIENTED_EDGE('',*,*,#3898,.F.);
#5229=ORIENTED_EDGE('',*,*,#3899,.F.);
#5230=ORIENTED_EDGE('',*,*,#3900,.F.);
#5231=ORIENTED_EDGE('',*,*,#3899,.T.);
#5232=ORIENTED_EDGE('',*,*,#3901,.F.);
#5233=ORIENTED_EDGE('',*,*,#3902,.F.);
#5234=ORIENTED_EDGE('',*,*,#3903,.F.);
#5235=ORIENTED_EDGE('',*,*,#3902,.T.);
#5236=ORIENTED_EDGE('',*,*,#3904,.F.);
#5237=ORIENTED_EDGE('',*,*,#3905,.F.);
#5238=ORIENTED_EDGE('',*,*,#3906,.F.);
#5239=ORIENTED_EDGE('',*,*,#3905,.T.);
#5240=ORIENTED_EDGE('',*,*,#3907,.F.);
#5241=ORIENTED_EDGE('',*,*,#3908,.F.);
#5242=ORIENTED_EDGE('',*,*,#3909,.F.);
#5243=ORIENTED_EDGE('',*,*,#3908,.T.);
#5244=ORIENTED_EDGE('',*,*,#3910,.F.);
#5245=ORIENTED_EDGE('',*,*,#3911,.F.);
#5246=ORIENTED_EDGE('',*,*,#3912,.F.);
#5247=ORIENTED_EDGE('',*,*,#3911,.T.);
#5248=ORIENTED_EDGE('',*,*,#3913,.F.);
#5249=ORIENTED_EDGE('',*,*,#3914,.F.);
#5250=ORIENTED_EDGE('',*,*,#3915,.F.);
#5251=ORIENTED_EDGE('',*,*,#3914,.T.);
#5252=ORIENTED_EDGE('',*,*,#3916,.F.);
#5253=ORIENTED_EDGE('',*,*,#3917,.F.);
#5254=ORIENTED_EDGE('',*,*,#3918,.F.);
#5255=ORIENTED_EDGE('',*,*,#3917,.T.);
#5256=ORIENTED_EDGE('',*,*,#3919,.F.);
#5257=ORIENTED_EDGE('',*,*,#3920,.F.);
#5258=ORIENTED_EDGE('',*,*,#3921,.F.);
#5259=ORIENTED_EDGE('',*,*,#3920,.T.);
#5260=ORIENTED_EDGE('',*,*,#3922,.F.);
#5261=ORIENTED_EDGE('',*,*,#3923,.F.);
#5262=ORIENTED_EDGE('',*,*,#3924,.F.);
#5263=ORIENTED_EDGE('',*,*,#3923,.T.);
#5264=ORIENTED_EDGE('',*,*,#3925,.F.);
#5265=ORIENTED_EDGE('',*,*,#3894,.F.);
#5266=ORIENTED_EDGE('',*,*,#3925,.T.);
#5267=ORIENTED_EDGE('',*,*,#3922,.T.);
#5268=ORIENTED_EDGE('',*,*,#3919,.T.);
#5269=ORIENTED_EDGE('',*,*,#3916,.T.);
#5270=ORIENTED_EDGE('',*,*,#3913,.T.);
#5271=ORIENTED_EDGE('',*,*,#3910,.T.);
#5272=ORIENTED_EDGE('',*,*,#3907,.T.);
#5273=ORIENTED_EDGE('',*,*,#3904,.T.);
#5274=ORIENTED_EDGE('',*,*,#3901,.T.);
#5275=ORIENTED_EDGE('',*,*,#3898,.T.);
#5276=ORIENTED_EDGE('',*,*,#3895,.T.);
#5277=ORIENTED_EDGE('',*,*,#3926,.F.);
#5278=ORIENTED_EDGE('',*,*,#3927,.T.);
#5279=ORIENTED_EDGE('',*,*,#3928,.F.);
#5280=ORIENTED_EDGE('',*,*,#3929,.F.);
#5281=ORIENTED_EDGE('',*,*,#3930,.F.);
#5282=ORIENTED_EDGE('',*,*,#3929,.T.);
#5283=ORIENTED_EDGE('',*,*,#3931,.F.);
#5284=ORIENTED_EDGE('',*,*,#3932,.F.);
#5285=ORIENTED_EDGE('',*,*,#3933,.F.);
#5286=ORIENTED_EDGE('',*,*,#3932,.T.);
#5287=ORIENTED_EDGE('',*,*,#3934,.F.);
#5288=ORIENTED_EDGE('',*,*,#3935,.F.);
#5289=ORIENTED_EDGE('',*,*,#3936,.F.);
#5290=ORIENTED_EDGE('',*,*,#3935,.T.);
#5291=ORIENTED_EDGE('',*,*,#3937,.F.);
#5292=ORIENTED_EDGE('',*,*,#3938,.F.);
#5293=ORIENTED_EDGE('',*,*,#3939,.F.);
#5294=ORIENTED_EDGE('',*,*,#3938,.T.);
#5295=ORIENTED_EDGE('',*,*,#3940,.F.);
#5296=ORIENTED_EDGE('',*,*,#3941,.F.);
#5297=ORIENTED_EDGE('',*,*,#3942,.F.);
#5298=ORIENTED_EDGE('',*,*,#3941,.T.);
#5299=ORIENTED_EDGE('',*,*,#3943,.F.);
#5300=ORIENTED_EDGE('',*,*,#3944,.F.);
#5301=ORIENTED_EDGE('',*,*,#3945,.F.);
#5302=ORIENTED_EDGE('',*,*,#3944,.T.);
#5303=ORIENTED_EDGE('',*,*,#3946,.F.);
#5304=ORIENTED_EDGE('',*,*,#3947,.F.);
#5305=ORIENTED_EDGE('',*,*,#3948,.F.);
#5306=ORIENTED_EDGE('',*,*,#3947,.T.);
#5307=ORIENTED_EDGE('',*,*,#3949,.F.);
#5308=ORIENTED_EDGE('',*,*,#3950,.F.);
#5309=ORIENTED_EDGE('',*,*,#3951,.F.);
#5310=ORIENTED_EDGE('',*,*,#3950,.T.);
#5311=ORIENTED_EDGE('',*,*,#3952,.F.);
#5312=ORIENTED_EDGE('',*,*,#3953,.F.);
#5313=ORIENTED_EDGE('',*,*,#3954,.F.);
#5314=ORIENTED_EDGE('',*,*,#3953,.T.);
#5315=ORIENTED_EDGE('',*,*,#3955,.F.);
#5316=ORIENTED_EDGE('',*,*,#3956,.F.);
#5317=ORIENTED_EDGE('',*,*,#3957,.F.);
#5318=ORIENTED_EDGE('',*,*,#3956,.T.);
#5319=ORIENTED_EDGE('',*,*,#3958,.F.);
#5320=ORIENTED_EDGE('',*,*,#3959,.F.);
#5321=ORIENTED_EDGE('',*,*,#3960,.F.);
#5322=ORIENTED_EDGE('',*,*,#3959,.T.);
#5323=ORIENTED_EDGE('',*,*,#3961,.F.);
#5324=ORIENTED_EDGE('',*,*,#3962,.F.);
#5325=ORIENTED_EDGE('',*,*,#3963,.F.);
#5326=ORIENTED_EDGE('',*,*,#3962,.T.);
#5327=ORIENTED_EDGE('',*,*,#3964,.F.);
#5328=ORIENTED_EDGE('',*,*,#3965,.F.);
#5329=ORIENTED_EDGE('',*,*,#3966,.F.);
#5330=ORIENTED_EDGE('',*,*,#3965,.T.);
#5331=ORIENTED_EDGE('',*,*,#3967,.F.);
#5332=ORIENTED_EDGE('',*,*,#3968,.F.);
#5333=ORIENTED_EDGE('',*,*,#3969,.F.);
#5334=ORIENTED_EDGE('',*,*,#3968,.T.);
#5335=ORIENTED_EDGE('',*,*,#3970,.F.);
#5336=ORIENTED_EDGE('',*,*,#3971,.F.);
#5337=ORIENTED_EDGE('',*,*,#3972,.F.);
#5338=ORIENTED_EDGE('',*,*,#3971,.T.);
#5339=ORIENTED_EDGE('',*,*,#3973,.F.);
#5340=ORIENTED_EDGE('',*,*,#3974,.F.);
#5341=ORIENTED_EDGE('',*,*,#3975,.F.);
#5342=ORIENTED_EDGE('',*,*,#3974,.T.);
#5343=ORIENTED_EDGE('',*,*,#3976,.F.);
#5344=ORIENTED_EDGE('',*,*,#3977,.F.);
#5345=ORIENTED_EDGE('',*,*,#3978,.F.);
#5346=ORIENTED_EDGE('',*,*,#3977,.T.);
#5347=ORIENTED_EDGE('',*,*,#3979,.F.);
#5348=ORIENTED_EDGE('',*,*,#3980,.F.);
#5349=ORIENTED_EDGE('',*,*,#3981,.F.);
#5350=ORIENTED_EDGE('',*,*,#3980,.T.);
#5351=ORIENTED_EDGE('',*,*,#3982,.F.);
#5352=ORIENTED_EDGE('',*,*,#3983,.F.);
#5353=ORIENTED_EDGE('',*,*,#3984,.F.);
#5354=ORIENTED_EDGE('',*,*,#3983,.T.);
#5355=ORIENTED_EDGE('',*,*,#3985,.F.);
#5356=ORIENTED_EDGE('',*,*,#3986,.F.);
#5357=ORIENTED_EDGE('',*,*,#3987,.F.);
#5358=ORIENTED_EDGE('',*,*,#3986,.T.);
#5359=ORIENTED_EDGE('',*,*,#3988,.F.);
#5360=ORIENTED_EDGE('',*,*,#3989,.F.);
#5361=ORIENTED_EDGE('',*,*,#3990,.F.);
#5362=ORIENTED_EDGE('',*,*,#3989,.T.);
#5363=ORIENTED_EDGE('',*,*,#3991,.F.);
#5364=ORIENTED_EDGE('',*,*,#3992,.F.);
#5365=ORIENTED_EDGE('',*,*,#3993,.F.);
#5366=ORIENTED_EDGE('',*,*,#3992,.T.);
#5367=ORIENTED_EDGE('',*,*,#3994,.F.);
#5368=ORIENTED_EDGE('',*,*,#3995,.F.);
#5369=ORIENTED_EDGE('',*,*,#3996,.F.);
#5370=ORIENTED_EDGE('',*,*,#3995,.T.);
#5371=ORIENTED_EDGE('',*,*,#3997,.F.);
#5372=ORIENTED_EDGE('',*,*,#3998,.F.);
#5373=ORIENTED_EDGE('',*,*,#3999,.F.);
#5374=ORIENTED_EDGE('',*,*,#3998,.T.);
#5375=ORIENTED_EDGE('',*,*,#4000,.F.);
#5376=ORIENTED_EDGE('',*,*,#4001,.F.);
#5377=ORIENTED_EDGE('',*,*,#4002,.F.);
#5378=ORIENTED_EDGE('',*,*,#4001,.T.);
#5379=ORIENTED_EDGE('',*,*,#4003,.F.);
#5380=ORIENTED_EDGE('',*,*,#4004,.F.);
#5381=ORIENTED_EDGE('',*,*,#4005,.F.);
#5382=ORIENTED_EDGE('',*,*,#4004,.T.);
#5383=ORIENTED_EDGE('',*,*,#4006,.F.);
#5384=ORIENTED_EDGE('',*,*,#4007,.F.);
#5385=ORIENTED_EDGE('',*,*,#4008,.F.);
#5386=ORIENTED_EDGE('',*,*,#4007,.T.);
#5387=ORIENTED_EDGE('',*,*,#4009,.F.);
#5388=ORIENTED_EDGE('',*,*,#4010,.F.);
#5389=ORIENTED_EDGE('',*,*,#4011,.F.);
#5390=ORIENTED_EDGE('',*,*,#4010,.T.);
#5391=ORIENTED_EDGE('',*,*,#4012,.F.);
#5392=ORIENTED_EDGE('',*,*,#4013,.F.);
#5393=ORIENTED_EDGE('',*,*,#4014,.F.);
#5394=ORIENTED_EDGE('',*,*,#4013,.T.);
#5395=ORIENTED_EDGE('',*,*,#4015,.F.);
#5396=ORIENTED_EDGE('',*,*,#4016,.F.);
#5397=ORIENTED_EDGE('',*,*,#4017,.F.);
#5398=ORIENTED_EDGE('',*,*,#4016,.T.);
#5399=ORIENTED_EDGE('',*,*,#4018,.F.);
#5400=ORIENTED_EDGE('',*,*,#4019,.F.);
#5401=ORIENTED_EDGE('',*,*,#4020,.F.);
#5402=ORIENTED_EDGE('',*,*,#4019,.T.);
#5403=ORIENTED_EDGE('',*,*,#4021,.F.);
#5404=ORIENTED_EDGE('',*,*,#4022,.F.);
#5405=ORIENTED_EDGE('',*,*,#4023,.F.);
#5406=ORIENTED_EDGE('',*,*,#4022,.T.);
#5407=ORIENTED_EDGE('',*,*,#4024,.F.);
#5408=ORIENTED_EDGE('',*,*,#4025,.F.);
#5409=ORIENTED_EDGE('',*,*,#4026,.F.);
#5410=ORIENTED_EDGE('',*,*,#4025,.T.);
#5411=ORIENTED_EDGE('',*,*,#4027,.F.);
#5412=ORIENTED_EDGE('',*,*,#4028,.F.);
#5413=ORIENTED_EDGE('',*,*,#4029,.F.);
#5414=ORIENTED_EDGE('',*,*,#4028,.T.);
#5415=ORIENTED_EDGE('',*,*,#4030,.F.);
#5416=ORIENTED_EDGE('',*,*,#3927,.F.);
#5417=ORIENTED_EDGE('',*,*,#4030,.T.);
#5418=ORIENTED_EDGE('',*,*,#4027,.T.);
#5419=ORIENTED_EDGE('',*,*,#4024,.T.);
#5420=ORIENTED_EDGE('',*,*,#4021,.T.);
#5421=ORIENTED_EDGE('',*,*,#4018,.T.);
#5422=ORIENTED_EDGE('',*,*,#4015,.T.);
#5423=ORIENTED_EDGE('',*,*,#4012,.T.);
#5424=ORIENTED_EDGE('',*,*,#4009,.T.);
#5425=ORIENTED_EDGE('',*,*,#4006,.T.);
#5426=ORIENTED_EDGE('',*,*,#4003,.T.);
#5427=ORIENTED_EDGE('',*,*,#4000,.T.);
#5428=ORIENTED_EDGE('',*,*,#3997,.T.);
#5429=ORIENTED_EDGE('',*,*,#3994,.T.);
#5430=ORIENTED_EDGE('',*,*,#3991,.T.);
#5431=ORIENTED_EDGE('',*,*,#3988,.T.);
#5432=ORIENTED_EDGE('',*,*,#3985,.T.);
#5433=ORIENTED_EDGE('',*,*,#3982,.T.);
#5434=ORIENTED_EDGE('',*,*,#3979,.T.);
#5435=ORIENTED_EDGE('',*,*,#3976,.T.);
#5436=ORIENTED_EDGE('',*,*,#3973,.T.);
#5437=ORIENTED_EDGE('',*,*,#3970,.T.);
#5438=ORIENTED_EDGE('',*,*,#3967,.T.);
#5439=ORIENTED_EDGE('',*,*,#3964,.T.);
#5440=ORIENTED_EDGE('',*,*,#3961,.T.);
#5441=ORIENTED_EDGE('',*,*,#3958,.T.);
#5442=ORIENTED_EDGE('',*,*,#3955,.T.);
#5443=ORIENTED_EDGE('',*,*,#3952,.T.);
#5444=ORIENTED_EDGE('',*,*,#3949,.T.);
#5445=ORIENTED_EDGE('',*,*,#3946,.T.);
#5446=ORIENTED_EDGE('',*,*,#3943,.T.);
#5447=ORIENTED_EDGE('',*,*,#3940,.T.);
#5448=ORIENTED_EDGE('',*,*,#3937,.T.);
#5449=ORIENTED_EDGE('',*,*,#3934,.T.);
#5450=ORIENTED_EDGE('',*,*,#3931,.T.);
#5451=ORIENTED_EDGE('',*,*,#3928,.T.);
#5452=ORIENTED_EDGE('',*,*,#4031,.F.);
#5453=ORIENTED_EDGE('',*,*,#4032,.T.);
#5454=ORIENTED_EDGE('',*,*,#4033,.F.);
#5455=ORIENTED_EDGE('',*,*,#4034,.F.);
#5456=ORIENTED_EDGE('',*,*,#4035,.F.);
#5457=ORIENTED_EDGE('',*,*,#4034,.T.);
#5458=ORIENTED_EDGE('',*,*,#4036,.F.);
#5459=ORIENTED_EDGE('',*,*,#4037,.F.);
#5460=ORIENTED_EDGE('',*,*,#4038,.F.);
#5461=ORIENTED_EDGE('',*,*,#4037,.T.);
#5462=ORIENTED_EDGE('',*,*,#4039,.F.);
#5463=ORIENTED_EDGE('',*,*,#4040,.F.);
#5464=ORIENTED_EDGE('',*,*,#4041,.F.);
#5465=ORIENTED_EDGE('',*,*,#4040,.T.);
#5466=ORIENTED_EDGE('',*,*,#4042,.F.);
#5467=ORIENTED_EDGE('',*,*,#4043,.F.);
#5468=ORIENTED_EDGE('',*,*,#4044,.F.);
#5469=ORIENTED_EDGE('',*,*,#4043,.T.);
#5470=ORIENTED_EDGE('',*,*,#4045,.F.);
#5471=ORIENTED_EDGE('',*,*,#4046,.F.);
#5472=ORIENTED_EDGE('',*,*,#4047,.F.);
#5473=ORIENTED_EDGE('',*,*,#4046,.T.);
#5474=ORIENTED_EDGE('',*,*,#4048,.F.);
#5475=ORIENTED_EDGE('',*,*,#4032,.F.);
#5476=ORIENTED_EDGE('',*,*,#4048,.T.);
#5477=ORIENTED_EDGE('',*,*,#4045,.T.);
#5478=ORIENTED_EDGE('',*,*,#4042,.T.);
#5479=ORIENTED_EDGE('',*,*,#4039,.T.);
#5480=ORIENTED_EDGE('',*,*,#4036,.T.);
#5481=ORIENTED_EDGE('',*,*,#4033,.T.);
#5482=ORIENTED_EDGE('',*,*,#4049,.T.);
#5483=ORIENTED_EDGE('',*,*,#4050,.T.);
#5484=ORIENTED_EDGE('',*,*,#4051,.T.);
#5485=ORIENTED_EDGE('',*,*,#4052,.T.);
#5486=ORIENTED_EDGE('',*,*,#4051,.F.);
#5487=ORIENTED_EDGE('',*,*,#4053,.F.);
#5488=ORIENTED_EDGE('',*,*,#4054,.F.);
#5489=ORIENTED_EDGE('',*,*,#4055,.F.);
#5490=ORIENTED_EDGE('',*,*,#4056,.F.);
#5491=ORIENTED_EDGE('',*,*,#4057,.F.);
#5492=ORIENTED_EDGE('',*,*,#4058,.F.);
#5493=ORIENTED_EDGE('',*,*,#4059,.F.);
#5494=ORIENTED_EDGE('',*,*,#4060,.F.);
#5495=ORIENTED_EDGE('',*,*,#4061,.F.);
#5496=ORIENTED_EDGE('',*,*,#4062,.F.);
#5497=ORIENTED_EDGE('',*,*,#4063,.F.);
#5498=ORIENTED_EDGE('',*,*,#4064,.F.);
#5499=ORIENTED_EDGE('',*,*,#4065,.F.);
#5500=ORIENTED_EDGE('',*,*,#4066,.F.);
#5501=ORIENTED_EDGE('',*,*,#4067,.F.);
#5502=ORIENTED_EDGE('',*,*,#4068,.F.);
#5503=ORIENTED_EDGE('',*,*,#4069,.F.);
#5504=ORIENTED_EDGE('',*,*,#4070,.F.);
#5505=ORIENTED_EDGE('',*,*,#4071,.F.);
#5506=ORIENTED_EDGE('',*,*,#4072,.F.);
#5507=ORIENTED_EDGE('',*,*,#4073,.F.);
#5508=ORIENTED_EDGE('',*,*,#4074,.F.);
#5509=ORIENTED_EDGE('',*,*,#4075,.F.);
#5510=ORIENTED_EDGE('',*,*,#4076,.F.);
#5511=ORIENTED_EDGE('',*,*,#4077,.F.);
#5512=ORIENTED_EDGE('',*,*,#4078,.F.);
#5513=ORIENTED_EDGE('',*,*,#4079,.F.);
#5514=ORIENTED_EDGE('',*,*,#4080,.F.);
#5515=ORIENTED_EDGE('',*,*,#4081,.F.);
#5516=ORIENTED_EDGE('',*,*,#4082,.F.);
#5517=ORIENTED_EDGE('',*,*,#4083,.F.);
#5518=ORIENTED_EDGE('',*,*,#4084,.F.);
#5519=ORIENTED_EDGE('',*,*,#4085,.F.);
#5520=ORIENTED_EDGE('',*,*,#4086,.F.);
#5521=ORIENTED_EDGE('',*,*,#4087,.F.);
#5522=ORIENTED_EDGE('',*,*,#4050,.F.);
#5523=ORIENTED_EDGE('',*,*,#4088,.F.);
#5524=ORIENTED_EDGE('',*,*,#4089,.F.);
#5525=ORIENTED_EDGE('',*,*,#4053,.T.);
#5526=ORIENTED_EDGE('',*,*,#4090,.T.);
#5527=ORIENTED_EDGE('',*,*,#4091,.T.);
#5528=ORIENTED_EDGE('',*,*,#4054,.T.);
#5529=ORIENTED_EDGE('',*,*,#4089,.T.);
#5530=ORIENTED_EDGE('',*,*,#4092,.T.);
#5531=ORIENTED_EDGE('',*,*,#4093,.T.);
#5532=ORIENTED_EDGE('',*,*,#4058,.T.);
#5533=ORIENTED_EDGE('',*,*,#4094,.T.);
#5534=ORIENTED_EDGE('',*,*,#4094,.F.);
#5535=ORIENTED_EDGE('',*,*,#4057,.T.);
#5536=ORIENTED_EDGE('',*,*,#4095,.F.);
#5537=ORIENTED_EDGE('',*,*,#4096,.F.);
#5538=ORIENTED_EDGE('',*,*,#4097,.T.);
#5539=ORIENTED_EDGE('',*,*,#4095,.T.);
#5540=ORIENTED_EDGE('',*,*,#4056,.T.);
#5541=ORIENTED_EDGE('',*,*,#4098,.T.);
#5542=ORIENTED_EDGE('',*,*,#4081,.T.);
#5543=ORIENTED_EDGE('',*,*,#4099,.T.);
#5544=ORIENTED_EDGE('',*,*,#4100,.F.);
#5545=ORIENTED_EDGE('',*,*,#4101,.F.);
#5546=ORIENTED_EDGE('',*,*,#4082,.T.);
#5547=ORIENTED_EDGE('',*,*,#4101,.T.);
#5548=ORIENTED_EDGE('',*,*,#4102,.F.);
#5549=ORIENTED_EDGE('',*,*,#4103,.F.);
#5550=ORIENTED_EDGE('',*,*,#4083,.T.);
#5551=ORIENTED_EDGE('',*,*,#4103,.T.);
#5552=ORIENTED_EDGE('',*,*,#4104,.F.);
#5553=ORIENTED_EDGE('',*,*,#4105,.F.);
#5554=ORIENTED_EDGE('',*,*,#4084,.T.);
#5555=ORIENTED_EDGE('',*,*,#4105,.T.);
#5556=ORIENTED_EDGE('',*,*,#4106,.F.);
#5557=ORIENTED_EDGE('',*,*,#4107,.F.);
#5558=ORIENTED_EDGE('',*,*,#4085,.T.);
#5559=ORIENTED_EDGE('',*,*,#4107,.T.);
#5560=ORIENTED_EDGE('',*,*,#4108,.F.);
#5561=ORIENTED_EDGE('',*,*,#4109,.F.);
#5562=ORIENTED_EDGE('',*,*,#4086,.T.);
#5563=ORIENTED_EDGE('',*,*,#4109,.T.);
#5564=ORIENTED_EDGE('',*,*,#4110,.F.);
#5565=ORIENTED_EDGE('',*,*,#4111,.F.);
#5566=ORIENTED_EDGE('',*,*,#4087,.T.);
#5567=ORIENTED_EDGE('',*,*,#4111,.T.);
#5568=ORIENTED_EDGE('',*,*,#4112,.F.);
#5569=ORIENTED_EDGE('',*,*,#4113,.F.);
#5570=ORIENTED_EDGE('',*,*,#4080,.T.);
#5571=ORIENTED_EDGE('',*,*,#4113,.T.);
#5572=ORIENTED_EDGE('',*,*,#4114,.F.);
#5573=ORIENTED_EDGE('',*,*,#4099,.F.);
#5574=ORIENTED_EDGE('',*,*,#4073,.T.);
#5575=ORIENTED_EDGE('',*,*,#4115,.T.);
#5576=ORIENTED_EDGE('',*,*,#4116,.F.);
#5577=ORIENTED_EDGE('',*,*,#4117,.F.);
#5578=ORIENTED_EDGE('',*,*,#4074,.T.);
#5579=ORIENTED_EDGE('',*,*,#4117,.T.);
#5580=ORIENTED_EDGE('',*,*,#4118,.F.);
#5581=ORIENTED_EDGE('',*,*,#4119,.F.);
#5582=ORIENTED_EDGE('',*,*,#4075,.T.);
#5583=ORIENTED_EDGE('',*,*,#4119,.T.);
#5584=ORIENTED_EDGE('',*,*,#4120,.F.);
#5585=ORIENTED_EDGE('',*,*,#4121,.F.);
#5586=ORIENTED_EDGE('',*,*,#4076,.T.);
#5587=ORIENTED_EDGE('',*,*,#4121,.T.);
#5588=ORIENTED_EDGE('',*,*,#4122,.F.);
#5589=ORIENTED_EDGE('',*,*,#4123,.F.);
#5590=ORIENTED_EDGE('',*,*,#4077,.T.);
#5591=ORIENTED_EDGE('',*,*,#4123,.T.);
#5592=ORIENTED_EDGE('',*,*,#4124,.F.);
#5593=ORIENTED_EDGE('',*,*,#4125,.F.);
#5594=ORIENTED_EDGE('',*,*,#4078,.T.);
#5595=ORIENTED_EDGE('',*,*,#4125,.T.);
#5596=ORIENTED_EDGE('',*,*,#4126,.F.);
#5597=ORIENTED_EDGE('',*,*,#4127,.F.);
#5598=ORIENTED_EDGE('',*,*,#4079,.T.);
#5599=ORIENTED_EDGE('',*,*,#4127,.T.);
#5600=ORIENTED_EDGE('',*,*,#4128,.F.);
#5601=ORIENTED_EDGE('',*,*,#4129,.F.);
#5602=ORIENTED_EDGE('',*,*,#4072,.T.);
#5603=ORIENTED_EDGE('',*,*,#4129,.T.);
#5604=ORIENTED_EDGE('',*,*,#4130,.F.);
#5605=ORIENTED_EDGE('',*,*,#4115,.F.);
#5606=ORIENTED_EDGE('',*,*,#4131,.F.);
#5607=ORIENTED_EDGE('',*,*,#4132,.T.);
#5608=ORIENTED_EDGE('',*,*,#4071,.T.);
#5609=ORIENTED_EDGE('',*,*,#4132,.F.);
#5610=ORIENTED_EDGE('',*,*,#4133,.F.);
#5611=ORIENTED_EDGE('',*,*,#4134,.T.);
#5612=ORIENTED_EDGE('',*,*,#4070,.T.);
#5613=ORIENTED_EDGE('',*,*,#4134,.F.);
#5614=ORIENTED_EDGE('',*,*,#4135,.F.);
#5615=ORIENTED_EDGE('',*,*,#4136,.T.);
#5616=ORIENTED_EDGE('',*,*,#4069,.T.);
#5617=ORIENTED_EDGE('',*,*,#4136,.F.);
#5618=ORIENTED_EDGE('',*,*,#4137,.F.);
#5619=ORIENTED_EDGE('',*,*,#4138,.T.);
#5620=ORIENTED_EDGE('',*,*,#4068,.T.);
#5621=ORIENTED_EDGE('',*,*,#4138,.F.);
#5622=ORIENTED_EDGE('',*,*,#4061,.T.);
#5623=ORIENTED_EDGE('',*,*,#4139,.T.);
#5624=ORIENTED_EDGE('',*,*,#4140,.F.);
#5625=ORIENTED_EDGE('',*,*,#4141,.F.);
#5626=ORIENTED_EDGE('',*,*,#4062,.T.);
#5627=ORIENTED_EDGE('',*,*,#4141,.T.);
#5628=ORIENTED_EDGE('',*,*,#4142,.F.);
#5629=ORIENTED_EDGE('',*,*,#4143,.F.);
#5630=ORIENTED_EDGE('',*,*,#4063,.T.);
#5631=ORIENTED_EDGE('',*,*,#4143,.T.);
#5632=ORIENTED_EDGE('',*,*,#4144,.F.);
#5633=ORIENTED_EDGE('',*,*,#4145,.F.);
#5634=ORIENTED_EDGE('',*,*,#4064,.T.);
#5635=ORIENTED_EDGE('',*,*,#4145,.T.);
#5636=ORIENTED_EDGE('',*,*,#4146,.F.);
#5637=ORIENTED_EDGE('',*,*,#4147,.F.);
#5638=ORIENTED_EDGE('',*,*,#4065,.T.);
#5639=ORIENTED_EDGE('',*,*,#4147,.T.);
#5640=ORIENTED_EDGE('',*,*,#4148,.F.);
#5641=ORIENTED_EDGE('',*,*,#4149,.F.);
#5642=ORIENTED_EDGE('',*,*,#4066,.T.);
#5643=ORIENTED_EDGE('',*,*,#4149,.T.);
#5644=ORIENTED_EDGE('',*,*,#4150,.F.);
#5645=ORIENTED_EDGE('',*,*,#4151,.F.);
#5646=ORIENTED_EDGE('',*,*,#4067,.T.);
#5647=ORIENTED_EDGE('',*,*,#4151,.T.);
#5648=ORIENTED_EDGE('',*,*,#4152,.F.);
#5649=ORIENTED_EDGE('',*,*,#4153,.F.);
#5650=ORIENTED_EDGE('',*,*,#4060,.T.);
#5651=ORIENTED_EDGE('',*,*,#4153,.T.);
#5652=ORIENTED_EDGE('',*,*,#4154,.F.);
#5653=ORIENTED_EDGE('',*,*,#4139,.F.);
#5654=ORIENTED_EDGE('',*,*,#4091,.F.);
#5655=ORIENTED_EDGE('',*,*,#4155,.F.);
#5656=ORIENTED_EDGE('',*,*,#4098,.F.);
#5657=ORIENTED_EDGE('',*,*,#4055,.T.);
#5658=ORIENTED_EDGE('',*,*,#4052,.F.);
#5659=ORIENTED_EDGE('',*,*,#4059,.T.);
#5660=ORIENTED_EDGE('',*,*,#4093,.F.);
#5661=ORIENTED_EDGE('',*,*,#4156,.F.);
#5662=ORIENTED_EDGE('',*,*,#4049,.F.);
#5663=ORIENTED_EDGE('',*,*,#4156,.T.);
#5664=ORIENTED_EDGE('',*,*,#4092,.F.);
#5665=ORIENTED_EDGE('',*,*,#4096,.T.);
#5666=ORIENTED_EDGE('',*,*,#4097,.F.);
#5667=ORIENTED_EDGE('',*,*,#4155,.T.);
#5668=ORIENTED_EDGE('',*,*,#4090,.F.);
#5669=ORIENTED_EDGE('',*,*,#4088,.T.);
#5670=ORIENTED_EDGE('',*,*,#3545,.T.);
#5671=ORIENTED_EDGE('',*,*,#3549,.T.);
#5672=ORIENTED_EDGE('',*,*,#3552,.T.);
#5673=ORIENTED_EDGE('',*,*,#3555,.T.);
#5674=ORIENTED_EDGE('',*,*,#3558,.T.);
#5675=ORIENTED_EDGE('',*,*,#3561,.T.);
#5676=ORIENTED_EDGE('',*,*,#3564,.T.);
#5677=ORIENTED_EDGE('',*,*,#3567,.T.);
#5678=ORIENTED_EDGE('',*,*,#3570,.T.);
#5679=ORIENTED_EDGE('',*,*,#3573,.T.);
#5680=ORIENTED_EDGE('',*,*,#3576,.T.);
#5681=ORIENTED_EDGE('',*,*,#3579,.T.);
#5682=ORIENTED_EDGE('',*,*,#3582,.T.);
#5683=ORIENTED_EDGE('',*,*,#3585,.T.);
#5684=ORIENTED_EDGE('',*,*,#3588,.T.);
#5685=ORIENTED_EDGE('',*,*,#3591,.T.);
#5686=ORIENTED_EDGE('',*,*,#3594,.T.);
#5687=ORIENTED_EDGE('',*,*,#3597,.T.);
#5688=ORIENTED_EDGE('',*,*,#3600,.T.);
#5689=ORIENTED_EDGE('',*,*,#3641,.T.);
#5690=ORIENTED_EDGE('',*,*,#3645,.T.);
#5691=ORIENTED_EDGE('',*,*,#3648,.T.);
#5692=ORIENTED_EDGE('',*,*,#3651,.T.);
#5693=ORIENTED_EDGE('',*,*,#3654,.T.);
#5694=ORIENTED_EDGE('',*,*,#3657,.T.);
#5695=ORIENTED_EDGE('',*,*,#3660,.T.);
#5696=ORIENTED_EDGE('',*,*,#3663,.T.);
#5697=ORIENTED_EDGE('',*,*,#3666,.T.);
#5698=ORIENTED_EDGE('',*,*,#3669,.T.);
#5699=ORIENTED_EDGE('',*,*,#3672,.T.);
#5700=ORIENTED_EDGE('',*,*,#3675,.T.);
#5701=ORIENTED_EDGE('',*,*,#3678,.T.);
#5702=ORIENTED_EDGE('',*,*,#3681,.T.);
#5703=ORIENTED_EDGE('',*,*,#3684,.T.);
#5704=ORIENTED_EDGE('',*,*,#3687,.T.);
#5705=ORIENTED_EDGE('',*,*,#3690,.T.);
#5706=ORIENTED_EDGE('',*,*,#3693,.T.);
#5707=ORIENTED_EDGE('',*,*,#3696,.T.);
#5708=ORIENTED_EDGE('',*,*,#3699,.T.);
#5709=ORIENTED_EDGE('',*,*,#3702,.T.);
#5710=ORIENTED_EDGE('',*,*,#3705,.T.);
#5711=ORIENTED_EDGE('',*,*,#3773,.T.);
#5712=ORIENTED_EDGE('',*,*,#3777,.T.);
#5713=ORIENTED_EDGE('',*,*,#3780,.T.);
#5714=ORIENTED_EDGE('',*,*,#3783,.T.);
#5715=ORIENTED_EDGE('',*,*,#3786,.T.);
#5716=ORIENTED_EDGE('',*,*,#3789,.T.);
#5717=ORIENTED_EDGE('',*,*,#3792,.T.);
#5718=ORIENTED_EDGE('',*,*,#3795,.T.);
#5719=ORIENTED_EDGE('',*,*,#3798,.T.);
#5720=ORIENTED_EDGE('',*,*,#3857,.T.);
#5721=ORIENTED_EDGE('',*,*,#3861,.T.);
#5722=ORIENTED_EDGE('',*,*,#3864,.T.);
#5723=ORIENTED_EDGE('',*,*,#3867,.T.);
#5724=ORIENTED_EDGE('',*,*,#3870,.T.);
#5725=ORIENTED_EDGE('',*,*,#3873,.T.);
#5726=ORIENTED_EDGE('',*,*,#3876,.T.);
#5727=ORIENTED_EDGE('',*,*,#3879,.T.);
#5728=ORIENTED_EDGE('',*,*,#3882,.T.);
#5729=ORIENTED_EDGE('',*,*,#3885,.T.);
#5730=ORIENTED_EDGE('',*,*,#3888,.T.);
#5731=ORIENTED_EDGE('',*,*,#3891,.T.);
#5732=ORIENTED_EDGE('',*,*,#3926,.T.);
#5733=ORIENTED_EDGE('',*,*,#3930,.T.);
#5734=ORIENTED_EDGE('',*,*,#3933,.T.);
#5735=ORIENTED_EDGE('',*,*,#3936,.T.);
#5736=ORIENTED_EDGE('',*,*,#3939,.T.);
#5737=ORIENTED_EDGE('',*,*,#3942,.T.);
#5738=ORIENTED_EDGE('',*,*,#3945,.T.);
#5739=ORIENTED_EDGE('',*,*,#3948,.T.);
#5740=ORIENTED_EDGE('',*,*,#3951,.T.);
#5741=ORIENTED_EDGE('',*,*,#3954,.T.);
#5742=ORIENTED_EDGE('',*,*,#3957,.T.);
#5743=ORIENTED_EDGE('',*,*,#3960,.T.);
#5744=ORIENTED_EDGE('',*,*,#3963,.T.);
#5745=ORIENTED_EDGE('',*,*,#3966,.T.);
#5746=ORIENTED_EDGE('',*,*,#3969,.T.);
#5747=ORIENTED_EDGE('',*,*,#3972,.T.);
#5748=ORIENTED_EDGE('',*,*,#3975,.T.);
#5749=ORIENTED_EDGE('',*,*,#3978,.T.);
#5750=ORIENTED_EDGE('',*,*,#3981,.T.);
#5751=ORIENTED_EDGE('',*,*,#3984,.T.);
#5752=ORIENTED_EDGE('',*,*,#3987,.T.);
#5753=ORIENTED_EDGE('',*,*,#3990,.T.);
#5754=ORIENTED_EDGE('',*,*,#3993,.T.);
#5755=ORIENTED_EDGE('',*,*,#3996,.T.);
#5756=ORIENTED_EDGE('',*,*,#3999,.T.);
#5757=ORIENTED_EDGE('',*,*,#4002,.T.);
#5758=ORIENTED_EDGE('',*,*,#4005,.T.);
#5759=ORIENTED_EDGE('',*,*,#4008,.T.);
#5760=ORIENTED_EDGE('',*,*,#4011,.T.);
#5761=ORIENTED_EDGE('',*,*,#4014,.T.);
#5762=ORIENTED_EDGE('',*,*,#4017,.T.);
#5763=ORIENTED_EDGE('',*,*,#4020,.T.);
#5764=ORIENTED_EDGE('',*,*,#4023,.T.);
#5765=ORIENTED_EDGE('',*,*,#4026,.T.);
#5766=ORIENTED_EDGE('',*,*,#4029,.T.);
#5767=ORIENTED_EDGE('',*,*,#4114,.T.);
#5768=ORIENTED_EDGE('',*,*,#4112,.T.);
#5769=ORIENTED_EDGE('',*,*,#4110,.T.);
#5770=ORIENTED_EDGE('',*,*,#4108,.T.);
#5771=ORIENTED_EDGE('',*,*,#4106,.T.);
#5772=ORIENTED_EDGE('',*,*,#4104,.T.);
#5773=ORIENTED_EDGE('',*,*,#4102,.T.);
#5774=ORIENTED_EDGE('',*,*,#4100,.T.);
#5775=ORIENTED_EDGE('',*,*,#4130,.T.);
#5776=ORIENTED_EDGE('',*,*,#4128,.T.);
#5777=ORIENTED_EDGE('',*,*,#4126,.T.);
#5778=ORIENTED_EDGE('',*,*,#4124,.T.);
#5779=ORIENTED_EDGE('',*,*,#4122,.T.);
#5780=ORIENTED_EDGE('',*,*,#4120,.T.);
#5781=ORIENTED_EDGE('',*,*,#4118,.T.);
#5782=ORIENTED_EDGE('',*,*,#4116,.T.);
#5783=ORIENTED_EDGE('',*,*,#4131,.T.);
#5784=ORIENTED_EDGE('',*,*,#4133,.T.);
#5785=ORIENTED_EDGE('',*,*,#4135,.T.);
#5786=ORIENTED_EDGE('',*,*,#4137,.T.);
#5787=ORIENTED_EDGE('',*,*,#4154,.T.);
#5788=ORIENTED_EDGE('',*,*,#4152,.T.);
#5789=ORIENTED_EDGE('',*,*,#4150,.T.);
#5790=ORIENTED_EDGE('',*,*,#4148,.T.);
#5791=ORIENTED_EDGE('',*,*,#4146,.T.);
#5792=ORIENTED_EDGE('',*,*,#4144,.T.);
#5793=ORIENTED_EDGE('',*,*,#4142,.T.);
#5794=ORIENTED_EDGE('',*,*,#4140,.T.);
#5795=ORIENTED_EDGE('',*,*,#4031,.T.);
#5796=ORIENTED_EDGE('',*,*,#4035,.T.);
#5797=ORIENTED_EDGE('',*,*,#4038,.T.);
#5798=ORIENTED_EDGE('',*,*,#4041,.T.);
#5799=ORIENTED_EDGE('',*,*,#4044,.T.);
#5800=ORIENTED_EDGE('',*,*,#4047,.T.);
#5801=ORIENTED_EDGE('',*,*,#3893,.T.);
#5802=ORIENTED_EDGE('',*,*,#3897,.T.);
#5803=ORIENTED_EDGE('',*,*,#3900,.T.);
#5804=ORIENTED_EDGE('',*,*,#3903,.T.);
#5805=ORIENTED_EDGE('',*,*,#3906,.T.);
#5806=ORIENTED_EDGE('',*,*,#3909,.T.);
#5807=ORIENTED_EDGE('',*,*,#3912,.T.);
#5808=ORIENTED_EDGE('',*,*,#3915,.T.);
#5809=ORIENTED_EDGE('',*,*,#3918,.T.);
#5810=ORIENTED_EDGE('',*,*,#3921,.T.);
#5811=ORIENTED_EDGE('',*,*,#3924,.T.);
#5812=ORIENTED_EDGE('',*,*,#3800,.T.);
#5813=ORIENTED_EDGE('',*,*,#3804,.T.);
#5814=ORIENTED_EDGE('',*,*,#3807,.T.);
#5815=ORIENTED_EDGE('',*,*,#3810,.T.);
#5816=ORIENTED_EDGE('',*,*,#3813,.T.);
#5817=ORIENTED_EDGE('',*,*,#3816,.T.);
#5818=ORIENTED_EDGE('',*,*,#3819,.T.);
#5819=ORIENTED_EDGE('',*,*,#3822,.T.);
#5820=ORIENTED_EDGE('',*,*,#3825,.T.);
#5821=ORIENTED_EDGE('',*,*,#3828,.T.);
#5822=ORIENTED_EDGE('',*,*,#3831,.T.);
#5823=ORIENTED_EDGE('',*,*,#3707,.T.);
#5824=ORIENTED_EDGE('',*,*,#3711,.T.);
#5825=ORIENTED_EDGE('',*,*,#3714,.T.);
#5826=ORIENTED_EDGE('',*,*,#3717,.T.);
#5827=ORIENTED_EDGE('',*,*,#3720,.T.);
#5828=ORIENTED_EDGE('',*,*,#3723,.T.);
#5829=ORIENTED_EDGE('',*,*,#3726,.T.);
#5830=ORIENTED_EDGE('',*,*,#3729,.T.);
#5831=ORIENTED_EDGE('',*,*,#3732,.T.);
#5832=ORIENTED_EDGE('',*,*,#3735,.T.);
#5833=ORIENTED_EDGE('',*,*,#3738,.T.);
#5834=ORIENTED_EDGE('',*,*,#3741,.T.);
#5835=ORIENTED_EDGE('',*,*,#3744,.T.);
#5836=ORIENTED_EDGE('',*,*,#3747,.T.);
#5837=ORIENTED_EDGE('',*,*,#3750,.T.);
#5838=ORIENTED_EDGE('',*,*,#3753,.T.);
#5839=ORIENTED_EDGE('',*,*,#3756,.T.);
#5840=ORIENTED_EDGE('',*,*,#3759,.T.);
#5841=ORIENTED_EDGE('',*,*,#3762,.T.);
#5842=ORIENTED_EDGE('',*,*,#3765,.T.);
#5843=ORIENTED_EDGE('',*,*,#3768,.T.);
#5844=ORIENTED_EDGE('',*,*,#3771,.T.);
#5845=ORIENTED_EDGE('',*,*,#3617,.T.);
#5846=ORIENTED_EDGE('',*,*,#3621,.T.);
#5847=ORIENTED_EDGE('',*,*,#3624,.T.);
#5848=ORIENTED_EDGE('',*,*,#3627,.T.);
#5849=ORIENTED_EDGE('',*,*,#3630,.T.);
#5850=ORIENTED_EDGE('',*,*,#3633,.T.);
#5851=ORIENTED_EDGE('',*,*,#3636,.T.);
#5852=ORIENTED_EDGE('',*,*,#3639,.T.);
#5853=ORIENTED_EDGE('',*,*,#3521,.T.);
#5854=ORIENTED_EDGE('',*,*,#3525,.T.);
#5855=ORIENTED_EDGE('',*,*,#3528,.T.);
#5856=ORIENTED_EDGE('',*,*,#3531,.T.);
#5857=ORIENTED_EDGE('',*,*,#3534,.T.);
#5858=ORIENTED_EDGE('',*,*,#3537,.T.);
#5859=ORIENTED_EDGE('',*,*,#3540,.T.);
#5860=ORIENTED_EDGE('',*,*,#3543,.T.);
#5861=ORIENTED_EDGE('',*,*,#4157,.T.);
#5862=ORIENTED_EDGE('',*,*,#4158,.T.);
#5863=ORIENTED_EDGE('',*,*,#4159,.F.);
#5864=ORIENTED_EDGE('',*,*,#4160,.T.);
#5865=ORIENTED_EDGE('',*,*,#4159,.T.);
#5866=ORIENTED_EDGE('',*,*,#4161,.T.);
#5867=ORIENTED_EDGE('',*,*,#4162,.T.);
#5868=ORIENTED_EDGE('',*,*,#4163,.T.);
#5869=ORIENTED_EDGE('',*,*,#4164,.T.);
#5870=ORIENTED_EDGE('',*,*,#4165,.F.);
#5871=ORIENTED_EDGE('',*,*,#4166,.T.);
#5872=ORIENTED_EDGE('',*,*,#4165,.T.);
#5873=ORIENTED_EDGE('',*,*,#4167,.T.);
#5874=ORIENTED_EDGE('',*,*,#4168,.T.);
#5875=ORIENTED_EDGE('',*,*,#4169,.T.);
#5876=ORIENTED_EDGE('',*,*,#4170,.T.);
#5877=ORIENTED_EDGE('',*,*,#4171,.F.);
#5878=ORIENTED_EDGE('',*,*,#4172,.T.);
#5879=ORIENTED_EDGE('',*,*,#4171,.T.);
#5880=ORIENTED_EDGE('',*,*,#4173,.T.);
#5881=ORIENTED_EDGE('',*,*,#4174,.T.);
#5882=ORIENTED_EDGE('',*,*,#4175,.T.);
#5883=ORIENTED_EDGE('',*,*,#4176,.T.);
#5884=ORIENTED_EDGE('',*,*,#4177,.F.);
#5885=ORIENTED_EDGE('',*,*,#4178,.T.);
#5886=ORIENTED_EDGE('',*,*,#4177,.T.);
#5887=ORIENTED_EDGE('',*,*,#4179,.T.);
#5888=ORIENTED_EDGE('',*,*,#4180,.T.);
#5889=ORIENTED_EDGE('',*,*,#4162,.F.);
#5890=ORIENTED_EDGE('',*,*,#4181,.T.);
#5891=ORIENTED_EDGE('',*,*,#4179,.F.);
#5892=ORIENTED_EDGE('',*,*,#4176,.F.);
#5893=ORIENTED_EDGE('',*,*,#4182,.T.);
#5894=ORIENTED_EDGE('',*,*,#4173,.F.);
#5895=ORIENTED_EDGE('',*,*,#4183,.T.);
#5896=ORIENTED_EDGE('',*,*,#4180,.F.);
#5897=ORIENTED_EDGE('',*,*,#4184,.T.);
#5898=ORIENTED_EDGE('',*,*,#4167,.F.);
#5899=ORIENTED_EDGE('',*,*,#4185,.T.);
#5900=ORIENTED_EDGE('',*,*,#4172,.F.);
#5901=ORIENTED_EDGE('',*,*,#4174,.F.);
#5902=ORIENTED_EDGE('',*,*,#4186,.T.);
#5903=ORIENTED_EDGE('',*,*,#4161,.F.);
#5904=ORIENTED_EDGE('',*,*,#4158,.F.);
#5905=ORIENTED_EDGE('',*,*,#4187,.T.);
#5906=ORIENTED_EDGE('',*,*,#4166,.F.);
#5907=ORIENTED_EDGE('',*,*,#4168,.F.);
#5908=ORIENTED_EDGE('',*,*,#4188,.T.);
#5909=ORIENTED_EDGE('',*,*,#4189,.T.);
#5910=ORIENTED_EDGE('',*,*,#4163,.F.);
#5911=ORIENTED_EDGE('',*,*,#4190,.T.);
#5912=ORIENTED_EDGE('',*,*,#4191,.T.);
#5913=ORIENTED_EDGE('',*,*,#4192,.T.);
#5914=ORIENTED_EDGE('',*,*,#4187,.F.);
#5915=ORIENTED_EDGE('',*,*,#4193,.F.);
#5916=ORIENTED_EDGE('',*,*,#4194,.F.);
#5917=ORIENTED_EDGE('',*,*,#4190,.F.);
#5918=ORIENTED_EDGE('',*,*,#4157,.F.);
#5919=ORIENTED_EDGE('',*,*,#4195,.T.);
#5920=ORIENTED_EDGE('',*,*,#4196,.T.);
#5921=ORIENTED_EDGE('',*,*,#4193,.T.);
#5922=ORIENTED_EDGE('',*,*,#4182,.F.);
#5923=ORIENTED_EDGE('',*,*,#4197,.F.);
#5924=ORIENTED_EDGE('',*,*,#4198,.F.);
#5925=ORIENTED_EDGE('',*,*,#4195,.F.);
#5926=ORIENTED_EDGE('',*,*,#4160,.F.);
#5927=ORIENTED_EDGE('',*,*,#4175,.F.);
#5928=ORIENTED_EDGE('',*,*,#4199,.T.);
#5929=ORIENTED_EDGE('',*,*,#4200,.T.);
#5930=ORIENTED_EDGE('',*,*,#4197,.T.);
#5931=ORIENTED_EDGE('',*,*,#4181,.F.);
#5932=ORIENTED_EDGE('',*,*,#4189,.F.);
#5933=ORIENTED_EDGE('',*,*,#4201,.F.);
#5934=ORIENTED_EDGE('',*,*,#4201,.T.);
#5935=ORIENTED_EDGE('',*,*,#4188,.F.);
#5936=ORIENTED_EDGE('',*,*,#4186,.F.);
#5937=ORIENTED_EDGE('',*,*,#4184,.F.);
#5938=ORIENTED_EDGE('',*,*,#4202,.T.);
#5939=ORIENTED_EDGE('',*,*,#4203,.T.);
#5940=ORIENTED_EDGE('',*,*,#4204,.F.);
#5941=ORIENTED_EDGE('',*,*,#4205,.F.);
#5942=ORIENTED_EDGE('',*,*,#4206,.T.);
#5943=ORIENTED_EDGE('',*,*,#4205,.T.);
#5944=ORIENTED_EDGE('',*,*,#4207,.F.);
#5945=ORIENTED_EDGE('',*,*,#4208,.F.);
#5946=ORIENTED_EDGE('',*,*,#4209,.T.);
#5947=ORIENTED_EDGE('',*,*,#4208,.T.);
#5948=ORIENTED_EDGE('',*,*,#4210,.F.);
#5949=ORIENTED_EDGE('',*,*,#4211,.F.);
#5950=ORIENTED_EDGE('',*,*,#4212,.T.);
#5951=ORIENTED_EDGE('',*,*,#4211,.T.);
#5952=ORIENTED_EDGE('',*,*,#4213,.F.);
#5953=ORIENTED_EDGE('',*,*,#4203,.F.);
#5954=ORIENTED_EDGE('',*,*,#4213,.T.);
#5955=ORIENTED_EDGE('',*,*,#4210,.T.);
#5956=ORIENTED_EDGE('',*,*,#4207,.T.);
#5957=ORIENTED_EDGE('',*,*,#4204,.T.);
#5958=ORIENTED_EDGE('',*,*,#4214,.T.);
#5959=ORIENTED_EDGE('',*,*,#4215,.F.);
#5960=ORIENTED_EDGE('',*,*,#4212,.F.);
#5961=ORIENTED_EDGE('',*,*,#4216,.T.);
#5962=ORIENTED_EDGE('',*,*,#4217,.T.);
#5963=ORIENTED_EDGE('',*,*,#4218,.F.);
#5964=ORIENTED_EDGE('',*,*,#4209,.F.);
#5965=ORIENTED_EDGE('',*,*,#4215,.T.);
#5966=ORIENTED_EDGE('',*,*,#4219,.T.);
#5967=ORIENTED_EDGE('',*,*,#4220,.F.);
#5968=ORIENTED_EDGE('',*,*,#4206,.F.);
#5969=ORIENTED_EDGE('',*,*,#4218,.T.);
#5970=ORIENTED_EDGE('',*,*,#4221,.T.);
#5971=ORIENTED_EDGE('',*,*,#4216,.F.);
#5972=ORIENTED_EDGE('',*,*,#4202,.F.);
#5973=ORIENTED_EDGE('',*,*,#4220,.T.);
#5974=ORIENTED_EDGE('',*,*,#4222,.F.);
#5975=ORIENTED_EDGE('',*,*,#4223,.F.);
#5976=ORIENTED_EDGE('',*,*,#4224,.F.);
#5977=ORIENTED_EDGE('',*,*,#4225,.T.);
#5978=ORIENTED_EDGE('',*,*,#4226,.F.);
#5979=ORIENTED_EDGE('',*,*,#4225,.F.);
#5980=ORIENTED_EDGE('',*,*,#4227,.F.);
#5981=ORIENTED_EDGE('',*,*,#4228,.T.);
#5982=ORIENTED_EDGE('',*,*,#4229,.F.);
#5983=ORIENTED_EDGE('',*,*,#4228,.F.);
#5984=ORIENTED_EDGE('',*,*,#4230,.F.);
#5985=ORIENTED_EDGE('',*,*,#4231,.T.);
#5986=ORIENTED_EDGE('',*,*,#4232,.F.);
#5987=ORIENTED_EDGE('',*,*,#4231,.F.);
#5988=ORIENTED_EDGE('',*,*,#4233,.F.);
#5989=ORIENTED_EDGE('',*,*,#4223,.T.);
#5990=ORIENTED_EDGE('',*,*,#4222,.T.);
#5991=ORIENTED_EDGE('',*,*,#4226,.T.);
#5992=ORIENTED_EDGE('',*,*,#4229,.T.);
#5993=ORIENTED_EDGE('',*,*,#4232,.T.);
#5994=ORIENTED_EDGE('',*,*,#4214,.F.);
#5995=ORIENTED_EDGE('',*,*,#4221,.F.);
#5996=ORIENTED_EDGE('',*,*,#4219,.F.);
#5997=ORIENTED_EDGE('',*,*,#4217,.F.);
#5998=ORIENTED_EDGE('',*,*,#4234,.F.);
#5999=ORIENTED_EDGE('',*,*,#4235,.F.);
#6000=ORIENTED_EDGE('',*,*,#4236,.F.);
#6001=ORIENTED_EDGE('',*,*,#4237,.F.);
#6002=ORIENTED_EDGE('',*,*,#4224,.T.);
#6003=ORIENTED_EDGE('',*,*,#4233,.T.);
#6004=ORIENTED_EDGE('',*,*,#4230,.T.);
#6005=ORIENTED_EDGE('',*,*,#4227,.T.);
#6006=ORIENTED_EDGE('',*,*,#4238,.F.);
#6007=ORIENTED_EDGE('',*,*,#4239,.F.);
#6008=ORIENTED_EDGE('',*,*,#4191,.F.);
#6009=ORIENTED_EDGE('',*,*,#4196,.F.);
#6010=ORIENTED_EDGE('',*,*,#4240,.F.);
#6011=ORIENTED_EDGE('',*,*,#4241,.F.);
#6012=ORIENTED_EDGE('',*,*,#4242,.F.);
#6013=ORIENTED_EDGE('',*,*,#4243,.F.);
#6014=ORIENTED_EDGE('',*,*,#4244,.F.);
#6015=ORIENTED_EDGE('',*,*,#4245,.F.);
#6016=ORIENTED_EDGE('',*,*,#4246,.F.);
#6017=ORIENTED_EDGE('',*,*,#4200,.F.);
#6018=ORIENTED_EDGE('',*,*,#4240,.T.);
#6019=ORIENTED_EDGE('',*,*,#4198,.T.);
#6020=ORIENTED_EDGE('',*,*,#4246,.T.);
#6021=ORIENTED_EDGE('',*,*,#4234,.T.);
#6022=ORIENTED_EDGE('',*,*,#4169,.F.);
#6023=ORIENTED_EDGE('',*,*,#4247,.T.);
#6024=ORIENTED_EDGE('',*,*,#4244,.T.);
#6025=ORIENTED_EDGE('',*,*,#4248,.T.);
#6026=ORIENTED_EDGE('',*,*,#4245,.T.);
#6027=ORIENTED_EDGE('',*,*,#4249,.T.);
#6028=ORIENTED_EDGE('',*,*,#4243,.T.);
#6029=ORIENTED_EDGE('',*,*,#4235,.T.);
#6030=ORIENTED_EDGE('',*,*,#4242,.T.);
#6031=ORIENTED_EDGE('',*,*,#4250,.T.);
#6032=ORIENTED_EDGE('',*,*,#4239,.T.);
#6033=ORIENTED_EDGE('',*,*,#4236,.T.);
#6034=ORIENTED_EDGE('',*,*,#4238,.T.);
#6035=ORIENTED_EDGE('',*,*,#4194,.T.);
#6036=ORIENTED_EDGE('',*,*,#4241,.T.);
#6037=ORIENTED_EDGE('',*,*,#4237,.T.);
#6038=ORIENTED_EDGE('',*,*,#4185,.F.);
#6039=ORIENTED_EDGE('',*,*,#4164,.F.);
#6040=ORIENTED_EDGE('',*,*,#4192,.F.);
#6041=ORIENTED_EDGE('',*,*,#4250,.F.);
#6042=ORIENTED_EDGE('',*,*,#4247,.F.);
#6043=ORIENTED_EDGE('',*,*,#4183,.F.);
#6044=ORIENTED_EDGE('',*,*,#4170,.F.);
#6045=ORIENTED_EDGE('',*,*,#4248,.F.);
#6046=ORIENTED_EDGE('',*,*,#4249,.F.);
#6047=ORIENTED_EDGE('',*,*,#4199,.F.);
#6048=ORIENTED_EDGE('',*,*,#4178,.F.);
#6049=ORIENTED_EDGE('',*,*,#4251,.T.);
#6050=ORIENTED_EDGE('',*,*,#4252,.T.);
#6051=ORIENTED_EDGE('',*,*,#4253,.F.);
#6052=ORIENTED_EDGE('',*,*,#4254,.T.);
#6053=ORIENTED_EDGE('',*,*,#4253,.T.);
#6054=ORIENTED_EDGE('',*,*,#4255,.T.);
#6055=ORIENTED_EDGE('',*,*,#4256,.T.);
#6056=ORIENTED_EDGE('',*,*,#4257,.T.);
#6057=ORIENTED_EDGE('',*,*,#4258,.T.);
#6058=ORIENTED_EDGE('',*,*,#4259,.F.);
#6059=ORIENTED_EDGE('',*,*,#4260,.T.);
#6060=ORIENTED_EDGE('',*,*,#4259,.T.);
#6061=ORIENTED_EDGE('',*,*,#4261,.T.);
#6062=ORIENTED_EDGE('',*,*,#4262,.T.);
#6063=ORIENTED_EDGE('',*,*,#4263,.T.);
#6064=ORIENTED_EDGE('',*,*,#4264,.T.);
#6065=ORIENTED_EDGE('',*,*,#4265,.F.);
#6066=ORIENTED_EDGE('',*,*,#4266,.T.);
#6067=ORIENTED_EDGE('',*,*,#4265,.T.);
#6068=ORIENTED_EDGE('',*,*,#4267,.T.);
#6069=ORIENTED_EDGE('',*,*,#4268,.T.);
#6070=ORIENTED_EDGE('',*,*,#4269,.T.);
#6071=ORIENTED_EDGE('',*,*,#4270,.T.);
#6072=ORIENTED_EDGE('',*,*,#4271,.F.);
#6073=ORIENTED_EDGE('',*,*,#4272,.T.);
#6074=ORIENTED_EDGE('',*,*,#4271,.T.);
#6075=ORIENTED_EDGE('',*,*,#4273,.T.);
#6076=ORIENTED_EDGE('',*,*,#4274,.T.);
#6077=ORIENTED_EDGE('',*,*,#4256,.F.);
#6078=ORIENTED_EDGE('',*,*,#4275,.T.);
#6079=ORIENTED_EDGE('',*,*,#4273,.F.);
#6080=ORIENTED_EDGE('',*,*,#4270,.F.);
#6081=ORIENTED_EDGE('',*,*,#4276,.T.);
#6082=ORIENTED_EDGE('',*,*,#4267,.F.);
#6083=ORIENTED_EDGE('',*,*,#4277,.T.);
#6084=ORIENTED_EDGE('',*,*,#4274,.F.);
#6085=ORIENTED_EDGE('',*,*,#4278,.T.);
#6086=ORIENTED_EDGE('',*,*,#4261,.F.);
#6087=ORIENTED_EDGE('',*,*,#4279,.T.);
#6088=ORIENTED_EDGE('',*,*,#4266,.F.);
#6089=ORIENTED_EDGE('',*,*,#4268,.F.);
#6090=ORIENTED_EDGE('',*,*,#4280,.T.);
#6091=ORIENTED_EDGE('',*,*,#4255,.F.);
#6092=ORIENTED_EDGE('',*,*,#4252,.F.);
#6093=ORIENTED_EDGE('',*,*,#4281,.T.);
#6094=ORIENTED_EDGE('',*,*,#4260,.F.);
#6095=ORIENTED_EDGE('',*,*,#4262,.F.);
#6096=ORIENTED_EDGE('',*,*,#4282,.T.);
#6097=ORIENTED_EDGE('',*,*,#4283,.T.);
#6098=ORIENTED_EDGE('',*,*,#4257,.F.);
#6099=ORIENTED_EDGE('',*,*,#4284,.T.);
#6100=ORIENTED_EDGE('',*,*,#4285,.T.);
#6101=ORIENTED_EDGE('',*,*,#4286,.T.);
#6102=ORIENTED_EDGE('',*,*,#4281,.F.);
#6103=ORIENTED_EDGE('',*,*,#4287,.F.);
#6104=ORIENTED_EDGE('',*,*,#4288,.F.);
#6105=ORIENTED_EDGE('',*,*,#4284,.F.);
#6106=ORIENTED_EDGE('',*,*,#4251,.F.);
#6107=ORIENTED_EDGE('',*,*,#4289,.T.);
#6108=ORIENTED_EDGE('',*,*,#4290,.T.);
#6109=ORIENTED_EDGE('',*,*,#4287,.T.);
#6110=ORIENTED_EDGE('',*,*,#4276,.F.);
#6111=ORIENTED_EDGE('',*,*,#4291,.F.);
#6112=ORIENTED_EDGE('',*,*,#4292,.F.);
#6113=ORIENTED_EDGE('',*,*,#4289,.F.);
#6114=ORIENTED_EDGE('',*,*,#4254,.F.);
#6115=ORIENTED_EDGE('',*,*,#4269,.F.);
#6116=ORIENTED_EDGE('',*,*,#4293,.T.);
#6117=ORIENTED_EDGE('',*,*,#4294,.T.);
#6118=ORIENTED_EDGE('',*,*,#4291,.T.);
#6119=ORIENTED_EDGE('',*,*,#4275,.F.);
#6120=ORIENTED_EDGE('',*,*,#4283,.F.);
#6121=ORIENTED_EDGE('',*,*,#4295,.F.);
#6122=ORIENTED_EDGE('',*,*,#4295,.T.);
#6123=ORIENTED_EDGE('',*,*,#4282,.F.);
#6124=ORIENTED_EDGE('',*,*,#4280,.F.);
#6125=ORIENTED_EDGE('',*,*,#4278,.F.);
#6126=ORIENTED_EDGE('',*,*,#4296,.T.);
#6127=ORIENTED_EDGE('',*,*,#4297,.T.);
#6128=ORIENTED_EDGE('',*,*,#4298,.F.);
#6129=ORIENTED_EDGE('',*,*,#4299,.F.);
#6130=ORIENTED_EDGE('',*,*,#4300,.T.);
#6131=ORIENTED_EDGE('',*,*,#4299,.T.);
#6132=ORIENTED_EDGE('',*,*,#4301,.F.);
#6133=ORIENTED_EDGE('',*,*,#4302,.F.);
#6134=ORIENTED_EDGE('',*,*,#4303,.T.);
#6135=ORIENTED_EDGE('',*,*,#4302,.T.);
#6136=ORIENTED_EDGE('',*,*,#4304,.F.);
#6137=ORIENTED_EDGE('',*,*,#4305,.F.);
#6138=ORIENTED_EDGE('',*,*,#4306,.T.);
#6139=ORIENTED_EDGE('',*,*,#4305,.T.);
#6140=ORIENTED_EDGE('',*,*,#4307,.F.);
#6141=ORIENTED_EDGE('',*,*,#4297,.F.);
#6142=ORIENTED_EDGE('',*,*,#4307,.T.);
#6143=ORIENTED_EDGE('',*,*,#4304,.T.);
#6144=ORIENTED_EDGE('',*,*,#4301,.T.);
#6145=ORIENTED_EDGE('',*,*,#4298,.T.);
#6146=ORIENTED_EDGE('',*,*,#4308,.T.);
#6147=ORIENTED_EDGE('',*,*,#4309,.F.);
#6148=ORIENTED_EDGE('',*,*,#4306,.F.);
#6149=ORIENTED_EDGE('',*,*,#4310,.T.);
#6150=ORIENTED_EDGE('',*,*,#4311,.T.);
#6151=ORIENTED_EDGE('',*,*,#4312,.F.);
#6152=ORIENTED_EDGE('',*,*,#4303,.F.);
#6153=ORIENTED_EDGE('',*,*,#4309,.T.);
#6154=ORIENTED_EDGE('',*,*,#4313,.T.);
#6155=ORIENTED_EDGE('',*,*,#4314,.F.);
#6156=ORIENTED_EDGE('',*,*,#4300,.F.);
#6157=ORIENTED_EDGE('',*,*,#4312,.T.);
#6158=ORIENTED_EDGE('',*,*,#4315,.T.);
#6159=ORIENTED_EDGE('',*,*,#4310,.F.);
#6160=ORIENTED_EDGE('',*,*,#4296,.F.);
#6161=ORIENTED_EDGE('',*,*,#4314,.T.);
#6162=ORIENTED_EDGE('',*,*,#4316,.F.);
#6163=ORIENTED_EDGE('',*,*,#4317,.F.);
#6164=ORIENTED_EDGE('',*,*,#4318,.F.);
#6165=ORIENTED_EDGE('',*,*,#4319,.T.);
#6166=ORIENTED_EDGE('',*,*,#4320,.F.);
#6167=ORIENTED_EDGE('',*,*,#4319,.F.);
#6168=ORIENTED_EDGE('',*,*,#4321,.F.);
#6169=ORIENTED_EDGE('',*,*,#4322,.T.);
#6170=ORIENTED_EDGE('',*,*,#4323,.F.);
#6171=ORIENTED_EDGE('',*,*,#4322,.F.);
#6172=ORIENTED_EDGE('',*,*,#4324,.F.);
#6173=ORIENTED_EDGE('',*,*,#4325,.T.);
#6174=ORIENTED_EDGE('',*,*,#4326,.F.);
#6175=ORIENTED_EDGE('',*,*,#4325,.F.);
#6176=ORIENTED_EDGE('',*,*,#4327,.F.);
#6177=ORIENTED_EDGE('',*,*,#4317,.T.);
#6178=ORIENTED_EDGE('',*,*,#4316,.T.);
#6179=ORIENTED_EDGE('',*,*,#4320,.T.);
#6180=ORIENTED_EDGE('',*,*,#4323,.T.);
#6181=ORIENTED_EDGE('',*,*,#4326,.T.);
#6182=ORIENTED_EDGE('',*,*,#4308,.F.);
#6183=ORIENTED_EDGE('',*,*,#4315,.F.);
#6184=ORIENTED_EDGE('',*,*,#4313,.F.);
#6185=ORIENTED_EDGE('',*,*,#4311,.F.);
#6186=ORIENTED_EDGE('',*,*,#4328,.F.);
#6187=ORIENTED_EDGE('',*,*,#4329,.F.);
#6188=ORIENTED_EDGE('',*,*,#4330,.F.);
#6189=ORIENTED_EDGE('',*,*,#4331,.F.);
#6190=ORIENTED_EDGE('',*,*,#4318,.T.);
#6191=ORIENTED_EDGE('',*,*,#4327,.T.);
#6192=ORIENTED_EDGE('',*,*,#4324,.T.);
#6193=ORIENTED_EDGE('',*,*,#4321,.T.);
#6194=ORIENTED_EDGE('',*,*,#4332,.F.);
#6195=ORIENTED_EDGE('',*,*,#4333,.F.);
#6196=ORIENTED_EDGE('',*,*,#4285,.F.);
#6197=ORIENTED_EDGE('',*,*,#4290,.F.);
#6198=ORIENTED_EDGE('',*,*,#4334,.F.);
#6199=ORIENTED_EDGE('',*,*,#4335,.F.);
#6200=ORIENTED_EDGE('',*,*,#4336,.F.);
#6201=ORIENTED_EDGE('',*,*,#4337,.F.);
#6202=ORIENTED_EDGE('',*,*,#4338,.F.);
#6203=ORIENTED_EDGE('',*,*,#4339,.F.);
#6204=ORIENTED_EDGE('',*,*,#4340,.F.);
#6205=ORIENTED_EDGE('',*,*,#4294,.F.);
#6206=ORIENTED_EDGE('',*,*,#4334,.T.);
#6207=ORIENTED_EDGE('',*,*,#4292,.T.);
#6208=ORIENTED_EDGE('',*,*,#4340,.T.);
#6209=ORIENTED_EDGE('',*,*,#4328,.T.);
#6210=ORIENTED_EDGE('',*,*,#4263,.F.);
#6211=ORIENTED_EDGE('',*,*,#4341,.T.);
#6212=ORIENTED_EDGE('',*,*,#4338,.T.);
#6213=ORIENTED_EDGE('',*,*,#4342,.T.);
#6214=ORIENTED_EDGE('',*,*,#4339,.T.);
#6215=ORIENTED_EDGE('',*,*,#4343,.T.);
#6216=ORIENTED_EDGE('',*,*,#4337,.T.);
#6217=ORIENTED_EDGE('',*,*,#4329,.T.);
#6218=ORIENTED_EDGE('',*,*,#4336,.T.);
#6219=ORIENTED_EDGE('',*,*,#4344,.T.);
#6220=ORIENTED_EDGE('',*,*,#4333,.T.);
#6221=ORIENTED_EDGE('',*,*,#4330,.T.);
#6222=ORIENTED_EDGE('',*,*,#4332,.T.);
#6223=ORIENTED_EDGE('',*,*,#4288,.T.);
#6224=ORIENTED_EDGE('',*,*,#4335,.T.);
#6225=ORIENTED_EDGE('',*,*,#4331,.T.);
#6226=ORIENTED_EDGE('',*,*,#4279,.F.);
#6227=ORIENTED_EDGE('',*,*,#4258,.F.);
#6228=ORIENTED_EDGE('',*,*,#4286,.F.);
#6229=ORIENTED_EDGE('',*,*,#4344,.F.);
#6230=ORIENTED_EDGE('',*,*,#4341,.F.);
#6231=ORIENTED_EDGE('',*,*,#4277,.F.);
#6232=ORIENTED_EDGE('',*,*,#4264,.F.);
#6233=ORIENTED_EDGE('',*,*,#4342,.F.);
#6234=ORIENTED_EDGE('',*,*,#4343,.F.);
#6235=ORIENTED_EDGE('',*,*,#4293,.F.);
#6236=ORIENTED_EDGE('',*,*,#4272,.F.);
#6237=ORIENTED_EDGE('',*,*,#4345,.T.);
#6238=ORIENTED_EDGE('',*,*,#4346,.T.);
#6239=ORIENTED_EDGE('',*,*,#4347,.F.);
#6240=ORIENTED_EDGE('',*,*,#4348,.T.);
#6241=ORIENTED_EDGE('',*,*,#4347,.T.);
#6242=ORIENTED_EDGE('',*,*,#4349,.T.);
#6243=ORIENTED_EDGE('',*,*,#4350,.T.);
#6244=ORIENTED_EDGE('',*,*,#4351,.T.);
#6245=ORIENTED_EDGE('',*,*,#4352,.T.);
#6246=ORIENTED_EDGE('',*,*,#4353,.F.);
#6247=ORIENTED_EDGE('',*,*,#4354,.T.);
#6248=ORIENTED_EDGE('',*,*,#4353,.T.);
#6249=ORIENTED_EDGE('',*,*,#4355,.T.);
#6250=ORIENTED_EDGE('',*,*,#4356,.T.);
#6251=ORIENTED_EDGE('',*,*,#4357,.T.);
#6252=ORIENTED_EDGE('',*,*,#4358,.T.);
#6253=ORIENTED_EDGE('',*,*,#4359,.F.);
#6254=ORIENTED_EDGE('',*,*,#4360,.T.);
#6255=ORIENTED_EDGE('',*,*,#4359,.T.);
#6256=ORIENTED_EDGE('',*,*,#4361,.T.);
#6257=ORIENTED_EDGE('',*,*,#4362,.T.);
#6258=ORIENTED_EDGE('',*,*,#4363,.T.);
#6259=ORIENTED_EDGE('',*,*,#4364,.T.);
#6260=ORIENTED_EDGE('',*,*,#4365,.F.);
#6261=ORIENTED_EDGE('',*,*,#4366,.T.);
#6262=ORIENTED_EDGE('',*,*,#4365,.T.);
#6263=ORIENTED_EDGE('',*,*,#4367,.T.);
#6264=ORIENTED_EDGE('',*,*,#4368,.T.);
#6265=ORIENTED_EDGE('',*,*,#4350,.F.);
#6266=ORIENTED_EDGE('',*,*,#4369,.T.);
#6267=ORIENTED_EDGE('',*,*,#4367,.F.);
#6268=ORIENTED_EDGE('',*,*,#4364,.F.);
#6269=ORIENTED_EDGE('',*,*,#4370,.T.);
#6270=ORIENTED_EDGE('',*,*,#4361,.F.);
#6271=ORIENTED_EDGE('',*,*,#4371,.T.);
#6272=ORIENTED_EDGE('',*,*,#4368,.F.);
#6273=ORIENTED_EDGE('',*,*,#4372,.T.);
#6274=ORIENTED_EDGE('',*,*,#4355,.F.);
#6275=ORIENTED_EDGE('',*,*,#4373,.T.);
#6276=ORIENTED_EDGE('',*,*,#4360,.F.);
#6277=ORIENTED_EDGE('',*,*,#4362,.F.);
#6278=ORIENTED_EDGE('',*,*,#4374,.T.);
#6279=ORIENTED_EDGE('',*,*,#4349,.F.);
#6280=ORIENTED_EDGE('',*,*,#4346,.F.);
#6281=ORIENTED_EDGE('',*,*,#4375,.T.);
#6282=ORIENTED_EDGE('',*,*,#4354,.F.);
#6283=ORIENTED_EDGE('',*,*,#4356,.F.);
#6284=ORIENTED_EDGE('',*,*,#4376,.T.);
#6285=ORIENTED_EDGE('',*,*,#4377,.T.);
#6286=ORIENTED_EDGE('',*,*,#4351,.F.);
#6287=ORIENTED_EDGE('',*,*,#4378,.T.);
#6288=ORIENTED_EDGE('',*,*,#4379,.T.);
#6289=ORIENTED_EDGE('',*,*,#4380,.T.);
#6290=ORIENTED_EDGE('',*,*,#4375,.F.);
#6291=ORIENTED_EDGE('',*,*,#4381,.F.);
#6292=ORIENTED_EDGE('',*,*,#4382,.F.);
#6293=ORIENTED_EDGE('',*,*,#4378,.F.);
#6294=ORIENTED_EDGE('',*,*,#4345,.F.);
#6295=ORIENTED_EDGE('',*,*,#4383,.T.);
#6296=ORIENTED_EDGE('',*,*,#4384,.T.);
#6297=ORIENTED_EDGE('',*,*,#4381,.T.);
#6298=ORIENTED_EDGE('',*,*,#4370,.F.);
#6299=ORIENTED_EDGE('',*,*,#4385,.F.);
#6300=ORIENTED_EDGE('',*,*,#4386,.F.);
#6301=ORIENTED_EDGE('',*,*,#4383,.F.);
#6302=ORIENTED_EDGE('',*,*,#4348,.F.);
#6303=ORIENTED_EDGE('',*,*,#4363,.F.);
#6304=ORIENTED_EDGE('',*,*,#4387,.T.);
#6305=ORIENTED_EDGE('',*,*,#4388,.T.);
#6306=ORIENTED_EDGE('',*,*,#4385,.T.);
#6307=ORIENTED_EDGE('',*,*,#4369,.F.);
#6308=ORIENTED_EDGE('',*,*,#4377,.F.);
#6309=ORIENTED_EDGE('',*,*,#4389,.F.);
#6310=ORIENTED_EDGE('',*,*,#4389,.T.);
#6311=ORIENTED_EDGE('',*,*,#4376,.F.);
#6312=ORIENTED_EDGE('',*,*,#4374,.F.);
#6313=ORIENTED_EDGE('',*,*,#4372,.F.);
#6314=ORIENTED_EDGE('',*,*,#4390,.T.);
#6315=ORIENTED_EDGE('',*,*,#4391,.T.);
#6316=ORIENTED_EDGE('',*,*,#4392,.F.);
#6317=ORIENTED_EDGE('',*,*,#4393,.F.);
#6318=ORIENTED_EDGE('',*,*,#4394,.T.);
#6319=ORIENTED_EDGE('',*,*,#4393,.T.);
#6320=ORIENTED_EDGE('',*,*,#4395,.F.);
#6321=ORIENTED_EDGE('',*,*,#4396,.F.);
#6322=ORIENTED_EDGE('',*,*,#4397,.T.);
#6323=ORIENTED_EDGE('',*,*,#4396,.T.);
#6324=ORIENTED_EDGE('',*,*,#4398,.F.);
#6325=ORIENTED_EDGE('',*,*,#4399,.F.);
#6326=ORIENTED_EDGE('',*,*,#4400,.T.);
#6327=ORIENTED_EDGE('',*,*,#4399,.T.);
#6328=ORIENTED_EDGE('',*,*,#4401,.F.);
#6329=ORIENTED_EDGE('',*,*,#4391,.F.);
#6330=ORIENTED_EDGE('',*,*,#4401,.T.);
#6331=ORIENTED_EDGE('',*,*,#4398,.T.);
#6332=ORIENTED_EDGE('',*,*,#4395,.T.);
#6333=ORIENTED_EDGE('',*,*,#4392,.T.);
#6334=ORIENTED_EDGE('',*,*,#4402,.T.);
#6335=ORIENTED_EDGE('',*,*,#4403,.F.);
#6336=ORIENTED_EDGE('',*,*,#4400,.F.);
#6337=ORIENTED_EDGE('',*,*,#4404,.T.);
#6338=ORIENTED_EDGE('',*,*,#4405,.T.);
#6339=ORIENTED_EDGE('',*,*,#4406,.F.);
#6340=ORIENTED_EDGE('',*,*,#4397,.F.);
#6341=ORIENTED_EDGE('',*,*,#4403,.T.);
#6342=ORIENTED_EDGE('',*,*,#4407,.T.);
#6343=ORIENTED_EDGE('',*,*,#4408,.F.);
#6344=ORIENTED_EDGE('',*,*,#4394,.F.);
#6345=ORIENTED_EDGE('',*,*,#4406,.T.);
#6346=ORIENTED_EDGE('',*,*,#4409,.T.);
#6347=ORIENTED_EDGE('',*,*,#4404,.F.);
#6348=ORIENTED_EDGE('',*,*,#4390,.F.);
#6349=ORIENTED_EDGE('',*,*,#4408,.T.);
#6350=ORIENTED_EDGE('',*,*,#4410,.F.);
#6351=ORIENTED_EDGE('',*,*,#4411,.F.);
#6352=ORIENTED_EDGE('',*,*,#4412,.F.);
#6353=ORIENTED_EDGE('',*,*,#4413,.T.);
#6354=ORIENTED_EDGE('',*,*,#4414,.F.);
#6355=ORIENTED_EDGE('',*,*,#4413,.F.);
#6356=ORIENTED_EDGE('',*,*,#4415,.F.);
#6357=ORIENTED_EDGE('',*,*,#4416,.T.);
#6358=ORIENTED_EDGE('',*,*,#4417,.F.);
#6359=ORIENTED_EDGE('',*,*,#4416,.F.);
#6360=ORIENTED_EDGE('',*,*,#4418,.F.);
#6361=ORIENTED_EDGE('',*,*,#4419,.T.);
#6362=ORIENTED_EDGE('',*,*,#4420,.F.);
#6363=ORIENTED_EDGE('',*,*,#4419,.F.);
#6364=ORIENTED_EDGE('',*,*,#4421,.F.);
#6365=ORIENTED_EDGE('',*,*,#4411,.T.);
#6366=ORIENTED_EDGE('',*,*,#4410,.T.);
#6367=ORIENTED_EDGE('',*,*,#4414,.T.);
#6368=ORIENTED_EDGE('',*,*,#4417,.T.);
#6369=ORIENTED_EDGE('',*,*,#4420,.T.);
#6370=ORIENTED_EDGE('',*,*,#4402,.F.);
#6371=ORIENTED_EDGE('',*,*,#4409,.F.);
#6372=ORIENTED_EDGE('',*,*,#4407,.F.);
#6373=ORIENTED_EDGE('',*,*,#4405,.F.);
#6374=ORIENTED_EDGE('',*,*,#4422,.F.);
#6375=ORIENTED_EDGE('',*,*,#4423,.F.);
#6376=ORIENTED_EDGE('',*,*,#4424,.F.);
#6377=ORIENTED_EDGE('',*,*,#4425,.F.);
#6378=ORIENTED_EDGE('',*,*,#4412,.T.);
#6379=ORIENTED_EDGE('',*,*,#4421,.T.);
#6380=ORIENTED_EDGE('',*,*,#4418,.T.);
#6381=ORIENTED_EDGE('',*,*,#4415,.T.);
#6382=ORIENTED_EDGE('',*,*,#4426,.F.);
#6383=ORIENTED_EDGE('',*,*,#4427,.F.);
#6384=ORIENTED_EDGE('',*,*,#4379,.F.);
#6385=ORIENTED_EDGE('',*,*,#4384,.F.);
#6386=ORIENTED_EDGE('',*,*,#4428,.F.);
#6387=ORIENTED_EDGE('',*,*,#4429,.F.);
#6388=ORIENTED_EDGE('',*,*,#4430,.F.);
#6389=ORIENTED_EDGE('',*,*,#4431,.F.);
#6390=ORIENTED_EDGE('',*,*,#4432,.F.);
#6391=ORIENTED_EDGE('',*,*,#4433,.F.);
#6392=ORIENTED_EDGE('',*,*,#4434,.F.);
#6393=ORIENTED_EDGE('',*,*,#4388,.F.);
#6394=ORIENTED_EDGE('',*,*,#4428,.T.);
#6395=ORIENTED_EDGE('',*,*,#4386,.T.);
#6396=ORIENTED_EDGE('',*,*,#4434,.T.);
#6397=ORIENTED_EDGE('',*,*,#4422,.T.);
#6398=ORIENTED_EDGE('',*,*,#4357,.F.);
#6399=ORIENTED_EDGE('',*,*,#4435,.T.);
#6400=ORIENTED_EDGE('',*,*,#4432,.T.);
#6401=ORIENTED_EDGE('',*,*,#4436,.T.);
#6402=ORIENTED_EDGE('',*,*,#4433,.T.);
#6403=ORIENTED_EDGE('',*,*,#4437,.T.);
#6404=ORIENTED_EDGE('',*,*,#4431,.T.);
#6405=ORIENTED_EDGE('',*,*,#4423,.T.);
#6406=ORIENTED_EDGE('',*,*,#4430,.T.);
#6407=ORIENTED_EDGE('',*,*,#4438,.T.);
#6408=ORIENTED_EDGE('',*,*,#4427,.T.);
#6409=ORIENTED_EDGE('',*,*,#4424,.T.);
#6410=ORIENTED_EDGE('',*,*,#4426,.T.);
#6411=ORIENTED_EDGE('',*,*,#4382,.T.);
#6412=ORIENTED_EDGE('',*,*,#4429,.T.);
#6413=ORIENTED_EDGE('',*,*,#4425,.T.);
#6414=ORIENTED_EDGE('',*,*,#4373,.F.);
#6415=ORIENTED_EDGE('',*,*,#4352,.F.);
#6416=ORIENTED_EDGE('',*,*,#4380,.F.);
#6417=ORIENTED_EDGE('',*,*,#4438,.F.);
#6418=ORIENTED_EDGE('',*,*,#4435,.F.);
#6419=ORIENTED_EDGE('',*,*,#4371,.F.);
#6420=ORIENTED_EDGE('',*,*,#4358,.F.);
#6421=ORIENTED_EDGE('',*,*,#4436,.F.);
#6422=ORIENTED_EDGE('',*,*,#4437,.F.);
#6423=ORIENTED_EDGE('',*,*,#4387,.F.);
#6424=ORIENTED_EDGE('',*,*,#4366,.F.);
#6425=CYLINDRICAL_SURFACE('',#6894,6.);
#6426=CYLINDRICAL_SURFACE('',#6906,6.);
#6427=CYLINDRICAL_SURFACE('',#6909,6.);
#6428=CYLINDRICAL_SURFACE('',#6912,6.);
#6429=CYLINDRICAL_SURFACE('',#6922,1.45);
#6430=CYLINDRICAL_SURFACE('',#6924,1.45);
#6431=CYLINDRICAL_SURFACE('',#6926,1.45);
#6432=CYLINDRICAL_SURFACE('',#6928,1.45);
#6433=CYLINDRICAL_SURFACE('',#7017,6.);
#6434=CYLINDRICAL_SURFACE('',#7041,6.);
#6435=CYLINDRICAL_SURFACE('',#7043,6.);
#6436=CYLINDRICAL_SURFACE('',#7046,6.);
#6437=CYLINDRICAL_SURFACE('',#7049,0.499999999999998);
#6438=CYLINDRICAL_SURFACE('',#7052,0.499999999999998);
#6439=CYLINDRICAL_SURFACE('',#7055,0.500000000000003);
#6440=CYLINDRICAL_SURFACE('',#7058,0.499999999999999);
#6441=CYLINDRICAL_SURFACE('',#7061,0.499999999999998);
#6442=CYLINDRICAL_SURFACE('',#7064,0.499999999999998);
#6443=CYLINDRICAL_SURFACE('',#7067,0.499999999999998);
#6444=CYLINDRICAL_SURFACE('',#7070,0.499999999999999);
#6445=CYLINDRICAL_SURFACE('',#7072,1.45);
#6446=CYLINDRICAL_SURFACE('',#7074,1.45);
#6447=CYLINDRICAL_SURFACE('',#7076,1.45);
#6448=CYLINDRICAL_SURFACE('',#7078,1.45);
#6449=CYLINDRICAL_SURFACE('',#7081,0.499999999999998);
#6450=CYLINDRICAL_SURFACE('',#7084,0.499999999999998);
#6451=CYLINDRICAL_SURFACE('',#7087,0.499999999999998);
#6452=CYLINDRICAL_SURFACE('',#7090,0.499999999999999);
#6453=CYLINDRICAL_SURFACE('',#7116,0.25);
#6454=CYLINDRICAL_SURFACE('',#7119,0.25);
#6455=CYLINDRICAL_SURFACE('',#7122,0.25);
#6456=CYLINDRICAL_SURFACE('',#7154,0.25);
#6457=CYLINDRICAL_SURFACE('',#7155,0.25);
#6458=CYLINDRICAL_SURFACE('',#7156,0.25);
#6459=CYLINDRICAL_SURFACE('',#7157,0.25);
#6460=CYLINDRICAL_SURFACE('',#7158,0.25);
#6461=CYLINDRICAL_SURFACE('',#7182,0.25);
#6462=CYLINDRICAL_SURFACE('',#7185,0.25);
#6463=CYLINDRICAL_SURFACE('',#7188,0.25);
#6464=CYLINDRICAL_SURFACE('',#7220,0.25);
#6465=CYLINDRICAL_SURFACE('',#7221,0.25);
#6466=CYLINDRICAL_SURFACE('',#7222,0.25);
#6467=CYLINDRICAL_SURFACE('',#7223,0.25);
#6468=CYLINDRICAL_SURFACE('',#7224,0.25);
#6469=CYLINDRICAL_SURFACE('',#7248,0.25);
#6470=CYLINDRICAL_SURFACE('',#7251,0.25);
#6471=CYLINDRICAL_SURFACE('',#7254,0.25);
#6472=CYLINDRICAL_SURFACE('',#7286,0.25);
#6473=CYLINDRICAL_SURFACE('',#7287,0.25);
#6474=CYLINDRICAL_SURFACE('',#7288,0.25);
#6475=CYLINDRICAL_SURFACE('',#7289,0.25);
#6476=CYLINDRICAL_SURFACE('',#7290,0.25);
#6477=ADVANCED_FACE('',(#670),#6425,.T.);
#6478=ADVANCED_FACE('',(#671),#497,.T.);
#6479=ADVANCED_FACE('',(#672,#455,#456,#457,#458),#498,.T.);
#6480=ADVANCED_FACE('',(#673),#6426,.T.);
#6481=ADVANCED_FACE('',(#674),#499,.T.);
#6482=ADVANCED_FACE('',(#675),#6427,.T.);
#6483=ADVANCED_FACE('',(#676),#500,.T.);
#6484=ADVANCED_FACE('',(#677),#6428,.T.);
#6485=ADVANCED_FACE('',(#678),#501,.F.);
#6486=ADVANCED_FACE('',(#679),#502,.F.);
#6487=ADVANCED_FACE('',(#680),#503,.F.);
#6488=ADVANCED_FACE('',(#681),#504,.T.);
#6489=ADVANCED_FACE('',(#682),#505,.T.);
#6490=ADVANCED_FACE('',(#683),#506,.T.);
#6491=ADVANCED_FACE('',(#684),#507,.T.);
#6492=ADVANCED_FACE('',(#685),#508,.T.);
#6493=ADVANCED_FACE('',(#686),#6429,.F.);
#6494=ADVANCED_FACE('',(#687),#6430,.F.);
#6495=ADVANCED_FACE('',(#688),#6431,.F.);
#6496=ADVANCED_FACE('',(#689),#6432,.F.);
#6497=ADVANCED_FACE('',(#690),#509,.T.);
#6498=ADVANCED_FACE('',(#691,#459,#460,#461,#462),#510,.F.);
#6499=ADVANCED_FACE('',(#692),#511,.T.);
#6500=ADVANCED_FACE('',(#693),#512,.T.);
#6501=ADVANCED_FACE('',(#694),#304,.T.);
#6502=ADVANCED_FACE('',(#695),#305,.T.);
#6503=ADVANCED_FACE('',(#696),#513,.T.);
#6504=ADVANCED_FACE('',(#697),#514,.T.);
#6505=ADVANCED_FACE('',(#698),#515,.T.);
#6506=ADVANCED_FACE('',(#699),#516,.T.);
#6507=ADVANCED_FACE('',(#700),#517,.T.);
#6508=ADVANCED_FACE('',(#701),#518,.T.);
#6509=ADVANCED_FACE('',(#702),#519,.T.);
#6510=ADVANCED_FACE('',(#703),#520,.T.);
#6511=ADVANCED_FACE('',(#704),#521,.T.);
#6512=ADVANCED_FACE('',(#705,#463),#522,.T.);
#6513=ADVANCED_FACE('',(#706),#523,.T.);
#6514=ADVANCED_FACE('',(#707),#524,.T.);
#6515=ADVANCED_FACE('',(#708),#525,.T.);
#6516=ADVANCED_FACE('',(#709),#526,.T.);
#6517=ADVANCED_FACE('',(#710),#306,.T.);
#6518=ADVANCED_FACE('',(#711),#307,.T.);
#6519=ADVANCED_FACE('',(#712),#527,.T.);
#6520=ADVANCED_FACE('',(#713),#528,.T.);
#6521=ADVANCED_FACE('',(#714),#529,.T.);
#6522=ADVANCED_FACE('',(#715),#308,.T.);
#6523=ADVANCED_FACE('',(#716),#309,.T.);
#6524=ADVANCED_FACE('',(#717),#530,.T.);
#6525=ADVANCED_FACE('',(#718),#531,.T.);
#6526=ADVANCED_FACE('',(#719),#532,.T.);
#6527=ADVANCED_FACE('',(#720),#533,.T.);
#6528=ADVANCED_FACE('',(#721),#534,.T.);
#6529=ADVANCED_FACE('',(#722),#310,.T.);
#6530=ADVANCED_FACE('',(#723),#311,.T.);
#6531=ADVANCED_FACE('',(#724),#535,.T.);
#6532=ADVANCED_FACE('',(#725),#536,.T.);
#6533=ADVANCED_FACE('',(#726),#537,.T.);
#6534=ADVANCED_FACE('',(#727),#538,.T.);
#6535=ADVANCED_FACE('',(#728),#539,.T.);
#6536=ADVANCED_FACE('',(#729),#312,.T.);
#6537=ADVANCED_FACE('',(#730),#313,.T.);
#6538=ADVANCED_FACE('',(#731),#540,.T.);
#6539=ADVANCED_FACE('',(#732),#541,.T.);
#6540=ADVANCED_FACE('',(#733),#542,.T.);
#6541=ADVANCED_FACE('',(#734),#543,.T.);
#6542=ADVANCED_FACE('',(#735),#544,.T.);
#6543=ADVANCED_FACE('',(#736),#545,.T.);
#6544=ADVANCED_FACE('',(#737),#546,.T.);
#6545=ADVANCED_FACE('',(#738),#547,.T.);
#6546=ADVANCED_FACE('',(#739),#548,.T.);
#6547=ADVANCED_FACE('',(#740,#464),#549,.T.);
#6548=ADVANCED_FACE('',(#741),#550,.T.);
#6549=ADVANCED_FACE('',(#742),#551,.T.);
#6550=ADVANCED_FACE('',(#743),#552,.T.);
#6551=ADVANCED_FACE('',(#744),#314,.T.);
#6552=ADVANCED_FACE('',(#745),#315,.T.);
#6553=ADVANCED_FACE('',(#746),#316,.T.);
#6554=ADVANCED_FACE('',(#747),#317,.T.);
#6555=ADVANCED_FACE('',(#748),#318,.T.);
#6556=ADVANCED_FACE('',(#749),#319,.T.);
#6557=ADVANCED_FACE('',(#750),#320,.T.);
#6558=ADVANCED_FACE('',(#751),#321,.T.);
#6559=ADVANCED_FACE('',(#752),#322,.T.);
#6560=ADVANCED_FACE('',(#753),#553,.T.);
#6561=ADVANCED_FACE('',(#754),#323,.T.);
#6562=ADVANCED_FACE('',(#755),#324,.T.);
#6563=ADVANCED_FACE('',(#756),#325,.T.);
#6564=ADVANCED_FACE('',(#757),#326,.T.);
#6565=ADVANCED_FACE('',(#758),#327,.T.);
#6566=ADVANCED_FACE('',(#759),#328,.T.);
#6567=ADVANCED_FACE('',(#760),#329,.T.);
#6568=ADVANCED_FACE('',(#761),#330,.T.);
#6569=ADVANCED_FACE('',(#762),#331,.T.);
#6570=ADVANCED_FACE('',(#763),#554,.T.);
#6571=ADVANCED_FACE('',(#764),#555,.T.);
#6572=ADVANCED_FACE('',(#765),#556,.T.);
#6573=ADVANCED_FACE('',(#766),#557,.T.);
#6574=ADVANCED_FACE('',(#767),#332,.T.);
#6575=ADVANCED_FACE('',(#768),#333,.T.);
#6576=ADVANCED_FACE('',(#769),#334,.T.);
#6577=ADVANCED_FACE('',(#770),#335,.T.);
#6578=ADVANCED_FACE('',(#771),#336,.T.);
#6579=ADVANCED_FACE('',(#772),#337,.T.);
#6580=ADVANCED_FACE('',(#773),#338,.T.);
#6581=ADVANCED_FACE('',(#774),#339,.T.);
#6582=ADVANCED_FACE('',(#775),#340,.T.);
#6583=ADVANCED_FACE('',(#776),#558,.T.);
#6584=ADVANCED_FACE('',(#777),#341,.T.);
#6585=ADVANCED_FACE('',(#778),#342,.T.);
#6586=ADVANCED_FACE('',(#779),#343,.T.);
#6587=ADVANCED_FACE('',(#780),#344,.T.);
#6588=ADVANCED_FACE('',(#781),#345,.T.);
#6589=ADVANCED_FACE('',(#782),#346,.T.);
#6590=ADVANCED_FACE('',(#783),#347,.T.);
#6591=ADVANCED_FACE('',(#784),#348,.T.);
#6592=ADVANCED_FACE('',(#785),#349,.T.);
#6593=ADVANCED_FACE('',(#786),#559,.T.);
#6594=ADVANCED_FACE('',(#787),#560,.T.);
#6595=ADVANCED_FACE('',(#788),#561,.T.);
#6596=ADVANCED_FACE('',(#789),#562,.T.);
#6597=ADVANCED_FACE('',(#790),#350,.T.);
#6598=ADVANCED_FACE('',(#791),#351,.T.);
#6599=ADVANCED_FACE('',(#792),#563,.T.);
#6600=ADVANCED_FACE('',(#793),#352,.T.);
#6601=ADVANCED_FACE('',(#794),#353,.T.);
#6602=ADVANCED_FACE('',(#795),#564,.T.);
#6603=ADVANCED_FACE('',(#796),#565,.T.);
#6604=ADVANCED_FACE('',(#797),#566,.T.);
#6605=ADVANCED_FACE('',(#798),#567,.T.);
#6606=ADVANCED_FACE('',(#799),#568,.T.);
#6607=ADVANCED_FACE('',(#800),#569,.T.);
#6608=ADVANCED_FACE('',(#801),#354,.T.);
#6609=ADVANCED_FACE('',(#802),#355,.T.);
#6610=ADVANCED_FACE('',(#803),#356,.T.);
#6611=ADVANCED_FACE('',(#804),#570,.T.);
#6612=ADVANCED_FACE('',(#805),#357,.T.);
#6613=ADVANCED_FACE('',(#806),#358,.T.);
#6614=ADVANCED_FACE('',(#807),#359,.T.);
#6615=ADVANCED_FACE('',(#808),#571,.T.);
#6616=ADVANCED_FACE('',(#809),#572,.T.);
#6617=ADVANCED_FACE('',(#810),#360,.T.);
#6618=ADVANCED_FACE('',(#811),#361,.T.);
#6619=ADVANCED_FACE('',(#812),#362,.T.);
#6620=ADVANCED_FACE('',(#813),#363,.T.);
#6621=ADVANCED_FACE('',(#814),#364,.T.);
#6622=ADVANCED_FACE('',(#815),#365,.T.);
#6623=ADVANCED_FACE('',(#816),#366,.T.);
#6624=ADVANCED_FACE('',(#817),#367,.T.);
#6625=ADVANCED_FACE('',(#818),#368,.T.);
#6626=ADVANCED_FACE('',(#819),#369,.T.);
#6627=ADVANCED_FACE('',(#820),#370,.T.);
#6628=ADVANCED_FACE('',(#821),#371,.T.);
#6629=ADVANCED_FACE('',(#822),#372,.T.);
#6630=ADVANCED_FACE('',(#823),#373,.T.);
#6631=ADVANCED_FACE('',(#824),#374,.T.);
#6632=ADVANCED_FACE('',(#825),#375,.T.);
#6633=ADVANCED_FACE('',(#826),#376,.T.);
#6634=ADVANCED_FACE('',(#827),#377,.T.);
#6635=ADVANCED_FACE('',(#828),#378,.T.);
#6636=ADVANCED_FACE('',(#829),#379,.T.);
#6637=ADVANCED_FACE('',(#830,#465),#573,.T.);
#6638=ADVANCED_FACE('',(#831),#574,.T.);
#6639=ADVANCED_FACE('',(#832),#575,.T.);
#6640=ADVANCED_FACE('',(#833),#576,.T.);
#6641=ADVANCED_FACE('',(#834),#577,.T.);
#6642=ADVANCED_FACE('',(#835),#578,.T.);
#6643=ADVANCED_FACE('',(#836),#380,.T.);
#6644=ADVANCED_FACE('',(#837),#381,.T.);
#6645=ADVANCED_FACE('',(#838),#579,.T.);
#6646=ADVANCED_FACE('',(#839),#580,.T.);
#6647=ADVANCED_FACE('',(#840),#581,.T.);
#6648=ADVANCED_FACE('',(#841),#582,.T.);
#6649=ADVANCED_FACE('',(#842),#583,.T.);
#6650=ADVANCED_FACE('',(#843),#584,.T.);
#6651=ADVANCED_FACE('',(#844),#585,.T.);
#6652=ADVANCED_FACE('',(#845),#382,.T.);
#6653=ADVANCED_FACE('',(#846),#383,.T.);
#6654=ADVANCED_FACE('',(#847),#384,.T.);
#6655=ADVANCED_FACE('',(#848),#385,.T.);
#6656=ADVANCED_FACE('',(#849),#386,.T.);
#6657=ADVANCED_FACE('',(#850),#387,.T.);
#6658=ADVANCED_FACE('',(#851),#388,.T.);
#6659=ADVANCED_FACE('',(#852),#389,.T.);
#6660=ADVANCED_FACE('',(#853),#390,.T.);
#6661=ADVANCED_FACE('',(#854),#391,.T.);
#6662=ADVANCED_FACE('',(#855),#392,.T.);
#6663=ADVANCED_FACE('',(#856),#393,.T.);
#6664=ADVANCED_FACE('',(#857),#394,.T.);
#6665=ADVANCED_FACE('',(#858),#395,.T.);
#6666=ADVANCED_FACE('',(#859),#396,.T.);
#6667=ADVANCED_FACE('',(#860),#397,.T.);
#6668=ADVANCED_FACE('',(#861),#398,.T.);
#6669=ADVANCED_FACE('',(#862),#399,.T.);
#6670=ADVANCED_FACE('',(#863),#586,.T.);
#6671=ADVANCED_FACE('',(#864),#400,.T.);
#6672=ADVANCED_FACE('',(#865),#401,.T.);
#6673=ADVANCED_FACE('',(#866),#402,.T.);
#6674=ADVANCED_FACE('',(#867),#403,.T.);
#6675=ADVANCED_FACE('',(#868),#404,.T.);
#6676=ADVANCED_FACE('',(#869),#405,.T.);
#6677=ADVANCED_FACE('',(#870),#406,.T.);
#6678=ADVANCED_FACE('',(#871),#407,.T.);
#6679=ADVANCED_FACE('',(#872),#408,.T.);
#6680=ADVANCED_FACE('',(#873),#409,.T.);
#6681=ADVANCED_FACE('',(#874),#410,.T.);
#6682=ADVANCED_FACE('',(#875),#411,.T.);
#6683=ADVANCED_FACE('',(#876),#412,.T.);
#6684=ADVANCED_FACE('',(#877),#413,.T.);
#6685=ADVANCED_FACE('',(#878),#414,.T.);
#6686=ADVANCED_FACE('',(#879),#587,.T.);
#6687=ADVANCED_FACE('',(#880),#588,.T.);
#6688=ADVANCED_FACE('',(#881),#589,.T.);
#6689=ADVANCED_FACE('',(#882),#590,.T.);
#6690=ADVANCED_FACE('',(#883),#591,.T.);
#6691=ADVANCED_FACE('',(#884),#592,.T.);
#6692=ADVANCED_FACE('',(#885),#593,.T.);
#6693=ADVANCED_FACE('',(#886),#594,.T.);
#6694=ADVANCED_FACE('',(#887),#6433,.T.);
#6695=ADVANCED_FACE('',(#888,#466,#467,#468,#469,#470,#471,#472),#595,.F.);
#6696=ADVANCED_FACE('',(#889),#596,.T.);
#6697=ADVANCED_FACE('',(#890),#6434,.T.);
#6698=ADVANCED_FACE('',(#891),#6435,.T.);
#6699=ADVANCED_FACE('',(#892),#597,.T.);
#6700=ADVANCED_FACE('',(#893),#6436,.T.);
#6701=ADVANCED_FACE('',(#894),#598,.T.);
#6702=ADVANCED_FACE('',(#895),#6437,.F.);
#6703=ADVANCED_FACE('',(#896),#599,.T.);
#6704=ADVANCED_FACE('',(#897),#6438,.F.);
#6705=ADVANCED_FACE('',(#898),#600,.T.);
#6706=ADVANCED_FACE('',(#899),#6439,.F.);
#6707=ADVANCED_FACE('',(#900),#601,.T.);
#6708=ADVANCED_FACE('',(#901),#6440,.F.);
#6709=ADVANCED_FACE('',(#902),#602,.T.);
#6710=ADVANCED_FACE('',(#903),#6441,.F.);
#6711=ADVANCED_FACE('',(#904),#603,.T.);
#6712=ADVANCED_FACE('',(#905),#6442,.F.);
#6713=ADVANCED_FACE('',(#906),#604,.T.);
#6714=ADVANCED_FACE('',(#907),#6443,.F.);
#6715=ADVANCED_FACE('',(#908),#605,.T.);
#6716=ADVANCED_FACE('',(#909),#6444,.F.);
#6717=ADVANCED_FACE('',(#910),#6445,.F.);
#6718=ADVANCED_FACE('',(#911),#6446,.F.);
#6719=ADVANCED_FACE('',(#912),#6447,.F.);
#6720=ADVANCED_FACE('',(#913),#6448,.F.);
#6721=ADVANCED_FACE('',(#914),#606,.T.);
#6722=ADVANCED_FACE('',(#915),#6449,.F.);
#6723=ADVANCED_FACE('',(#916),#607,.T.);
#6724=ADVANCED_FACE('',(#917),#6450,.F.);
#6725=ADVANCED_FACE('',(#918),#608,.T.);
#6726=ADVANCED_FACE('',(#919),#6451,.F.);
#6727=ADVANCED_FACE('',(#920),#609,.T.);
#6728=ADVANCED_FACE('',(#921),#6452,.F.);
#6729=ADVANCED_FACE('',(#922),#610,.T.);
#6730=ADVANCED_FACE('',(#923),#611,.T.);
#6731=ADVANCED_FACE('',(#924,#473,#474,#475,#476,#477,#478,#479,#480,#481,
#482,#483,#484,#485,#486,#487,#488,#489,#490),#612,.T.);
#6732=ADVANCED_FACE('',(#925),#415,.F.);
#6733=ADVANCED_FACE('',(#926),#416,.F.);
#6734=ADVANCED_FACE('',(#927),#417,.F.);
#6735=ADVANCED_FACE('',(#928),#418,.F.);
#6736=ADVANCED_FACE('',(#929),#419,.F.);
#6737=ADVANCED_FACE('',(#930),#420,.F.);
#6738=ADVANCED_FACE('',(#931),#421,.F.);
#6739=ADVANCED_FACE('',(#932),#422,.F.);
#6740=ADVANCED_FACE('',(#933),#34,.T.);
#6741=ADVANCED_FACE('',(#934),#35,.T.);
#6742=ADVANCED_FACE('',(#935),#36,.T.);
#6743=ADVANCED_FACE('',(#936),#37,.T.);
#6744=ADVANCED_FACE('',(#937),#6453,.T.);
#6745=ADVANCED_FACE('',(#938),#613,.T.);
#6746=ADVANCED_FACE('',(#939),#6454,.T.);
#6747=ADVANCED_FACE('',(#940),#614,.T.);
#6748=ADVANCED_FACE('',(#941),#6455,.T.);
#6749=ADVANCED_FACE('',(#942),#19,.F.);
#6750=ADVANCED_FACE('',(#943),#615,.T.);
#6751=ADVANCED_FACE('',(#944),#616,.T.);
#6752=ADVANCED_FACE('',(#945),#617,.T.);
#6753=ADVANCED_FACE('',(#946),#618,.T.);
#6754=ADVANCED_FACE('',(#947),#619,.T.);
#6755=ADVANCED_FACE('',(#948),#620,.T.);
#6756=ADVANCED_FACE('',(#949),#621,.T.);
#6757=ADVANCED_FACE('',(#950),#622,.T.);
#6758=ADVANCED_FACE('',(#951),#623,.T.);
#6759=ADVANCED_FACE('',(#952),#624,.F.);
#6760=ADVANCED_FACE('',(#953),#625,.F.);
#6761=ADVANCED_FACE('',(#954),#626,.F.);
#6762=ADVANCED_FACE('',(#955),#627,.F.);
#6763=ADVANCED_FACE('',(#956,#491),#628,.F.);
#6764=ADVANCED_FACE('',(#957,#492),#629,.T.);
#6765=ADVANCED_FACE('',(#958),#20,.T.);
#6766=ADVANCED_FACE('',(#959),#21,.T.);
#6767=ADVANCED_FACE('',(#960),#22,.T.);
#6768=ADVANCED_FACE('',(#961),#23,.T.);
#6769=ADVANCED_FACE('',(#962),#6456,.T.);
#6770=ADVANCED_FACE('',(#963),#6457,.T.);
#6771=ADVANCED_FACE('',(#964),#6458,.T.);
#6772=ADVANCED_FACE('',(#965),#6459,.T.);
#6773=ADVANCED_FACE('',(#966),#6460,.T.);
#6774=ADVANCED_FACE('',(#967),#630,.T.);
#6775=ADVANCED_FACE('',(#968),#631,.T.);
#6776=ADVANCED_FACE('',(#969),#423,.F.);
#6777=ADVANCED_FACE('',(#970),#424,.F.);
#6778=ADVANCED_FACE('',(#971),#425,.F.);
#6779=ADVANCED_FACE('',(#972),#426,.F.);
#6780=ADVANCED_FACE('',(#973),#427,.F.);
#6781=ADVANCED_FACE('',(#974),#428,.F.);
#6782=ADVANCED_FACE('',(#975),#429,.F.);
#6783=ADVANCED_FACE('',(#976),#430,.F.);
#6784=ADVANCED_FACE('',(#977),#38,.T.);
#6785=ADVANCED_FACE('',(#978),#39,.T.);
#6786=ADVANCED_FACE('',(#979),#40,.T.);
#6787=ADVANCED_FACE('',(#980),#41,.T.);
#6788=ADVANCED_FACE('',(#981),#6461,.T.);
#6789=ADVANCED_FACE('',(#982),#632,.T.);
#6790=ADVANCED_FACE('',(#983),#6462,.T.);
#6791=ADVANCED_FACE('',(#984),#633,.T.);
#6792=ADVANCED_FACE('',(#985),#6463,.T.);
#6793=ADVANCED_FACE('',(#986),#24,.F.);
#6794=ADVANCED_FACE('',(#987),#634,.T.);
#6795=ADVANCED_FACE('',(#988),#635,.T.);
#6796=ADVANCED_FACE('',(#989),#636,.T.);
#6797=ADVANCED_FACE('',(#990),#637,.T.);
#6798=ADVANCED_FACE('',(#991),#638,.T.);
#6799=ADVANCED_FACE('',(#992),#639,.T.);
#6800=ADVANCED_FACE('',(#993),#640,.T.);
#6801=ADVANCED_FACE('',(#994),#641,.T.);
#6802=ADVANCED_FACE('',(#995),#642,.T.);
#6803=ADVANCED_FACE('',(#996),#643,.F.);
#6804=ADVANCED_FACE('',(#997),#644,.F.);
#6805=ADVANCED_FACE('',(#998),#645,.F.);
#6806=ADVANCED_FACE('',(#999),#646,.F.);
#6807=ADVANCED_FACE('',(#1000,#493),#647,.F.);
#6808=ADVANCED_FACE('',(#1001,#494),#648,.T.);
#6809=ADVANCED_FACE('',(#1002),#25,.T.);
#6810=ADVANCED_FACE('',(#1003),#26,.T.);
#6811=ADVANCED_FACE('',(#1004),#27,.T.);
#6812=ADVANCED_FACE('',(#1005),#28,.T.);
#6813=ADVANCED_FACE('',(#1006),#6464,.T.);
#6814=ADVANCED_FACE('',(#1007),#6465,.T.);
#6815=ADVANCED_FACE('',(#1008),#6466,.T.);
#6816=ADVANCED_FACE('',(#1009),#6467,.T.);
#6817=ADVANCED_FACE('',(#1010),#6468,.T.);
#6818=ADVANCED_FACE('',(#1011),#649,.T.);
#6819=ADVANCED_FACE('',(#1012),#650,.T.);
#6820=ADVANCED_FACE('',(#1013),#431,.F.);
#6821=ADVANCED_FACE('',(#1014),#432,.F.);
#6822=ADVANCED_FACE('',(#1015),#433,.F.);
#6823=ADVANCED_FACE('',(#1016),#434,.F.);
#6824=ADVANCED_FACE('',(#1017),#435,.F.);
#6825=ADVANCED_FACE('',(#1018),#436,.F.);
#6826=ADVANCED_FACE('',(#1019),#437,.F.);
#6827=ADVANCED_FACE('',(#1020),#438,.F.);
#6828=ADVANCED_FACE('',(#1021),#42,.T.);
#6829=ADVANCED_FACE('',(#1022),#43,.T.);
#6830=ADVANCED_FACE('',(#1023),#44,.T.);
#6831=ADVANCED_FACE('',(#1024),#45,.T.);
#6832=ADVANCED_FACE('',(#1025),#6469,.T.);
#6833=ADVANCED_FACE('',(#1026),#651,.T.);
#6834=ADVANCED_FACE('',(#1027),#6470,.T.);
#6835=ADVANCED_FACE('',(#1028),#652,.T.);
#6836=ADVANCED_FACE('',(#1029),#6471,.T.);
#6837=ADVANCED_FACE('',(#1030),#29,.F.);
#6838=ADVANCED_FACE('',(#1031),#653,.T.);
#6839=ADVANCED_FACE('',(#1032),#654,.T.);
#6840=ADVANCED_FACE('',(#1033),#655,.T.);
#6841=ADVANCED_FACE('',(#1034),#656,.T.);
#6842=ADVANCED_FACE('',(#1035),#657,.T.);
#6843=ADVANCED_FACE('',(#1036),#658,.T.);
#6844=ADVANCED_FACE('',(#1037),#659,.T.);
#6845=ADVANCED_FACE('',(#1038),#660,.T.);
#6846=ADVANCED_FACE('',(#1039),#661,.T.);
#6847=ADVANCED_FACE('',(#1040),#662,.F.);
#6848=ADVANCED_FACE('',(#1041),#663,.F.);
#6849=ADVANCED_FACE('',(#1042),#664,.F.);
#6850=ADVANCED_FACE('',(#1043),#665,.F.);
#6851=ADVANCED_FACE('',(#1044,#495),#666,.F.);
#6852=ADVANCED_FACE('',(#1045,#496),#667,.T.);
#6853=ADVANCED_FACE('',(#1046),#30,.T.);
#6854=ADVANCED_FACE('',(#1047),#31,.T.);
#6855=ADVANCED_FACE('',(#1048),#32,.T.);
#6856=ADVANCED_FACE('',(#1049),#33,.T.);
#6857=ADVANCED_FACE('',(#1050),#6472,.T.);
#6858=ADVANCED_FACE('',(#1051),#6473,.T.);
#6859=ADVANCED_FACE('',(#1052),#6474,.T.);
#6860=ADVANCED_FACE('',(#1053),#6475,.T.);
#6861=ADVANCED_FACE('',(#1054),#6476,.T.);
#6862=ADVANCED_FACE('',(#1055),#668,.T.);
#6863=ADVANCED_FACE('',(#1056),#669,.T.);
#6864=CLOSED_SHELL('',(#6477,#6478,#6479,#6480,#6481,#6482,#6483,#6484,
#6485,#6486,#6487,#6488,#6489,#6490,#6491,#6492,#6493,#6494,#6495,#6496,
#6497,#6498));
#6865=CLOSED_SHELL('',(#6499,#6500,#6501,#6502,#6503,#6504,#6505,#6506,
#6507,#6508,#6509,#6510,#6511,#6512,#6513,#6514,#6515,#6516,#6517,#6518,
#6519,#6520,#6521,#6522,#6523,#6524,#6525,#6526,#6527,#6528,#6529,#6530,
#6531,#6532,#6533,#6534,#6535,#6536,#6537,#6538,#6539,#6540,#6541,#6542,
#6543,#6544,#6545,#6546,#6547,#6548,#6549,#6550,#6551,#6552,#6553,#6554,
#6555,#6556,#6557,#6558,#6559,#6560,#6561,#6562,#6563,#6564,#6565,#6566,
#6567,#6568,#6569,#6570,#6571,#6572,#6573,#6574,#6575,#6576,#6577,#6578,
#6579,#6580,#6581,#6582,#6583,#6584,#6585,#6586,#6587,#6588,#6589,#6590,
#6591,#6592,#6593,#6594,#6595,#6596,#6597,#6598,#6599,#6600,#6601,#6602,
#6603,#6604,#6605,#6606,#6607,#6608,#6609,#6610,#6611,#6612,#6613,#6614,
#6615,#6616,#6617,#6618,#6619,#6620,#6621,#6622,#6623,#6624,#6625,#6626,
#6627,#6628,#6629,#6630,#6631,#6632,#6633,#6634,#6635,#6636,#6637,#6638,
#6639,#6640,#6641,#6642,#6643,#6644,#6645,#6646,#6647,#6648,#6649,#6650,
#6651,#6652,#6653,#6654,#6655,#6656,#6657,#6658,#6659,#6660,#6661,#6662,
#6663,#6664,#6665,#6666,#6667,#6668,#6669,#6670,#6671,#6672,#6673,#6674,
#6675,#6676,#6677,#6678,#6679,#6680,#6681,#6682,#6683,#6684,#6685,#6686,
#6687,#6688,#6689,#6690,#6691,#6692,#6693,#6694,#6695,#6696,#6697,#6698,
#6699,#6700,#6701,#6702,#6703,#6704,#6705,#6706,#6707,#6708,#6709,#6710,
#6711,#6712,#6713,#6714,#6715,#6716,#6717,#6718,#6719,#6720,#6721,#6722,
#6723,#6724,#6725,#6726,#6727,#6728,#6729,#6730,#6731));
#6866=CLOSED_SHELL('',(#6732,#6733,#6734,#6735,#6736,#6737,#6738,#6739,
#6740,#6741,#6742,#6743,#6744,#6745,#6746,#6747,#6748,#6749,#6750,#6751,
#6752,#6753,#6754,#6755,#6756,#6757,#6758,#6759,#6760,#6761,#6762,#6763,
#6764,#6765,#6766,#6767,#6768,#6769,#6770,#6771,#6772,#6773,#6774,#6775));
#6867=CLOSED_SHELL('',(#6776,#6777,#6778,#6779,#6780,#6781,#6782,#6783,
#6784,#6785,#6786,#6787,#6788,#6789,#6790,#6791,#6792,#6793,#6794,#6795,
#6796,#6797,#6798,#6799,#6800,#6801,#6802,#6803,#6804,#6805,#6806,#6807,
#6808,#6809,#6810,#6811,#6812,#6813,#6814,#6815,#6816,#6817,#6818,#6819));
#6868=CLOSED_SHELL('',(#6820,#6821,#6822,#6823,#6824,#6825,#6826,#6827,
#6828,#6829,#6830,#6831,#6832,#6833,#6834,#6835,#6836,#6837,#6838,#6839,
#6840,#6841,#6842,#6843,#6844,#6845,#6846,#6847,#6848,#6849,#6850,#6851,
#6852,#6853,#6854,#6855,#6856,#6857,#6858,#6859,#6860,#6861,#6862,#6863));
#6869=DERIVED_UNIT_ELEMENT(#6873,1.);
#6870=DERIVED_UNIT_ELEMENT(#13411,-3.);
#6871=DERIVED_UNIT_ELEMENT(#6873,1.);
#6872=DERIVED_UNIT_ELEMENT(#13411,-3.);
#6873=(
MASS_UNIT()
NAMED_UNIT(*)
SI_UNIT(.KILO.,.GRAM.)
);
#6874=DERIVED_UNIT((#6869,#6870));
#6875=DERIVED_UNIT((#6871,#6872));
#6876=MEASURE_REPRESENTATION_ITEM('density measure',
POSITIVE_RATIO_MEASURE(7850.),#6874);
#6877=MEASURE_REPRESENTATION_ITEM('density measure',
POSITIVE_RATIO_MEASURE(7850.),#6875);
#6878=PROPERTY_DEFINITION_REPRESENTATION(#6888,#6882);
#6879=PROPERTY_DEFINITION_REPRESENTATION(#6889,#6883);
#6880=PROPERTY_DEFINITION_REPRESENTATION(#6890,#6884);
#6881=PROPERTY_DEFINITION_REPRESENTATION(#6891,#6885);
#6882=REPRESENTATION('material name',(#6886),#13407);
#6883=REPRESENTATION('density',(#6876),#13407);
#6884=REPRESENTATION('material name',(#6887),#13408);
#6885=REPRESENTATION('density',(#6877),#13408);
#6886=DESCRIPTIVE_REPRESENTATION_ITEM('Steel','Steel');
#6887=DESCRIPTIVE_REPRESENTATION_ITEM('Steel','Steel');
#6888=PROPERTY_DEFINITION('material property','material name',#13427);
#6889=PROPERTY_DEFINITION('material property','density of part',#13427);
#6890=PROPERTY_DEFINITION('material property','material name',#13428);
#6891=PROPERTY_DEFINITION('material property','density of part',#13428);
#6892=AXIS2_PLACEMENT_3D('',#8690,#7295,#7296);
#6893=AXIS2_PLACEMENT_3D('',#8691,#7297,#7298);
#6894=AXIS2_PLACEMENT_3D('',#8692,#7299,#7300);
#6895=AXIS2_PLACEMENT_3D('',#8695,#7301,#7302);
#6896=AXIS2_PLACEMENT_3D('',#8699,#7304,#7305);
#6897=AXIS2_PLACEMENT_3D('',#8701,#7307,#7308);
#6898=AXIS2_PLACEMENT_3D('',#8707,#7312,#7313);
#6899=AXIS2_PLACEMENT_3D('',#8727,#7323,#7324);
#6900=AXIS2_PLACEMENT_3D('',#8731,#7326,#7327);
#6901=AXIS2_PLACEMENT_3D('',#8734,#7329,#7330);
#6902=AXIS2_PLACEMENT_3D('',#8736,#7331,#7332);
#6903=AXIS2_PLACEMENT_3D('',#8738,#7333,#7334);
#6904=AXIS2_PLACEMENT_3D('',#8740,#7335,#7336);
#6905=AXIS2_PLACEMENT_3D('',#8742,#7337,#7338);
#6906=AXIS2_PLACEMENT_3D('',#8743,#7339,#7340);
#6907=AXIS2_PLACEMENT_3D('',#8746,#7342,#7343);
#6908=AXIS2_PLACEMENT_3D('',#8747,#7344,#7345);
#6909=AXIS2_PLACEMENT_3D('',#8751,#7348,#7349);
#6910=AXIS2_PLACEMENT_3D('',#8755,#7351,#7352);
#6911=AXIS2_PLACEMENT_3D('',#8757,#7354,#7355);
#6912=AXIS2_PLACEMENT_3D('',#8761,#7358,#7359);
#6913=AXIS2_PLACEMENT_3D('',#8762,#7360,#7361);
#6914=AXIS2_PLACEMENT_3D('',#8763,#7362,#7363);
#6915=AXIS2_PLACEMENT_3D('',#8769,#7367,#7368);
#6916=AXIS2_PLACEMENT_3D('',#8775,#7372,#7373);
#6917=AXIS2_PLACEMENT_3D('',#8778,#7376,#7377);
#6918=AXIS2_PLACEMENT_3D('',#8780,#7379,#7380);
#6919=AXIS2_PLACEMENT_3D('',#8786,#7384,#7385);
#6920=AXIS2_PLACEMENT_3D('',#8790,#7388,#7389);
#6921=AXIS2_PLACEMENT_3D('',#8794,#7392,#7393);
#6922=AXIS2_PLACEMENT_3D('',#8796,#7395,#7396);
#6923=AXIS2_PLACEMENT_3D('',#8799,#7398,#7399);
#6924=AXIS2_PLACEMENT_3D('',#8800,#7400,#7401);
#6925=AXIS2_PLACEMENT_3D('',#8803,#7403,#7404);
#6926=AXIS2_PLACEMENT_3D('',#8804,#7405,#7406);
#6927=AXIS2_PLACEMENT_3D('',#8807,#7408,#7409);
#6928=AXIS2_PLACEMENT_3D('',#8808,#7410,#7411);
#6929=AXIS2_PLACEMENT_3D('',#8811,#7413,#7414);
#6930=AXIS2_PLACEMENT_3D('',#8812,#7415,#7416);
#6931=AXIS2_PLACEMENT_3D('',#8813,#7417,#7418);
#6932=AXIS2_PLACEMENT_3D('',#8814,#7419,#7420);
#6933=AXIS2_PLACEMENT_3D('',#8815,#7421,#7422);
#6934=AXIS2_PLACEMENT_3D('',#8824,#7427,#7428);
#6935=AXIS2_PLACEMENT_3D('',#8876,#7434,#7435);
#6936=AXIS2_PLACEMENT_3D('',#8879,#7438,#7439);
#6937=AXIS2_PLACEMENT_3D('',#8888,#7444,#7445);
#6938=AXIS2_PLACEMENT_3D('',#8894,#7449,#7450);
#6939=AXIS2_PLACEMENT_3D('',#8900,#7454,#7455);
#6940=AXIS2_PLACEMENT_3D('',#8906,#7459,#7460);
#6941=AXIS2_PLACEMENT_3D('',#8912,#7464,#7465);
#6942=AXIS2_PLACEMENT_3D('',#8918,#7469,#7470);
#6943=AXIS2_PLACEMENT_3D('',#8924,#7474,#7475);
#6944=AXIS2_PLACEMENT_3D('',#8927,#7478,#7479);
#6945=AXIS2_PLACEMENT_3D('',#8928,#7480,#7481);
#6946=AXIS2_PLACEMENT_3D('',#8929,#7482,#7483);
#6947=AXIS2_PLACEMENT_3D('',#8938,#7488,#7489);
#6948=AXIS2_PLACEMENT_3D('',#8944,#7493,#7494);
#6949=AXIS2_PLACEMENT_3D('',#8996,#7500,#7501);
#6950=AXIS2_PLACEMENT_3D('',#9002,#7505,#7506);
#6951=AXIS2_PLACEMENT_3D('',#9008,#7510,#7511);
#6952=AXIS2_PLACEMENT_3D('',#9060,#7517,#7518);
#6953=AXIS2_PLACEMENT_3D('',#9066,#7522,#7523);
#6954=AXIS2_PLACEMENT_3D('',#9072,#7527,#7528);
#6955=AXIS2_PLACEMENT_3D('',#9078,#7532,#7533);
#6956=AXIS2_PLACEMENT_3D('',#9084,#7537,#7538);
#6957=AXIS2_PLACEMENT_3D('',#9136,#7544,#7545);
#6958=AXIS2_PLACEMENT_3D('',#9142,#7549,#7550);
#6959=AXIS2_PLACEMENT_3D('',#9145,#7553,#7554);
#6960=AXIS2_PLACEMENT_3D('',#9146,#7555,#7556);
#6961=AXIS2_PLACEMENT_3D('',#9155,#7561,#7562);
#6962=AXIS2_PLACEMENT_3D('',#9207,#7568,#7569);
#6963=AXIS2_PLACEMENT_3D('',#9210,#7572,#7573);
#6964=AXIS2_PLACEMENT_3D('',#9219,#7578,#7579);
#6965=AXIS2_PLACEMENT_3D('',#9225,#7583,#7584);
#6966=AXIS2_PLACEMENT_3D('',#9231,#7588,#7589);
#6967=AXIS2_PLACEMENT_3D('',#9237,#7593,#7594);
#6968=AXIS2_PLACEMENT_3D('',#9243,#7598,#7599);
#6969=AXIS2_PLACEMENT_3D('',#9249,#7603,#7604);
#6970=AXIS2_PLACEMENT_3D('',#9255,#7608,#7609);
#6971=AXIS2_PLACEMENT_3D('',#9258,#7612,#7613);
#6972=AXIS2_PLACEMENT_3D('',#9259,#7614,#7615);
#6973=AXIS2_PLACEMENT_3D('',#9260,#7616,#7617);
#6974=AXIS2_PLACEMENT_3D('',#9269,#7622,#7623);
#6975=AXIS2_PLACEMENT_3D('',#9482,#7636,#7637);
#6976=AXIS2_PLACEMENT_3D('',#9695,#7650,#7651);
#6977=AXIS2_PLACEMENT_3D('',#9698,#7654,#7655);
#6978=AXIS2_PLACEMENT_3D('',#9699,#7656,#7657);
#6979=AXIS2_PLACEMENT_3D('',#9708,#7662,#7663);
#6980=AXIS2_PLACEMENT_3D('',#9921,#7676,#7677);
#6981=AXIS2_PLACEMENT_3D('',#10134,#7690,#7691);
#6982=AXIS2_PLACEMENT_3D('',#10137,#7694,#7695);
#6983=AXIS2_PLACEMENT_3D('',#10138,#7696,#7697);
#6984=AXIS2_PLACEMENT_3D('',#10147,#7702,#7703);
#6985=AXIS2_PLACEMENT_3D('',#10199,#7709,#7710);
#6986=AXIS2_PLACEMENT_3D('',#10251,#7716,#7717);
#6987=AXIS2_PLACEMENT_3D('',#10257,#7721,#7722);
#6988=AXIS2_PLACEMENT_3D('',#10260,#7725,#7726);
#6989=AXIS2_PLACEMENT_3D('',#10261,#7727,#7728);
#6990=AXIS2_PLACEMENT_3D('',#10270,#7733,#7734);
#6991=AXIS2_PLACEMENT_3D('',#10276,#7738,#7739);
#6992=AXIS2_PLACEMENT_3D('',#10351,#7746,#7747);
#6993=AXIS2_PLACEMENT_3D('',#10426,#7754,#7755);
#6994=AXIS2_PLACEMENT_3D('',#10429,#7758,#7759);
#6995=AXIS2_PLACEMENT_3D('',#10890,#7780,#7781);
#6996=AXIS2_PLACEMENT_3D('',#10891,#7782,#7783);
#6997=AXIS2_PLACEMENT_3D('',#10892,#7784,#7785);
#6998=AXIS2_PLACEMENT_3D('',#10901,#7790,#7791);
#6999=AXIS2_PLACEMENT_3D('',#10907,#7795,#7796);
#7000=AXIS2_PLACEMENT_3D('',#10913,#7800,#7801);
#7001=AXIS2_PLACEMENT_3D('',#10965,#7807,#7808);
#7002=AXIS2_PLACEMENT_3D('',#10971,#7812,#7813);
#7003=AXIS2_PLACEMENT_3D('',#10977,#7817,#7818);
#7004=AXIS2_PLACEMENT_3D('',#10983,#7822,#7823);
#7005=AXIS2_PLACEMENT_3D('',#10989,#7827,#7828);
#7006=AXIS2_PLACEMENT_3D('',#10992,#7831,#7832);
#7007=AXIS2_PLACEMENT_3D('',#10993,#7833,#7834);
#7008=AXIS2_PLACEMENT_3D('',#11416,#7857,#7858);
#7009=AXIS2_PLACEMENT_3D('',#11764,#7876,#7877);
#7010=AXIS2_PLACEMENT_3D('',#11765,#7878,#7879);
#7011=AXIS2_PLACEMENT_3D('',#11774,#7884,#7885);
#7012=AXIS2_PLACEMENT_3D('',#11780,#7889,#7890);
#7013=AXIS2_PLACEMENT_3D('',#11786,#7894,#7895);
#7014=AXIS2_PLACEMENT_3D('',#11792,#7899,#7900);
#7015=AXIS2_PLACEMENT_3D('',#11798,#7904,#7905);
#7016=AXIS2_PLACEMENT_3D('',#11801,#7908,#7909);
#7017=AXIS2_PLACEMENT_3D('',#11802,#7910,#7911);
#7018=AXIS2_PLACEMENT_3D('',#11805,#7912,#7913);
#7019=AXIS2_PLACEMENT_3D('',#11809,#7915,#7916);
#7020=AXIS2_PLACEMENT_3D('',#11811,#7918,#7919);
#7021=AXIS2_PLACEMENT_3D('',#11815,#7921,#7922);
#7022=AXIS2_PLACEMENT_3D('',#11819,#7924,#7925);
#7023=AXIS2_PLACEMENT_3D('',#11823,#7927,#7928);
#7024=AXIS2_PLACEMENT_3D('',#11827,#7930,#7931);
#7025=AXIS2_PLACEMENT_3D('',#11831,#7933,#7934);
#7026=AXIS2_PLACEMENT_3D('',#11835,#7936,#7937);
#7027=AXIS2_PLACEMENT_3D('',#11839,#7939,#7940);
#7028=AXIS2_PLACEMENT_3D('',#11842,#7942,#7943);
#7029=AXIS2_PLACEMENT_3D('',#11844,#7944,#7945);
#7030=AXIS2_PLACEMENT_3D('',#11846,#7946,#7947);
#7031=AXIS2_PLACEMENT_3D('',#11848,#7948,#7949);
#7032=AXIS2_PLACEMENT_3D('',#11851,#7950,#7951);
#7033=AXIS2_PLACEMENT_3D('',#11855,#7953,#7954);
#7034=AXIS2_PLACEMENT_3D('',#11859,#7956,#7957);
#7035=AXIS2_PLACEMENT_3D('',#11863,#7959,#7960);
#7036=AXIS2_PLACEMENT_3D('',#11867,#7962,#7963);
#7037=AXIS2_PLACEMENT_3D('',#11871,#7965,#7966);
#7038=AXIS2_PLACEMENT_3D('',#11875,#7968,#7969);
#7039=AXIS2_PLACEMENT_3D('',#11879,#7971,#7972);
#7040=AXIS2_PLACEMENT_3D('',#11881,#7974,#7975);
#7041=AXIS2_PLACEMENT_3D('',#11885,#7978,#7979);
#7042=AXIS2_PLACEMENT_3D('',#11887,#7980,#7981);
#7043=AXIS2_PLACEMENT_3D('',#11889,#7983,#7984);
#7044=AXIS2_PLACEMENT_3D('',#11892,#7985,#7986);
#7045=AXIS2_PLACEMENT_3D('',#11895,#7989,#7990);
#7046=AXIS2_PLACEMENT_3D('',#11899,#7993,#7994);
#7047=AXIS2_PLACEMENT_3D('',#11901,#7995,#7996);
#7048=AXIS2_PLACEMENT_3D('',#11903,#7998,#7999);
#7049=AXIS2_PLACEMENT_3D('',#11909,#8003,#8004);
#7050=AXIS2_PLACEMENT_3D('',#11911,#8005,#8006);
#7051=AXIS2_PLACEMENT_3D('',#11913,#8008,#8009);
#7052=AXIS2_PLACEMENT_3D('',#11917,#8012,#8013);
#7053=AXIS2_PLACEMENT_3D('',#11919,#8014,#8015);
#7054=AXIS2_PLACEMENT_3D('',#11921,#8017,#8018);
#7055=AXIS2_PLACEMENT_3D('',#11925,#8021,#8022);
#7056=AXIS2_PLACEMENT_3D('',#11927,#8023,#8024);
#7057=AXIS2_PLACEMENT_3D('',#11929,#8026,#8027);
#7058=AXIS2_PLACEMENT_3D('',#11933,#8030,#8031);
#7059=AXIS2_PLACEMENT_3D('',#11934,#8032,#8033);
#7060=AXIS2_PLACEMENT_3D('',#11935,#8034,#8035);
#7061=AXIS2_PLACEMENT_3D('',#11941,#8039,#8040);
#7062=AXIS2_PLACEMENT_3D('',#11943,#8041,#8042);
#7063=AXIS2_PLACEMENT_3D('',#11945,#8044,#8045);
#7064=AXIS2_PLACEMENT_3D('',#11949,#8048,#8049);
#7065=AXIS2_PLACEMENT_3D('',#11951,#8050,#8051);
#7066=AXIS2_PLACEMENT_3D('',#11953,#8053,#8054);
#7067=AXIS2_PLACEMENT_3D('',#11957,#8057,#8058);
#7068=AXIS2_PLACEMENT_3D('',#11959,#8059,#8060);
#7069=AXIS2_PLACEMENT_3D('',#11961,#8062,#8063);
#7070=AXIS2_PLACEMENT_3D('',#11965,#8066,#8067);
#7071=AXIS2_PLACEMENT_3D('',#11966,#8068,#8069);
#7072=AXIS2_PLACEMENT_3D('',#11967,#8070,#8071);
#7073=AXIS2_PLACEMENT_3D('',#11969,#8072,#8073);
#7074=AXIS2_PLACEMENT_3D('',#11971,#8075,#8076);
#7075=AXIS2_PLACEMENT_3D('',#11973,#8077,#8078);
#7076=AXIS2_PLACEMENT_3D('',#11975,#8080,#8081);
#7077=AXIS2_PLACEMENT_3D('',#11977,#8082,#8083);
#7078=AXIS2_PLACEMENT_3D('',#11979,#8085,#8086);
#7079=AXIS2_PLACEMENT_3D('',#11981,#8087,#8088);
#7080=AXIS2_PLACEMENT_3D('',#11983,#8090,#8091);
#7081=AXIS2_PLACEMENT_3D('',#11989,#8095,#8096);
#7082=AXIS2_PLACEMENT_3D('',#11991,#8097,#8098);
#7083=AXIS2_PLACEMENT_3D('',#11993,#8100,#8101);
#7084=AXIS2_PLACEMENT_3D('',#11997,#8104,#8105);
#7085=AXIS2_PLACEMENT_3D('',#11999,#8106,#8107);
#7086=AXIS2_PLACEMENT_3D('',#12001,#8109,#8110);
#7087=AXIS2_PLACEMENT_3D('',#12005,#8113,#8114);
#7088=AXIS2_PLACEMENT_3D('',#12007,#8115,#8116);
#7089=AXIS2_PLACEMENT_3D('',#12009,#8118,#8119);
#7090=AXIS2_PLACEMENT_3D('',#12013,#8122,#8123);
#7091=AXIS2_PLACEMENT_3D('',#12014,#8124,#8125);
#7092=AXIS2_PLACEMENT_3D('',#12015,#8126,#8127);
#7093=AXIS2_PLACEMENT_3D('',#12017,#8129,#8130);
#7094=AXIS2_PLACEMENT_3D('',#12019,#8132,#8133);
#7095=AXIS2_PLACEMENT_3D('',#12042,#8134,#8135);
#7096=AXIS2_PLACEMENT_3D('',#12049,#8136,#8137);
#7097=AXIS2_PLACEMENT_3D('',#12122,#8139,#8140);
#7098=AXIS2_PLACEMENT_3D('',#12126,#8142,#8143);
#7099=AXIS2_PLACEMENT_3D('',#12202,#8144,#8145);
#7100=AXIS2_PLACEMENT_3D('',#12206,#8147,#8148);
#7101=AXIS2_PLACEMENT_3D('',#12282,#8149,#8150);
#7102=AXIS2_PLACEMENT_3D('',#12289,#8151,#8152);
#7103=AXIS2_PLACEMENT_3D('',#12340,#8154,#8155);
#7104=AXIS2_PLACEMENT_3D('',#12341,#8156,#8157);
#7105=AXIS2_PLACEMENT_3D('',#12342,#8158,#8159);
#7106=AXIS2_PLACEMENT_3D('',#12343,#8160,#8161);
#7107=AXIS2_PLACEMENT_3D('',#12344,#8162,#8163);
#7108=AXIS2_PLACEMENT_3D('',#12345,#8164,#8165);
#7109=AXIS2_PLACEMENT_3D('',#12346,#8166,#8167);
#7110=AXIS2_PLACEMENT_3D('',#12347,#8168,#8169);
#7111=AXIS2_PLACEMENT_3D('',#12348,#8170,#8171);
#7112=AXIS2_PLACEMENT_3D('',#12349,#8172,#8173);
#7113=AXIS2_PLACEMENT_3D('',#12350,#8174,#8175);
#7114=AXIS2_PLACEMENT_3D('',#12352,#8176,#8177);
#7115=AXIS2_PLACEMENT_3D('',#12353,#8178,#8179);
#7116=AXIS2_PLACEMENT_3D('',#12354,#8180,#8181);
#7117=AXIS2_PLACEMENT_3D('',#12358,#8183,#8184);
#7118=AXIS2_PLACEMENT_3D('',#12360,#8186,#8187);
#7119=AXIS2_PLACEMENT_3D('',#12364,#8190,#8191);
#7120=AXIS2_PLACEMENT_3D('',#12367,#8193,#8194);
#7121=AXIS2_PLACEMENT_3D('',#12368,#8195,#8196);
#7122=AXIS2_PLACEMENT_3D('',#12372,#8199,#8200);
#7123=AXIS2_PLACEMENT_3D('',#12375,#8202,#8203);
#7124=AXIS2_PLACEMENT_3D('',#12376,#8204,#8205);
#7125=AXIS2_PLACEMENT_3D('',#12378,#8206,#8207);
#7126=AXIS2_PLACEMENT_3D('',#12379,#8208,#8209);
#7127=AXIS2_PLACEMENT_3D('',#12388,#8214,#8215);
#7128=AXIS2_PLACEMENT_3D('',#12394,#8219,#8220);
#7129=AXIS2_PLACEMENT_3D('',#12400,#8224,#8225);
#7130=AXIS2_PLACEMENT_3D('',#12403,#8228,#8229);
#7131=AXIS2_PLACEMENT_3D('',#12404,#8230,#8231);
#7132=AXIS2_PLACEMENT_3D('',#12410,#8235,#8236);
#7133=AXIS2_PLACEMENT_3D('',#12414,#8239,#8240);
#7134=AXIS2_PLACEMENT_3D('',#12418,#8243,#8244);
#7135=AXIS2_PLACEMENT_3D('',#12420,#8246,#8247);
#7136=AXIS2_PLACEMENT_3D('',#12429,#8252,#8253);
#7137=AXIS2_PLACEMENT_3D('',#12435,#8257,#8258);
#7138=AXIS2_PLACEMENT_3D('',#12441,#8262,#8263);
#7139=AXIS2_PLACEMENT_3D('',#12444,#8266,#8267);
#7140=AXIS2_PLACEMENT_3D('',#12445,#8268,#8269);
#7141=AXIS2_PLACEMENT_3D('',#12454,#8274,#8275);
#7142=AXIS2_PLACEMENT_3D('',#12455,#8276,#8277);
#7143=AXIS2_PLACEMENT_3D('',#12456,#8278,#8279);
#7144=AXIS2_PLACEMENT_3D('',#12457,#8280,#8281);
#7145=AXIS2_PLACEMENT_3D('',#12458,#8282,#8283);
#7146=AXIS2_PLACEMENT_3D('',#12459,#8284,#8285);
#7147=AXIS2_PLACEMENT_3D('',#12460,#8286,#8287);
#7148=AXIS2_PLACEMENT_3D('',#12462,#8288,#8289);
#7149=AXIS2_PLACEMENT_3D('',#12464,#8290,#8291);
#7150=AXIS2_PLACEMENT_3D('',#12465,#8292,#8293);
#7151=AXIS2_PLACEMENT_3D('',#12466,#8294,#8295);
#7152=AXIS2_PLACEMENT_3D('',#12467,#8296,#8297);
#7153=AXIS2_PLACEMENT_3D('',#12468,#8298,#8299);
#7154=AXIS2_PLACEMENT_3D('',#12469,#8300,#8301);
#7155=AXIS2_PLACEMENT_3D('',#12470,#8302,#8303);
#7156=AXIS2_PLACEMENT_3D('',#12473,#8306,#8307);
#7157=AXIS2_PLACEMENT_3D('',#12475,#8309,#8310);
#7158=AXIS2_PLACEMENT_3D('',#12477,#8312,#8313);
#7159=AXIS2_PLACEMENT_3D('',#12478,#8314,#8315);
#7160=AXIS2_PLACEMENT_3D('',#12479,#8316,#8317);
#7161=AXIS2_PLACEMENT_3D('',#12502,#8318,#8319);
#7162=AXIS2_PLACEMENT_3D('',#12509,#8320,#8321);
#7163=AXIS2_PLACEMENT_3D('',#12582,#8323,#8324);
#7164=AXIS2_PLACEMENT_3D('',#12586,#8326,#8327);
#7165=AXIS2_PLACEMENT_3D('',#12662,#8328,#8329);
#7166=AXIS2_PLACEMENT_3D('',#12666,#8331,#8332);
#7167=AXIS2_PLACEMENT_3D('',#12742,#8333,#8334);
#7168=AXIS2_PLACEMENT_3D('',#12749,#8335,#8336);
#7169=AXIS2_PLACEMENT_3D('',#12800,#8338,#8339);
#7170=AXIS2_PLACEMENT_3D('',#12801,#8340,#8341);
#7171=AXIS2_PLACEMENT_3D('',#12802,#8342,#8343);
#7172=AXIS2_PLACEMENT_3D('',#12803,#8344,#8345);
#7173=AXIS2_PLACEMENT_3D('',#12804,#8346,#8347);
#7174=AXIS2_PLACEMENT_3D('',#12805,#8348,#8349);
#7175=AXIS2_PLACEMENT_3D('',#12806,#8350,#8351);
#7176=AXIS2_PLACEMENT_3D('',#12807,#8352,#8353);
#7177=AXIS2_PLACEMENT_3D('',#12808,#8354,#8355);
#7178=AXIS2_PLACEMENT_3D('',#12809,#8356,#8357);
#7179=AXIS2_PLACEMENT_3D('',#12810,#8358,#8359);
#7180=AXIS2_PLACEMENT_3D('',#12812,#8360,#8361);
#7181=AXIS2_PLACEMENT_3D('',#12813,#8362,#8363);
#7182=AXIS2_PLACEMENT_3D('',#12814,#8364,#8365);
#7183=AXIS2_PLACEMENT_3D('',#12818,#8367,#8368);
#7184=AXIS2_PLACEMENT_3D('',#12820,#8370,#8371);
#7185=AXIS2_PLACEMENT_3D('',#12824,#8374,#8375);
#7186=AXIS2_PLACEMENT_3D('',#12827,#8377,#8378);
#7187=AXIS2_PLACEMENT_3D('',#12828,#8379,#8380);
#7188=AXIS2_PLACEMENT_3D('',#12832,#8383,#8384);
#7189=AXIS2_PLACEMENT_3D('',#12835,#8386,#8387);
#7190=AXIS2_PLACEMENT_3D('',#12836,#8388,#8389);
#7191=AXIS2_PLACEMENT_3D('',#12838,#8390,#8391);
#7192=AXIS2_PLACEMENT_3D('',#12839,#8392,#8393);
#7193=AXIS2_PLACEMENT_3D('',#12848,#8398,#8399);
#7194=AXIS2_PLACEMENT_3D('',#12854,#8403,#8404);
#7195=AXIS2_PLACEMENT_3D('',#12860,#8408,#8409);
#7196=AXIS2_PLACEMENT_3D('',#12863,#8412,#8413);
#7197=AXIS2_PLACEMENT_3D('',#12864,#8414,#8415);
#7198=AXIS2_PLACEMENT_3D('',#12870,#8419,#8420);
#7199=AXIS2_PLACEMENT_3D('',#12874,#8423,#8424);
#7200=AXIS2_PLACEMENT_3D('',#12878,#8427,#8428);
#7201=AXIS2_PLACEMENT_3D('',#12880,#8430,#8431);
#7202=AXIS2_PLACEMENT_3D('',#12889,#8436,#8437);
#7203=AXIS2_PLACEMENT_3D('',#12895,#8441,#8442);
#7204=AXIS2_PLACEMENT_3D('',#12901,#8446,#8447);
#7205=AXIS2_PLACEMENT_3D('',#12904,#8450,#8451);
#7206=AXIS2_PLACEMENT_3D('',#12905,#8452,#8453);
#7207=AXIS2_PLACEMENT_3D('',#12914,#8458,#8459);
#7208=AXIS2_PLACEMENT_3D('',#12915,#8460,#8461);
#7209=AXIS2_PLACEMENT_3D('',#12916,#8462,#8463);
#7210=AXIS2_PLACEMENT_3D('',#12917,#8464,#8465);
#7211=AXIS2_PLACEMENT_3D('',#12918,#8466,#8467);
#7212=AXIS2_PLACEMENT_3D('',#12919,#8468,#8469);
#7213=AXIS2_PLACEMENT_3D('',#12920,#8470,#8471);
#7214=AXIS2_PLACEMENT_3D('',#12922,#8472,#8473);
#7215=AXIS2_PLACEMENT_3D('',#12924,#8474,#8475);
#7216=AXIS2_PLACEMENT_3D('',#12925,#8476,#8477);
#7217=AXIS2_PLACEMENT_3D('',#12926,#8478,#8479);
#7218=AXIS2_PLACEMENT_3D('',#12927,#8480,#8481);
#7219=AXIS2_PLACEMENT_3D('',#12928,#8482,#8483);
#7220=AXIS2_PLACEMENT_3D('',#12929,#8484,#8485);
#7221=AXIS2_PLACEMENT_3D('',#12930,#8486,#8487);
#7222=AXIS2_PLACEMENT_3D('',#12933,#8490,#8491);
#7223=AXIS2_PLACEMENT_3D('',#12935,#8493,#8494);
#7224=AXIS2_PLACEMENT_3D('',#12937,#8496,#8497);
#7225=AXIS2_PLACEMENT_3D('',#12938,#8498,#8499);
#7226=AXIS2_PLACEMENT_3D('',#12939,#8500,#8501);
#7227=AXIS2_PLACEMENT_3D('',#12962,#8502,#8503);
#7228=AXIS2_PLACEMENT_3D('',#12969,#8504,#8505);
#7229=AXIS2_PLACEMENT_3D('',#13042,#8507,#8508);
#7230=AXIS2_PLACEMENT_3D('',#13046,#8510,#8511);
#7231=AXIS2_PLACEMENT_3D('',#13122,#8512,#8513);
#7232=AXIS2_PLACEMENT_3D('',#13126,#8515,#8516);
#7233=AXIS2_PLACEMENT_3D('',#13202,#8517,#8518);
#7234=AXIS2_PLACEMENT_3D('',#13209,#8519,#8520);
#7235=AXIS2_PLACEMENT_3D('',#13260,#8522,#8523);
#7236=AXIS2_PLACEMENT_3D('',#13261,#8524,#8525);
#7237=AXIS2_PLACEMENT_3D('',#13262,#8526,#8527);
#7238=AXIS2_PLACEMENT_3D('',#13263,#8528,#8529);
#7239=AXIS2_PLACEMENT_3D('',#13264,#8530,#8531);
#7240=AXIS2_PLACEMENT_3D('',#13265,#8532,#8533);
#7241=AXIS2_PLACEMENT_3D('',#13266,#8534,#8535);
#7242=AXIS2_PLACEMENT_3D('',#13267,#8536,#8537);
#7243=AXIS2_PLACEMENT_3D('',#13268,#8538,#8539);
#7244=AXIS2_PLACEMENT_3D('',#13269,#8540,#8541);
#7245=AXIS2_PLACEMENT_3D('',#13270,#8542,#8543);
#7246=AXIS2_PLACEMENT_3D('',#13272,#8544,#8545);
#7247=AXIS2_PLACEMENT_3D('',#13273,#8546,#8547);
#7248=AXIS2_PLACEMENT_3D('',#13274,#8548,#8549);
#7249=AXIS2_PLACEMENT_3D('',#13278,#8551,#8552);
#7250=AXIS2_PLACEMENT_3D('',#13280,#8554,#8555);
#7251=AXIS2_PLACEMENT_3D('',#13284,#8558,#8559);
#7252=AXIS2_PLACEMENT_3D('',#13287,#8561,#8562);
#7253=AXIS2_PLACEMENT_3D('',#13288,#8563,#8564);
#7254=AXIS2_PLACEMENT_3D('',#13292,#8567,#8568);
#7255=AXIS2_PLACEMENT_3D('',#13295,#8570,#8571);
#7256=AXIS2_PLACEMENT_3D('',#13296,#8572,#8573);
#7257=AXIS2_PLACEMENT_3D('',#13298,#8574,#8575);
#7258=AXIS2_PLACEMENT_3D('',#13299,#8576,#8577);
#7259=AXIS2_PLACEMENT_3D('',#13308,#8582,#8583);
#7260=AXIS2_PLACEMENT_3D('',#13314,#8587,#8588);
#7261=AXIS2_PLACEMENT_3D('',#13320,#8592,#8593);
#7262=AXIS2_PLACEMENT_3D('',#13323,#8596,#8597);
#7263=AXIS2_PLACEMENT_3D('',#13324,#8598,#8599);
#7264=AXIS2_PLACEMENT_3D('',#13330,#8603,#8604);
#7265=AXIS2_PLACEMENT_3D('',#13334,#8607,#8608);
#7266=AXIS2_PLACEMENT_3D('',#13338,#8611,#8612);
#7267=AXIS2_PLACEMENT_3D('',#13340,#8614,#8615);
#7268=AXIS2_PLACEMENT_3D('',#13349,#8620,#8621);
#7269=AXIS2_PLACEMENT_3D('',#13355,#8625,#8626);
#7270=AXIS2_PLACEMENT_3D('',#13361,#8630,#8631);
#7271=AXIS2_PLACEMENT_3D('',#13364,#8634,#8635);
#7272=AXIS2_PLACEMENT_3D('',#13365,#8636,#8637);
#7273=AXIS2_PLACEMENT_3D('',#13374,#8642,#8643);
#7274=AXIS2_PLACEMENT_3D('',#13375,#8644,#8645);
#7275=AXIS2_PLACEMENT_3D('',#13376,#8646,#8647);
#7276=AXIS2_PLACEMENT_3D('',#13377,#8648,#8649);
#7277=AXIS2_PLACEMENT_3D('',#13378,#8650,#8651);
#7278=AXIS2_PLACEMENT_3D('',#13379,#8652,#8653);
#7279=AXIS2_PLACEMENT_3D('',#13380,#8654,#8655);
#7280=AXIS2_PLACEMENT_3D('',#13382,#8656,#8657);
#7281=AXIS2_PLACEMENT_3D('',#13384,#8658,#8659);
#7282=AXIS2_PLACEMENT_3D('',#13385,#8660,#8661);
#7283=AXIS2_PLACEMENT_3D('',#13386,#8662,#8663);
#7284=AXIS2_PLACEMENT_3D('',#13387,#8664,#8665);
#7285=AXIS2_PLACEMENT_3D('',#13388,#8666,#8667);
#7286=AXIS2_PLACEMENT_3D('',#13389,#8668,#8669);
#7287=AXIS2_PLACEMENT_3D('',#13390,#8670,#8671);
#7288=AXIS2_PLACEMENT_3D('',#13393,#8674,#8675);
#7289=AXIS2_PLACEMENT_3D('',#13395,#8677,#8678);
#7290=AXIS2_PLACEMENT_3D('',#13397,#8680,#8681);
#7291=AXIS2_PLACEMENT_3D('',#13398,#8682,#8683);
#7292=AXIS2_PLACEMENT_3D('',#13399,#8684,#8685);
#7293=AXIS2_PLACEMENT_3D('',#13400,#8686,#8687);
#7294=AXIS2_PLACEMENT_3D('',#13401,#8688,#8689);
#7295=DIRECTION('axis',(0.,0.,1.));
#7296=DIRECTION('refdir',(1.,0.,0.));
#7297=DIRECTION('axis',(0.,0.,1.));
#7298=DIRECTION('refdir',(1.,0.,0.));
#7299=DIRECTION('center_axis',(0.,0.,1.));
#7300=DIRECTION('ref_axis',(-0.707106781186547,0.707106781186548,0.));
#7301=DIRECTION('center_axis',(0.,0.,-1.));
#7302=DIRECTION('ref_axis',(-0.707106781186547,0.707106781186548,0.));
#7303=DIRECTION('',(0.,0.,-1.));
#7304=DIRECTION('center_axis',(0.,0.,1.));
#7305=DIRECTION('ref_axis',(-0.707106781186547,0.707106781186548,0.));
#7306=DIRECTION('',(0.,0.,1.));
#7307=DIRECTION('center_axis',(0.,1.,0.));
#7308=DIRECTION('ref_axis',(-1.,0.,0.));
#7309=DIRECTION('',(-1.,0.,0.));
#7310=DIRECTION('',(0.,0.,1.));
#7311=DIRECTION('',(-1.,0.,0.));
#7312=DIRECTION('center_axis',(0.,0.,1.));
#7313=DIRECTION('ref_axis',(1.,0.,0.));
#7314=DIRECTION('',(-2.25425994847748E-16,-1.,0.));
#7315=DIRECTION('',(1.,0.,0.));
#7316=DIRECTION('',(2.28911963840238E-16,1.,0.));
#7317=DIRECTION('',(1.,0.,0.));
#7318=DIRECTION('',(2.28911963840238E-16,-1.,0.));
#7319=DIRECTION('',(-1.,-3.84160216133272E-17,0.));
#7320=DIRECTION('',(2.28911963840238E-16,1.,0.));
#7321=DIRECTION('',(-1.,0.,0.));
#7322=DIRECTION('',(-2.25425994847748E-16,-1.,0.));
#7323=DIRECTION('center_axis',(0.,0.,-1.));
#7324=DIRECTION('ref_axis',(-0.707106781186548,-0.707106781186547,0.));
#7325=DIRECTION('',(1.,5.70808753020646E-17,0.));
#7326=DIRECTION('center_axis',(0.,0.,-1.));
#7327=DIRECTION('ref_axis',(0.707106781186547,-0.707106781186548,0.));
#7328=DIRECTION('',(-2.25425994847748E-16,1.,0.));
#7329=DIRECTION('center_axis',(0.,0.,-1.));
#7330=DIRECTION('ref_axis',(0.707106781186547,0.707106781186547,0.));
#7331=DIRECTION('center_axis',(0.,0.,-1.));
#7332=DIRECTION('ref_axis',(1.,0.,0.));
#7333=DIRECTION('center_axis',(0.,0.,-1.));
#7334=DIRECTION('ref_axis',(1.,0.,0.));
#7335=DIRECTION('center_axis',(0.,0.,-1.));
#7336=DIRECTION('ref_axis',(1.,0.,0.));
#7337=DIRECTION('center_axis',(0.,0.,-1.));
#7338=DIRECTION('ref_axis',(1.,0.,0.));
#7339=DIRECTION('center_axis',(0.,0.,1.));
#7340=DIRECTION('ref_axis',(0.707106781186547,0.707106781186547,0.));
#7341=DIRECTION('',(0.,0.,-1.));
#7342=DIRECTION('center_axis',(0.,0.,1.));
#7343=DIRECTION('ref_axis',(0.707106781186547,0.707106781186547,0.));
#7344=DIRECTION('center_axis',(1.,2.25425994847748E-16,0.));
#7345=DIRECTION('ref_axis',(-2.25425994847748E-16,1.,0.));
#7346=DIRECTION('',(0.,0.,1.));
#7347=DIRECTION('',(-2.25425994847748E-16,1.,0.));
#7348=DIRECTION('center_axis',(0.,0.,1.));
#7349=DIRECTION('ref_axis',(-0.707106781186548,-0.707106781186547,0.));
#7350=DIRECTION('',(0.,0.,-1.));
#7351=DIRECTION('center_axis',(0.,0.,1.));
#7352=DIRECTION('ref_axis',(-0.707106781186548,-0.707106781186547,0.));
#7353=DIRECTION('',(0.,0.,1.));
#7354=DIRECTION('center_axis',(5.70808753020646E-17,-1.,0.));
#7355=DIRECTION('ref_axis',(1.,5.70808753020646E-17,0.));
#7356=DIRECTION('',(1.,5.70808753020646E-17,0.));
#7357=DIRECTION('',(0.,0.,-1.));
#7358=DIRECTION('center_axis',(0.,0.,1.));
#7359=DIRECTION('ref_axis',(0.707106781186547,-0.707106781186548,0.));
#7360=DIRECTION('center_axis',(0.,0.,1.));
#7361=DIRECTION('ref_axis',(0.707106781186547,-0.707106781186548,0.));
#7362=DIRECTION('center_axis',(0.,1.,4.75809867696496E-16));
#7363=DIRECTION('ref_axis',(0.,-4.75809867696496E-16,1.));
#7364=DIRECTION('',(-1.07259912783858E-31,-4.75809867696496E-16,1.));
#7365=DIRECTION('',(1.,0.,0.));
#7366=DIRECTION('',(1.08918571228969E-31,4.75809867696496E-16,-1.));
#7367=DIRECTION('center_axis',(0.,0.,-1.));
#7368=DIRECTION('ref_axis',(0.,1.,0.));
#7369=DIRECTION('',(2.25425994847748E-16,1.,0.));
#7370=DIRECTION('',(1.,0.,0.));
#7371=DIRECTION('',(-2.28911963840238E-16,-1.,0.));
#7372=DIRECTION('center_axis',(0.,-1.,-6.34413156928661E-16));
#7373=DIRECTION('ref_axis',(0.,6.34413156928661E-16,-1.));
#7374=DIRECTION('',(1.43013217045144E-31,6.34413156928661E-16,-1.));
#7375=DIRECTION('',(-1.45224761638625E-31,-6.34413156928661E-16,1.));
#7376=DIRECTION('center_axis',(-1.,2.25425994847748E-16,0.));
#7377=DIRECTION('ref_axis',(-2.25425994847748E-16,-1.,0.));
#7378=DIRECTION('',(-2.25425994847748E-16,-1.,0.));
#7379=DIRECTION('center_axis',(1.,-2.28911963840238E-16,0.));
#7380=DIRECTION('ref_axis',(2.28911963840238E-16,1.,0.));
#7381=DIRECTION('',(0.,0.,1.));
#7382=DIRECTION('',(-2.28911963840238E-16,-1.,0.));
#7383=DIRECTION('',(0.,0.,1.));
#7384=DIRECTION('center_axis',(0.,-1.,0.));
#7385=DIRECTION('ref_axis',(1.,0.,0.));
#7386=DIRECTION('',(-1.,0.,0.));
#7387=DIRECTION('',(0.,0.,1.));
#7388=DIRECTION('center_axis',(-3.84160216133272E-17,1.,0.));
#7389=DIRECTION('ref_axis',(-1.,-3.84160216133272E-17,0.));
#7390=DIRECTION('',(1.,3.84160216133272E-17,0.));
#7391=DIRECTION('',(0.,0.,1.));
#7392=DIRECTION('center_axis',(-1.,-2.28911963840238E-16,0.));
#7393=DIRECTION('ref_axis',(2.28911963840238E-16,-1.,0.));
#7394=DIRECTION('',(-2.28911963840238E-16,1.,0.));
#7395=DIRECTION('center_axis',(0.,0.,1.));
#7396=DIRECTION('ref_axis',(1.,0.,0.));
#7397=DIRECTION('',(0.,0.,-1.));
#7398=DIRECTION('center_axis',(0.,0.,-1.));
#7399=DIRECTION('ref_axis',(1.,0.,0.));
#7400=DIRECTION('center_axis',(0.,0.,1.));
#7401=DIRECTION('ref_axis',(1.,0.,0.));
#7402=DIRECTION('',(0.,0.,-1.));
#7403=DIRECTION('center_axis',(0.,0.,-1.));
#7404=DIRECTION('ref_axis',(1.,0.,0.));
#7405=DIRECTION('center_axis',(0.,0.,1.));
#7406=DIRECTION('ref_axis',(1.,0.,0.));
#7407=DIRECTION('',(0.,0.,-1.));
#7408=DIRECTION('center_axis',(0.,0.,-1.));
#7409=DIRECTION('ref_axis',(1.,0.,0.));
#7410=DIRECTION('center_axis',(0.,0.,1.));
#7411=DIRECTION('ref_axis',(1.,0.,0.));
#7412=DIRECTION('',(0.,0.,-1.));
#7413=DIRECTION('center_axis',(0.,0.,-1.));
#7414=DIRECTION('ref_axis',(1.,0.,0.));
#7415=DIRECTION('center_axis',(0.,0.,1.));
#7416=DIRECTION('ref_axis',(1.,0.,0.));
#7417=DIRECTION('center_axis',(0.,0.,1.));
#7418=DIRECTION('ref_axis',(1.,0.,0.));
#7419=DIRECTION('axis',(0.,0.,1.));
#7420=DIRECTION('refdir',(1.,0.,0.));
#7421=DIRECTION('center_axis',(0.,-1.,0.));
#7422=DIRECTION('ref_axis',(1.,0.,0.));
#7423=DIRECTION('',(-1.,0.,0.));
#7424=DIRECTION('',(0.,0.,1.));
#7425=DIRECTION('',(1.,0.,0.));
#7426=DIRECTION('',(0.,0.,1.));
#7427=DIRECTION('center_axis',(0.935759689889926,0.352638345585261,0.));
#7428=DIRECTION('ref_axis',(-0.352638345585261,0.935759689889926,0.));
#7429=DIRECTION('',(0.352638345585261,-0.935759689889926,0.));
#7430=DIRECTION('',(-0.352638345585261,0.935759689889926,0.));
#7431=DIRECTION('',(0.,0.,1.));
#7432=DIRECTION('',(0.,0.,1.));
#7433=DIRECTION('',(0.,0.,1.));
#7434=DIRECTION('center_axis',(-0.936508091386715,0.35064596784679,0.));
#7435=DIRECTION('ref_axis',(-0.35064596784679,-0.936508091386715,0.));
#7436=DIRECTION('',(0.35064596784679,0.936508091386715,0.));
#7437=DIRECTION('',(-0.35064596784679,-0.936508091386715,0.));
#7438=DIRECTION('center_axis',(0.933526023192087,-0.35850964285939,0.));
#7439=DIRECTION('ref_axis',(0.35850964285939,0.933526023192087,0.));
#7440=DIRECTION('',(-0.35850964285939,-0.933526023192087,0.));
#7441=DIRECTION('',(0.,0.,1.));
#7442=DIRECTION('',(0.35850964285939,0.933526023192087,0.));
#7443=DIRECTION('',(0.,0.,1.));
#7444=DIRECTION('center_axis',(0.,-1.,0.));
#7445=DIRECTION('ref_axis',(1.,0.,0.));
#7446=DIRECTION('',(-1.,0.,0.));
#7447=DIRECTION('',(1.,0.,0.));
#7448=DIRECTION('',(0.,0.,1.));
#7449=DIRECTION('center_axis',(-0.925486621192622,-0.378780297789449,0.));
#7450=DIRECTION('ref_axis',(0.378780297789449,-0.925486621192622,0.));
#7451=DIRECTION('',(-0.378780297789449,0.925486621192622,0.));
#7452=DIRECTION('',(0.378780297789449,-0.925486621192622,0.));
#7453=DIRECTION('',(0.,0.,1.));
#7454=DIRECTION('center_axis',(0.,1.,0.));
#7455=DIRECTION('ref_axis',(-1.,0.,0.));
#7456=DIRECTION('',(1.,0.,0.));
#7457=DIRECTION('',(-1.,0.,0.));
#7458=DIRECTION('',(0.,0.,1.));
#7459=DIRECTION('center_axis',(0.933183015563908,0.359401529578064,0.));
#7460=DIRECTION('ref_axis',(-0.359401529578064,0.933183015563907,0.));
#7461=DIRECTION('',(0.359401529578064,-0.933183015563907,0.));
#7462=DIRECTION('',(-0.359401529578064,0.933183015563907,0.));
#7463=DIRECTION('',(0.,0.,1.));
#7464=DIRECTION('center_axis',(0.,1.,0.));
#7465=DIRECTION('ref_axis',(-1.,0.,0.));
#7466=DIRECTION('',(1.,0.,0.));
#7467=DIRECTION('',(-1.,0.,0.));
#7468=DIRECTION('',(0.,0.,1.));
#7469=DIRECTION('center_axis',(-0.940102131095591,0.340892920298337,0.));
#7470=DIRECTION('ref_axis',(-0.340892920298337,-0.940102131095591,0.));
#7471=DIRECTION('',(0.340892920298337,0.940102131095591,0.));
#7472=DIRECTION('',(-0.340892920298337,-0.940102131095591,0.));
#7473=DIRECTION('',(0.,0.,1.));
#7474=DIRECTION('center_axis',(0.,1.,0.));
#7475=DIRECTION('ref_axis',(-1.,0.,0.));
#7476=DIRECTION('',(1.,0.,0.));
#7477=DIRECTION('',(-1.,0.,0.));
#7478=DIRECTION('center_axis',(0.,0.,1.));
#7479=DIRECTION('ref_axis',(-1.,0.,0.));
#7480=DIRECTION('center_axis',(0.,0.,1.));
#7481=DIRECTION('ref_axis',(1.,0.,0.));
#7482=DIRECTION('center_axis',(0.966551534699359,0.256472475658334,0.));
#7483=DIRECTION('ref_axis',(-0.256472475658334,0.966551534699359,0.));
#7484=DIRECTION('',(0.256472475658334,-0.966551534699359,0.));
#7485=DIRECTION('',(0.,0.,1.));
#7486=DIRECTION('',(-0.256472475658334,0.966551534699359,0.));
#7487=DIRECTION('',(0.,0.,1.));
#7488=DIRECTION('center_axis',(0.,-1.,0.));
#7489=DIRECTION('ref_axis',(1.,0.,0.));
#7490=DIRECTION('',(-1.,0.,0.));
#7491=DIRECTION('',(1.,0.,0.));
#7492=DIRECTION('',(0.,0.,1.));
#7493=DIRECTION('center_axis',(-0.974117158174109,-0.22604371734423,0.));
#7494=DIRECTION('ref_axis',(0.22604371734423,-0.974117158174109,0.));
#7495=DIRECTION('',(-0.22604371734423,0.974117158174109,0.));
#7496=DIRECTION('',(0.22604371734423,-0.974117158174109,0.));
#7497=DIRECTION('',(0.,0.,1.));
#7498=DIRECTION('',(0.,0.,1.));
#7499=DIRECTION('',(0.,0.,1.));
#7500=DIRECTION('center_axis',(0.962508253443736,-0.271252395478251,0.));
#7501=DIRECTION('ref_axis',(0.271252395478251,0.962508253443736,0.));
#7502=DIRECTION('',(-0.271252395478251,-0.962508253443736,0.));
#7503=DIRECTION('',(0.271252395478251,0.962508253443736,0.));
#7504=DIRECTION('',(0.,0.,1.));
#7505=DIRECTION('center_axis',(0.,-1.,0.));
#7506=DIRECTION('ref_axis',(1.,0.,0.));
#7507=DIRECTION('',(-1.,0.,0.));
#7508=DIRECTION('',(1.,0.,0.));
#7509=DIRECTION('',(0.,0.,1.));
#7510=DIRECTION('center_axis',(-0.962206067112494,-0.272322390581285,0.));
#7511=DIRECTION('ref_axis',(0.272322390581285,-0.962206067112494,0.));
#7512=DIRECTION('',(-0.272322390581285,0.962206067112494,0.));
#7513=DIRECTION('',(0.272322390581285,-0.962206067112494,0.));
#7514=DIRECTION('',(0.,0.,1.));
#7515=DIRECTION('',(0.,0.,1.));
#7516=DIRECTION('',(0.,0.,1.));
#7517=DIRECTION('center_axis',(0.971462339651898,-0.23719385033778,0.));
#7518=DIRECTION('ref_axis',(0.23719385033778,0.971462339651898,0.));
#7519=DIRECTION('',(-0.23719385033778,-0.971462339651898,0.));
#7520=DIRECTION('',(0.23719385033778,0.971462339651898,0.));
#7521=DIRECTION('',(0.,0.,1.));
#7522=DIRECTION('center_axis',(0.,-1.,0.));
#7523=DIRECTION('ref_axis',(1.,0.,0.));
#7524=DIRECTION('',(-1.,0.,0.));
#7525=DIRECTION('',(1.,0.,0.));
#7526=DIRECTION('',(0.,0.,1.));
#7527=DIRECTION('center_axis',(-0.96439857500878,0.264452998699265,0.));
#7528=DIRECTION('ref_axis',(-0.264452998699265,-0.96439857500878,0.));
#7529=DIRECTION('',(0.264452998699265,0.96439857500878,0.));
#7530=DIRECTION('',(-0.264452998699265,-0.96439857500878,0.));
#7531=DIRECTION('',(0.,0.,1.));
#7532=DIRECTION('center_axis',(0.,1.,0.));
#7533=DIRECTION('ref_axis',(-1.,0.,0.));
#7534=DIRECTION('',(1.,0.,0.));
#7535=DIRECTION('',(-1.,0.,0.));
#7536=DIRECTION('',(0.,0.,1.));
#7537=DIRECTION('center_axis',(0.96380164377677,0.266620313279382,0.));
#7538=DIRECTION('ref_axis',(-0.266620313279382,0.96380164377677,0.));
#7539=DIRECTION('',(0.266620313279382,-0.96380164377677,0.));
#7540=DIRECTION('',(-0.266620313279382,0.96380164377677,0.));
#7541=DIRECTION('',(0.,0.,1.));
#7542=DIRECTION('',(0.,0.,1.));
#7543=DIRECTION('',(0.,0.,1.));
#7544=DIRECTION('center_axis',(-0.963357074020652,0.268222198809808,0.));
#7545=DIRECTION('ref_axis',(-0.268222198809808,-0.963357074020652,0.));
#7546=DIRECTION('',(0.268222198809808,0.963357074020652,0.));
#7547=DIRECTION('',(-0.268222198809808,-0.963357074020652,0.));
#7548=DIRECTION('',(0.,0.,1.));
#7549=DIRECTION('center_axis',(0.,1.,0.));
#7550=DIRECTION('ref_axis',(-1.,0.,0.));
#7551=DIRECTION('',(1.,0.,0.));
#7552=DIRECTION('',(-1.,0.,0.));
#7553=DIRECTION('center_axis',(0.,0.,1.));
#7554=DIRECTION('ref_axis',(-1.,0.,0.));
#7555=DIRECTION('center_axis',(0.,-1.,0.));
#7556=DIRECTION('ref_axis',(1.,0.,0.));
#7557=DIRECTION('',(-1.,0.,0.));
#7558=DIRECTION('',(0.,0.,1.));
#7559=DIRECTION('',(1.,0.,0.));
#7560=DIRECTION('',(0.,0.,1.));
#7561=DIRECTION('center_axis',(0.935759689889926,0.352638345585261,0.));
#7562=DIRECTION('ref_axis',(-0.352638345585261,0.935759689889926,0.));
#7563=DIRECTION('',(0.352638345585261,-0.935759689889926,0.));
#7564=DIRECTION('',(-0.352638345585261,0.935759689889926,0.));
#7565=DIRECTION('',(0.,0.,1.));
#7566=DIRECTION('',(0.,0.,1.));
#7567=DIRECTION('',(0.,0.,1.));
#7568=DIRECTION('center_axis',(-0.936507966398911,0.350646301665048,0.));
#7569=DIRECTION('ref_axis',(-0.350646301665048,-0.936507966398911,0.));
#7570=DIRECTION('',(0.350646301665048,0.936507966398911,0.));
#7571=DIRECTION('',(-0.350646301665048,-0.936507966398911,0.));
#7572=DIRECTION('center_axis',(0.93352601649969,-0.358509660285772,0.));
#7573=DIRECTION('ref_axis',(0.358509660285772,0.93352601649969,0.));
#7574=DIRECTION('',(-0.358509660285772,-0.93352601649969,0.));
#7575=DIRECTION('',(0.,0.,1.));
#7576=DIRECTION('',(0.358509660285772,0.93352601649969,0.));
#7577=DIRECTION('',(0.,0.,1.));
#7578=DIRECTION('center_axis',(0.,-1.,0.));
#7579=DIRECTION('ref_axis',(1.,0.,0.));
#7580=DIRECTION('',(-1.,0.,0.));
#7581=DIRECTION('',(1.,0.,0.));
#7582=DIRECTION('',(0.,0.,1.));
#7583=DIRECTION('center_axis',(-0.92548660185479,-0.378780345038221,0.));
#7584=DIRECTION('ref_axis',(0.378780345038221,-0.92548660185479,0.));
#7585=DIRECTION('',(-0.378780345038221,0.92548660185479,0.));
#7586=DIRECTION('',(0.378780345038221,-0.92548660185479,0.));
#7587=DIRECTION('',(0.,0.,1.));
#7588=DIRECTION('center_axis',(0.,1.,0.));
#7589=DIRECTION('ref_axis',(-1.,0.,0.));
#7590=DIRECTION('',(1.,0.,0.));
#7591=DIRECTION('',(-1.,0.,0.));
#7592=DIRECTION('',(0.,0.,1.));
#7593=DIRECTION('center_axis',(0.933183015563908,0.359401529578064,0.));
#7594=DIRECTION('ref_axis',(-0.359401529578064,0.933183015563907,0.));
#7595=DIRECTION('',(0.359401529578064,-0.933183015563907,0.));
#7596=DIRECTION('',(-0.359401529578064,0.933183015563907,0.));
#7597=DIRECTION('',(0.,0.,1.));
#7598=DIRECTION('center_axis',(0.,1.,0.));
#7599=DIRECTION('ref_axis',(-1.,0.,0.));
#7600=DIRECTION('',(1.,0.,0.));
#7601=DIRECTION('',(-1.,0.,0.));
#7602=DIRECTION('',(0.,0.,1.));
#7603=DIRECTION('center_axis',(-0.940102264503491,0.340892552390644,0.));
#7604=DIRECTION('ref_axis',(-0.340892552390644,-0.940102264503491,0.));
#7605=DIRECTION('',(0.340892552390644,0.940102264503491,0.));
#7606=DIRECTION('',(-0.340892552390644,-0.940102264503491,0.));
#7607=DIRECTION('',(0.,0.,1.));
#7608=DIRECTION('center_axis',(0.,1.,0.));
#7609=DIRECTION('ref_axis',(-1.,0.,0.));
#7610=DIRECTION('',(1.,0.,0.));
#7611=DIRECTION('',(-1.,0.,0.));
#7612=DIRECTION('center_axis',(0.,0.,1.));
#7613=DIRECTION('ref_axis',(-1.,0.,0.));
#7614=DIRECTION('center_axis',(0.,0.,1.));
#7615=DIRECTION('ref_axis',(1.,0.,0.));
#7616=DIRECTION('center_axis',(-1.,0.,0.));
#7617=DIRECTION('ref_axis',(0.,-1.,0.));
#7618=DIRECTION('',(0.,1.,0.));
#7619=DIRECTION('',(0.,0.,1.));
#7620=DIRECTION('',(0.,-1.,0.));
#7621=DIRECTION('',(0.,0.,1.));
#7622=DIRECTION('center_axis',(0.,1.,0.));
#7623=DIRECTION('ref_axis',(-1.,0.,0.));
#7624=DIRECTION('',(1.,0.,0.));
#7625=DIRECTION('',(-1.,0.,0.));
#7626=DIRECTION('',(0.,0.,1.));
#7627=DIRECTION('',(0.,0.,1.));
#7628=DIRECTION('',(0.,0.,1.));
#7629=DIRECTION('',(0.,0.,1.));
#7630=DIRECTION('',(0.,0.,1.));
#7631=DIRECTION('',(0.,0.,1.));
#7632=DIRECTION('',(0.,0.,1.));
#7633=DIRECTION('',(0.,0.,1.));
#7634=DIRECTION('',(0.,0.,1.));
#7635=DIRECTION('',(0.,0.,1.));
#7636=DIRECTION('center_axis',(0.102165283760691,0.994767437542111,0.));
#7637=DIRECTION('ref_axis',(-0.994767437542111,0.102165283760691,0.));
#7638=DIRECTION('',(0.994767437542111,-0.102165283760691,0.));
#7639=DIRECTION('',(-0.994767437542111,0.102165283760691,0.));
#7640=DIRECTION('',(0.,0.,1.));
#7641=DIRECTION('',(0.,0.,1.));
#7642=DIRECTION('',(0.,0.,1.));
#7643=DIRECTION('',(0.,0.,1.));
#7644=DIRECTION('',(0.,0.,1.));
#7645=DIRECTION('',(0.,0.,1.));
#7646=DIRECTION('',(0.,0.,1.));
#7647=DIRECTION('',(0.,0.,1.));
#7648=DIRECTION('',(0.,0.,1.));
#7649=DIRECTION('',(0.,0.,1.));
#7650=DIRECTION('center_axis',(0.,-1.,0.));
#7651=DIRECTION('ref_axis',(1.,0.,0.));
#7652=DIRECTION('',(-1.,0.,0.));
#7653=DIRECTION('',(1.,0.,0.));
#7654=DIRECTION('center_axis',(0.,0.,1.));
#7655=DIRECTION('ref_axis',(-1.,0.,0.));
#7656=DIRECTION('center_axis',(-1.,0.,0.));
#7657=DIRECTION('ref_axis',(0.,-1.,0.));
#7658=DIRECTION('',(0.,1.,0.));
#7659=DIRECTION('',(0.,0.,1.));
#7660=DIRECTION('',(0.,-1.,0.));
#7661=DIRECTION('',(0.,0.,1.));
#7662=DIRECTION('center_axis',(0.,1.,0.));
#7663=DIRECTION('ref_axis',(-1.,0.,0.));
#7664=DIRECTION('',(1.,0.,0.));
#7665=DIRECTION('',(-1.,0.,0.));
#7666=DIRECTION('',(0.,0.,1.));
#7667=DIRECTION('',(0.,0.,1.));
#7668=DIRECTION('',(0.,0.,1.));
#7669=DIRECTION('',(0.,0.,1.));
#7670=DIRECTION('',(0.,0.,1.));
#7671=DIRECTION('',(0.,0.,1.));
#7672=DIRECTION('',(0.,0.,1.));
#7673=DIRECTION('',(0.,0.,1.));
#7674=DIRECTION('',(0.,0.,1.));
#7675=DIRECTION('',(0.,0.,1.));
#7676=DIRECTION('center_axis',(0.102165253915889,0.994767440607252,0.));
#7677=DIRECTION('ref_axis',(-0.994767440607252,0.102165253915889,0.));
#7678=DIRECTION('',(0.994767440607252,-0.102165253915889,0.));
#7679=DIRECTION('',(-0.994767440607252,0.102165253915889,0.));
#7680=DIRECTION('',(0.,0.,1.));
#7681=DIRECTION('',(0.,0.,1.));
#7682=DIRECTION('',(0.,0.,1.));
#7683=DIRECTION('',(0.,0.,1.));
#7684=DIRECTION('',(0.,0.,1.));
#7685=DIRECTION('',(0.,0.,1.));
#7686=DIRECTION('',(0.,0.,1.));
#7687=DIRECTION('',(0.,0.,1.));
#7688=DIRECTION('',(0.,0.,1.));
#7689=DIRECTION('',(0.,0.,1.));
#7690=DIRECTION('center_axis',(0.,-1.,0.));
#7691=DIRECTION('ref_axis',(1.,0.,0.));
#7692=DIRECTION('',(-1.,0.,0.));
#7693=DIRECTION('',(1.,0.,0.));
#7694=DIRECTION('center_axis',(0.,0.,1.));
#7695=DIRECTION('ref_axis',(-1.,0.,0.));
#7696=DIRECTION('center_axis',(0.,1.,0.));
#7697=DIRECTION('ref_axis',(-1.,0.,0.));
#7698=DIRECTION('',(1.,0.,0.));
#7699=DIRECTION('',(0.,0.,1.));
#7700=DIRECTION('',(-1.,0.,0.));
#7701=DIRECTION('',(0.,0.,1.));
#7702=DIRECTION('center_axis',(1.,0.,0.));
#7703=DIRECTION('ref_axis',(0.,1.,0.));
#7704=DIRECTION('',(0.,-1.,0.));
#7705=DIRECTION('',(0.,1.,0.));
#7706=DIRECTION('',(0.,0.,1.));
#7707=DIRECTION('',(0.,0.,1.));
#7708=DIRECTION('',(0.,0.,1.));
#7709=DIRECTION('center_axis',(1.,0.,0.));
#7710=DIRECTION('ref_axis',(0.,1.,0.));
#7711=DIRECTION('',(0.,-1.,0.));
#7712=DIRECTION('',(0.,1.,0.));
#7713=DIRECTION('',(0.,0.,1.));
#7714=DIRECTION('',(0.,0.,1.));
#7715=DIRECTION('',(0.,0.,1.));
#7716=DIRECTION('center_axis',(0.,-1.,0.));
#7717=DIRECTION('ref_axis',(1.,0.,0.));
#7718=DIRECTION('',(-1.,0.,0.));
#7719=DIRECTION('',(1.,0.,0.));
#7720=DIRECTION('',(0.,0.,1.));
#7721=DIRECTION('center_axis',(-1.,0.,0.));
#7722=DIRECTION('ref_axis',(0.,-1.,0.));
#7723=DIRECTION('',(0.,1.,0.));
#7724=DIRECTION('',(0.,-1.,0.));
#7725=DIRECTION('center_axis',(0.,0.,1.));
#7726=DIRECTION('ref_axis',(-1.,0.,0.));
#7727=DIRECTION('center_axis',(1.,0.,0.));
#7728=DIRECTION('ref_axis',(0.,1.,0.));
#7729=DIRECTION('',(0.,-1.,0.));
#7730=DIRECTION('',(0.,0.,1.));
#7731=DIRECTION('',(0.,1.,0.));
#7732=DIRECTION('',(0.,0.,1.));
#7733=DIRECTION('center_axis',(-1.71505474141472E-16,-1.,0.));
#7734=DIRECTION('ref_axis',(1.,-1.71505474141472E-16,0.));
#7735=DIRECTION('',(-1.,1.71505474141472E-16,0.));
#7736=DIRECTION('',(1.,-1.71505474141472E-16,0.));
#7737=DIRECTION('',(0.,0.,1.));
#7738=DIRECTION('center_axis',(-1.,0.,0.));
#7739=DIRECTION('ref_axis',(0.,-1.,0.));
#7740=DIRECTION('',(0.,1.,0.));
#7741=DIRECTION('',(0.,-1.,0.));
#7742=DIRECTION('',(0.,0.,1.));
#7743=DIRECTION('',(0.,0.,1.));
#7744=DIRECTION('',(0.,0.,1.));
#7745=DIRECTION('',(0.,0.,1.));
#7746=DIRECTION('center_axis',(0.,1.,0.));
#7747=DIRECTION('ref_axis',(-1.,0.,0.));
#7748=DIRECTION('',(1.,0.,0.));
#7749=DIRECTION('',(-1.,0.,0.));
#7750=DIRECTION('',(0.,0.,1.));
#7751=DIRECTION('',(0.,0.,1.));
#7752=DIRECTION('',(0.,0.,1.));
#7753=DIRECTION('',(0.,0.,1.));
#7754=DIRECTION('center_axis',(0.,1.,0.));
#7755=DIRECTION('ref_axis',(-1.,0.,0.));
#7756=DIRECTION('',(1.,0.,0.));
#7757=DIRECTION('',(-1.,0.,0.));
#7758=DIRECTION('center_axis',(0.,0.,1.));
#7759=DIRECTION('ref_axis',(-1.,0.,0.));
#7760=DIRECTION('',(0.,0.,1.));
#7761=DIRECTION('',(0.,0.,1.));
#7762=DIRECTION('',(0.,0.,1.));
#7763=DIRECTION('',(0.,0.,1.));
#7764=DIRECTION('',(0.,0.,1.));
#7765=DIRECTION('',(0.,0.,1.));
#7766=DIRECTION('',(0.,0.,1.));
#7767=DIRECTION('',(0.,0.,1.));
#7768=DIRECTION('',(0.,0.,1.));
#7769=DIRECTION('',(0.,0.,1.));
#7770=DIRECTION('',(0.,0.,1.));
#7771=DIRECTION('',(0.,0.,1.));
#7772=DIRECTION('',(0.,0.,1.));
#7773=DIRECTION('',(0.,0.,1.));
#7774=DIRECTION('',(0.,0.,1.));
#7775=DIRECTION('',(0.,0.,1.));
#7776=DIRECTION('',(0.,0.,1.));
#7777=DIRECTION('',(0.,0.,1.));
#7778=DIRECTION('',(0.,0.,1.));
#7779=DIRECTION('',(0.,0.,1.));
#7780=DIRECTION('center_axis',(0.,0.,1.));
#7781=DIRECTION('ref_axis',(-1.,0.,0.));
#7782=DIRECTION('center_axis',(0.,0.,1.));
#7783=DIRECTION('ref_axis',(1.,0.,0.));
#7784=DIRECTION('center_axis',(1.,0.,0.));
#7785=DIRECTION('ref_axis',(0.,1.,0.));
#7786=DIRECTION('',(0.,-1.,0.));
#7787=DIRECTION('',(0.,0.,1.));
#7788=DIRECTION('',(0.,1.,0.));
#7789=DIRECTION('',(0.,0.,1.));
#7790=DIRECTION('center_axis',(0.83129278150348,0.555834787882341,0.));
#7791=DIRECTION('ref_axis',(-0.555834787882341,0.83129278150348,0.));
#7792=DIRECTION('',(0.555834787882341,-0.83129278150348,0.));
#7793=DIRECTION('',(-0.555834787882341,0.83129278150348,0.));
#7794=DIRECTION('',(0.,0.,1.));
#7795=DIRECTION('center_axis',(0.,-1.,0.));
#7796=DIRECTION('ref_axis',(1.,0.,0.));
#7797=DIRECTION('',(-1.,0.,0.));
#7798=DIRECTION('',(1.,0.,0.));
#7799=DIRECTION('',(0.,0.,1.));
#7800=DIRECTION('center_axis',(-0.836969724739603,-0.547249193575754,0.));
#7801=DIRECTION('ref_axis',(0.547249193575754,-0.836969724739603,0.));
#7802=DIRECTION('',(-0.547249193575754,0.836969724739603,0.));
#7803=DIRECTION('',(0.547249193575754,-0.836969724739603,0.));
#7804=DIRECTION('',(0.,0.,1.));
#7805=DIRECTION('',(0.,0.,1.));
#7806=DIRECTION('',(0.,0.,1.));
#7807=DIRECTION('center_axis',(0.835019255347988,-0.550220722254344,0.));
#7808=DIRECTION('ref_axis',(0.550220722254344,0.835019255347988,0.));
#7809=DIRECTION('',(-0.550220722254344,-0.835019255347988,0.));
#7810=DIRECTION('',(0.550220722254344,0.835019255347988,0.));
#7811=DIRECTION('',(0.,0.,1.));
#7812=DIRECTION('center_axis',(0.,-1.,0.));
#7813=DIRECTION('ref_axis',(1.,0.,0.));
#7814=DIRECTION('',(-1.,0.,0.));
#7815=DIRECTION('',(1.,0.,0.));
#7816=DIRECTION('',(0.,0.,1.));
#7817=DIRECTION('center_axis',(-0.82219221613008,0.569209943461205,0.));
#7818=DIRECTION('ref_axis',(-0.569209943461204,-0.82219221613008,0.));
#7819=DIRECTION('',(0.569209943461204,0.82219221613008,0.));
#7820=DIRECTION('',(-0.569209943461204,-0.82219221613008,0.));
#7821=DIRECTION('',(0.,0.,1.));
#7822=DIRECTION('center_axis',(-1.,0.,0.));
#7823=DIRECTION('ref_axis',(0.,-1.,0.));
#7824=DIRECTION('',(0.,1.,0.));
#7825=DIRECTION('',(0.,-1.,0.));
#7826=DIRECTION('',(0.,0.,1.));
#7827=DIRECTION('center_axis',(0.,1.,0.));
#7828=DIRECTION('ref_axis',(-1.,0.,0.));
#7829=DIRECTION('',(1.,0.,0.));
#7830=DIRECTION('',(-1.,0.,0.));
#7831=DIRECTION('center_axis',(0.,0.,1.));
#7832=DIRECTION('ref_axis',(-1.,0.,0.));
#7833=DIRECTION('center_axis',(0.087099351031122,-0.996199630119364,0.));
#7834=DIRECTION('ref_axis',(0.996199630119364,0.087099351031122,0.));
#7835=DIRECTION('',(-0.996199630119364,-0.087099351031122,0.));
#7836=DIRECTION('',(0.,0.,1.));
#7837=DIRECTION('',(0.996199630119364,0.087099351031122,0.));
#7838=DIRECTION('',(0.,0.,1.));
#7839=DIRECTION('',(0.,0.,1.));
#7840=DIRECTION('',(0.,0.,1.));
#7841=DIRECTION('',(0.,0.,1.));
#7842=DIRECTION('',(0.,0.,1.));
#7843=DIRECTION('',(0.,0.,1.));
#7844=DIRECTION('',(0.,0.,1.));
#7845=DIRECTION('',(0.,0.,1.));
#7846=DIRECTION('',(0.,0.,1.));
#7847=DIRECTION('',(0.,0.,1.));
#7848=DIRECTION('',(0.,0.,1.));
#7849=DIRECTION('',(0.,0.,1.));
#7850=DIRECTION('',(0.,0.,1.));
#7851=DIRECTION('',(0.,0.,1.));
#7852=DIRECTION('',(0.,0.,1.));
#7853=DIRECTION('',(0.,0.,1.));
#7854=DIRECTION('',(0.,0.,1.));
#7855=DIRECTION('',(0.,0.,1.));
#7856=DIRECTION('',(0.,0.,1.));
#7857=DIRECTION('center_axis',(-0.0750567806066715,0.997179261559807,0.));
#7858=DIRECTION('ref_axis',(-0.997179261559807,-0.0750567806066715,0.));
#7859=DIRECTION('',(0.997179261559807,0.0750567806066715,0.));
#7860=DIRECTION('',(-0.997179261559807,-0.0750567806066715,0.));
#7861=DIRECTION('',(0.,0.,1.));
#7862=DIRECTION('',(0.,0.,1.));
#7863=DIRECTION('',(0.,0.,1.));
#7864=DIRECTION('',(0.,0.,1.));
#7865=DIRECTION('',(0.,0.,1.));
#7866=DIRECTION('',(0.,0.,1.));
#7867=DIRECTION('',(0.,0.,1.));
#7868=DIRECTION('',(0.,0.,1.));
#7869=DIRECTION('',(0.,0.,1.));
#7870=DIRECTION('',(0.,0.,1.));
#7871=DIRECTION('',(0.,0.,1.));
#7872=DIRECTION('',(0.,0.,1.));
#7873=DIRECTION('',(0.,0.,1.));
#7874=DIRECTION('',(0.,0.,1.));
#7875=DIRECTION('',(0.,0.,1.));
#7876=DIRECTION('center_axis',(0.,0.,1.));
#7877=DIRECTION('ref_axis',(-1.,0.,0.));
#7878=DIRECTION('center_axis',(1.,0.,0.));
#7879=DIRECTION('ref_axis',(0.,1.,0.));
#7880=DIRECTION('',(0.,-1.,0.));
#7881=DIRECTION('',(0.,0.,1.));
#7882=DIRECTION('',(0.,1.,0.));
#7883=DIRECTION('',(0.,0.,1.));
#7884=DIRECTION('center_axis',(0.,-1.,0.));
#7885=DIRECTION('ref_axis',(1.,0.,0.));
#7886=DIRECTION('',(-1.,0.,0.));
#7887=DIRECTION('',(1.,0.,0.));
#7888=DIRECTION('',(0.,0.,1.));
#7889=DIRECTION('center_axis',(-1.,0.,0.));
#7890=DIRECTION('ref_axis',(0.,-1.,0.));
#7891=DIRECTION('',(0.,1.,0.));
#7892=DIRECTION('',(0.,-1.,0.));
#7893=DIRECTION('',(0.,0.,1.));
#7894=DIRECTION('center_axis',(0.,-1.,0.));
#7895=DIRECTION('ref_axis',(1.,0.,0.));
#7896=DIRECTION('',(-1.,0.,0.));
#7897=DIRECTION('',(1.,0.,0.));
#7898=DIRECTION('',(0.,0.,1.));
#7899=DIRECTION('center_axis',(-1.,0.,0.));
#7900=DIRECTION('ref_axis',(0.,-1.,0.));
#7901=DIRECTION('',(0.,1.,0.));
#7902=DIRECTION('',(0.,-1.,0.));
#7903=DIRECTION('',(0.,0.,1.));
#7904=DIRECTION('center_axis',(0.,1.,0.));
#7905=DIRECTION('ref_axis',(-1.,0.,0.));
#7906=DIRECTION('',(1.,0.,0.));
#7907=DIRECTION('',(-1.,0.,0.));
#7908=DIRECTION('center_axis',(0.,0.,1.));
#7909=DIRECTION('ref_axis',(1.,0.,0.));
#7910=DIRECTION('center_axis',(0.,0.,1.));
#7911=DIRECTION('ref_axis',(-0.707106781186547,0.707106781186547,0.));
#7912=DIRECTION('center_axis',(0.,0.,-1.));
#7913=DIRECTION('ref_axis',(-0.707106781186547,0.707106781186547,0.));
#7914=DIRECTION('',(0.,0.,-1.));
#7915=DIRECTION('center_axis',(0.,0.,1.));
#7916=DIRECTION('ref_axis',(-0.707106781186547,0.707106781186547,0.));
#7917=DIRECTION('',(0.,0.,1.));
#7918=DIRECTION('center_axis',(0.,0.,1.));
#7919=DIRECTION('ref_axis',(1.,0.,0.));
#7920=DIRECTION('',(-1.,0.,0.));
#7921=DIRECTION('center_axis',(0.,0.,1.));
#7922=DIRECTION('ref_axis',(0.707106781186547,0.707106781186548,0.));
#7923=DIRECTION('',(-1.12712997423874E-16,1.,0.));
#7924=DIRECTION('center_axis',(0.,0.,1.));
#7925=DIRECTION('ref_axis',(0.707106781186547,-0.707106781186548,0.));
#7926=DIRECTION('',(1.,5.70808753020646E-17,0.));
#7927=DIRECTION('center_axis',(0.,0.,1.));
#7928=DIRECTION('ref_axis',(-0.707106781186548,-0.707106781186547,0.));
#7929=DIRECTION('',(-4.50851989695495E-16,-1.,0.));
#7930=DIRECTION('center_axis',(0.,0.,-1.));
#7931=DIRECTION('ref_axis',(0.,1.,0.));
#7932=DIRECTION('',(0.,1.,0.));
#7933=DIRECTION('center_axis',(0.,0.,-1.));
#7934=DIRECTION('ref_axis',(-1.,0.,0.));
#7935=DIRECTION('',(-1.,0.,0.));
#7936=DIRECTION('center_axis',(0.,0.,-1.));
#7937=DIRECTION('ref_axis',(-4.44089209850064E-15,-1.,0.));
#7938=DIRECTION('',(0.,-1.,0.));
#7939=DIRECTION('center_axis',(0.,0.,-1.));
#7940=DIRECTION('ref_axis',(1.,0.,0.));
#7941=DIRECTION('',(1.,0.,0.));
#7942=DIRECTION('center_axis',(0.,0.,-1.));
#7943=DIRECTION('ref_axis',(1.,0.,0.));
#7944=DIRECTION('center_axis',(0.,0.,-1.));
#7945=DIRECTION('ref_axis',(1.,0.,0.));
#7946=DIRECTION('center_axis',(0.,0.,-1.));
#7947=DIRECTION('ref_axis',(1.,0.,0.));
#7948=DIRECTION('center_axis',(0.,0.,-1.));
#7949=DIRECTION('ref_axis',(1.,0.,0.));
#7950=DIRECTION('center_axis',(0.,0.,-1.));
#7951=DIRECTION('ref_axis',(0.,1.,0.));
#7952=DIRECTION('',(0.,1.,0.));
#7953=DIRECTION('center_axis',(0.,0.,-1.));
#7954=DIRECTION('ref_axis',(-1.,0.,0.));
#7955=DIRECTION('',(-1.,0.,0.));
#7956=DIRECTION('center_axis',(0.,0.,-1.));
#7957=DIRECTION('ref_axis',(0.,-1.,0.));
#7958=DIRECTION('',(0.,-1.,0.));
#7959=DIRECTION('center_axis',(0.,0.,-1.));
#7960=DIRECTION('ref_axis',(1.,0.,0.));
#7961=DIRECTION('',(1.,0.,0.));
#7962=DIRECTION('center_axis',(0.,0.,-1.));
#7963=DIRECTION('ref_axis',(0.,1.,0.));
#7964=DIRECTION('',(0.,1.,0.));
#7965=DIRECTION('center_axis',(0.,0.,-1.));
#7966=DIRECTION('ref_axis',(-1.,0.,0.));
#7967=DIRECTION('',(-1.,0.,0.));
#7968=DIRECTION('center_axis',(0.,0.,-1.));
#7969=DIRECTION('ref_axis',(0.,-1.,0.));
#7970=DIRECTION('',(0.,-1.,0.));
#7971=DIRECTION('center_axis',(0.,0.,-1.));
#7972=DIRECTION('ref_axis',(1.,0.,0.));
#7973=DIRECTION('',(1.,0.,0.));
#7974=DIRECTION('center_axis',(0.,1.,0.));
#7975=DIRECTION('ref_axis',(-1.,0.,0.));
#7976=DIRECTION('',(-1.,0.,0.));
#7977=DIRECTION('',(0.,0.,1.));
#7978=DIRECTION('center_axis',(0.,0.,1.));
#7979=DIRECTION('ref_axis',(0.707106781186547,0.707106781186548,0.));
#7980=DIRECTION('center_axis',(0.,0.,-1.));
#7981=DIRECTION('ref_axis',(0.707106781186547,0.707106781186548,0.));
#7982=DIRECTION('',(0.,0.,-1.));
#7983=DIRECTION('center_axis',(0.,0.,1.));
#7984=DIRECTION('ref_axis',(-0.707106781186548,-0.707106781186547,0.));
#7985=DIRECTION('center_axis',(0.,0.,-1.));
#7986=DIRECTION('ref_axis',(-0.707106781186548,-0.707106781186547,0.));
#7987=DIRECTION('',(0.,0.,-1.));
#7988=DIRECTION('',(0.,0.,1.));
#7989=DIRECTION('center_axis',(5.70808753020646E-17,-1.,0.));
#7990=DIRECTION('ref_axis',(1.,5.70808753020646E-17,0.));
#7991=DIRECTION('',(0.,0.,-1.));
#7992=DIRECTION('',(1.,5.70808753020646E-17,0.));
#7993=DIRECTION('center_axis',(0.,0.,1.));
#7994=DIRECTION('ref_axis',(0.707106781186547,-0.707106781186548,0.));
#7995=DIRECTION('center_axis',(0.,0.,-1.));
#7996=DIRECTION('ref_axis',(0.707106781186547,-0.707106781186548,0.));
#7997=DIRECTION('',(0.,0.,1.));
#7998=DIRECTION('center_axis',(1.,0.,0.));
#7999=DIRECTION('ref_axis',(0.,1.,0.));
#8000=DIRECTION('',(0.,0.,1.));
#8001=DIRECTION('',(0.,1.,0.));
#8002=DIRECTION('',(0.,0.,1.));
#8003=DIRECTION('center_axis',(0.,0.,1.));
#8004=DIRECTION('ref_axis',(-1.,0.,0.));
#8005=DIRECTION('center_axis',(0.,0.,-1.));
#8006=DIRECTION('ref_axis',(-1.,0.,0.));
#8007=DIRECTION('',(0.,0.,1.));
#8008=DIRECTION('center_axis',(0.,1.,0.));
#8009=DIRECTION('ref_axis',(-1.,0.,0.));
#8010=DIRECTION('',(-1.,0.,0.));
#8011=DIRECTION('',(0.,0.,1.));
#8012=DIRECTION('center_axis',(0.,0.,1.));
#8013=DIRECTION('ref_axis',(0.,-1.,0.));
#8014=DIRECTION('center_axis',(0.,0.,-1.));
#8015=DIRECTION('ref_axis',(0.,-1.,0.));
#8016=DIRECTION('',(0.,0.,1.));
#8017=DIRECTION('center_axis',(-1.,0.,0.));
#8018=DIRECTION('ref_axis',(0.,-1.,0.));
#8019=DIRECTION('',(0.,-1.,0.));
#8020=DIRECTION('',(0.,0.,1.));
#8021=DIRECTION('center_axis',(0.,0.,1.));
#8022=DIRECTION('ref_axis',(1.,0.,0.));
#8023=DIRECTION('center_axis',(0.,0.,-1.));
#8024=DIRECTION('ref_axis',(1.,0.,0.));
#8025=DIRECTION('',(0.,0.,1.));
#8026=DIRECTION('center_axis',(0.,-1.,0.));
#8027=DIRECTION('ref_axis',(1.,0.,0.));
#8028=DIRECTION('',(1.,0.,0.));
#8029=DIRECTION('',(0.,0.,1.));
#8030=DIRECTION('center_axis',(0.,0.,1.));
#8031=DIRECTION('ref_axis',(0.,1.,0.));
#8032=DIRECTION('center_axis',(0.,0.,-1.));
#8033=DIRECTION('ref_axis',(0.,1.,0.));
#8034=DIRECTION('center_axis',(1.,0.,0.));
#8035=DIRECTION('ref_axis',(0.,1.,0.));
#8036=DIRECTION('',(0.,0.,1.));
#8037=DIRECTION('',(0.,1.,0.));
#8038=DIRECTION('',(0.,0.,1.));
#8039=DIRECTION('center_axis',(0.,0.,1.));
#8040=DIRECTION('ref_axis',(-1.,0.,0.));
#8041=DIRECTION('center_axis',(0.,0.,-1.));
#8042=DIRECTION('ref_axis',(-1.,0.,0.));
#8043=DIRECTION('',(0.,0.,1.));
#8044=DIRECTION('center_axis',(0.,1.,0.));
#8045=DIRECTION('ref_axis',(-1.,0.,0.));
#8046=DIRECTION('',(-1.,0.,0.));
#8047=DIRECTION('',(0.,0.,1.));
#8048=DIRECTION('center_axis',(0.,0.,1.));
#8049=DIRECTION('ref_axis',(0.,-1.,0.));
#8050=DIRECTION('center_axis',(0.,0.,-1.));
#8051=DIRECTION('ref_axis',(0.,-1.,0.));
#8052=DIRECTION('',(0.,0.,1.));
#8053=DIRECTION('center_axis',(-1.,0.,0.));
#8054=DIRECTION('ref_axis',(0.,-1.,0.));
#8055=DIRECTION('',(0.,-1.,0.));
#8056=DIRECTION('',(0.,0.,1.));
#8057=DIRECTION('center_axis',(0.,0.,1.));
#8058=DIRECTION('ref_axis',(1.,0.,0.));
#8059=DIRECTION('center_axis',(0.,0.,-1.));
#8060=DIRECTION('ref_axis',(1.,0.,0.));
#8061=DIRECTION('',(0.,0.,1.));
#8062=DIRECTION('center_axis',(0.,-1.,0.));
#8063=DIRECTION('ref_axis',(1.,0.,0.));
#8064=DIRECTION('',(1.,0.,0.));
#8065=DIRECTION('',(0.,0.,1.));
#8066=DIRECTION('center_axis',(0.,0.,1.));
#8067=DIRECTION('ref_axis',(0.,1.,0.));
#8068=DIRECTION('center_axis',(0.,0.,-1.));
#8069=DIRECTION('ref_axis',(0.,1.,0.));
#8070=DIRECTION('center_axis',(0.,0.,1.));
#8071=DIRECTION('ref_axis',(1.,0.,0.));
#8072=DIRECTION('center_axis',(0.,0.,-1.));
#8073=DIRECTION('ref_axis',(1.,0.,0.));
#8074=DIRECTION('',(0.,0.,-1.));
#8075=DIRECTION('center_axis',(0.,0.,1.));
#8076=DIRECTION('ref_axis',(1.,0.,0.));
#8077=DIRECTION('center_axis',(0.,0.,-1.));
#8078=DIRECTION('ref_axis',(1.,0.,0.));
#8079=DIRECTION('',(0.,0.,-1.));
#8080=DIRECTION('center_axis',(0.,0.,1.));
#8081=DIRECTION('ref_axis',(1.,0.,0.));
#8082=DIRECTION('center_axis',(0.,0.,-1.));
#8083=DIRECTION('ref_axis',(1.,0.,0.));
#8084=DIRECTION('',(0.,0.,-1.));
#8085=DIRECTION('center_axis',(0.,0.,1.));
#8086=DIRECTION('ref_axis',(1.,0.,0.));
#8087=DIRECTION('center_axis',(0.,0.,-1.));
#8088=DIRECTION('ref_axis',(1.,0.,0.));
#8089=DIRECTION('',(0.,0.,-1.));
#8090=DIRECTION('center_axis',(1.,0.,0.));
#8091=DIRECTION('ref_axis',(0.,1.,0.));
#8092=DIRECTION('',(0.,0.,1.));
#8093=DIRECTION('',(0.,1.,0.));
#8094=DIRECTION('',(0.,0.,1.));
#8095=DIRECTION('center_axis',(0.,0.,1.));
#8096=DIRECTION('ref_axis',(-1.,0.,0.));
#8097=DIRECTION('center_axis',(0.,0.,-1.));
#8098=DIRECTION('ref_axis',(-1.,0.,0.));
#8099=DIRECTION('',(0.,0.,1.));
#8100=DIRECTION('center_axis',(0.,1.,0.));
#8101=DIRECTION('ref_axis',(-1.,0.,0.));
#8102=DIRECTION('',(-1.,0.,0.));
#8103=DIRECTION('',(0.,0.,1.));
#8104=DIRECTION('center_axis',(0.,0.,1.));
#8105=DIRECTION('ref_axis',(-4.44089209850064E-15,-1.,0.));
#8106=DIRECTION('center_axis',(0.,0.,-1.));
#8107=DIRECTION('ref_axis',(-4.44089209850064E-15,-1.,0.));
#8108=DIRECTION('',(0.,0.,1.));
#8109=DIRECTION('center_axis',(-1.,0.,0.));
#8110=DIRECTION('ref_axis',(0.,-1.,0.));
#8111=DIRECTION('',(0.,-1.,0.));
#8112=DIRECTION('',(0.,0.,1.));
#8113=DIRECTION('center_axis',(0.,0.,1.));
#8114=DIRECTION('ref_axis',(1.,0.,0.));
#8115=DIRECTION('center_axis',(0.,0.,-1.));
#8116=DIRECTION('ref_axis',(1.,0.,0.));
#8117=DIRECTION('',(0.,0.,1.));
#8118=DIRECTION('center_axis',(0.,-1.,0.));
#8119=DIRECTION('ref_axis',(1.,0.,0.));
#8120=DIRECTION('',(1.,0.,0.));
#8121=DIRECTION('',(0.,0.,1.));
#8122=DIRECTION('center_axis',(0.,0.,1.));
#8123=DIRECTION('ref_axis',(0.,1.,0.));
#8124=DIRECTION('center_axis',(0.,0.,-1.));
#8125=DIRECTION('ref_axis',(0.,1.,0.));
#8126=DIRECTION('center_axis',(1.,1.12712997423874E-16,0.));
#8127=DIRECTION('ref_axis',(-1.12712997423874E-16,1.,0.));
#8128=DIRECTION('',(-1.12712997423874E-16,1.,0.));
#8129=DIRECTION('center_axis',(-1.,4.50851989695495E-16,0.));
#8130=DIRECTION('ref_axis',(-4.50851989695495E-16,-1.,0.));
#8131=DIRECTION('',(-4.50851989695495E-16,-1.,0.));
#8132=DIRECTION('center_axis',(0.,0.,1.));
#8133=DIRECTION('ref_axis',(1.,0.,0.));
#8134=DIRECTION('center_axis',(0.171087869746027,-0.171087869746046,0.970287525247814));
#8135=DIRECTION('ref_axis',(0.,0.984807753012206,0.173648177666941));
#8136=DIRECTION('center_axis',(0.176943694924915,-0.17090817886548,0.969268447450552));
#8137=DIRECTION('ref_axis',(7.99360577730116E-12,0.984807753007151,0.173648177695612));
#8138=DIRECTION('',(-0.171087869746036,0.171087869746035,-0.970287525247814));
#8139=DIRECTION('center_axis',(0.17108786974601,0.171087869746046,0.970287525247817));
#8140=DIRECTION('ref_axis',(-0.984807753012212,-4.44089209850064E-15,0.173648177666906));
#8141=DIRECTION('',(0.171087869746036,0.171087869746035,0.970287525247814));
#8142=DIRECTION('center_axis',(0.177032838102288,0.170905395222842,0.969252660619084));
#8143=DIRECTION('ref_axis',(-0.983773391044332,0.00156753229551666,0.179408633893799));
#8144=DIRECTION('center_axis',(-0.171087869746028,0.171087869746028,0.970287525247817));
#8145=DIRECTION('ref_axis',(0.,-0.98480775301221,0.173648177666922));
#8146=DIRECTION('',(-0.171087869746036,0.171087869746035,0.970287525247814));
#8147=DIRECTION('center_axis',(-0.170908173586076,0.176943863967969,0.969268417521976));
#8148=DIRECTION('ref_axis',(-0.00150951087837469,-0.983788123704766,0.17932832747328));
#8149=DIRECTION('center_axis',(-0.171087869746039,-0.171087869746002,0.970287525247819));
#8150=DIRECTION('ref_axis',(0.984807753012208,-4.44089209850062E-15,0.173648177666932));
#8151=DIRECTION('center_axis',(-0.170905389989068,-0.177033005603602,0.96925263094801));
#8152=DIRECTION('ref_axis',(0.98480775300719,-7.73603403558802E-12,0.173648177695387));
#8153=DIRECTION('',(0.171087869746036,0.171087869746035,-0.970287525247814));
#8154=DIRECTION('center_axis',(0.,-0.984807753012208,-0.17364817766693));
#8155=DIRECTION('ref_axis',(0.,0.17364817766693,-0.984807753012208));
#8156=DIRECTION('center_axis',(0.,-0.984807753012208,-0.17364817766693));
#8157=DIRECTION('ref_axis',(-0.00619928755239725,0.173644840883886,-0.984788829175196));
#8158=DIRECTION('center_axis',(0.,0.984807753012208,0.17364817766693));
#8159=DIRECTION('ref_axis',(-0.00619928755239725,0.173644840883886,-0.984788829175196));
#8160=DIRECTION('center_axis',(-0.984807753012208,0.,-0.17364817766693));
#8161=DIRECTION('ref_axis',(0.173648177486334,4.56073247372942E-5,-0.984807751987994));
#8162=DIRECTION('center_axis',(0.984807753012208,0.,0.17364817766693));
#8163=DIRECTION('ref_axis',(0.173648177476671,4.68115955881821E-5,-0.984807751933191));
#8164=DIRECTION('center_axis',(-0.984807753012208,0.,-0.17364817766693));
#8165=DIRECTION('ref_axis',(0.173648177476671,4.68115955881822E-5,-0.984807751933191));
#8166=DIRECTION('center_axis',(0.,0.984807753012208,-0.17364817766693));
#8167=DIRECTION('ref_axis',(-0.00603922914420009,-0.173645010964826,-0.984789793752133));
#8168=DIRECTION('center_axis',(0.,-0.984807753012208,0.17364817766693));
#8169=DIRECTION('ref_axis',(-0.00619922681058304,-0.173644840949276,-0.984788829546036));
#8170=DIRECTION('center_axis',(0.,0.984807753012208,-0.17364817766693));
#8171=DIRECTION('ref_axis',(-0.00619922681058305,-0.173644840949276,-0.984788829546036));
#8172=DIRECTION('center_axis',(0.984807753012208,0.,-0.17364817766693));
#8173=DIRECTION('ref_axis',(-0.173648177666931,0.,-0.984807753012208));
#8174=DIRECTION('center_axis',(-0.984807753012208,0.,0.17364817766693));
#8175=DIRECTION('ref_axis',(-0.173648177476176,4.6872340979682E-5,-0.984807751930389));
#8176=DIRECTION('center_axis',(0.984807753012208,0.,-0.17364817766693));
#8177=DIRECTION('ref_axis',(-0.173648177476177,4.6872340979682E-5,-0.984807751930389));
#8178=DIRECTION('center_axis',(0.984807753012208,0.,-0.17364817766693));
#8179=DIRECTION('ref_axis',(-0.173648177476177,4.6872340979682E-5,-0.984807751930389));
#8180=DIRECTION('center_axis',(0.171087869746036,0.171087869746035,0.970287525247814));
#8181=DIRECTION('ref_axis',(-0.686096888803449,-0.686096888803437,0.241954785752365));
#8182=DIRECTION('',(-0.171087869746036,-0.171087869746035,-0.970287525247814));
#8183=DIRECTION('center_axis',(-0.171087869746034,-0.171087869746037,-0.970287525247814));
#8184=DIRECTION('ref_axis',(-0.984807753012208,0.,0.173648177666929));
#8185=DIRECTION('',(0.171087869746036,0.171087869746035,0.970287525247814));
#8186=DIRECTION('center_axis',(-0.984807753012208,0.,0.17364817766693));
#8187=DIRECTION('ref_axis',(0.,-1.,0.));
#8188=DIRECTION('',(0.171087869746036,-0.171087869746035,0.970287525247814));
#8189=DIRECTION('',(0.,1.,0.));
#8190=DIRECTION('center_axis',(0.171087869746036,-0.171087869746035,0.970287525247814));
#8191=DIRECTION('ref_axis',(-0.686096888803436,0.686096888803448,0.241954785752369));
#8192=DIRECTION('',(-0.171087869746036,0.171087869746035,-0.970287525247814));
#8193=DIRECTION('center_axis',(-0.171087869746036,0.171087869746038,-0.970287525247814));
#8194=DIRECTION('ref_axis',(0.,0.984807753012208,0.173648177666932));
#8195=DIRECTION('center_axis',(0.,0.984807753012208,0.17364817766693));
#8196=DIRECTION('ref_axis',(-1.,0.,0.));
#8197=DIRECTION('',(-0.171087869746036,-0.171087869746035,0.970287525247814));
#8198=DIRECTION('',(1.,0.,0.));
#8199=DIRECTION('center_axis',(-0.171087869746036,-0.171087869746035,0.970287525247814));
#8200=DIRECTION('ref_axis',(0.686096888803442,0.686096888803442,0.241954785752367));
#8201=DIRECTION('',(0.171087869746036,0.171087869746035,-0.970287525247814));
#8202=DIRECTION('center_axis',(0.171087869746035,0.171087869746037,-0.970287525247814));
#8203=DIRECTION('ref_axis',(0.984807753012208,0.,0.17364817766693));
#8204=DIRECTION('center_axis',(0.,0.,1.));
#8205=DIRECTION('ref_axis',(1.,0.,0.));
#8206=DIRECTION('center_axis',(-1.22464679914735E-16,1.,0.));
#8207=DIRECTION('ref_axis',(-1.,-1.22464679914735E-16,0.));
#8208=DIRECTION('center_axis',(-1.,0.,0.));
#8209=DIRECTION('ref_axis',(0.,1.,0.));
#8210=DIRECTION('',(0.,1.,0.));
#8211=DIRECTION('',(0.,0.,-1.));
#8212=DIRECTION('',(0.,1.,0.));
#8213=DIRECTION('',(0.,0.,-1.));
#8214=DIRECTION('center_axis',(0.,-1.,0.));
#8215=DIRECTION('ref_axis',(-1.,0.,0.));
#8216=DIRECTION('',(-1.,0.,0.));
#8217=DIRECTION('',(-1.,0.,0.));
#8218=DIRECTION('',(0.,0.,-1.));
#8219=DIRECTION('center_axis',(1.,-4.44089209850062E-16,0.));
#8220=DIRECTION('ref_axis',(-4.44089209850062E-16,-1.,0.));
#8221=DIRECTION('',(-4.44089209850062E-16,-1.,0.));
#8222=DIRECTION('',(-4.44089209850062E-16,-1.,0.));
#8223=DIRECTION('',(0.,0.,-1.));
#8224=DIRECTION('center_axis',(0.,1.,0.));
#8225=DIRECTION('ref_axis',(1.,0.,0.));
#8226=DIRECTION('',(1.,0.,0.));
#8227=DIRECTION('',(1.,0.,0.));
#8228=DIRECTION('center_axis',(0.,0.,-1.));
#8229=DIRECTION('ref_axis',(-1.,0.,0.));
#8230=DIRECTION('center_axis',(0.,0.984807753012208,0.173648177666931));
#8231=DIRECTION('ref_axis',(-1.,0.,0.));
#8232=DIRECTION('',(1.,-2.51728704780911E-31,1.42762442689989E-30));
#8233=DIRECTION('',(-0.171087869746035,-0.171087869746036,0.970287525247814));
#8234=DIRECTION('',(0.171087869746036,-0.171087869746036,0.970287525247814));
#8235=DIRECTION('center_axis',(0.984807753012208,-4.37342496889406E-16,
0.17364817766693));
#8236=DIRECTION('ref_axis',(4.44089209850062E-16,1.,0.));
#8237=DIRECTION('',(-4.44089209850062E-16,-1.,-2.10744558256652E-31));
#8238=DIRECTION('',(-0.171087869746035,0.171087869746036,0.970287525247814));
#8239=DIRECTION('center_axis',(0.,-0.984807753012208,0.17364817766693));
#8240=DIRECTION('ref_axis',(1.,0.,0.));
#8241=DIRECTION('',(-1.,-2.51728704780911E-31,-1.42762442689989E-30));
#8242=DIRECTION('',(0.171087869746036,0.171087869746036,0.970287525247814));
#8243=DIRECTION('center_axis',(-0.984807753012208,0.,0.173648177666931));
#8244=DIRECTION('ref_axis',(0.,-1.,0.));
#8245=DIRECTION('',(3.71599516581346E-32,1.,2.10744558256651E-31));
#8246=DIRECTION('center_axis',(0.984807753012208,0.,-0.17364817766693));
#8247=DIRECTION('ref_axis',(0.,1.,0.));
#8248=DIRECTION('',(0.,-1.,0.));
#8249=DIRECTION('',(0.171087869746035,0.171087869746036,0.970287525247814));
#8250=DIRECTION('',(0.,1.,0.));
#8251=DIRECTION('',(0.171087869746035,-0.171087869746036,0.970287525247814));
#8252=DIRECTION('center_axis',(0.,-0.984807753012208,-0.17364817766693));
#8253=DIRECTION('ref_axis',(1.,0.,0.));
#8254=DIRECTION('',(-1.,0.,0.));
#8255=DIRECTION('',(1.,0.,0.));
#8256=DIRECTION('',(-0.171087869746036,-0.171087869746036,0.970287525247814));
#8257=DIRECTION('center_axis',(-0.984807753012208,0.,-0.173648177666931));
#8258=DIRECTION('ref_axis',(0.,-1.,0.));
#8259=DIRECTION('',(0.,1.,0.));
#8260=DIRECTION('',(0.,-1.,0.));
#8261=DIRECTION('',(-0.171087869746036,0.171087869746036,0.970287525247814));
#8262=DIRECTION('center_axis',(0.,0.984807753012208,-0.17364817766693));
#8263=DIRECTION('ref_axis',(-1.,0.,0.));
#8264=DIRECTION('',(1.,0.,0.));
#8265=DIRECTION('',(-1.,0.,0.));
#8266=DIRECTION('center_axis',(-1.42762442689989E-30,-2.10744558256651E-31,
1.));
#8267=DIRECTION('ref_axis',(1.,0.,1.42762442689989E-30));
#8268=DIRECTION('center_axis',(0.,0.,-1.));
#8269=DIRECTION('ref_axis',(1.,0.,0.));
#8270=DIRECTION('',(-1.,0.,0.));
#8271=DIRECTION('',(0.,1.,0.));
#8272=DIRECTION('',(1.,0.,0.));
#8273=DIRECTION('',(0.,-1.,0.));
#8274=DIRECTION('center_axis',(0.300068120875796,0.300068120875789,-0.905493371410383));
#8275=DIRECTION('ref_axis',(-0.640280503243763,-0.640280503243738,-0.424360406178355));
#8276=DIRECTION('center_axis',(-4.50940001733066E-15,-1.,0.));
#8277=DIRECTION('ref_axis',(0.,0.,-1.));
#8278=DIRECTION('center_axis',(-1.,3.13219638152283E-15,1.77635683940026E-14));
#8279=DIRECTION('ref_axis',(0.,-0.984807753012208,0.173648177666932));
#8280=DIRECTION('center_axis',(-0.768141183094573,-0.533702829449249,0.353723638836784));
#8281=DIRECTION('ref_axis',(-0.640280503243745,0.640280503243749,-0.424360406178366));
#8282=DIRECTION('center_axis',(-1.,0.,0.));
#8283=DIRECTION('ref_axis',(0.,0.,-1.));
#8284=DIRECTION('center_axis',(0.,1.,0.));
#8285=DIRECTION('ref_axis',(-0.984807753012208,0.,0.173648177666932));
#8286=DIRECTION('center_axis',(-0.300068120875798,0.300068120875794,-0.905493371410381));
#8287=DIRECTION('ref_axis',(0.640280503243751,-0.640280503243744,-0.424360406178365));
#8288=DIRECTION('center_axis',(1.,0.,0.));
#8289=DIRECTION('ref_axis',(0.,0.,-1.));
#8290=DIRECTION('center_axis',(0.,-1.,0.));
#8291=DIRECTION('ref_axis',(0.984807753012208,0.,0.173648177666932));
#8292=DIRECTION('center_axis',(0.171087869746036,-0.171087869746038,-0.970287525247814));
#8293=DIRECTION('ref_axis',(0.,-0.984807753012208,0.173648177666932));
#8294=DIRECTION('center_axis',(-0.300068120875799,-0.300068120875781,-0.905493371410385));
#8295=DIRECTION('ref_axis',(0.640280503243769,0.640280503243733,-0.424360406178354));
#8296=DIRECTION('center_axis',(4.50940001733066E-15,1.,0.));
#8297=DIRECTION('ref_axis',(0.,0.,-1.));
#8298=DIRECTION('center_axis',(1.,-3.13219638152283E-15,1.77635683940026E-14));
#8299=DIRECTION('ref_axis',(0.,0.984807753012208,0.173648177666932));
#8300=DIRECTION('center_axis',(-1.,0.,0.));
#8301=DIRECTION('ref_axis',(0.,0.766044443118974,-0.642787609686544));
#8302=DIRECTION('center_axis',(-0.171087869746036,0.171087869746035,0.970287525247814));
#8303=DIRECTION('ref_axis',(0.686096888803442,-0.686096888803442,0.241954785752367));
#8304=DIRECTION('',(0.171087869746036,-0.171087869746035,-0.970287525247814));
#8305=DIRECTION('',(-0.171087869746036,0.171087869746035,0.970287525247814));
#8306=DIRECTION('center_axis',(0.,1.,0.));
#8307=DIRECTION('ref_axis',(0.766044443118977,0.,-0.642787609686541));
#8308=DIRECTION('',(0.,-1.,0.));
#8309=DIRECTION('center_axis',(1.,0.,0.));
#8310=DIRECTION('ref_axis',(0.,-0.766044443118974,-0.642787609686544));
#8311=DIRECTION('',(-1.,0.,0.));
#8312=DIRECTION('center_axis',(0.,-1.,0.));
#8313=DIRECTION('ref_axis',(-0.766044443118983,0.,-0.642787609686534));
#8314=DIRECTION('center_axis',(0.,-0.984807753012208,0.17364817766693));
#8315=DIRECTION('ref_axis',(1.,0.,0.));
#8316=DIRECTION('center_axis',(0.984807753012208,0.,0.17364817766693));
#8317=DIRECTION('ref_axis',(0.,1.,0.));
#8318=DIRECTION('center_axis',(0.171087869746027,-0.171087869746046,0.970287525247814));
#8319=DIRECTION('ref_axis',(0.,0.984807753012206,0.173648177666941));
#8320=DIRECTION('center_axis',(0.176943694924915,-0.17090817886548,0.969268447450552));
#8321=DIRECTION('ref_axis',(7.99360577730116E-12,0.984807753007151,0.173648177695612));
#8322=DIRECTION('',(-0.171087869746036,0.171087869746035,-0.970287525247814));
#8323=DIRECTION('center_axis',(0.17108786974601,0.171087869746046,0.970287525247817));
#8324=DIRECTION('ref_axis',(-0.984807753012212,-4.44089209850064E-15,0.173648177666906));
#8325=DIRECTION('',(0.171087869746036,0.171087869746035,0.970287525247814));
#8326=DIRECTION('center_axis',(0.177032838102288,0.170905395222842,0.969252660619084));
#8327=DIRECTION('ref_axis',(-0.983773391044332,0.00156753229551666,0.179408633893799));
#8328=DIRECTION('center_axis',(-0.171087869746028,0.171087869746028,0.970287525247817));
#8329=DIRECTION('ref_axis',(0.,-0.98480775301221,0.173648177666922));
#8330=DIRECTION('',(-0.171087869746036,0.171087869746035,0.970287525247814));
#8331=DIRECTION('center_axis',(-0.170908173586076,0.176943863967969,0.969268417521976));
#8332=DIRECTION('ref_axis',(-0.00150951087837469,-0.983788123704766,0.17932832747328));
#8333=DIRECTION('center_axis',(-0.171087869746039,-0.171087869746002,0.970287525247819));
#8334=DIRECTION('ref_axis',(0.984807753012208,-4.44089209850062E-15,0.173648177666932));
#8335=DIRECTION('center_axis',(-0.170905389989068,-0.177033005603602,0.96925263094801));
#8336=DIRECTION('ref_axis',(0.98480775300719,-7.73603403558802E-12,0.173648177695387));
#8337=DIRECTION('',(0.171087869746036,0.171087869746035,-0.970287525247814));
#8338=DIRECTION('center_axis',(0.,-0.984807753012208,-0.17364817766693));
#8339=DIRECTION('ref_axis',(0.,0.17364817766693,-0.984807753012208));
#8340=DIRECTION('center_axis',(0.,-0.984807753012208,-0.17364817766693));
#8341=DIRECTION('ref_axis',(-0.00619928755239725,0.173644840883886,-0.984788829175196));
#8342=DIRECTION('center_axis',(0.,0.984807753012208,0.17364817766693));
#8343=DIRECTION('ref_axis',(-0.00619928755239725,0.173644840883886,-0.984788829175196));
#8344=DIRECTION('center_axis',(-0.984807753012208,0.,-0.17364817766693));
#8345=DIRECTION('ref_axis',(0.173648177486334,4.56073247372942E-5,-0.984807751987994));
#8346=DIRECTION('center_axis',(0.984807753012208,0.,0.17364817766693));
#8347=DIRECTION('ref_axis',(0.173648177476671,4.68115955881821E-5,-0.984807751933191));
#8348=DIRECTION('center_axis',(-0.984807753012208,0.,-0.17364817766693));
#8349=DIRECTION('ref_axis',(0.173648177476671,4.68115955881822E-5,-0.984807751933191));
#8350=DIRECTION('center_axis',(0.,0.984807753012208,-0.17364817766693));
#8351=DIRECTION('ref_axis',(-0.00603922914420008,-0.173645010964826,-0.984789793752133));
#8352=DIRECTION('center_axis',(0.,-0.984807753012208,0.17364817766693));
#8353=DIRECTION('ref_axis',(-0.00619922681058304,-0.173644840949276,-0.984788829546036));
#8354=DIRECTION('center_axis',(0.,0.984807753012208,-0.17364817766693));
#8355=DIRECTION('ref_axis',(-0.00619922681058305,-0.173644840949276,-0.984788829546036));
#8356=DIRECTION('center_axis',(0.984807753012208,0.,-0.17364817766693));
#8357=DIRECTION('ref_axis',(-0.17364817766693,0.,-0.984807753012208));
#8358=DIRECTION('center_axis',(-0.984807753012208,0.,0.17364817766693));
#8359=DIRECTION('ref_axis',(-0.173648177476176,4.6872340979682E-5,-0.984807751930389));
#8360=DIRECTION('center_axis',(0.984807753012208,0.,-0.17364817766693));
#8361=DIRECTION('ref_axis',(-0.173648177476177,4.6872340979682E-5,-0.984807751930389));
#8362=DIRECTION('center_axis',(0.984807753012208,0.,-0.17364817766693));
#8363=DIRECTION('ref_axis',(-0.173648177476177,4.6872340979682E-5,-0.984807751930389));
#8364=DIRECTION('center_axis',(0.171087869746036,0.171087869746035,0.970287525247814));
#8365=DIRECTION('ref_axis',(-0.686096888803449,-0.686096888803437,0.241954785752365));
#8366=DIRECTION('',(-0.171087869746036,-0.171087869746035,-0.970287525247814));
#8367=DIRECTION('center_axis',(-0.171087869746034,-0.171087869746037,-0.970287525247814));
#8368=DIRECTION('ref_axis',(-0.984807753012208,0.,0.173648177666929));
#8369=DIRECTION('',(0.171087869746036,0.171087869746035,0.970287525247814));
#8370=DIRECTION('center_axis',(-0.984807753012208,0.,0.17364817766693));
#8371=DIRECTION('ref_axis',(0.,-1.,0.));
#8372=DIRECTION('',(0.171087869746036,-0.171087869746035,0.970287525247814));
#8373=DIRECTION('',(0.,1.,0.));
#8374=DIRECTION('center_axis',(0.171087869746036,-0.171087869746035,0.970287525247814));
#8375=DIRECTION('ref_axis',(-0.686096888803436,0.686096888803448,0.241954785752369));
#8376=DIRECTION('',(-0.171087869746036,0.171087869746035,-0.970287525247814));
#8377=DIRECTION('center_axis',(-0.171087869746036,0.171087869746038,-0.970287525247814));
#8378=DIRECTION('ref_axis',(0.,0.984807753012208,0.173648177666932));
#8379=DIRECTION('center_axis',(0.,0.984807753012208,0.17364817766693));
#8380=DIRECTION('ref_axis',(-1.,0.,0.));
#8381=DIRECTION('',(-0.171087869746036,-0.171087869746035,0.970287525247814));
#8382=DIRECTION('',(1.,0.,0.));
#8383=DIRECTION('center_axis',(-0.171087869746036,-0.171087869746035,0.970287525247814));
#8384=DIRECTION('ref_axis',(0.686096888803442,0.686096888803442,0.241954785752367));
#8385=DIRECTION('',(0.171087869746036,0.171087869746035,-0.970287525247814));
#8386=DIRECTION('center_axis',(0.171087869746035,0.171087869746037,-0.970287525247814));
#8387=DIRECTION('ref_axis',(0.984807753012208,0.,0.17364817766693));
#8388=DIRECTION('center_axis',(6.12323394780942E-17,0.,1.));
#8389=DIRECTION('ref_axis',(1.,0.,0.));
#8390=DIRECTION('center_axis',(-1.22464679914735E-16,1.,0.));
#8391=DIRECTION('ref_axis',(-1.,-1.22464679914735E-16,0.));
#8392=DIRECTION('center_axis',(-1.,0.,0.));
#8393=DIRECTION('ref_axis',(0.,1.,0.));
#8394=DIRECTION('',(0.,1.,0.));
#8395=DIRECTION('',(0.,0.,-1.));
#8396=DIRECTION('',(0.,1.,0.));
#8397=DIRECTION('',(0.,0.,-1.));
#8398=DIRECTION('center_axis',(0.,-1.,0.));
#8399=DIRECTION('ref_axis',(-1.,0.,0.));
#8400=DIRECTION('',(-1.,0.,0.));
#8401=DIRECTION('',(-1.,0.,0.));
#8402=DIRECTION('',(0.,0.,-1.));
#8403=DIRECTION('center_axis',(1.,-4.44089209850062E-16,0.));
#8404=DIRECTION('ref_axis',(-4.44089209850062E-16,-1.,0.));
#8405=DIRECTION('',(-4.44089209850062E-16,-1.,0.));
#8406=DIRECTION('',(-4.44089209850062E-16,-1.,0.));
#8407=DIRECTION('',(0.,0.,-1.));
#8408=DIRECTION('center_axis',(0.,1.,0.));
#8409=DIRECTION('ref_axis',(1.,0.,0.));
#8410=DIRECTION('',(1.,0.,0.));
#8411=DIRECTION('',(1.,0.,0.));
#8412=DIRECTION('center_axis',(0.,0.,-1.));
#8413=DIRECTION('ref_axis',(-1.,0.,0.));
#8414=DIRECTION('center_axis',(0.,0.984807753012208,0.173648177666931));
#8415=DIRECTION('ref_axis',(-1.,0.,0.));
#8416=DIRECTION('',(1.,-2.51728704780911E-31,1.42762442689989E-30));
#8417=DIRECTION('',(-0.171087869746035,-0.171087869746036,0.970287525247814));
#8418=DIRECTION('',(0.171087869746036,-0.171087869746036,0.970287525247814));
#8419=DIRECTION('center_axis',(0.984807753012208,-4.37342496889406E-16,
0.17364817766693));
#8420=DIRECTION('ref_axis',(4.44089209850062E-16,1.,0.));
#8421=DIRECTION('',(-4.44089209850062E-16,-1.,-2.10744558256652E-31));
#8422=DIRECTION('',(-0.171087869746035,0.171087869746036,0.970287525247814));
#8423=DIRECTION('center_axis',(0.,-0.984807753012208,0.17364817766693));
#8424=DIRECTION('ref_axis',(1.,0.,0.));
#8425=DIRECTION('',(-1.,-2.51728704780911E-31,-1.42762442689989E-30));
#8426=DIRECTION('',(0.171087869746036,0.171087869746036,0.970287525247814));
#8427=DIRECTION('center_axis',(-0.984807753012208,0.,0.173648177666931));
#8428=DIRECTION('ref_axis',(0.,-1.,0.));
#8429=DIRECTION('',(3.71599516581346E-32,1.,2.10744558256651E-31));
#8430=DIRECTION('center_axis',(0.984807753012208,0.,-0.17364817766693));
#8431=DIRECTION('ref_axis',(0.,1.,0.));
#8432=DIRECTION('',(0.,-1.,0.));
#8433=DIRECTION('',(0.171087869746035,0.171087869746036,0.970287525247814));
#8434=DIRECTION('',(0.,1.,0.));
#8435=DIRECTION('',(0.171087869746035,-0.171087869746036,0.970287525247814));
#8436=DIRECTION('center_axis',(0.,-0.984807753012208,-0.17364817766693));
#8437=DIRECTION('ref_axis',(1.,0.,0.));
#8438=DIRECTION('',(-1.,0.,0.));
#8439=DIRECTION('',(1.,0.,0.));
#8440=DIRECTION('',(-0.171087869746036,-0.171087869746036,0.970287525247814));
#8441=DIRECTION('center_axis',(-0.984807753012208,0.,-0.173648177666931));
#8442=DIRECTION('ref_axis',(0.,-1.,0.));
#8443=DIRECTION('',(0.,1.,0.));
#8444=DIRECTION('',(0.,-1.,0.));
#8445=DIRECTION('',(-0.171087869746036,0.171087869746036,0.970287525247814));
#8446=DIRECTION('center_axis',(0.,0.984807753012208,-0.17364817766693));
#8447=DIRECTION('ref_axis',(-1.,0.,0.));
#8448=DIRECTION('',(1.,0.,0.));
#8449=DIRECTION('',(-1.,0.,0.));
#8450=DIRECTION('center_axis',(-1.42762442689989E-30,-2.10744558256651E-31,
1.));
#8451=DIRECTION('ref_axis',(1.,0.,1.42762442689989E-30));
#8452=DIRECTION('center_axis',(0.,0.,-1.));
#8453=DIRECTION('ref_axis',(1.,0.,0.));
#8454=DIRECTION('',(-1.,0.,0.));
#8455=DIRECTION('',(0.,1.,0.));
#8456=DIRECTION('',(1.,0.,0.));
#8457=DIRECTION('',(0.,-1.,0.));
#8458=DIRECTION('center_axis',(0.300068120875802,0.300068120875788,-0.905493371410381));
#8459=DIRECTION('ref_axis',(-0.640280503243765,-0.640280503243737,-0.424360406178354));
#8460=DIRECTION('center_axis',(-4.50940001733066E-15,-1.,0.));
#8461=DIRECTION('ref_axis',(0.,0.,-1.));
#8462=DIRECTION('center_axis',(-1.,3.13219638152283E-15,1.77635683940026E-14));
#8463=DIRECTION('ref_axis',(0.,-0.984807753012208,0.173648177666932));
#8464=DIRECTION('center_axis',(-0.768141183094573,-0.533702829449249,0.353723638836784));
#8465=DIRECTION('ref_axis',(-0.640280503243745,0.640280503243749,-0.424360406178366));
#8466=DIRECTION('center_axis',(-1.,0.,0.));
#8467=DIRECTION('ref_axis',(0.,0.,-1.));
#8468=DIRECTION('center_axis',(0.,1.,0.));
#8469=DIRECTION('ref_axis',(-0.984807753012208,0.,0.173648177666932));
#8470=DIRECTION('center_axis',(-0.300068120875798,0.300068120875794,-0.905493371410381));
#8471=DIRECTION('ref_axis',(0.640280503243751,-0.640280503243744,-0.424360406178365));
#8472=DIRECTION('center_axis',(1.,0.,0.));
#8473=DIRECTION('ref_axis',(0.,0.,-1.));
#8474=DIRECTION('center_axis',(0.,-1.,0.));
#8475=DIRECTION('ref_axis',(0.984807753012208,0.,0.173648177666932));
#8476=DIRECTION('center_axis',(0.171087869746036,-0.171087869746038,-0.970287525247814));
#8477=DIRECTION('ref_axis',(0.,-0.984807753012208,0.173648177666932));
#8478=DIRECTION('center_axis',(-0.300068120875799,-0.300068120875781,-0.905493371410385));
#8479=DIRECTION('ref_axis',(0.640280503243769,0.640280503243733,-0.424360406178354));
#8480=DIRECTION('center_axis',(4.50940001733066E-15,1.,0.));
#8481=DIRECTION('ref_axis',(0.,0.,-1.));
#8482=DIRECTION('center_axis',(1.,-3.13219638152283E-15,1.77635683940026E-14));
#8483=DIRECTION('ref_axis',(0.,0.984807753012208,0.173648177666932));
#8484=DIRECTION('center_axis',(-1.,0.,0.));
#8485=DIRECTION('ref_axis',(0.,0.766044443118974,-0.642787609686544));
#8486=DIRECTION('center_axis',(-0.171087869746036,0.171087869746035,0.970287525247814));
#8487=DIRECTION('ref_axis',(0.686096888803442,-0.686096888803442,0.241954785752367));
#8488=DIRECTION('',(0.171087869746036,-0.171087869746035,-0.970287525247814));
#8489=DIRECTION('',(-0.171087869746036,0.171087869746035,0.970287525247814));
#8490=DIRECTION('center_axis',(0.,1.,0.));
#8491=DIRECTION('ref_axis',(0.766044443118977,0.,-0.642787609686541));
#8492=DIRECTION('',(0.,-1.,0.));
#8493=DIRECTION('center_axis',(1.,0.,0.));
#8494=DIRECTION('ref_axis',(0.,-0.766044443118974,-0.642787609686544));
#8495=DIRECTION('',(-1.,0.,0.));
#8496=DIRECTION('center_axis',(0.,-1.,0.));
#8497=DIRECTION('ref_axis',(-0.766044443118983,0.,-0.642787609686534));
#8498=DIRECTION('center_axis',(0.,-0.984807753012208,0.17364817766693));
#8499=DIRECTION('ref_axis',(1.,0.,0.));
#8500=DIRECTION('center_axis',(0.984807753012208,0.,0.17364817766693));
#8501=DIRECTION('ref_axis',(0.,1.,0.));
#8502=DIRECTION('center_axis',(0.171087869746027,-0.171087869746046,0.970287525247814));
#8503=DIRECTION('ref_axis',(0.,0.984807753012206,0.173648177666941));
#8504=DIRECTION('center_axis',(0.176943694924915,-0.17090817886548,0.969268447450552));
#8505=DIRECTION('ref_axis',(7.99360577730116E-12,0.984807753007151,0.173648177695612));
#8506=DIRECTION('',(-0.171087869746036,0.171087869746035,-0.970287525247814));
#8507=DIRECTION('center_axis',(0.17108786974601,0.171087869746046,0.970287525247817));
#8508=DIRECTION('ref_axis',(-0.984807753012212,-4.44089209850064E-15,0.173648177666906));
#8509=DIRECTION('',(0.171087869746036,0.171087869746035,0.970287525247814));
#8510=DIRECTION('center_axis',(0.177032838102288,0.170905395222842,0.969252660619084));
#8511=DIRECTION('ref_axis',(-0.983773391044332,0.00156753229551666,0.179408633893799));
#8512=DIRECTION('center_axis',(-0.171087869746028,0.171087869746028,0.970287525247817));
#8513=DIRECTION('ref_axis',(0.,-0.98480775301221,0.173648177666922));
#8514=DIRECTION('',(-0.171087869746036,0.171087869746035,0.970287525247814));
#8515=DIRECTION('center_axis',(-0.170908173586076,0.176943863967969,0.969268417521976));
#8516=DIRECTION('ref_axis',(-0.00150951087837469,-0.983788123704766,0.17932832747328));
#8517=DIRECTION('center_axis',(-0.171087869746039,-0.171087869746002,0.970287525247819));
#8518=DIRECTION('ref_axis',(0.984807753012208,-4.44089209850062E-15,0.173648177666932));
#8519=DIRECTION('center_axis',(-0.170905389989068,-0.177033005603602,0.96925263094801));
#8520=DIRECTION('ref_axis',(0.98480775300719,-7.73603403558802E-12,0.173648177695387));
#8521=DIRECTION('',(0.171087869746036,0.171087869746035,-0.970287525247814));
#8522=DIRECTION('center_axis',(0.,-0.984807753012208,-0.17364817766693));
#8523=DIRECTION('ref_axis',(0.,0.17364817766693,-0.984807753012208));
#8524=DIRECTION('center_axis',(0.,-0.984807753012208,-0.17364817766693));
#8525=DIRECTION('ref_axis',(-0.00619928755239725,0.173644840883886,-0.984788829175196));
#8526=DIRECTION('center_axis',(0.,0.984807753012208,0.17364817766693));
#8527=DIRECTION('ref_axis',(-0.00619928755239725,0.173644840883886,-0.984788829175196));
#8528=DIRECTION('center_axis',(-0.984807753012208,0.,-0.17364817766693));
#8529=DIRECTION('ref_axis',(0.173648177486334,4.56073247372942E-5,-0.984807751987994));
#8530=DIRECTION('center_axis',(0.984807753012208,0.,0.17364817766693));
#8531=DIRECTION('ref_axis',(0.173648177476671,4.68115955881821E-5,-0.984807751933191));
#8532=DIRECTION('center_axis',(-0.984807753012208,0.,-0.17364817766693));
#8533=DIRECTION('ref_axis',(0.173648177476671,4.68115955881822E-5,-0.984807751933191));
#8534=DIRECTION('center_axis',(0.,0.984807753012208,-0.17364817766693));
#8535=DIRECTION('ref_axis',(-0.00603922914420009,-0.173645010964826,-0.984789793752133));
#8536=DIRECTION('center_axis',(0.,-0.984807753012208,0.17364817766693));
#8537=DIRECTION('ref_axis',(-0.00619922681058304,-0.173644840949276,-0.984788829546036));
#8538=DIRECTION('center_axis',(0.,0.984807753012208,-0.17364817766693));
#8539=DIRECTION('ref_axis',(-0.00619922681058305,-0.173644840949276,-0.984788829546036));
#8540=DIRECTION('center_axis',(0.984807753012208,0.,-0.17364817766693));
#8541=DIRECTION('ref_axis',(-0.17364817766693,0.,-0.984807753012208));
#8542=DIRECTION('center_axis',(-0.984807753012208,0.,0.17364817766693));
#8543=DIRECTION('ref_axis',(-0.173648177476176,4.6872340979682E-5,-0.984807751930389));
#8544=DIRECTION('center_axis',(0.984807753012208,0.,-0.17364817766693));
#8545=DIRECTION('ref_axis',(-0.173648177476177,4.6872340979682E-5,-0.984807751930389));
#8546=DIRECTION('center_axis',(0.984807753012208,0.,-0.17364817766693));
#8547=DIRECTION('ref_axis',(-0.173648177476177,4.6872340979682E-5,-0.984807751930389));
#8548=DIRECTION('center_axis',(0.171087869746036,0.171087869746035,0.970287525247814));
#8549=DIRECTION('ref_axis',(-0.686096888803449,-0.686096888803437,0.241954785752365));
#8550=DIRECTION('',(-0.171087869746036,-0.171087869746035,-0.970287525247814));
#8551=DIRECTION('center_axis',(-0.171087869746034,-0.171087869746037,-0.970287525247814));
#8552=DIRECTION('ref_axis',(-0.984807753012208,0.,0.173648177666929));
#8553=DIRECTION('',(0.171087869746036,0.171087869746035,0.970287525247814));
#8554=DIRECTION('center_axis',(-0.984807753012208,0.,0.17364817766693));
#8555=DIRECTION('ref_axis',(0.,-1.,0.));
#8556=DIRECTION('',(0.171087869746036,-0.171087869746035,0.970287525247814));
#8557=DIRECTION('',(0.,1.,0.));
#8558=DIRECTION('center_axis',(0.171087869746036,-0.171087869746035,0.970287525247814));
#8559=DIRECTION('ref_axis',(-0.686096888803436,0.686096888803448,0.241954785752369));
#8560=DIRECTION('',(-0.171087869746036,0.171087869746035,-0.970287525247814));
#8561=DIRECTION('center_axis',(-0.171087869746036,0.171087869746038,-0.970287525247814));
#8562=DIRECTION('ref_axis',(0.,0.984807753012208,0.173648177666932));
#8563=DIRECTION('center_axis',(0.,0.984807753012208,0.17364817766693));
#8564=DIRECTION('ref_axis',(-1.,0.,0.));
#8565=DIRECTION('',(-0.171087869746036,-0.171087869746035,0.970287525247814));
#8566=DIRECTION('',(1.,0.,0.));
#8567=DIRECTION('center_axis',(-0.171087869746036,-0.171087869746035,0.970287525247814));
#8568=DIRECTION('ref_axis',(0.686096888803442,0.686096888803442,0.241954785752367));
#8569=DIRECTION('',(0.171087869746036,0.171087869746035,-0.970287525247814));
#8570=DIRECTION('center_axis',(0.171087869746035,0.171087869746037,-0.970287525247814));
#8571=DIRECTION('ref_axis',(0.984807753012208,0.,0.17364817766693));
#8572=DIRECTION('center_axis',(0.,0.,1.));
#8573=DIRECTION('ref_axis',(1.,0.,0.));
#8574=DIRECTION('center_axis',(-1.22464679914735E-16,1.,0.));
#8575=DIRECTION('ref_axis',(-1.,-1.22464679914735E-16,0.));
#8576=DIRECTION('center_axis',(-1.,0.,0.));
#8577=DIRECTION('ref_axis',(0.,1.,0.));
#8578=DIRECTION('',(0.,1.,0.));
#8579=DIRECTION('',(0.,0.,-1.));
#8580=DIRECTION('',(0.,1.,0.));
#8581=DIRECTION('',(0.,0.,-1.));
#8582=DIRECTION('center_axis',(0.,-1.,0.));
#8583=DIRECTION('ref_axis',(-1.,0.,0.));
#8584=DIRECTION('',(-1.,0.,0.));
#8585=DIRECTION('',(-1.,0.,0.));
#8586=DIRECTION('',(0.,0.,-1.));
#8587=DIRECTION('center_axis',(1.,-4.44089209850062E-16,0.));
#8588=DIRECTION('ref_axis',(-4.44089209850062E-16,-1.,0.));
#8589=DIRECTION('',(-4.44089209850062E-16,-1.,0.));
#8590=DIRECTION('',(-4.44089209850062E-16,-1.,0.));
#8591=DIRECTION('',(0.,0.,-1.));
#8592=DIRECTION('center_axis',(0.,1.,0.));
#8593=DIRECTION('ref_axis',(1.,0.,0.));
#8594=DIRECTION('',(1.,0.,0.));
#8595=DIRECTION('',(1.,0.,0.));
#8596=DIRECTION('center_axis',(0.,0.,-1.));
#8597=DIRECTION('ref_axis',(-1.,0.,0.));
#8598=DIRECTION('center_axis',(0.,0.984807753012208,0.173648177666931));
#8599=DIRECTION('ref_axis',(-1.,0.,0.));
#8600=DIRECTION('',(1.,-2.51728704780911E-31,1.42762442689989E-30));
#8601=DIRECTION('',(-0.171087869746035,-0.171087869746036,0.970287525247814));
#8602=DIRECTION('',(0.171087869746036,-0.171087869746036,0.970287525247814));
#8603=DIRECTION('center_axis',(0.984807753012208,-4.37342496889406E-16,
0.17364817766693));
#8604=DIRECTION('ref_axis',(4.44089209850062E-16,1.,0.));
#8605=DIRECTION('',(-4.44089209850062E-16,-1.,-2.10744558256652E-31));
#8606=DIRECTION('',(-0.171087869746035,0.171087869746036,0.970287525247814));
#8607=DIRECTION('center_axis',(0.,-0.984807753012208,0.17364817766693));
#8608=DIRECTION('ref_axis',(1.,0.,0.));
#8609=DIRECTION('',(-1.,-2.51728704780911E-31,-1.42762442689989E-30));
#8610=DIRECTION('',(0.171087869746036,0.171087869746036,0.970287525247814));
#8611=DIRECTION('center_axis',(-0.984807753012208,0.,0.173648177666931));
#8612=DIRECTION('ref_axis',(0.,-1.,0.));
#8613=DIRECTION('',(3.71599516581346E-32,1.,2.10744558256651E-31));
#8614=DIRECTION('center_axis',(0.984807753012208,0.,-0.17364817766693));
#8615=DIRECTION('ref_axis',(0.,1.,0.));
#8616=DIRECTION('',(0.,-1.,0.));
#8617=DIRECTION('',(0.171087869746035,0.171087869746036,0.970287525247814));
#8618=DIRECTION('',(0.,1.,0.));
#8619=DIRECTION('',(0.171087869746035,-0.171087869746036,0.970287525247814));
#8620=DIRECTION('center_axis',(0.,-0.984807753012208,-0.17364817766693));
#8621=DIRECTION('ref_axis',(1.,0.,0.));
#8622=DIRECTION('',(-1.,0.,0.));
#8623=DIRECTION('',(1.,0.,0.));
#8624=DIRECTION('',(-0.171087869746036,-0.171087869746036,0.970287525247814));
#8625=DIRECTION('center_axis',(-0.984807753012208,0.,-0.173648177666931));
#8626=DIRECTION('ref_axis',(0.,-1.,0.));
#8627=DIRECTION('',(0.,1.,0.));
#8628=DIRECTION('',(0.,-1.,0.));
#8629=DIRECTION('',(-0.171087869746036,0.171087869746036,0.970287525247814));
#8630=DIRECTION('center_axis',(0.,0.984807753012208,-0.17364817766693));
#8631=DIRECTION('ref_axis',(-1.,0.,0.));
#8632=DIRECTION('',(1.,0.,0.));
#8633=DIRECTION('',(-1.,0.,0.));
#8634=DIRECTION('center_axis',(-1.42762442689989E-30,-2.10744558256651E-31,
1.));
#8635=DIRECTION('ref_axis',(1.,0.,1.42762442689989E-30));
#8636=DIRECTION('center_axis',(0.,0.,-1.));
#8637=DIRECTION('ref_axis',(1.,0.,0.));
#8638=DIRECTION('',(-1.,0.,0.));
#8639=DIRECTION('',(0.,1.,0.));
#8640=DIRECTION('',(1.,0.,0.));
#8641=DIRECTION('',(0.,-1.,0.));
#8642=DIRECTION('center_axis',(0.300068120875802,0.300068120875788,-0.905493371410381));
#8643=DIRECTION('ref_axis',(-0.640280503243768,-0.640280503243736,-0.424360406178353));
#8644=DIRECTION('center_axis',(-4.50940001733066E-15,-1.,0.));
#8645=DIRECTION('ref_axis',(0.,0.,-1.));
#8646=DIRECTION('center_axis',(-1.,3.13219638152283E-15,1.77635683940026E-14));
#8647=DIRECTION('ref_axis',(0.,-0.984807753012208,0.173648177666932));
#8648=DIRECTION('center_axis',(-0.768141183094573,-0.533702829449249,0.353723638836784));
#8649=DIRECTION('ref_axis',(-0.640280503243745,0.640280503243749,-0.424360406178366));
#8650=DIRECTION('center_axis',(-1.,0.,0.));
#8651=DIRECTION('ref_axis',(0.,0.,-1.));
#8652=DIRECTION('center_axis',(0.,1.,0.));
#8653=DIRECTION('ref_axis',(-0.984807753012208,0.,0.173648177666932));
#8654=DIRECTION('center_axis',(-0.300068120875804,0.300068120875793,-0.905493371410379));
#8655=DIRECTION('ref_axis',(0.640280503243755,-0.640280503243741,-0.424360406178364));
#8656=DIRECTION('center_axis',(1.,0.,0.));
#8657=DIRECTION('ref_axis',(0.,0.,-1.));
#8658=DIRECTION('center_axis',(0.,-1.,0.));
#8659=DIRECTION('ref_axis',(0.984807753012208,0.,0.173648177666932));
#8660=DIRECTION('center_axis',(0.171087869746036,-0.171087869746038,-0.970287525247814));
#8661=DIRECTION('ref_axis',(0.,-0.984807753012208,0.173648177666932));
#8662=DIRECTION('center_axis',(-0.300068120875805,-0.30006812087578,-0.905493371410383));
#8663=DIRECTION('ref_axis',(0.640280503243773,0.640280503243731,-0.424360406178352));
#8664=DIRECTION('center_axis',(4.50940001733066E-15,1.,0.));
#8665=DIRECTION('ref_axis',(0.,0.,-1.));
#8666=DIRECTION('center_axis',(1.,-3.13219638152283E-15,1.77635683940026E-14));
#8667=DIRECTION('ref_axis',(0.,0.984807753012208,0.173648177666932));
#8668=DIRECTION('center_axis',(-1.,0.,0.));
#8669=DIRECTION('ref_axis',(0.,0.766044443118974,-0.642787609686544));
#8670=DIRECTION('center_axis',(-0.171087869746036,0.171087869746035,0.970287525247814));
#8671=DIRECTION('ref_axis',(0.686096888803442,-0.686096888803442,0.241954785752367));
#8672=DIRECTION('',(0.171087869746036,-0.171087869746035,-0.970287525247814));
#8673=DIRECTION('',(-0.171087869746036,0.171087869746035,0.970287525247814));
#8674=DIRECTION('center_axis',(0.,1.,0.));
#8675=DIRECTION('ref_axis',(0.766044443118977,0.,-0.642787609686541));
#8676=DIRECTION('',(0.,-1.,0.));
#8677=DIRECTION('center_axis',(1.,0.,0.));
#8678=DIRECTION('ref_axis',(0.,-0.766044443118974,-0.642787609686544));
#8679=DIRECTION('',(-1.,0.,0.));
#8680=DIRECTION('center_axis',(0.,-1.,0.));
#8681=DIRECTION('ref_axis',(-0.766044443118983,0.,-0.642787609686534));
#8682=DIRECTION('center_axis',(0.,-0.984807753012208,0.17364817766693));
#8683=DIRECTION('ref_axis',(1.,0.,0.));
#8684=DIRECTION('center_axis',(0.984807753012208,0.,0.17364817766693));
#8685=DIRECTION('ref_axis',(0.,1.,0.));
#8686=DIRECTION('',(0.,0.,1.));
#8687=DIRECTION('',(1.,0.,0.));
#8688=DIRECTION('',(0.,0.,1.));
#8689=DIRECTION('',(1.,0.,0.));
#8690=CARTESIAN_POINT('',(0.,0.,0.));
#8691=CARTESIAN_POINT('',(0.,0.,0.));
#8692=CARTESIAN_POINT('Origin',(-32.9,13.7,0.));
#8693=CARTESIAN_POINT('',(-38.9,13.7,13.));
#8694=CARTESIAN_POINT('',(-32.9,19.7,13.));
#8695=CARTESIAN_POINT('Origin',(-32.9,13.7,13.));
#8696=CARTESIAN_POINT('',(-32.9,19.7,0.));
#8697=CARTESIAN_POINT('',(-32.9,19.7,0.));
#8698=CARTESIAN_POINT('',(-38.9,13.7,0.));
#8699=CARTESIAN_POINT('Origin',(-32.9,13.7,0.));
#8700=CARTESIAN_POINT('',(-38.9,13.7,0.));
#8701=CARTESIAN_POINT('Origin',(38.9,19.7,0.));
#8702=CARTESIAN_POINT('',(32.9,19.7,13.));
#8703=CARTESIAN_POINT('',(38.9,19.7,13.));
#8704=CARTESIAN_POINT('',(32.9,19.7,0.));
#8705=CARTESIAN_POINT('',(32.9,19.7,0.));
#8706=CARTESIAN_POINT('',(38.9,19.7,0.));
#8707=CARTESIAN_POINT('Origin',(-8.88178419700125E-15,-2.22044604925031E-15,
13.));
#8708=CARTESIAN_POINT('',(-38.9,7.5,13.));
#8709=CARTESIAN_POINT('',(-38.9,19.7,13.));
#8710=CARTESIAN_POINT('',(-28.9,7.5,13.));
#8711=CARTESIAN_POINT('',(-19.45,7.5,13.));
#8712=CARTESIAN_POINT('',(-28.9,9.7,13.));
#8713=CARTESIAN_POINT('',(-28.9,9.7,13.));
#8714=CARTESIAN_POINT('',(28.9,9.7,13.));
#8715=CARTESIAN_POINT('',(28.9,9.7,13.));
#8716=CARTESIAN_POINT('',(28.9,-9.7,13.));
#8717=CARTESIAN_POINT('',(28.9,-9.7,13.));
#8718=CARTESIAN_POINT('',(-28.9,-9.7,13.));
#8719=CARTESIAN_POINT('',(-28.9,-9.7,13.));
#8720=CARTESIAN_POINT('',(-28.9,-7.5,13.));
#8721=CARTESIAN_POINT('',(-28.9,9.7,13.));
#8722=CARTESIAN_POINT('',(-38.9,-7.5,13.));
#8723=CARTESIAN_POINT('',(-19.45,-7.5,13.));
#8724=CARTESIAN_POINT('',(-38.9,-13.7,13.));
#8725=CARTESIAN_POINT('',(-38.9,19.7,13.));
#8726=CARTESIAN_POINT('',(-32.9,-19.7,13.));
#8727=CARTESIAN_POINT('Origin',(-32.9,-13.7,13.));
#8728=CARTESIAN_POINT('',(32.9,-19.7,13.));
#8729=CARTESIAN_POINT('',(-38.9,-19.7,13.));
#8730=CARTESIAN_POINT('',(38.9,-13.7,13.));
#8731=CARTESIAN_POINT('Origin',(32.9,-13.7,13.));
#8732=CARTESIAN_POINT('',(38.9,13.7,13.));
#8733=CARTESIAN_POINT('',(38.9,-19.7,13.));
#8734=CARTESIAN_POINT('Origin',(32.9,13.7,13.));
#8735=CARTESIAN_POINT('',(32.45,-14.7,13.));
#8736=CARTESIAN_POINT('Origin',(33.9,-14.7,13.));
#8737=CARTESIAN_POINT('',(-35.35,14.7,13.));
#8738=CARTESIAN_POINT('Origin',(-33.9,14.7,13.));
#8739=CARTESIAN_POINT('',(32.45,14.7,13.));
#8740=CARTESIAN_POINT('Origin',(33.9,14.7,13.));
#8741=CARTESIAN_POINT('',(-35.35,-14.7,13.));
#8742=CARTESIAN_POINT('Origin',(-33.9,-14.7,13.));
#8743=CARTESIAN_POINT('Origin',(32.9,13.7,0.));
#8744=CARTESIAN_POINT('',(38.9,13.7,0.));
#8745=CARTESIAN_POINT('',(38.9,13.7,0.));
#8746=CARTESIAN_POINT('Origin',(32.9,13.7,0.));
#8747=CARTESIAN_POINT('Origin',(38.9,-19.7,0.));
#8748=CARTESIAN_POINT('',(38.9,-13.7,0.));
#8749=CARTESIAN_POINT('',(38.9,-13.7,0.));
#8750=CARTESIAN_POINT('',(38.9,-19.7,0.));
#8751=CARTESIAN_POINT('Origin',(-32.9,-13.7,0.));
#8752=CARTESIAN_POINT('',(-38.9,-13.7,0.));
#8753=CARTESIAN_POINT('',(-38.9,-13.7,0.));
#8754=CARTESIAN_POINT('',(-32.9,-19.7,0.));
#8755=CARTESIAN_POINT('Origin',(-32.9,-13.7,0.));
#8756=CARTESIAN_POINT('',(-32.9,-19.7,0.));
#8757=CARTESIAN_POINT('Origin',(-38.9,-19.7,0.));
#8758=CARTESIAN_POINT('',(32.9,-19.7,0.));
#8759=CARTESIAN_POINT('',(-38.9,-19.7,0.));
#8760=CARTESIAN_POINT('',(32.9,-19.7,0.));
#8761=CARTESIAN_POINT('Origin',(32.9,-13.7,0.));
#8762=CARTESIAN_POINT('Origin',(32.9,-13.7,0.));
#8763=CARTESIAN_POINT('Origin',(-38.9,7.5,6.));
#8764=CARTESIAN_POINT('',(-38.9,7.5,6.));
#8765=CARTESIAN_POINT('',(-38.9,7.5,3.));
#8766=CARTESIAN_POINT('',(-28.9,7.5,6.));
#8767=CARTESIAN_POINT('',(-38.9,7.5,6.));
#8768=CARTESIAN_POINT('',(-28.9,7.5,3.));
#8769=CARTESIAN_POINT('Origin',(-38.9,-7.5,6.));
#8770=CARTESIAN_POINT('',(-38.9,-7.5,6.));
#8771=CARTESIAN_POINT('',(-38.9,6.1,6.));
#8772=CARTESIAN_POINT('',(-28.9,-7.5,6.));
#8773=CARTESIAN_POINT('',(-38.9,-7.5,6.));
#8774=CARTESIAN_POINT('',(-28.9,-8.6,6.));
#8775=CARTESIAN_POINT('Origin',(-38.9,-7.5,13.));
#8776=CARTESIAN_POINT('',(-38.9,-7.5,6.49999999999999));
#8777=CARTESIAN_POINT('',(-28.9,-7.5,6.5));
#8778=CARTESIAN_POINT('Origin',(-38.9,19.7,0.));
#8779=CARTESIAN_POINT('',(-38.9,19.7,0.));
#8780=CARTESIAN_POINT('Origin',(-28.9,-9.7,0.));
#8781=CARTESIAN_POINT('',(-28.9,-9.7,3.));
#8782=CARTESIAN_POINT('',(-28.9,-9.7,0.));
#8783=CARTESIAN_POINT('',(-28.9,9.7,3.));
#8784=CARTESIAN_POINT('',(-28.9,-4.85,3.));
#8785=CARTESIAN_POINT('',(-28.9,9.7,0.));
#8786=CARTESIAN_POINT('Origin',(-28.9,9.7,0.));
#8787=CARTESIAN_POINT('',(28.9,9.7,3.));
#8788=CARTESIAN_POINT('',(-14.45,9.7,3.));
#8789=CARTESIAN_POINT('',(28.9,9.7,0.));
#8790=CARTESIAN_POINT('Origin',(28.9,-9.7,0.));
#8791=CARTESIAN_POINT('',(28.9,-9.7,3.));
#8792=CARTESIAN_POINT('',(14.45,-9.7,3.));
#8793=CARTESIAN_POINT('',(28.9,-9.7,0.));
#8794=CARTESIAN_POINT('Origin',(28.9,9.7,0.));
#8795=CARTESIAN_POINT('',(28.9,4.85,3.));
#8796=CARTESIAN_POINT('Origin',(-33.9,14.7,0.));
#8797=CARTESIAN_POINT('',(-35.35,14.7,0.));
#8798=CARTESIAN_POINT('',(-35.35,14.7,0.));
#8799=CARTESIAN_POINT('Origin',(-33.9,14.7,0.));
#8800=CARTESIAN_POINT('Origin',(33.9,-14.7,0.));
#8801=CARTESIAN_POINT('',(32.45,-14.7,0.));
#8802=CARTESIAN_POINT('',(32.45,-14.7,0.));
#8803=CARTESIAN_POINT('Origin',(33.9,-14.7,0.));
#8804=CARTESIAN_POINT('Origin',(-33.9,-14.7,0.));
#8805=CARTESIAN_POINT('',(-35.35,-14.7,0.));
#8806=CARTESIAN_POINT('',(-35.35,-14.7,0.));
#8807=CARTESIAN_POINT('Origin',(-33.9,-14.7,0.));
#8808=CARTESIAN_POINT('Origin',(33.9,14.7,0.));
#8809=CARTESIAN_POINT('',(32.45,14.7,0.));
#8810=CARTESIAN_POINT('',(32.45,14.7,0.));
#8811=CARTESIAN_POINT('Origin',(33.9,14.7,0.));
#8812=CARTESIAN_POINT('Origin',(-8.88178419700125E-15,-2.22044604925031E-15,
3.));
#8813=CARTESIAN_POINT('Origin',(-8.88178419700125E-15,-2.22044604925031E-15,
0.));
#8814=CARTESIAN_POINT('',(0.,0.,0.));
#8815=CARTESIAN_POINT('Origin',(22.4400708513928,-12.5703883632409,16.));
#8816=CARTESIAN_POINT('',(25.8302480416966,-12.5703883632409,16.));
#8817=CARTESIAN_POINT('',(22.4400708513928,-12.5703883632409,16.));
#8818=CARTESIAN_POINT('',(11.2200354256964,-12.5703883632409,16.));
#8819=CARTESIAN_POINT('',(25.8302480416966,-12.5703883632409,18.));
#8820=CARTESIAN_POINT('',(25.8302480416966,-12.5703883632409,16.));
#8821=CARTESIAN_POINT('',(22.4400708513928,-12.5703883632409,18.));
#8822=CARTESIAN_POINT('',(25.8302480416966,-12.5703883632409,18.));
#8823=CARTESIAN_POINT('',(22.4400708513928,-12.5703883632409,16.));
#8824=CARTESIAN_POINT('Origin',(23.4837267237378,-15.3398293718087,16.));
#8825=CARTESIAN_POINT('',(23.4837267237378,-15.3398293718087,16.));
#8826=CARTESIAN_POINT('',(19.492626491225,-4.74906191089232,16.));
#8827=CARTESIAN_POINT('',(23.4837267237378,-15.3398293718087,18.));
#8828=CARTESIAN_POINT('',(22.4400708513928,-12.5703883632409,18.));
#8829=CARTESIAN_POINT('',(23.4837267237378,-15.3398293718087,16.));
#8830=CARTESIAN_POINT('Ctrl Pts',(24.1931403117848,-17.4134988054024,16.));
#8831=CARTESIAN_POINT('Ctrl Pts',(24.1931403117848,-17.4134988054024,18.));
#8832=CARTESIAN_POINT('Ctrl Pts',(24.0980797898144,-17.104483667151,16.));
#8833=CARTESIAN_POINT('Ctrl Pts',(24.0980797898144,-17.104483667151,18.));
#8834=CARTESIAN_POINT('Ctrl Pts',(23.8831888528355,-16.405933404402,16.));
#8835=CARTESIAN_POINT('Ctrl Pts',(23.8831888528355,-16.405933404402,18.));
#8836=CARTESIAN_POINT('Ctrl Pts',(23.6267343700255,-15.7214951601109,16.));
#8837=CARTESIAN_POINT('Ctrl Pts',(23.6267343700255,-15.7214951601109,18.));
#8838=CARTESIAN_POINT('Ctrl Pts',(23.4837267237378,-15.3398293718087,16.));
#8839=CARTESIAN_POINT('Ctrl Pts',(23.4837267237378,-15.3398293718087,18.));
#8840=CARTESIAN_POINT('',(24.1931403117848,-17.4134988054024,16.));
#8841=CARTESIAN_POINT('Ctrl Pts',(23.4837267237378,-15.3398293718087,16.));
#8842=CARTESIAN_POINT('Ctrl Pts',(23.6267343700255,-15.7214951601109,16.));
#8843=CARTESIAN_POINT('Ctrl Pts',(23.8831888528355,-16.405933404402,16.));
#8844=CARTESIAN_POINT('Ctrl Pts',(24.0980797898144,-17.104483667151,16.));
#8845=CARTESIAN_POINT('Ctrl Pts',(24.1931403117848,-17.4134988054024,16.));
#8846=CARTESIAN_POINT('',(24.1931403117848,-17.4134988054024,18.));
#8847=CARTESIAN_POINT('Ctrl Pts',(24.1931403117848,-17.4134988054024,18.));
#8848=CARTESIAN_POINT('Ctrl Pts',(24.0980797898144,-17.104483667151,18.));
#8849=CARTESIAN_POINT('Ctrl Pts',(23.8831888528355,-16.405933404402,18.));
#8850=CARTESIAN_POINT('Ctrl Pts',(23.6267343700255,-15.7214951601109,18.));
#8851=CARTESIAN_POINT('Ctrl Pts',(23.4837267237378,-15.3398293718087,18.));
#8852=CARTESIAN_POINT('',(24.1931403117848,-17.4134988054024,16.));
#8853=CARTESIAN_POINT('Ctrl Pts',(24.732021732874,-15.5035400851952,16.));
#8854=CARTESIAN_POINT('Ctrl Pts',(24.732021732874,-15.5035400851952,18.));
#8855=CARTESIAN_POINT('Ctrl Pts',(24.6228371608471,-15.8189550396491,16.));
#8856=CARTESIAN_POINT('Ctrl Pts',(24.6228371608471,-15.8189550396491,18.));
#8857=CARTESIAN_POINT('Ctrl Pts',(24.406075161109,-16.4451421923344,16.));
#8858=CARTESIAN_POINT('Ctrl Pts',(24.406075161109,-16.4451421923344,18.));
#8859=CARTESIAN_POINT('Ctrl Pts',(24.2637668882097,-17.0923127123018,16.));
#8860=CARTESIAN_POINT('Ctrl Pts',(24.2637668882097,-17.0923127123018,18.));
#8861=CARTESIAN_POINT('Ctrl Pts',(24.1931403117848,-17.4134988054024,16.));
#8862=CARTESIAN_POINT('Ctrl Pts',(24.1931403117848,-17.4134988054024,18.));
#8863=CARTESIAN_POINT('',(24.732021732874,-15.5035400851952,16.));
#8864=CARTESIAN_POINT('Ctrl Pts',(24.1931403117848,-17.4134988054024,16.));
#8865=CARTESIAN_POINT('Ctrl Pts',(24.2637668882097,-17.0923127123018,16.));
#8866=CARTESIAN_POINT('Ctrl Pts',(24.406075161109,-16.4451421923344,16.));
#8867=CARTESIAN_POINT('Ctrl Pts',(24.6228371608471,-15.8189550396491,16.));
#8868=CARTESIAN_POINT('Ctrl Pts',(24.732021732874,-15.5035400851952,16.));
#8869=CARTESIAN_POINT('',(24.732021732874,-15.5035400851952,18.));
#8870=CARTESIAN_POINT('Ctrl Pts',(24.732021732874,-15.5035400851952,18.));
#8871=CARTESIAN_POINT('Ctrl Pts',(24.6228371608471,-15.8189550396491,18.));
#8872=CARTESIAN_POINT('Ctrl Pts',(24.406075161109,-16.4451421923344,18.));
#8873=CARTESIAN_POINT('Ctrl Pts',(24.2637668882097,-17.0923127123018,18.));
#8874=CARTESIAN_POINT('Ctrl Pts',(24.1931403117848,-17.4134988054024,18.));
#8875=CARTESIAN_POINT('',(24.732021732874,-15.5035400851952,16.));
#8876=CARTESIAN_POINT('Origin',(25.8302480416966,-12.5703883632409,16.));
#8877=CARTESIAN_POINT('',(26.3062496081371,-11.299079523668,16.));
#8878=CARTESIAN_POINT('',(24.732021732874,-15.5035400851952,18.));
#8879=CARTESIAN_POINT('Origin',(24.875268681593,-18.463976429342,16.));
#8880=CARTESIAN_POINT('',(28.7156505665404,-8.46397642934196,16.));
#8881=CARTESIAN_POINT('',(24.875268681593,-18.463976429342,16.));
#8882=CARTESIAN_POINT('',(26.3664140384567,-14.5811715377027,16.));
#8883=CARTESIAN_POINT('',(28.7156505665404,-8.46397642934196,18.));
#8884=CARTESIAN_POINT('',(28.7156505665404,-8.46397642934196,16.));
#8885=CARTESIAN_POINT('',(24.875268681593,-18.463976429342,18.));
#8886=CARTESIAN_POINT('',(28.7156505665404,-8.46397642934196,18.));
#8887=CARTESIAN_POINT('',(24.875268681593,-18.463976429342,16.));
#8888=CARTESIAN_POINT('Origin',(23.4496203499509,-18.463976429342,16.));
#8889=CARTESIAN_POINT('',(23.4496203499509,-18.463976429342,16.));
#8890=CARTESIAN_POINT('',(11.7248101749754,-18.463976429342,16.));
#8891=CARTESIAN_POINT('',(23.4496203499509,-18.463976429342,18.));
#8892=CARTESIAN_POINT('',(24.875268681593,-18.463976429342,18.));
#8893=CARTESIAN_POINT('',(23.4496203499509,-18.463976429342,16.));
#8894=CARTESIAN_POINT('Origin',(19.3568513231946,-8.46397642934196,16.));
#8895=CARTESIAN_POINT('',(19.3568513231946,-8.46397642934196,16.));
#8896=CARTESIAN_POINT('',(16.4846946299617,-1.44633953252154,16.));
#8897=CARTESIAN_POINT('',(19.3568513231946,-8.46397642934196,18.));
#8898=CARTESIAN_POINT('',(23.4496203499509,-18.463976429342,18.));
#8899=CARTESIAN_POINT('',(19.3568513231946,-8.46397642934196,16.));
#8900=CARTESIAN_POINT('Origin',(20.8643547135068,-8.46397642934196,16.));
#8901=CARTESIAN_POINT('',(20.8643547135068,-8.46397642934196,16.));
#8902=CARTESIAN_POINT('',(10.4321773567534,-8.46397642934196,16.));
#8903=CARTESIAN_POINT('',(20.8643547135068,-8.46397642934196,18.));
#8904=CARTESIAN_POINT('',(19.3568513231946,-8.46397642934196,18.));
#8905=CARTESIAN_POINT('',(20.8643547135068,-8.46397642934196,16.));
#8906=CARTESIAN_POINT('Origin',(22.0307937699033,-11.4926255210625,16.));
#8907=CARTESIAN_POINT('',(22.0307937699033,-11.4926255210625,16.));
#8908=CARTESIAN_POINT('',(18.6806999939462,-2.79413551758457,16.));
#8909=CARTESIAN_POINT('',(22.0307937699033,-11.4926255210625,18.));
#8910=CARTESIAN_POINT('',(20.8643547135068,-8.46397642934196,18.));
#8911=CARTESIAN_POINT('',(22.0307937699033,-11.4926255210625,16.));
#8912=CARTESIAN_POINT('Origin',(26.2122399049474,-11.4926255210625,16.));
#8913=CARTESIAN_POINT('',(26.2122399049474,-11.4926255210625,16.));
#8914=CARTESIAN_POINT('',(13.1061199524737,-11.4926255210625,16.));
#8915=CARTESIAN_POINT('',(26.2122399049474,-11.4926255210625,18.));
#8916=CARTESIAN_POINT('',(22.0307937699033,-11.4926255210625,18.));
#8917=CARTESIAN_POINT('',(26.2122399049474,-11.4926255210625,16.));
#8918=CARTESIAN_POINT('Origin',(27.3104663627816,-8.46397642934196,16.));
#8919=CARTESIAN_POINT('',(27.3104663627816,-8.46397642934196,16.));
#8920=CARTESIAN_POINT('',(27.0798621276966,-9.09992842462934,16.));
#8921=CARTESIAN_POINT('',(27.3104663627816,-8.46397642934196,18.));
#8922=CARTESIAN_POINT('',(26.2122399049474,-11.4926255210625,18.));
#8923=CARTESIAN_POINT('',(27.3104663627816,-8.46397642934196,16.));
#8924=CARTESIAN_POINT('Origin',(28.7156505665404,-8.46397642934196,16.));
#8925=CARTESIAN_POINT('',(14.3578252832702,-8.46397642934196,16.));
#8926=CARTESIAN_POINT('',(27.3104663627816,-8.46397642934196,18.));
#8927=CARTESIAN_POINT('Origin',(-0.0428766648622592,-13.4639758332955,18.));
#8928=CARTESIAN_POINT('Origin',(-1.33226762955019E-14,-2.22044604925031E-15,
16.));
#8929=CARTESIAN_POINT('Origin',(11.4373425083829,-18.463976429342,16.));
#8930=CARTESIAN_POINT('',(8.78386293227203,-8.46397642934196,16.));
#8931=CARTESIAN_POINT('',(11.4373425083829,-18.463976429342,16.));
#8932=CARTESIAN_POINT('',(8.77262576303191,-8.421627623113,16.));
#8933=CARTESIAN_POINT('',(8.78386293227203,-8.46397642934196,18.));
#8934=CARTESIAN_POINT('',(8.78386293227203,-8.46397642934196,16.));
#8935=CARTESIAN_POINT('',(11.4373425083829,-18.463976429342,18.));
#8936=CARTESIAN_POINT('',(8.78386293227203,-8.46397642934196,18.));
#8937=CARTESIAN_POINT('',(11.4373425083829,-18.463976429342,16.));
#8938=CARTESIAN_POINT('Origin',(10.0799063282681,-18.463976429342,16.));
#8939=CARTESIAN_POINT('',(10.0799063282681,-18.463976429342,16.));
#8940=CARTESIAN_POINT('',(5.03995316413406,-18.463976429342,16.));
#8941=CARTESIAN_POINT('',(10.0799063282681,-18.463976429342,18.));
#8942=CARTESIAN_POINT('',(11.4373425083829,-18.463976429342,18.));
#8943=CARTESIAN_POINT('',(10.0799063282681,-18.463976429342,16.));
#8944=CARTESIAN_POINT('Origin',(8.55876122290619,-11.9087243541466,16.));
#8945=CARTESIAN_POINT('',(8.55876122290619,-11.9087243541466,16.));
#8946=CARTESIAN_POINT('',(7.02899375970035,-5.31631492364706,16.));
#8947=CARTESIAN_POINT('',(8.55876122290619,-11.9087243541466,18.));
#8948=CARTESIAN_POINT('',(10.0799063282681,-18.463976429342,18.));
#8949=CARTESIAN_POINT('',(8.55876122290619,-11.9087243541466,16.));
#8950=CARTESIAN_POINT('Ctrl Pts',(8.13584242636688,-9.86233954274528,16.));
#8951=CARTESIAN_POINT('Ctrl Pts',(8.13584242636688,-9.86233954274528,18.));
#8952=CARTESIAN_POINT('Ctrl Pts',(8.19806521950435,-10.2027996211546,16.));
#8953=CARTESIAN_POINT('Ctrl Pts',(8.19806521950435,-10.2027996211546,18.));
#8954=CARTESIAN_POINT('Ctrl Pts',(8.3233248048621,-10.8881736794713,16.));
#8955=CARTESIAN_POINT('Ctrl Pts',(8.3233248048621,-10.8881736794713,18.));
#8956=CARTESIAN_POINT('Ctrl Pts',(8.47994315557941,-11.5670701935236,16.));
#8957=CARTESIAN_POINT('Ctrl Pts',(8.47994315557941,-11.5670701935236,18.));
#8958=CARTESIAN_POINT('Ctrl Pts',(8.55876122290619,-11.9087243541466,16.));
#8959=CARTESIAN_POINT('Ctrl Pts',(8.55876122290619,-11.9087243541466,18.));
#8960=CARTESIAN_POINT('',(8.13584242636688,-9.86233954274528,16.));
#8961=CARTESIAN_POINT('Ctrl Pts',(8.55876122290619,-11.9087243541466,16.));
#8962=CARTESIAN_POINT('Ctrl Pts',(8.47994315557941,-11.5670701935236,16.));
#8963=CARTESIAN_POINT('Ctrl Pts',(8.3233248048621,-10.8881736794713,16.));
#8964=CARTESIAN_POINT('Ctrl Pts',(8.19806521950435,-10.2027996211546,16.));
#8965=CARTESIAN_POINT('Ctrl Pts',(8.13584242636688,-9.86233954274528,16.));
#8966=CARTESIAN_POINT('',(8.13584242636688,-9.86233954274528,18.));
#8967=CARTESIAN_POINT('Ctrl Pts',(8.13584242636688,-9.86233954274528,18.));
#8968=CARTESIAN_POINT('Ctrl Pts',(8.19806521950435,-10.2027996211546,18.));
#8969=CARTESIAN_POINT('Ctrl Pts',(8.3233248048621,-10.8881736794713,18.));
#8970=CARTESIAN_POINT('Ctrl Pts',(8.47994315557941,-11.5670701935236,18.));
#8971=CARTESIAN_POINT('Ctrl Pts',(8.55876122290619,-11.9087243541466,18.));
#8972=CARTESIAN_POINT('',(8.13584242636688,-9.86233954274528,16.));
#8973=CARTESIAN_POINT('Ctrl Pts',(7.6856366234494,-11.7109072669732,16.));
#8974=CARTESIAN_POINT('Ctrl Pts',(7.6856366234494,-11.7109072669732,18.));
#8975=CARTESIAN_POINT('Ctrl Pts',(7.73482954806172,-11.5160076333496,16.));
#8976=CARTESIAN_POINT('Ctrl Pts',(7.73482954806172,-11.5160076333496,18.));
#8977=CARTESIAN_POINT('Ctrl Pts',(7.8900380753166,-10.9010800734286,16.));
#8978=CARTESIAN_POINT('Ctrl Pts',(7.8900380753166,-10.9010800734286,18.));
#8979=CARTESIAN_POINT('Ctrl Pts',(8.03608481048741,-10.2839035973098,16.));
#8980=CARTESIAN_POINT('Ctrl Pts',(8.03608481048741,-10.2839035973098,18.));
#8981=CARTESIAN_POINT('Ctrl Pts',(8.13584242636688,-9.86233954274528,16.));
#8982=CARTESIAN_POINT('Ctrl Pts',(8.13584242636688,-9.86233954274528,18.));
#8983=CARTESIAN_POINT('',(7.6856366234494,-11.7109072669732,16.));
#8984=CARTESIAN_POINT('Ctrl Pts',(8.13584242636688,-9.86233954274528,16.));
#8985=CARTESIAN_POINT('Ctrl Pts',(8.03608481048741,-10.2839035973098,16.));
#8986=CARTESIAN_POINT('Ctrl Pts',(7.8900380753166,-10.9010800734286,16.));
#8987=CARTESIAN_POINT('Ctrl Pts',(7.73482954806172,-11.5160076333496,16.));
#8988=CARTESIAN_POINT('Ctrl Pts',(7.6856366234494,-11.7109072669732,16.));
#8989=CARTESIAN_POINT('',(7.6856366234494,-11.7109072669732,18.));
#8990=CARTESIAN_POINT('Ctrl Pts',(7.6856366234494,-11.7109072669732,18.));
#8991=CARTESIAN_POINT('Ctrl Pts',(7.73482954806172,-11.5160076333496,18.));
#8992=CARTESIAN_POINT('Ctrl Pts',(7.8900380753166,-10.9010800734286,18.));
#8993=CARTESIAN_POINT('Ctrl Pts',(8.03608481048741,-10.2839035973098,18.));
#8994=CARTESIAN_POINT('Ctrl Pts',(8.13584242636688,-9.86233954274528,18.));
#8995=CARTESIAN_POINT('',(7.6856366234494,-11.7109072669732,16.));
#8996=CARTESIAN_POINT('Origin',(5.78249846274383,-18.463976429342,16.));
#8997=CARTESIAN_POINT('',(5.78249846274383,-18.463976429342,16.));
#8998=CARTESIAN_POINT('',(7.98007865272475,-10.6661132372704,16.));
#8999=CARTESIAN_POINT('',(5.78249846274383,-18.463976429342,18.));
#9000=CARTESIAN_POINT('',(7.6856366234494,-11.7109072669732,18.));
#9001=CARTESIAN_POINT('',(5.78249846274383,-18.463976429342,16.));
#9002=CARTESIAN_POINT('Origin',(4.18631945425995,-18.463976429342,16.));
#9003=CARTESIAN_POINT('',(4.18631945425995,-18.463976429342,16.));
#9004=CARTESIAN_POINT('',(2.09315972712997,-18.463976429342,16.));
#9005=CARTESIAN_POINT('',(4.18631945425995,-18.463976429342,18.));
#9006=CARTESIAN_POINT('',(5.78249846274383,-18.463976429342,18.));
#9007=CARTESIAN_POINT('',(4.18631945425995,-18.463976429342,16.));
#9008=CARTESIAN_POINT('Origin',(2.75385056311615,-13.4025848373162,16.));
#9009=CARTESIAN_POINT('',(2.75385056311615,-13.4025848373162,16.));
#9010=CARTESIAN_POINT('',(0.89579712330282,-6.83746072471049,16.));
#9011=CARTESIAN_POINT('',(2.75385056311615,-13.4025848373162,18.));
#9012=CARTESIAN_POINT('',(4.18631945425995,-18.463976429342,18.));
#9013=CARTESIAN_POINT('',(2.75385056311615,-13.4025848373162,16.));
#9014=CARTESIAN_POINT('Ctrl Pts',(1.9762221413327,-9.86233954274528,16.));
#9015=CARTESIAN_POINT('Ctrl Pts',(1.9762221413327,-9.86233954274528,18.));
#9016=CARTESIAN_POINT('Ctrl Pts',(2.07159821569377,-10.4356335069277,16.));
#9017=CARTESIAN_POINT('Ctrl Pts',(2.07159821569377,-10.4356335069277,18.));
#9018=CARTESIAN_POINT('Ctrl Pts',(2.2701260235044,-11.6289599748355,16.));
#9019=CARTESIAN_POINT('Ctrl Pts',(2.2701260235044,-11.6289599748355,18.));
#9020=CARTESIAN_POINT('Ctrl Pts',(2.58845311997296,-12.7961384131076,16.));
#9021=CARTESIAN_POINT('Ctrl Pts',(2.58845311997296,-12.7961384131076,18.));
#9022=CARTESIAN_POINT('Ctrl Pts',(2.75385056311615,-13.4025848373162,16.));
#9023=CARTESIAN_POINT('Ctrl Pts',(2.75385056311615,-13.4025848373162,18.));
#9024=CARTESIAN_POINT('',(1.9762221413327,-9.86233954274528,16.));
#9025=CARTESIAN_POINT('Ctrl Pts',(2.75385056311615,-13.4025848373162,16.));
#9026=CARTESIAN_POINT('Ctrl Pts',(2.58845311997296,-12.7961384131076,16.));
#9027=CARTESIAN_POINT('Ctrl Pts',(2.2701260235044,-11.6289599748355,16.));
#9028=CARTESIAN_POINT('Ctrl Pts',(2.07159821569377,-10.4356335069277,16.));
#9029=CARTESIAN_POINT('Ctrl Pts',(1.9762221413327,-9.86233954274528,16.));
#9030=CARTESIAN_POINT('',(1.9762221413327,-9.86233954274528,18.));
#9031=CARTESIAN_POINT('Ctrl Pts',(1.9762221413327,-9.86233954274528,18.));
#9032=CARTESIAN_POINT('Ctrl Pts',(2.07159821569377,-10.4356335069277,18.));
#9033=CARTESIAN_POINT('Ctrl Pts',(2.2701260235044,-11.6289599748355,18.));
#9034=CARTESIAN_POINT('Ctrl Pts',(2.58845311997296,-12.7961384131076,18.));
#9035=CARTESIAN_POINT('Ctrl Pts',(2.75385056311615,-13.4025848373162,18.));
#9036=CARTESIAN_POINT('',(1.9762221413327,-9.86233954274528,16.));
#9037=CARTESIAN_POINT('Ctrl Pts',(1.47827063376434,-12.0383286937463,16.));
#9038=CARTESIAN_POINT('Ctrl Pts',(1.47827063376434,-12.0383286937463,18.));
#9039=CARTESIAN_POINT('Ctrl Pts',(1.57327922759676,-11.6528945428178,16.));
#9040=CARTESIAN_POINT('Ctrl Pts',(1.57327922759676,-11.6528945428178,18.));
#9041=CARTESIAN_POINT('Ctrl Pts',(1.75138962123682,-10.9303301349571,16.));
#9042=CARTESIAN_POINT('Ctrl Pts',(1.75138962123682,-10.9303301349571,18.));
#9043=CARTESIAN_POINT('Ctrl Pts',(1.90469413634699,-10.2021090581688,16.));
#9044=CARTESIAN_POINT('Ctrl Pts',(1.90469413634699,-10.2021090581688,18.));
#9045=CARTESIAN_POINT('Ctrl Pts',(1.9762221413327,-9.86233954274528,16.));
#9046=CARTESIAN_POINT('Ctrl Pts',(1.9762221413327,-9.86233954274528,18.));
#9047=CARTESIAN_POINT('',(1.47827063376434,-12.0383286937463,16.));
#9048=CARTESIAN_POINT('Ctrl Pts',(1.9762221413327,-9.86233954274528,16.));
#9049=CARTESIAN_POINT('Ctrl Pts',(1.90469413634699,-10.2021090581688,16.));
#9050=CARTESIAN_POINT('Ctrl Pts',(1.75138962123682,-10.9303301349571,16.));
#9051=CARTESIAN_POINT('Ctrl Pts',(1.57327922759676,-11.6528945428178,16.));
#9052=CARTESIAN_POINT('Ctrl Pts',(1.47827063376434,-12.0383286937463,16.));
#9053=CARTESIAN_POINT('',(1.47827063376434,-12.0383286937463,18.));
#9054=CARTESIAN_POINT('Ctrl Pts',(1.47827063376434,-12.0383286937463,18.));
#9055=CARTESIAN_POINT('Ctrl Pts',(1.57327922759676,-11.6528945428178,18.));
#9056=CARTESIAN_POINT('Ctrl Pts',(1.75138962123682,-10.9303301349571,18.));
#9057=CARTESIAN_POINT('Ctrl Pts',(1.90469413634699,-10.2021090581688,18.));
#9058=CARTESIAN_POINT('Ctrl Pts',(1.9762221413327,-9.86233954274528,18.));
#9059=CARTESIAN_POINT('',(1.47827063376434,-12.0383286937463,16.));
#9060=CARTESIAN_POINT('Origin',(-0.0906261367129521,-18.463976429342,16.));
#9061=CARTESIAN_POINT('',(-0.0906261367129524,-18.463976429342,16.));
#9062=CARTESIAN_POINT('',(2.03920311301844,-9.74094713049359,16.));
#9063=CARTESIAN_POINT('',(-0.0906261367129524,-18.463976429342,18.));
#9064=CARTESIAN_POINT('',(1.47827063376434,-12.0383286937463,18.));
#9065=CARTESIAN_POINT('',(-0.0906261367129524,-18.463976429342,16.));
#9066=CARTESIAN_POINT('Origin',(-1.42077531044952,-18.463976429342,16.));
#9067=CARTESIAN_POINT('',(-1.42077531044952,-18.463976429342,16.));
#9068=CARTESIAN_POINT('',(-0.710387655224769,-18.463976429342,16.));
#9069=CARTESIAN_POINT('',(-1.42077531044952,-18.463976429342,18.));
#9070=CARTESIAN_POINT('',(-0.0906261367129524,-18.463976429342,18.));
#9071=CARTESIAN_POINT('',(-1.42077531044952,-18.463976429342,16.));
#9072=CARTESIAN_POINT('Origin',(1.32137928778656,-8.46397642934196,16.));
#9073=CARTESIAN_POINT('',(1.32137928778656,-8.46397642934196,16.));
#9074=CARTESIAN_POINT('',(2.35449191361443,-4.69645498291284,16.));
#9075=CARTESIAN_POINT('',(1.32137928778656,-8.46397642934196,18.));
#9076=CARTESIAN_POINT('',(-1.42077531044952,-18.463976429342,18.));
#9077=CARTESIAN_POINT('',(1.32137928778656,-8.46397642934196,16.));
#9078=CARTESIAN_POINT('Origin',(2.59695921713837,-8.46397642934196,16.));
#9079=CARTESIAN_POINT('',(2.59695921713837,-8.46397642934196,16.));
#9080=CARTESIAN_POINT('',(1.29847960856918,-8.46397642934196,16.));
#9081=CARTESIAN_POINT('',(2.59695921713837,-8.46397642934196,18.));
#9082=CARTESIAN_POINT('',(1.32137928778656,-8.46397642934196,18.));
#9083=CARTESIAN_POINT('',(2.59695921713837,-8.46397642934196,16.));
#9084=CARTESIAN_POINT('Origin',(4.70473681265839,-16.0833490356194,16.));
#9085=CARTESIAN_POINT('',(4.70473681265839,-16.0833490356194,16.));
#9086=CARTESIAN_POINT('',(2.47105359848411,-8.00884215721115,16.));
#9087=CARTESIAN_POINT('',(4.70473681265839,-16.0833490356194,18.));
#9088=CARTESIAN_POINT('',(2.59695921713837,-8.46397642934196,18.));
#9089=CARTESIAN_POINT('',(4.70473681265839,-16.0833490356194,16.));
#9090=CARTESIAN_POINT('Ctrl Pts',(5.01851473624237,-17.256609247564,16.));
#9091=CARTESIAN_POINT('Ctrl Pts',(5.01851473624237,-17.256609247564,18.));
#9092=CARTESIAN_POINT('Ctrl Pts',(4.98483787567786,-17.1223439145976,16.));
#9093=CARTESIAN_POINT('Ctrl Pts',(4.98483787567786,-17.1223439145976,18.));
#9094=CARTESIAN_POINT('Ctrl Pts',(4.88634025279213,-16.7296464982867,16.));
#9095=CARTESIAN_POINT('Ctrl Pts',(4.88634025279213,-16.7296464982867,18.));
#9096=CARTESIAN_POINT('Ctrl Pts',(4.77681487915842,-16.3398632925004,16.));
#9097=CARTESIAN_POINT('Ctrl Pts',(4.77681487915842,-16.3398632925004,18.));
#9098=CARTESIAN_POINT('Ctrl Pts',(4.70473681265839,-16.0833490356194,16.));
#9099=CARTESIAN_POINT('Ctrl Pts',(4.70473681265839,-16.0833490356194,18.));
#9100=CARTESIAN_POINT('',(5.01851473624237,-17.256609247564,16.));
#9101=CARTESIAN_POINT('Ctrl Pts',(4.70473681265839,-16.0833490356194,16.));
#9102=CARTESIAN_POINT('Ctrl Pts',(4.77681487915842,-16.3398632925004,16.));
#9103=CARTESIAN_POINT('Ctrl Pts',(4.88634025279213,-16.7296464982867,16.));
#9104=CARTESIAN_POINT('Ctrl Pts',(4.98483787567786,-17.1223439145976,16.));
#9105=CARTESIAN_POINT('Ctrl Pts',(5.01851473624237,-17.256609247564,16.));
#9106=CARTESIAN_POINT('',(5.01851473624237,-17.256609247564,18.));
#9107=CARTESIAN_POINT('Ctrl Pts',(5.01851473624237,-17.256609247564,18.));
#9108=CARTESIAN_POINT('Ctrl Pts',(4.98483787567786,-17.1223439145976,18.));
#9109=CARTESIAN_POINT('Ctrl Pts',(4.88634025279213,-16.7296464982867,18.));
#9110=CARTESIAN_POINT('Ctrl Pts',(4.77681487915842,-16.3398632925004,18.));
#9111=CARTESIAN_POINT('Ctrl Pts',(4.70473681265839,-16.0833490356194,18.));
#9112=CARTESIAN_POINT('',(5.01851473624237,-17.256609247564,16.));
#9113=CARTESIAN_POINT('Ctrl Pts',(5.31182919318207,-16.0833490356194,16.));
#9114=CARTESIAN_POINT('Ctrl Pts',(5.31182919318207,-16.0833490356194,18.));
#9115=CARTESIAN_POINT('Ctrl Pts',(5.26363176555775,-16.2615838969424,16.));
#9116=CARTESIAN_POINT('Ctrl Pts',(5.26363176555775,-16.2615838969424,18.));
#9117=CARTESIAN_POINT('Ctrl Pts',(5.1583836313787,-16.6507931872416,16.));
#9118=CARTESIAN_POINT('Ctrl Pts',(5.1583836313787,-16.6507931872416,18.));
#9119=CARTESIAN_POINT('Ctrl Pts',(5.06768094874568,-17.0436549582583,16.));
#9120=CARTESIAN_POINT('Ctrl Pts',(5.06768094874568,-17.0436549582583,18.));
#9121=CARTESIAN_POINT('Ctrl Pts',(5.01851473624237,-17.256609247564,16.));
#9122=CARTESIAN_POINT('Ctrl Pts',(5.01851473624237,-17.256609247564,18.));
#9123=CARTESIAN_POINT('',(5.31182919318207,-16.0833490356194,16.));
#9124=CARTESIAN_POINT('Ctrl Pts',(5.01851473624237,-17.256609247564,16.));
#9125=CARTESIAN_POINT('Ctrl Pts',(5.06768094874568,-17.0436549582583,16.));
#9126=CARTESIAN_POINT('Ctrl Pts',(5.1583836313787,-16.6507931872416,16.));
#9127=CARTESIAN_POINT('Ctrl Pts',(5.26363176555775,-16.2615838969424,16.));
#9128=CARTESIAN_POINT('Ctrl Pts',(5.31182919318207,-16.0833490356194,16.));
#9129=CARTESIAN_POINT('',(5.31182919318207,-16.0833490356194,18.));
#9130=CARTESIAN_POINT('Ctrl Pts',(5.31182919318207,-16.0833490356194,18.));
#9131=CARTESIAN_POINT('Ctrl Pts',(5.26363176555775,-16.2615838969424,18.));
#9132=CARTESIAN_POINT('Ctrl Pts',(5.1583836313787,-16.6507931872416,18.));
#9133=CARTESIAN_POINT('Ctrl Pts',(5.06768094874568,-17.0436549582583,18.));
#9134=CARTESIAN_POINT('Ctrl Pts',(5.01851473624237,-17.256609247564,18.));
#9135=CARTESIAN_POINT('',(5.31182919318207,-16.0833490356194,16.));
#9136=CARTESIAN_POINT('Origin',(7.43324909979828,-8.46397642934196,16.));
#9137=CARTESIAN_POINT('',(7.43324909979828,-8.46397642934196,16.));
#9138=CARTESIAN_POINT('',(8.259382745875,-5.4968033334312,16.));
#9139=CARTESIAN_POINT('',(7.43324909979828,-8.46397642934196,18.));
#9140=CARTESIAN_POINT('',(5.31182919318207,-16.0833490356194,18.));
#9141=CARTESIAN_POINT('',(7.43324909979828,-8.46397642934196,16.));
#9142=CARTESIAN_POINT('Origin',(8.78386293227203,-8.46397642934196,16.));
#9143=CARTESIAN_POINT('',(4.39193146613601,-8.46397642934196,16.));
#9144=CARTESIAN_POINT('',(7.43324909979828,-8.46397642934196,18.));
#9145=CARTESIAN_POINT('Origin',(-0.0428766648622592,-13.4639758332955,18.));
#9146=CARTESIAN_POINT('Origin',(-7.83278073494904,-12.5703883632409,16.));
#9147=CARTESIAN_POINT('',(-4.44260205452911,-12.5703883632409,16.));
#9148=CARTESIAN_POINT('',(-7.83278073494904,-12.5703883632409,16.));
#9149=CARTESIAN_POINT('',(-3.91639036747452,-12.5703883632409,16.));
#9150=CARTESIAN_POINT('',(-4.44260205452911,-12.5703883632409,18.));
#9151=CARTESIAN_POINT('',(-4.44260205452911,-12.5703883632409,16.));
#9152=CARTESIAN_POINT('',(-7.83278073494904,-12.5703883632409,18.));
#9153=CARTESIAN_POINT('',(-4.44260205452911,-12.5703883632409,18.));
#9154=CARTESIAN_POINT('',(-7.83278073494904,-12.5703883632409,16.));
#9155=CARTESIAN_POINT('Origin',(-6.78912486260407,-15.3398293718087,16.));
#9156=CARTESIAN_POINT('',(-6.78912486260407,-15.3398293718087,16.));
#9157=CARTESIAN_POINT('',(-8.8979529872825,-9.74385157561883,16.));
#9158=CARTESIAN_POINT('',(-6.78912486260407,-15.3398293718087,18.));
#9159=CARTESIAN_POINT('',(-7.83278073494904,-12.5703883632409,18.));
#9160=CARTESIAN_POINT('',(-6.78912486260407,-15.3398293718087,16.));
#9161=CARTESIAN_POINT('Ctrl Pts',(-6.07971038048737,-17.4134988054024,16.));
#9162=CARTESIAN_POINT('Ctrl Pts',(-6.07971038048737,-17.4134988054024,18.));
#9163=CARTESIAN_POINT('Ctrl Pts',(-6.17477058820899,-17.1044836270656,16.));
#9164=CARTESIAN_POINT('Ctrl Pts',(-6.17477058820899,-17.1044836270656,18.));
#9165=CARTESIAN_POINT('Ctrl Pts',(-6.3896608868097,-16.4059330396378,16.));
#9166=CARTESIAN_POINT('Ctrl Pts',(-6.3896608868097,-16.4059330396378,18.));
#9167=CARTESIAN_POINT('Ctrl Pts',(-6.64611653079388,-15.7214950946559,16.));
#9168=CARTESIAN_POINT('Ctrl Pts',(-6.64611653079388,-15.7214950946559,18.));
#9169=CARTESIAN_POINT('Ctrl Pts',(-6.78912486260407,-15.3398293718087,16.));
#9170=CARTESIAN_POINT('Ctrl Pts',(-6.78912486260407,-15.3398293718087,18.));
#9171=CARTESIAN_POINT('',(-6.07971038048737,-17.4134988054024,16.));
#9172=CARTESIAN_POINT('Ctrl Pts',(-6.78912486260407,-15.3398293718087,16.));
#9173=CARTESIAN_POINT('Ctrl Pts',(-6.64611653079388,-15.7214950946559,16.));
#9174=CARTESIAN_POINT('Ctrl Pts',(-6.3896608868097,-16.4059330396378,16.));
#9175=CARTESIAN_POINT('Ctrl Pts',(-6.17477058820899,-17.1044836270656,16.));
#9176=CARTESIAN_POINT('Ctrl Pts',(-6.07971038048737,-17.4134988054024,16.));
#9177=CARTESIAN_POINT('',(-6.07971038048737,-17.4134988054024,18.));
#9178=CARTESIAN_POINT('Ctrl Pts',(-6.07971038048737,-17.4134988054024,18.));
#9179=CARTESIAN_POINT('Ctrl Pts',(-6.17477058820899,-17.1044836270656,18.));
#9180=CARTESIAN_POINT('Ctrl Pts',(-6.3896608868097,-16.4059330396378,18.));
#9181=CARTESIAN_POINT('Ctrl Pts',(-6.64611653079388,-15.7214950946559,18.));
#9182=CARTESIAN_POINT('Ctrl Pts',(-6.78912486260407,-15.3398293718087,18.));
#9183=CARTESIAN_POINT('',(-6.07971038048737,-17.4134988054024,16.));
#9184=CARTESIAN_POINT('Ctrl Pts',(-5.54082955544464,-15.5035400851952,16.));
#9185=CARTESIAN_POINT('Ctrl Pts',(-5.54082955544464,-15.5035400851952,18.));
#9186=CARTESIAN_POINT('Ctrl Pts',(-5.65001329348949,-15.8189551084883,16.));
#9187=CARTESIAN_POINT('Ctrl Pts',(-5.65001329348949,-15.8189551084883,18.));
#9188=CARTESIAN_POINT('Ctrl Pts',(-5.86677372725862,-16.4451426570244,16.));
#9189=CARTESIAN_POINT('Ctrl Pts',(-5.86677372725862,-16.4451426570244,18.));
#9190=CARTESIAN_POINT('Ctrl Pts',(-6.00908318591141,-17.0923127762559,16.));
#9191=CARTESIAN_POINT('Ctrl Pts',(-6.00908318591141,-17.0923127762559,18.));
#9192=CARTESIAN_POINT('Ctrl Pts',(-6.07971038048737,-17.4134988054024,16.));
#9193=CARTESIAN_POINT('Ctrl Pts',(-6.07971038048737,-17.4134988054024,18.));
#9194=CARTESIAN_POINT('',(-5.54082955544464,-15.5035400851952,16.));
#9195=CARTESIAN_POINT('Ctrl Pts',(-6.07971038048737,-17.4134988054024,16.));
#9196=CARTESIAN_POINT('Ctrl Pts',(-6.00908318591141,-17.0923127762559,16.));
#9197=CARTESIAN_POINT('Ctrl Pts',(-5.86677372725862,-16.4451426570244,16.));
#9198=CARTESIAN_POINT('Ctrl Pts',(-5.65001329348949,-15.8189551084883,16.));
#9199=CARTESIAN_POINT('Ctrl Pts',(-5.54082955544464,-15.5035400851952,16.));
#9200=CARTESIAN_POINT('',(-5.54082955544464,-15.5035400851952,18.));
#9201=CARTESIAN_POINT('Ctrl Pts',(-5.54082955544464,-15.5035400851952,18.));
#9202=CARTESIAN_POINT('Ctrl Pts',(-5.65001329348949,-15.8189551084883,18.));
#9203=CARTESIAN_POINT('Ctrl Pts',(-5.86677372725862,-16.4451426570244,18.));
#9204=CARTESIAN_POINT('Ctrl Pts',(-6.00908318591141,-17.0923127762559,18.));
#9205=CARTESIAN_POINT('Ctrl Pts',(-6.07971038048737,-17.4134988054024,18.));
#9206=CARTESIAN_POINT('',(-5.54082955544464,-15.5035400851952,16.));
#9207=CARTESIAN_POINT('Origin',(-4.44260205452911,-12.5703883632409,16.));
#9208=CARTESIAN_POINT('',(-2.10553554346669,-6.3285389690762,16.));
#9209=CARTESIAN_POINT('',(-5.54082955544464,-15.5035400851952,18.));
#9210=CARTESIAN_POINT('Origin',(-5.39758290474884,-18.463976429342,16.));
#9211=CARTESIAN_POINT('',(-1.55720080559723,-8.46397642934196,16.));
#9212=CARTESIAN_POINT('',(-5.39758290474884,-18.463976429342,16.));
#9213=CARTESIAN_POINT('',(-1.96096523263308,-9.51534167532892,16.));
#9214=CARTESIAN_POINT('',(-1.55720080559723,-8.46397642934196,18.));
#9215=CARTESIAN_POINT('',(-1.55720080559723,-8.46397642934196,16.));
#9216=CARTESIAN_POINT('',(-5.39758290474884,-18.463976429342,18.));
#9217=CARTESIAN_POINT('',(-1.55720080559723,-8.46397642934196,18.));
#9218=CARTESIAN_POINT('',(-5.39758290474884,-18.463976429342,16.));
#9219=CARTESIAN_POINT('Origin',(-6.82323064034454,-18.463976429342,16.));
#9220=CARTESIAN_POINT('',(-6.82323064034454,-18.463976429342,16.));
#9221=CARTESIAN_POINT('',(-3.41161532017228,-18.463976429342,16.));
#9222=CARTESIAN_POINT('',(-6.82323064034454,-18.463976429342,18.));
#9223=CARTESIAN_POINT('',(-5.39758290474884,-18.463976429342,18.));
#9224=CARTESIAN_POINT('',(-6.82323064034454,-18.463976429342,16.));
#9225=CARTESIAN_POINT('Origin',(-10.9160002631473,-8.46397642934196,16.));
#9226=CARTESIAN_POINT('',(-10.9160002631473,-8.46397642934196,16.));
#9227=CARTESIAN_POINT('',(-11.6164655808026,-6.75250624603943,16.));
#9228=CARTESIAN_POINT('',(-10.9160002631473,-8.46397642934196,18.));
#9229=CARTESIAN_POINT('',(-6.82323064034454,-18.463976429342,18.));
#9230=CARTESIAN_POINT('',(-10.9160002631473,-8.46397642934196,16.));
#9231=CARTESIAN_POINT('Origin',(-9.40849627678864,-8.46397642934196,16.));
#9232=CARTESIAN_POINT('',(-9.40849627678864,-8.46397642934196,16.));
#9233=CARTESIAN_POINT('',(-4.70424813839433,-8.46397642934196,16.));
#9234=CARTESIAN_POINT('',(-9.40849627678864,-8.46397642934196,18.));
#9235=CARTESIAN_POINT('',(-10.9160002631473,-8.46397642934196,18.));
#9236=CARTESIAN_POINT('',(-9.40849627678864,-8.46397642934196,16.));
#9237=CARTESIAN_POINT('Origin',(-8.24205722039215,-11.4926255210625,16.));
#9238=CARTESIAN_POINT('',(-8.24205722039215,-11.4926255210625,16.));
#9239=CARTESIAN_POINT('',(-9.63698709693822,-7.87070195767741,16.));
#9240=CARTESIAN_POINT('',(-8.24205722039215,-11.4926255210625,18.));
#9241=CARTESIAN_POINT('',(-9.40849627678864,-8.46397642934196,18.));
#9242=CARTESIAN_POINT('',(-8.24205722039215,-11.4926255210625,16.));
#9243=CARTESIAN_POINT('Origin',(-4.06061019127838,-11.4926255210625,16.));
#9244=CARTESIAN_POINT('',(-4.06061019127838,-11.4926255210625,16.));
#9245=CARTESIAN_POINT('',(-2.0303050956392,-11.4926255210625,16.));
#9246=CARTESIAN_POINT('',(-4.06061019127838,-11.4926255210625,18.));
#9247=CARTESIAN_POINT('',(-8.24205722039215,-11.4926255210625,18.));
#9248=CARTESIAN_POINT('',(-4.06061019127838,-11.4926255210625,16.));
#9249=CARTESIAN_POINT('Origin',(-2.96238507454865,-8.46397642934196,16.));
#9250=CARTESIAN_POINT('',(-2.96238507454865,-8.46397642934196,16.));
#9251=CARTESIAN_POINT('',(-1.43401744817383,-4.24909447761698,16.));
#9252=CARTESIAN_POINT('',(-2.96238507454865,-8.46397642934196,18.));
#9253=CARTESIAN_POINT('',(-4.06061019127838,-11.4926255210625,18.));
#9254=CARTESIAN_POINT('',(-2.96238507454865,-8.46397642934196,16.));
#9255=CARTESIAN_POINT('Origin',(-1.55720080559723,-8.46397642934196,16.));
#9256=CARTESIAN_POINT('',(-0.778600402798622,-8.46397642934196,16.));
#9257=CARTESIAN_POINT('',(-2.96238507454865,-8.46397642934196,18.));
#9258=CARTESIAN_POINT('Origin',(-0.0428766648622592,-13.4639758332955,18.));
#9259=CARTESIAN_POINT('Origin',(-1.33226762955019E-14,-2.22044604925031E-15,
16.));
#9260=CARTESIAN_POINT('Origin',(11.8959986526693,18.8184828958741,16.));
#9261=CARTESIAN_POINT('',(11.8959986526693,17.6384015283814,16.));
#9262=CARTESIAN_POINT('',(11.8959986526693,18.8184828958741,16.));
#9263=CARTESIAN_POINT('',(11.8959986526693,9.40924144793703,16.));
#9264=CARTESIAN_POINT('',(11.8959986526693,17.6384015283814,18.));
#9265=CARTESIAN_POINT('',(11.8959986526693,17.6384015283814,16.));
#9266=CARTESIAN_POINT('',(11.8959986526693,18.8184828958741,18.));
#9267=CARTESIAN_POINT('',(11.8959986526693,17.6384015283814,18.));
#9268=CARTESIAN_POINT('',(11.8959986526693,18.8184828958741,16.));
#9269=CARTESIAN_POINT('Origin',(18.5058210525836,18.8184828958741,16.));
#9270=CARTESIAN_POINT('',(18.5058210525836,18.8184828958741,16.));
#9271=CARTESIAN_POINT('',(9.25291052629179,18.8184828958741,16.));
#9272=CARTESIAN_POINT('',(18.5058210525836,18.8184828958741,18.));
#9273=CARTESIAN_POINT('',(11.8959986526693,18.8184828958741,18.));
#9274=CARTESIAN_POINT('',(18.5058210525836,18.8184828958741,16.));
#9275=CARTESIAN_POINT('Ctrl Pts',(18.3625741038646,17.9658229551545,16.));
#9276=CARTESIAN_POINT('Ctrl Pts',(18.3625741038646,17.9658229551545,18.));
#9277=CARTESIAN_POINT('Ctrl Pts',(18.4077579951666,18.1038956058068,16.));
#9278=CARTESIAN_POINT('Ctrl Pts',(18.4077579951666,18.1038956058068,18.));
#9279=CARTESIAN_POINT('Ctrl Pts',(18.4984052758697,18.3808949956437,16.));
#9280=CARTESIAN_POINT('Ctrl Pts',(18.4984052758697,18.3808949956437,18.));
#9281=CARTESIAN_POINT('Ctrl Pts',(18.5033440510069,18.672320739078,16.));
#9282=CARTESIAN_POINT('Ctrl Pts',(18.5033440510069,18.672320739078,18.));
#9283=CARTESIAN_POINT('Ctrl Pts',(18.5058210525836,18.8184828958741,16.));
#9284=CARTESIAN_POINT('Ctrl Pts',(18.5058210525836,18.8184828958741,18.));
#9285=CARTESIAN_POINT('',(18.3625741038646,17.9658229551545,16.));
#9286=CARTESIAN_POINT('Ctrl Pts',(18.5058210525836,18.8184828958741,16.));
#9287=CARTESIAN_POINT('Ctrl Pts',(18.5033440510069,18.672320739078,16.));
#9288=CARTESIAN_POINT('Ctrl Pts',(18.4984052758697,18.3808949956437,16.));
#9289=CARTESIAN_POINT('Ctrl Pts',(18.4077579951666,18.1038956058068,16.));
#9290=CARTESIAN_POINT('Ctrl Pts',(18.3625741038646,17.9658229551545,16.));
#9291=CARTESIAN_POINT('',(18.3625741038646,17.9658229551545,18.));
#9292=CARTESIAN_POINT('Ctrl Pts',(18.3625741038646,17.9658229551545,18.));
#9293=CARTESIAN_POINT('Ctrl Pts',(18.4077579951666,18.1038956058068,18.));
#9294=CARTESIAN_POINT('Ctrl Pts',(18.4984052758697,18.3808949956437,18.));
#9295=CARTESIAN_POINT('Ctrl Pts',(18.5033440510069,18.672320739078,18.));
#9296=CARTESIAN_POINT('Ctrl Pts',(18.5058210525836,18.8184828958741,18.));
#9297=CARTESIAN_POINT('',(18.3625741038646,17.9658229551545,16.));
#9298=CARTESIAN_POINT('Ctrl Pts',(17.5576628107752,16.635672589325,16.));
#9299=CARTESIAN_POINT('Ctrl Pts',(17.5576628107752,16.635672589325,18.));
#9300=CARTESIAN_POINT('Ctrl Pts',(17.7272590698954,16.8493996506657,16.));
#9301=CARTESIAN_POINT('Ctrl Pts',(17.7272590698954,16.8493996506657,18.));
#9302=CARTESIAN_POINT('Ctrl Pts',(18.0521512728934,17.2588323596153,16.));
#9303=CARTESIAN_POINT('Ctrl Pts',(18.0521512728934,17.2588323596153,18.));
#9304=CARTESIAN_POINT('Ctrl Pts',(18.2621813581241,17.7371776365198,16.));
#9305=CARTESIAN_POINT('Ctrl Pts',(18.2621813581241,17.7371776365198,18.));
#9306=CARTESIAN_POINT('Ctrl Pts',(18.3625741038646,17.9658229551545,16.));
#9307=CARTESIAN_POINT('Ctrl Pts',(18.3625741038646,17.9658229551545,18.));
#9308=CARTESIAN_POINT('',(17.5576628107752,16.635672589325,16.));
#9309=CARTESIAN_POINT('Ctrl Pts',(18.3625741038646,17.9658229551545,16.));
#9310=CARTESIAN_POINT('Ctrl Pts',(18.2621813581241,17.7371776365198,16.));
#9311=CARTESIAN_POINT('Ctrl Pts',(18.0521512728934,17.2588323596153,16.));
#9312=CARTESIAN_POINT('Ctrl Pts',(17.7272590698954,16.8493996506657,16.));
#9313=CARTESIAN_POINT('Ctrl Pts',(17.5576628107752,16.635672589325,16.));
#9314=CARTESIAN_POINT('',(17.5576628107752,16.635672589325,18.));
#9315=CARTESIAN_POINT('Ctrl Pts',(17.5576628107752,16.635672589325,18.));
#9316=CARTESIAN_POINT('Ctrl Pts',(17.7272590698954,16.8493996506657,18.));
#9317=CARTESIAN_POINT('Ctrl Pts',(18.0521512728934,17.2588323596153,18.));
#9318=CARTESIAN_POINT('Ctrl Pts',(18.2621813581241,17.7371776365198,18.));
#9319=CARTESIAN_POINT('Ctrl Pts',(18.3625741038646,17.9658229551545,18.));
#9320=CARTESIAN_POINT('',(17.5576628107752,16.635672589325,16.));
#9321=CARTESIAN_POINT('Ctrl Pts',(15.9478401500906,15.1213474474182,16.));
#9322=CARTESIAN_POINT('Ctrl Pts',(15.9478401500906,15.1213474474182,18.));
#9323=CARTESIAN_POINT('Ctrl Pts',(16.2638136931268,15.3836900283232,16.));
#9324=CARTESIAN_POINT('Ctrl Pts',(16.2638136931268,15.3836900283232,18.));
#9325=CARTESIAN_POINT('Ctrl Pts',(16.8318839218569,15.8553403079899,16.));
#9326=CARTESIAN_POINT('Ctrl Pts',(16.8318839218569,15.8553403079899,18.));
#9327=CARTESIAN_POINT('Ctrl Pts',(17.3345784004861,16.3958199710287,16.));
#9328=CARTESIAN_POINT('Ctrl Pts',(17.3345784004861,16.3958199710287,18.));
#9329=CARTESIAN_POINT('Ctrl Pts',(17.5576628107752,16.635672589325,16.));
#9330=CARTESIAN_POINT('Ctrl Pts',(17.5576628107752,16.635672589325,18.));
#9331=CARTESIAN_POINT('',(15.9478401500906,15.1213474474182,16.));
#9332=CARTESIAN_POINT('Ctrl Pts',(17.5576628107752,16.635672589325,16.));
#9333=CARTESIAN_POINT('Ctrl Pts',(17.3345784004861,16.3958199710287,16.));
#9334=CARTESIAN_POINT('Ctrl Pts',(16.8318839218569,15.8553403079899,16.));
#9335=CARTESIAN_POINT('Ctrl Pts',(16.2638136931268,15.3836900283232,16.));
#9336=CARTESIAN_POINT('Ctrl Pts',(15.9478401500906,15.1213474474182,16.));
#9337=CARTESIAN_POINT('',(15.9478401500906,15.1213474474182,18.));
#9338=CARTESIAN_POINT('Ctrl Pts',(15.9478401500906,15.1213474474182,18.));
#9339=CARTESIAN_POINT('Ctrl Pts',(16.2638136931268,15.3836900283232,18.));
#9340=CARTESIAN_POINT('Ctrl Pts',(16.8318839218569,15.8553403079899,18.));
#9341=CARTESIAN_POINT('Ctrl Pts',(17.3345784004861,16.3958199710287,18.));
#9342=CARTESIAN_POINT('Ctrl Pts',(17.5576628107752,16.635672589325,18.));
#9343=CARTESIAN_POINT('',(15.9478401500906,15.1213474474182,16.));
#9344=CARTESIAN_POINT('Ctrl Pts',(13.7445657808508,13.0067504844895,16.));
#9345=CARTESIAN_POINT('Ctrl Pts',(13.7445657808508,13.0067504844895,18.));
#9346=CARTESIAN_POINT('Ctrl Pts',(14.0171166201716,13.3192578265416,16.));
#9347=CARTESIAN_POINT('Ctrl Pts',(14.0171166201716,13.3192578265416,18.));
#9348=CARTESIAN_POINT('Ctrl Pts',(14.6882136484218,14.0887390326174,16.));
#9349=CARTESIAN_POINT('Ctrl Pts',(14.6882136484218,14.0887390326174,18.));
#9350=CARTESIAN_POINT('Ctrl Pts',(15.4785066997853,14.7366003263544,16.));
#9351=CARTESIAN_POINT('Ctrl Pts',(15.4785066997853,14.7366003263544,18.));
#9352=CARTESIAN_POINT('Ctrl Pts',(15.9478401500906,15.1213474474182,16.));
#9353=CARTESIAN_POINT('Ctrl Pts',(15.9478401500906,15.1213474474182,18.));
#9354=CARTESIAN_POINT('',(13.7445657808508,13.0067504844895,16.));
#9355=CARTESIAN_POINT('Ctrl Pts',(15.9478401500906,15.1213474474182,16.));
#9356=CARTESIAN_POINT('Ctrl Pts',(15.4785066997853,14.7366003263544,16.));
#9357=CARTESIAN_POINT('Ctrl Pts',(14.6882136484218,14.0887390326174,16.));
#9358=CARTESIAN_POINT('Ctrl Pts',(14.0171166201716,13.3192578265416,16.));
#9359=CARTESIAN_POINT('Ctrl Pts',(13.7445657808508,13.0067504844895,16.));
#9360=CARTESIAN_POINT('',(13.7445657808508,13.0067504844895,18.));
#9361=CARTESIAN_POINT('Ctrl Pts',(13.7445657808508,13.0067504844895,18.));
#9362=CARTESIAN_POINT('Ctrl Pts',(14.0171166201716,13.3192578265416,18.));
#9363=CARTESIAN_POINT('Ctrl Pts',(14.6882136484218,14.0887390326174,18.));
#9364=CARTESIAN_POINT('Ctrl Pts',(15.4785066997853,14.7366003263544,18.));
#9365=CARTESIAN_POINT('Ctrl Pts',(15.9478401500906,15.1213474474182,18.));
#9366=CARTESIAN_POINT('',(13.7445657808508,13.0067504844895,16.));
#9367=CARTESIAN_POINT('Ctrl Pts',(13.1715779859747,11.5265317163697,16.));
#9368=CARTESIAN_POINT('Ctrl Pts',(13.1715779859747,11.5265317163697,18.));
#9369=CARTESIAN_POINT('Ctrl Pts',(13.2029070149075,11.7719347309383,16.));
#9370=CARTESIAN_POINT('Ctrl Pts',(13.2029070149075,11.7719347309383,18.));
#9371=CARTESIAN_POINT('Ctrl Pts',(13.2716836376768,12.310668012319,16.));
#9372=CARTESIAN_POINT('Ctrl Pts',(13.2716836376768,12.310668012319,18.));
#9373=CARTESIAN_POINT('Ctrl Pts',(13.5778589884079,12.7613581010249,16.));
#9374=CARTESIAN_POINT('Ctrl Pts',(13.5778589884079,12.7613581010249,18.));
#9375=CARTESIAN_POINT('Ctrl Pts',(13.7445657808508,13.0067504844895,16.));
#9376=CARTESIAN_POINT('Ctrl Pts',(13.7445657808508,13.0067504844895,18.));
#9377=CARTESIAN_POINT('',(13.1715779859747,11.5265317163697,16.));
#9378=CARTESIAN_POINT('Ctrl Pts',(13.7445657808508,13.0067504844895,16.));
#9379=CARTESIAN_POINT('Ctrl Pts',(13.5778589884079,12.7613581010249,16.));
#9380=CARTESIAN_POINT('Ctrl Pts',(13.2716836376768,12.310668012319,16.));
#9381=CARTESIAN_POINT('Ctrl Pts',(13.2029070149075,11.7719347309383,16.));
#9382=CARTESIAN_POINT('Ctrl Pts',(13.1715779859747,11.5265317163697,16.));
#9383=CARTESIAN_POINT('',(13.1715779859747,11.5265317163697,18.));
#9384=CARTESIAN_POINT('Ctrl Pts',(13.1715779859747,11.5265317163697,18.));
#9385=CARTESIAN_POINT('Ctrl Pts',(13.2029070149075,11.7719347309383,18.));
#9386=CARTESIAN_POINT('Ctrl Pts',(13.2716836376768,12.310668012319,18.));
#9387=CARTESIAN_POINT('Ctrl Pts',(13.5778589884079,12.7613581010249,18.));
#9388=CARTESIAN_POINT('Ctrl Pts',(13.7445657808508,13.0067504844895,18.));
#9389=CARTESIAN_POINT('',(13.1715779859747,11.5265317163697,16.));
#9390=CARTESIAN_POINT('Ctrl Pts',(13.6968170959677,10.2987010679474,16.));
#9391=CARTESIAN_POINT('Ctrl Pts',(13.6968170959677,10.2987010679474,18.));
#9392=CARTESIAN_POINT('Ctrl Pts',(13.5436225287362,10.4746375365443,16.));
#9393=CARTESIAN_POINT('Ctrl Pts',(13.5436225287362,10.4746375365443,18.));
#9394=CARTESIAN_POINT('Ctrl Pts',(13.236502108561,10.8273503196157,16.));
#9395=CARTESIAN_POINT('Ctrl Pts',(13.236502108561,10.8273503196157,18.));
#9396=CARTESIAN_POINT('Ctrl Pts',(13.1932536865028,11.29310158336,16.));
#9397=CARTESIAN_POINT('Ctrl Pts',(13.1932536865028,11.29310158336,18.));
#9398=CARTESIAN_POINT('Ctrl Pts',(13.1715779859747,11.5265317163697,16.));
#9399=CARTESIAN_POINT('Ctrl Pts',(13.1715779859747,11.5265317163697,18.));
#9400=CARTESIAN_POINT('',(13.6968170959677,10.2987010679474,16.));
#9401=CARTESIAN_POINT('Ctrl Pts',(13.1715779859747,11.5265317163697,16.));
#9402=CARTESIAN_POINT('Ctrl Pts',(13.1932536865028,11.29310158336,16.));
#9403=CARTESIAN_POINT('Ctrl Pts',(13.236502108561,10.8273503196157,16.));
#9404=CARTESIAN_POINT('Ctrl Pts',(13.5436225287362,10.4746375365443,16.));
#9405=CARTESIAN_POINT('Ctrl Pts',(13.6968170959677,10.2987010679474,16.));
#9406=CARTESIAN_POINT('',(13.6968170959677,10.2987010679474,18.));
#9407=CARTESIAN_POINT('Ctrl Pts',(13.6968170959677,10.2987010679474,18.));
#9408=CARTESIAN_POINT('Ctrl Pts',(13.5436225287362,10.4746375365443,18.));
#9409=CARTESIAN_POINT('Ctrl Pts',(13.236502108561,10.8273503196157,18.));
#9410=CARTESIAN_POINT('Ctrl Pts',(13.1932536865028,11.29310158336,18.));
#9411=CARTESIAN_POINT('Ctrl Pts',(13.1715779859747,11.5265317163697,18.));
#9412=CARTESIAN_POINT('',(13.6968170959677,10.2987010679474,16.));
#9413=CARTESIAN_POINT('Ctrl Pts',(15.0542520839895,9.79392602064518,16.));
#9414=CARTESIAN_POINT('Ctrl Pts',(15.0542520839895,9.79392602064518,18.));
#9415=CARTESIAN_POINT('Ctrl Pts',(14.7918631483485,9.81125771498358,16.));
#9416=CARTESIAN_POINT('Ctrl Pts',(14.7918631483485,9.81125771498358,18.));
#9417=CARTESIAN_POINT('Ctrl Pts',(14.2879068439935,9.84454576733859,16.));
#9418=CARTESIAN_POINT('Ctrl Pts',(14.2879068439935,9.84454576733859,18.));
#9419=CARTESIAN_POINT('Ctrl Pts',(13.8883442067254,10.1515439689596,16.));
#9420=CARTESIAN_POINT('Ctrl Pts',(13.8883442067254,10.1515439689596,18.));
#9421=CARTESIAN_POINT('Ctrl Pts',(13.6968170959677,10.2987010679474,16.));
#9422=CARTESIAN_POINT('Ctrl Pts',(13.6968170959677,10.2987010679474,18.));
#9423=CARTESIAN_POINT('',(15.0542520839895,9.79392602064518,16.));
#9424=CARTESIAN_POINT('Ctrl Pts',(13.6968170959677,10.2987010679474,16.));
#9425=CARTESIAN_POINT('Ctrl Pts',(13.8883442067254,10.1515439689596,16.));
#9426=CARTESIAN_POINT('Ctrl Pts',(14.2879068439935,9.84454576733859,16.));
#9427=CARTESIAN_POINT('Ctrl Pts',(14.7918631483485,9.81125771498358,16.));
#9428=CARTESIAN_POINT('Ctrl Pts',(15.0542520839895,9.79392602064518,16.));
#9429=CARTESIAN_POINT('',(15.0542520839895,9.79392602064518,18.));
#9430=CARTESIAN_POINT('Ctrl Pts',(15.0542520839895,9.79392602064518,18.));
#9431=CARTESIAN_POINT('Ctrl Pts',(14.7918631483485,9.81125771498358,18.));
#9432=CARTESIAN_POINT('Ctrl Pts',(14.2879068439935,9.84454576733859,18.));
#9433=CARTESIAN_POINT('Ctrl Pts',(13.8883442067254,10.1515439689596,18.));
#9434=CARTESIAN_POINT('Ctrl Pts',(13.6968170959677,10.2987010679474,18.));
#9435=CARTESIAN_POINT('',(15.0542520839895,9.79392602064518,16.));
#9436=CARTESIAN_POINT('Ctrl Pts',(16.4730788130487,10.3259862861863,16.));
#9437=CARTESIAN_POINT('Ctrl Pts',(16.4730788130487,10.3259862861863,18.));
#9438=CARTESIAN_POINT('Ctrl Pts',(16.2746858389582,10.1708916588589,16.));
#9439=CARTESIAN_POINT('Ctrl Pts',(16.2746858389582,10.1708916588589,18.));
#9440=CARTESIAN_POINT('Ctrl Pts',(15.8587682171807,9.8457461296676,16.));
#9441=CARTESIAN_POINT('Ctrl Pts',(15.8587682171807,9.8457461296676,18.));
#9442=CARTESIAN_POINT('Ctrl Pts',(15.3305236510557,9.81172109290604,16.));
#9443=CARTESIAN_POINT('Ctrl Pts',(15.3305236510557,9.81172109290604,18.));
#9444=CARTESIAN_POINT('Ctrl Pts',(15.0542520839895,9.79392602064518,16.));
#9445=CARTESIAN_POINT('Ctrl Pts',(15.0542520839895,9.79392602064518,18.));
#9446=CARTESIAN_POINT('',(16.4730788130487,10.3259862861863,16.));
#9447=CARTESIAN_POINT('Ctrl Pts',(15.0542520839895,9.79392602064518,16.));
#9448=CARTESIAN_POINT('Ctrl Pts',(15.3305236510557,9.81172109290604,16.));
#9449=CARTESIAN_POINT('Ctrl Pts',(15.8587682171807,9.8457461296676,16.));
#9450=CARTESIAN_POINT('Ctrl Pts',(16.2746858389582,10.1708916588589,16.));
#9451=CARTESIAN_POINT('Ctrl Pts',(16.4730788130487,10.3259862861863,16.));
#9452=CARTESIAN_POINT('',(16.4730788130487,10.3259862861863,18.));
#9453=CARTESIAN_POINT('Ctrl Pts',(16.4730788130487,10.3259862861863,18.));
#9454=CARTESIAN_POINT('Ctrl Pts',(16.2746858389582,10.1708916588589,18.));
#9455=CARTESIAN_POINT('Ctrl Pts',(15.8587682171807,9.8457461296676,18.));
#9456=CARTESIAN_POINT('Ctrl Pts',(15.3305236510557,9.81172109290604,18.));
#9457=CARTESIAN_POINT('Ctrl Pts',(15.0542520839895,9.79392602064518,18.));
#9458=CARTESIAN_POINT('',(16.4730788130487,10.3259862861863,16.));
#9459=CARTESIAN_POINT('Ctrl Pts',(17.0119602341379,11.7993833027115,16.));
#9460=CARTESIAN_POINT('Ctrl Pts',(17.0119602341379,11.7993833027115,18.));
#9461=CARTESIAN_POINT('Ctrl Pts',(16.993894456214,11.5090744464669,16.));
#9462=CARTESIAN_POINT('Ctrl Pts',(16.993894456214,11.5090744464669,18.));
#9463=CARTESIAN_POINT('Ctrl Pts',(16.9598865190116,10.9625823222963,16.));
#9464=CARTESIAN_POINT('Ctrl Pts',(16.9598865190116,10.9625823222963,18.));
#9465=CARTESIAN_POINT('Ctrl Pts',(16.6284492033623,10.5291633792991,16.));
#9466=CARTESIAN_POINT('Ctrl Pts',(16.6284492033623,10.5291633792991,18.));
#9467=CARTESIAN_POINT('Ctrl Pts',(16.4730788130487,10.3259862861863,16.));
#9468=CARTESIAN_POINT('Ctrl Pts',(16.4730788130487,10.3259862861863,18.));
#9469=CARTESIAN_POINT('',(17.0119602341379,11.7993833027115,16.));
#9470=CARTESIAN_POINT('Ctrl Pts',(16.4730788130487,10.3259862861863,16.));
#9471=CARTESIAN_POINT('Ctrl Pts',(16.6284492033623,10.5291633792991,16.));
#9472=CARTESIAN_POINT('Ctrl Pts',(16.9598865190116,10.9625823222963,16.));
#9473=CARTESIAN_POINT('Ctrl Pts',(16.993894456214,11.5090744464669,16.));
#9474=CARTESIAN_POINT('Ctrl Pts',(17.0119602341379,11.7993833027115,16.));
#9475=CARTESIAN_POINT('',(17.0119602341379,11.7993833027115,18.));
#9476=CARTESIAN_POINT('Ctrl Pts',(17.0119602341379,11.7993833027115,18.));
#9477=CARTESIAN_POINT('Ctrl Pts',(16.993894456214,11.5090744464669,18.));
#9478=CARTESIAN_POINT('Ctrl Pts',(16.9598865190116,10.9625823222963,18.));
#9479=CARTESIAN_POINT('Ctrl Pts',(16.6284492033623,10.5291633792991,18.));
#9480=CARTESIAN_POINT('Ctrl Pts',(16.4730788130487,10.3259862861863,18.));
#9481=CARTESIAN_POINT('',(17.0119602341379,11.7993833027115,16.));
#9482=CARTESIAN_POINT('Origin',(18.2738974798645,11.6697789631119,16.));
#9483=CARTESIAN_POINT('',(18.2738974798645,11.6697789631119,16.));
#9484=CARTESIAN_POINT('',(9.82532177087395,12.5374703471558,16.));
#9485=CARTESIAN_POINT('',(18.2738974798645,11.6697789631119,18.));
#9486=CARTESIAN_POINT('',(17.0119602341379,11.7993833027115,18.));
#9487=CARTESIAN_POINT('',(18.2738974798645,11.6697789631119,16.));
#9488=CARTESIAN_POINT('Ctrl Pts',(17.2984539825643,9.52107503034976,16.));
#9489=CARTESIAN_POINT('Ctrl Pts',(17.2984539825643,9.52107503034976,18.));
#9490=CARTESIAN_POINT('Ctrl Pts',(17.5515532493461,9.808434605348,16.));
#9491=CARTESIAN_POINT('Ctrl Pts',(17.5515532493461,9.808434605348,18.));
#9492=CARTESIAN_POINT('Ctrl Pts',(18.0929511204991,10.4231177853417,16.));
#9493=CARTESIAN_POINT('Ctrl Pts',(18.0929511204991,10.4231177853417,18.));
#9494=CARTESIAN_POINT('Ctrl Pts',(18.2110231825642,11.2365956385137,16.));
#9495=CARTESIAN_POINT('Ctrl Pts',(18.2110231825642,11.2365956385137,18.));
#9496=CARTESIAN_POINT('Ctrl Pts',(18.2738974798645,11.6697789631119,16.));
#9497=CARTESIAN_POINT('Ctrl Pts',(18.2738974798645,11.6697789631119,18.));
#9498=CARTESIAN_POINT('',(17.2984539825643,9.52107503034976,16.));
#9499=CARTESIAN_POINT('Ctrl Pts',(18.2738974798645,11.6697789631119,16.));
#9500=CARTESIAN_POINT('Ctrl Pts',(18.2110231825642,11.2365956385137,16.));
#9501=CARTESIAN_POINT('Ctrl Pts',(18.0929511204991,10.4231177853417,16.));
#9502=CARTESIAN_POINT('Ctrl Pts',(17.5515532493461,9.808434605348,16.));
#9503=CARTESIAN_POINT('Ctrl Pts',(17.2984539825643,9.52107503034976,16.));
#9504=CARTESIAN_POINT('',(17.2984539825643,9.52107503034976,18.));
#9505=CARTESIAN_POINT('Ctrl Pts',(17.2984539825643,9.52107503034976,18.));
#9506=CARTESIAN_POINT('Ctrl Pts',(17.5515532493461,9.808434605348,18.));
#9507=CARTESIAN_POINT('Ctrl Pts',(18.0929511204991,10.4231177853417,18.));
#9508=CARTESIAN_POINT('Ctrl Pts',(18.2110231825642,11.2365956385137,18.));
#9509=CARTESIAN_POINT('Ctrl Pts',(18.2738974798645,11.6697789631119,18.));
#9510=CARTESIAN_POINT('',(17.2984539825643,9.52107503034976,16.));
#9511=CARTESIAN_POINT('Ctrl Pts',(15.0269668657507,8.77755477049259,16.));
#9512=CARTESIAN_POINT('Ctrl Pts',(15.0269668657507,8.77755477049259,18.));
#9513=CARTESIAN_POINT('Ctrl Pts',(15.4674338247453,8.79969222966189,16.));
#9514=CARTESIAN_POINT('Ctrl Pts',(15.4674338247453,8.79969222966189,18.));
#9515=CARTESIAN_POINT('Ctrl Pts',(16.2948710993004,8.84127845652085,16.));
#9516=CARTESIAN_POINT('Ctrl Pts',(16.2948710993004,8.84127845652085,18.));
#9517=CARTESIAN_POINT('Ctrl Pts',(16.9786628447382,9.30445822324754,16.));
#9518=CARTESIAN_POINT('Ctrl Pts',(16.9786628447382,9.30445822324754,18.));
#9519=CARTESIAN_POINT('Ctrl Pts',(17.2984539825643,9.52107503034976,16.));
#9520=CARTESIAN_POINT('Ctrl Pts',(17.2984539825643,9.52107503034976,18.));
#9521=CARTESIAN_POINT('',(15.0269668657507,8.77755477049259,16.));
#9522=CARTESIAN_POINT('Ctrl Pts',(17.2984539825643,9.52107503034976,16.));
#9523=CARTESIAN_POINT('Ctrl Pts',(16.9786628447382,9.30445822324754,16.));
#9524=CARTESIAN_POINT('Ctrl Pts',(16.2948710993004,8.84127845652085,16.));
#9525=CARTESIAN_POINT('Ctrl Pts',(15.4674338247453,8.79969222966189,16.));
#9526=CARTESIAN_POINT('Ctrl Pts',(15.0269668657507,8.77755477049259,16.));
#9527=CARTESIAN_POINT('',(15.0269668657507,8.77755477049259,18.));
#9528=CARTESIAN_POINT('Ctrl Pts',(15.0269668657507,8.77755477049259,18.));
#9529=CARTESIAN_POINT('Ctrl Pts',(15.4674338247453,8.79969222966189,18.));
#9530=CARTESIAN_POINT('Ctrl Pts',(16.2948710993004,8.84127845652085,18.));
#9531=CARTESIAN_POINT('Ctrl Pts',(16.9786628447382,9.30445822324754,18.));
#9532=CARTESIAN_POINT('Ctrl Pts',(17.2984539825643,9.52107503034976,18.));
#9533=CARTESIAN_POINT('',(15.0269668657507,8.77755477049259,16.));
#9534=CARTESIAN_POINT('Ctrl Pts',(12.7486585933889,9.57564546682743,16.));
#9535=CARTESIAN_POINT('Ctrl Pts',(12.7486585933889,9.57564546682743,18.));
#9536=CARTESIAN_POINT('Ctrl Pts',(13.0663406418149,9.3430973519161,16.));
#9537=CARTESIAN_POINT('Ctrl Pts',(13.0663406418149,9.3430973519161,18.));
#9538=CARTESIAN_POINT('Ctrl Pts',(13.742501483571,8.84813728128464,16.));
#9539=CARTESIAN_POINT('Ctrl Pts',(13.742501483571,8.84813728128464,18.));
#9540=CARTESIAN_POINT('Ctrl Pts',(14.5819292075522,8.80200998411568,16.));
#9541=CARTESIAN_POINT('Ctrl Pts',(14.5819292075522,8.80200998411568,18.));
#9542=CARTESIAN_POINT('Ctrl Pts',(15.0269668657507,8.77755477049259,16.));
#9543=CARTESIAN_POINT('Ctrl Pts',(15.0269668657507,8.77755477049259,18.));
#9544=CARTESIAN_POINT('',(12.7486585933889,9.57564546682743,16.));
#9545=CARTESIAN_POINT('Ctrl Pts',(15.0269668657507,8.77755477049259,16.));
#9546=CARTESIAN_POINT('Ctrl Pts',(14.5819292075522,8.80200998411568,16.));
#9547=CARTESIAN_POINT('Ctrl Pts',(13.742501483571,8.84813728128464,16.));
#9548=CARTESIAN_POINT('Ctrl Pts',(13.0663406418149,9.3430973519161,16.));
#9549=CARTESIAN_POINT('Ctrl Pts',(12.7486585933889,9.57564546682743,16.));
#9550=CARTESIAN_POINT('',(12.7486585933889,9.57564546682743,18.));
#9551=CARTESIAN_POINT('Ctrl Pts',(12.7486585933889,9.57564546682743,18.));
#9552=CARTESIAN_POINT('Ctrl Pts',(13.0663406418149,9.3430973519161,18.));
#9553=CARTESIAN_POINT('Ctrl Pts',(13.742501483571,8.84813728128464,18.));
#9554=CARTESIAN_POINT('Ctrl Pts',(14.5819292075522,8.80200998411568,18.));
#9555=CARTESIAN_POINT('Ctrl Pts',(15.0269668657507,8.77755477049259,18.));
#9556=CARTESIAN_POINT('',(12.7486585933889,9.57564546682743,16.));
#9557=CARTESIAN_POINT('Ctrl Pts',(11.9096409637655,11.5538169346085,16.));
#9558=CARTESIAN_POINT('Ctrl Pts',(11.9096409637655,11.5538169346085,18.));
#9559=CARTESIAN_POINT('Ctrl Pts',(11.9438454109822,11.1770930572728,16.));
#9560=CARTESIAN_POINT('Ctrl Pts',(11.9438454109822,11.1770930572728,18.));
#9561=CARTESIAN_POINT('Ctrl Pts',(12.0118901172672,10.4276564292977,16.));
#9562=CARTESIAN_POINT('Ctrl Pts',(12.0118901172672,10.4276564292977,18.));
#9563=CARTESIAN_POINT('Ctrl Pts',(12.5039469618067,9.85863394897524,16.));
#9564=CARTESIAN_POINT('Ctrl Pts',(12.5039469618067,9.85863394897524,18.));
#9565=CARTESIAN_POINT('Ctrl Pts',(12.7486585933889,9.57564546682743,16.));
#9566=CARTESIAN_POINT('Ctrl Pts',(12.7486585933889,9.57564546682743,18.));
#9567=CARTESIAN_POINT('',(11.9096409637655,11.5538169346085,16.));
#9568=CARTESIAN_POINT('Ctrl Pts',(12.7486585933889,9.57564546682743,16.));
#9569=CARTESIAN_POINT('Ctrl Pts',(12.5039469618067,9.85863394897524,16.));
#9570=CARTESIAN_POINT('Ctrl Pts',(12.0118901172672,10.4276564292977,16.));
#9571=CARTESIAN_POINT('Ctrl Pts',(11.9438454109822,11.1770930572728,16.));
#9572=CARTESIAN_POINT('Ctrl Pts',(11.9096409637655,11.5538169346085,16.));
#9573=CARTESIAN_POINT('',(11.9096409637655,11.5538169346085,18.));
#9574=CARTESIAN_POINT('Ctrl Pts',(11.9096409637655,11.5538169346085,18.));
#9575=CARTESIAN_POINT('Ctrl Pts',(11.9438454109822,11.1770930572728,18.));
#9576=CARTESIAN_POINT('Ctrl Pts',(12.0118901172672,10.4276564292977,18.));
#9577=CARTESIAN_POINT('Ctrl Pts',(12.5039469618067,9.85863394897524,18.));
#9578=CARTESIAN_POINT('Ctrl Pts',(12.7486585933889,9.57564546682743,18.));
#9579=CARTESIAN_POINT('',(11.9096409637655,11.5538169346085,16.));
#9580=CARTESIAN_POINT('Ctrl Pts',(12.1552073318685,12.7338988981476,16.));
#9581=CARTESIAN_POINT('Ctrl Pts',(12.1552073318685,12.7338988981476,18.));
#9582=CARTESIAN_POINT('Ctrl Pts',(12.0835869500024,12.5410391627896,16.));
#9583=CARTESIAN_POINT('Ctrl Pts',(12.0835869500024,12.5410391627896,18.));
#9584=CARTESIAN_POINT('Ctrl Pts',(11.9420887186922,12.1600119924078,16.));
#9585=CARTESIAN_POINT('Ctrl Pts',(11.9420887186922,12.1600119924078,18.));
#9586=CARTESIAN_POINT('Ctrl Pts',(11.920367718304,11.7542161795538,16.));
#9587=CARTESIAN_POINT('Ctrl Pts',(11.920367718304,11.7542161795538,18.));
#9588=CARTESIAN_POINT('Ctrl Pts',(11.9096409637655,11.5538169346085,16.));
#9589=CARTESIAN_POINT('Ctrl Pts',(11.9096409637655,11.5538169346085,18.));
#9590=CARTESIAN_POINT('',(12.1552073318685,12.7338988981476,16.));
#9591=CARTESIAN_POINT('Ctrl Pts',(11.9096409637655,11.5538169346085,16.));
#9592=CARTESIAN_POINT('Ctrl Pts',(11.920367718304,11.7542161795538,16.));
#9593=CARTESIAN_POINT('Ctrl Pts',(11.9420887186922,12.1600119924078,16.));
#9594=CARTESIAN_POINT('Ctrl Pts',(12.0835869500024,12.5410391627896,16.));
#9595=CARTESIAN_POINT('Ctrl Pts',(12.1552073318685,12.7338988981476,16.));
#9596=CARTESIAN_POINT('',(12.1552073318685,12.7338988981476,18.));
#9597=CARTESIAN_POINT('Ctrl Pts',(12.1552073318685,12.7338988981476,18.));
#9598=CARTESIAN_POINT('Ctrl Pts',(12.0835869500024,12.5410391627896,18.));
#9599=CARTESIAN_POINT('Ctrl Pts',(11.9420887186922,12.1600119924078,18.));
#9600=CARTESIAN_POINT('Ctrl Pts',(11.920367718304,11.7542161795538,18.));
#9601=CARTESIAN_POINT('Ctrl Pts',(11.9096409637655,11.5538169346085,18.));
#9602=CARTESIAN_POINT('',(12.1552073318685,12.7338988981476,16.));
#9603=CARTESIAN_POINT('Ctrl Pts',(12.9737608988012,13.9549083910218,16.));
#9604=CARTESIAN_POINT('Ctrl Pts',(12.9737608988012,13.9549083910218,18.));
#9605=CARTESIAN_POINT('Ctrl Pts',(12.8003704946471,13.7526903485407,16.));
#9606=CARTESIAN_POINT('Ctrl Pts',(12.8003704946471,13.7526903485407,18.));
#9607=CARTESIAN_POINT('Ctrl Pts',(12.4789318766576,13.3778098098813,16.));
#9608=CARTESIAN_POINT('Ctrl Pts',(12.4789318766576,13.3778098098813,18.));
#9609=CARTESIAN_POINT('Ctrl Pts',(12.2572907927495,12.9369500891272,16.));
#9610=CARTESIAN_POINT('Ctrl Pts',(12.2572907927495,12.9369500891272,18.));
#9611=CARTESIAN_POINT('Ctrl Pts',(12.1552073318685,12.7338988981476,16.));
#9612=CARTESIAN_POINT('Ctrl Pts',(12.1552073318685,12.7338988981476,18.));
#9613=CARTESIAN_POINT('',(12.9737608988012,13.9549083910218,16.));
#9614=CARTESIAN_POINT('Ctrl Pts',(12.1552073318685,12.7338988981476,16.));
#9615=CARTESIAN_POINT('Ctrl Pts',(12.2572907927495,12.9369500891272,16.));
#9616=CARTESIAN_POINT('Ctrl Pts',(12.4789318766576,13.3778098098813,16.));
#9617=CARTESIAN_POINT('Ctrl Pts',(12.8003704946471,13.7526903485407,16.));
#9618=CARTESIAN_POINT('Ctrl Pts',(12.9737608988012,13.9549083910218,16.));
#9619=CARTESIAN_POINT('',(12.9737608988012,13.9549083910218,18.));
#9620=CARTESIAN_POINT('Ctrl Pts',(12.9737608988012,13.9549083910218,18.));
#9621=CARTESIAN_POINT('Ctrl Pts',(12.8003704946471,13.7526903485407,18.));
#9622=CARTESIAN_POINT('Ctrl Pts',(12.4789318766576,13.3778098098813,18.));
#9623=CARTESIAN_POINT('Ctrl Pts',(12.2572907927495,12.9369500891272,18.));
#9624=CARTESIAN_POINT('Ctrl Pts',(12.1552073318685,12.7338988981476,18.));
#9625=CARTESIAN_POINT('',(12.9737608988012,13.9549083910218,16.));
#9626=CARTESIAN_POINT('Ctrl Pts',(14.8632561523641,15.7147993049851,16.));
#9627=CARTESIAN_POINT('Ctrl Pts',(14.8632561523641,15.7147993049851,18.));
#9628=CARTESIAN_POINT('Ctrl Pts',(14.4785301704847,15.388819690599,16.));
#9629=CARTESIAN_POINT('Ctrl Pts',(14.4785301704847,15.388819690599,18.));
#9630=CARTESIAN_POINT('Ctrl Pts',(13.8209478074123,14.8316479495738,16.));
#9631=CARTESIAN_POINT('Ctrl Pts',(13.8209478074123,14.8316479495738,18.));
#9632=CARTESIAN_POINT('Ctrl Pts',(13.2222032121748,14.2120171847706,16.));
#9633=CARTESIAN_POINT('Ctrl Pts',(13.2222032121748,14.2120171847706,18.));
#9634=CARTESIAN_POINT('Ctrl Pts',(12.9737608988012,13.9549083910218,16.));
#9635=CARTESIAN_POINT('Ctrl Pts',(12.9737608988012,13.9549083910218,18.));
#9636=CARTESIAN_POINT('',(14.8632561523641,15.7147993049851,16.));
#9637=CARTESIAN_POINT('Ctrl Pts',(12.9737608988012,13.9549083910218,16.));
#9638=CARTESIAN_POINT('Ctrl Pts',(13.2222032121748,14.2120171847706,16.));
#9639=CARTESIAN_POINT('Ctrl Pts',(13.8209478074123,14.8316479495738,16.));
#9640=CARTESIAN_POINT('Ctrl Pts',(14.4785301704847,15.388819690599,16.));
#9641=CARTESIAN_POINT('Ctrl Pts',(14.8632561523641,15.7147993049851,16.));
#9642=CARTESIAN_POINT('',(14.8632561523641,15.7147993049851,18.));
#9643=CARTESIAN_POINT('Ctrl Pts',(14.8632561523641,15.7147993049851,18.));
#9644=CARTESIAN_POINT('Ctrl Pts',(14.4785301704847,15.388819690599,18.));
#9645=CARTESIAN_POINT('Ctrl Pts',(13.8209478074123,14.8316479495738,18.));
#9646=CARTESIAN_POINT('Ctrl Pts',(13.2222032121748,14.2120171847706,18.));
#9647=CARTESIAN_POINT('Ctrl Pts',(12.9737608988012,13.9549083910218,18.));
#9648=CARTESIAN_POINT('',(14.8632561523641,15.7147993049851,16.));
#9649=CARTESIAN_POINT('Ctrl Pts',(16.282083030435,16.9767363271942,16.));
#9650=CARTESIAN_POINT('Ctrl Pts',(16.282083030435,16.9767363271942,18.));
#9651=CARTESIAN_POINT('Ctrl Pts',(16.1129023915518,16.8143666655898,16.));
#9652=CARTESIAN_POINT('Ctrl Pts',(16.1129023915518,16.8143666655898,18.));
#9653=CARTESIAN_POINT('Ctrl Pts',(15.6560223034988,16.375879934598,16.));
#9654=CARTESIAN_POINT('Ctrl Pts',(15.6560223034988,16.375879934598,18.));
#9655=CARTESIAN_POINT('Ctrl Pts',(15.1695745154132,15.97023545853,16.));
#9656=CARTESIAN_POINT('Ctrl Pts',(15.1695745154132,15.97023545853,18.));
#9657=CARTESIAN_POINT('Ctrl Pts',(14.8632561523641,15.7147993049851,16.));
#9658=CARTESIAN_POINT('Ctrl Pts',(14.8632561523641,15.7147993049851,18.));
#9659=CARTESIAN_POINT('',(16.282083030435,16.9767363271942,16.));
#9660=CARTESIAN_POINT('Ctrl Pts',(14.8632561523641,15.7147993049851,16.));
#9661=CARTESIAN_POINT('Ctrl Pts',(15.1695745154132,15.97023545853,16.));
#9662=CARTESIAN_POINT('Ctrl Pts',(15.6560223034988,16.375879934598,16.));
#9663=CARTESIAN_POINT('Ctrl Pts',(16.1129023915518,16.8143666655898,16.));
#9664=CARTESIAN_POINT('Ctrl Pts',(16.282083030435,16.9767363271942,16.));
#9665=CARTESIAN_POINT('',(16.282083030435,16.9767363271942,18.));
#9666=CARTESIAN_POINT('Ctrl Pts',(16.282083030435,16.9767363271942,18.));
#9667=CARTESIAN_POINT('Ctrl Pts',(16.1129023915518,16.8143666655898,18.));
#9668=CARTESIAN_POINT('Ctrl Pts',(15.6560223034988,16.375879934598,18.));
#9669=CARTESIAN_POINT('Ctrl Pts',(15.1695745154132,15.97023545853,18.));
#9670=CARTESIAN_POINT('Ctrl Pts',(14.8632561523641,15.7147993049851,18.));
#9671=CARTESIAN_POINT('',(16.282083030435,16.9767363271942,16.));
#9672=CARTESIAN_POINT('Ctrl Pts',(16.8005003888334,17.6384015283814,16.));
#9673=CARTESIAN_POINT('Ctrl Pts',(16.8005003888334,17.6384015283814,18.));
#9674=CARTESIAN_POINT('Ctrl Pts',(16.7259430692685,17.5254092775391,16.));
#9675=CARTESIAN_POINT('Ctrl Pts',(16.7259430692685,17.5254092775391,18.));
#9676=CARTESIAN_POINT('Ctrl Pts',(16.5711410052739,17.2908054351819,16.));
#9677=CARTESIAN_POINT('Ctrl Pts',(16.5711410052739,17.2908054351819,18.));
#9678=CARTESIAN_POINT('Ctrl Pts',(16.3807671328561,17.0839592053634,16.));
#9679=CARTESIAN_POINT('Ctrl Pts',(16.3807671328561,17.0839592053634,18.));
#9680=CARTESIAN_POINT('Ctrl Pts',(16.282083030435,16.9767363271942,16.));
#9681=CARTESIAN_POINT('Ctrl Pts',(16.282083030435,16.9767363271942,18.));
#9682=CARTESIAN_POINT('',(16.8005003888334,17.6384015283814,16.));
#9683=CARTESIAN_POINT('Ctrl Pts',(16.282083030435,16.9767363271942,16.));
#9684=CARTESIAN_POINT('Ctrl Pts',(16.3807671328561,17.0839592053634,16.));
#9685=CARTESIAN_POINT('Ctrl Pts',(16.5711410052739,17.2908054351819,16.));
#9686=CARTESIAN_POINT('Ctrl Pts',(16.7259430692685,17.5254092775391,16.));
#9687=CARTESIAN_POINT('Ctrl Pts',(16.8005003888334,17.6384015283814,16.));
#9688=CARTESIAN_POINT('',(16.8005003888334,17.6384015283814,18.));
#9689=CARTESIAN_POINT('Ctrl Pts',(16.8005003888334,17.6384015283814,18.));
#9690=CARTESIAN_POINT('Ctrl Pts',(16.7259430692685,17.5254092775391,18.));
#9691=CARTESIAN_POINT('Ctrl Pts',(16.5711410052739,17.2908054351819,18.));
#9692=CARTESIAN_POINT('Ctrl Pts',(16.3807671328561,17.0839592053634,18.));
#9693=CARTESIAN_POINT('Ctrl Pts',(16.282083030435,16.9767363271942,18.));
#9694=CARTESIAN_POINT('',(16.8005003888334,17.6384015283814,16.));
#9695=CARTESIAN_POINT('Origin',(11.8959986526693,17.6384015283814,16.));
#9696=CARTESIAN_POINT('',(5.94799932633465,17.6384015283814,16.));
#9697=CARTESIAN_POINT('',(16.8005003888334,17.6384015283814,18.));
#9698=CARTESIAN_POINT('Origin',(-0.337971270439497,13.8832850656739,18.));
#9699=CARTESIAN_POINT('Origin',(-19.1817635934626,18.8184828958741,16.));
#9700=CARTESIAN_POINT('',(-19.1817635934626,17.6384015283814,16.));
#9701=CARTESIAN_POINT('',(-19.1817635934626,18.8184828958741,16.));
#9702=CARTESIAN_POINT('',(-19.1817635934626,9.40924144793703,16.));
#9703=CARTESIAN_POINT('',(-19.1817635934626,17.6384015283814,18.));
#9704=CARTESIAN_POINT('',(-19.1817635934626,17.6384015283814,16.));
#9705=CARTESIAN_POINT('',(-19.1817635934626,18.8184828958741,18.));
#9706=CARTESIAN_POINT('',(-19.1817635934626,17.6384015283814,18.));
#9707=CARTESIAN_POINT('',(-19.1817635934626,18.8184828958741,16.));
#9708=CARTESIAN_POINT('Origin',(-12.5719398896967,18.8184828958741,16.));
#9709=CARTESIAN_POINT('',(-12.5719398896967,18.8184828958741,16.));
#9710=CARTESIAN_POINT('',(-6.28596994484836,18.8184828958741,16.));
#9711=CARTESIAN_POINT('',(-12.5719398896967,18.8184828958741,18.));
#9712=CARTESIAN_POINT('',(-19.1817635934626,18.8184828958741,18.));
#9713=CARTESIAN_POINT('',(-12.5719398896967,18.8184828958741,16.));
#9714=CARTESIAN_POINT('Ctrl Pts',(-12.7151865403925,17.9658229551545,16.));
#9715=CARTESIAN_POINT('Ctrl Pts',(-12.7151865403925,17.9658229551545,18.));
#9716=CARTESIAN_POINT('Ctrl Pts',(-12.6700021961391,18.1038955803251,16.));
#9717=CARTESIAN_POINT('Ctrl Pts',(-12.6700021961391,18.1038955803251,18.));
#9718=CARTESIAN_POINT('Ctrl Pts',(-12.5793540384679,18.3808948220617,16.));
#9719=CARTESIAN_POINT('Ctrl Pts',(-12.5793540384679,18.3808948220617,18.));
#9720=CARTESIAN_POINT('Ctrl Pts',(-12.5744163469377,18.6723207149689,16.));
#9721=CARTESIAN_POINT('Ctrl Pts',(-12.5744163469377,18.6723207149689,18.));
#9722=CARTESIAN_POINT('Ctrl Pts',(-12.5719398896967,18.8184828958741,16.));
#9723=CARTESIAN_POINT('Ctrl Pts',(-12.5719398896967,18.8184828958741,18.));
#9724=CARTESIAN_POINT('',(-12.7151865403925,17.9658229551545,16.));
#9725=CARTESIAN_POINT('Ctrl Pts',(-12.5719398896967,18.8184828958741,16.));
#9726=CARTESIAN_POINT('Ctrl Pts',(-12.5744163469377,18.6723207149689,16.));
#9727=CARTESIAN_POINT('Ctrl Pts',(-12.5793540384679,18.3808948220617,16.));
#9728=CARTESIAN_POINT('Ctrl Pts',(-12.6700021961391,18.1038955803251,16.));
#9729=CARTESIAN_POINT('Ctrl Pts',(-12.7151865403925,17.9658229551545,16.));
#9730=CARTESIAN_POINT('',(-12.7151865403925,17.9658229551545,18.));
#9731=CARTESIAN_POINT('Ctrl Pts',(-12.7151865403925,17.9658229551545,18.));
#9732=CARTESIAN_POINT('Ctrl Pts',(-12.6700021961391,18.1038955803251,18.));
#9733=CARTESIAN_POINT('Ctrl Pts',(-12.5793540384679,18.3808948220617,18.));
#9734=CARTESIAN_POINT('Ctrl Pts',(-12.5744163469377,18.6723207149689,18.));
#9735=CARTESIAN_POINT('Ctrl Pts',(-12.5719398896967,18.8184828958741,18.));
#9736=CARTESIAN_POINT('',(-12.7151865403925,17.9658229551545,16.));
#9737=CARTESIAN_POINT('Ctrl Pts',(-13.5200972001825,16.635672589325,16.));
#9738=CARTESIAN_POINT('Ctrl Pts',(-13.5200972001825,16.635672589325,18.));
#9739=CARTESIAN_POINT('Ctrl Pts',(-13.3505005679725,16.8493995673393,16.));
#9740=CARTESIAN_POINT('Ctrl Pts',(-13.3505005679725,16.8493995673393,18.));
#9741=CARTESIAN_POINT('Ctrl Pts',(-13.0256078443514,17.2588318720584,16.));
#9742=CARTESIAN_POINT('Ctrl Pts',(-13.0256078443514,17.2588318720584,18.));
#9743=CARTESIAN_POINT('Ctrl Pts',(-12.8155787479709,17.7371775797725,16.));
#9744=CARTESIAN_POINT('Ctrl Pts',(-12.8155787479709,17.7371775797725,18.));
#9745=CARTESIAN_POINT('Ctrl Pts',(-12.7151865403925,17.9658229551545,16.));
#9746=CARTESIAN_POINT('Ctrl Pts',(-12.7151865403925,17.9658229551545,18.));
#9747=CARTESIAN_POINT('',(-13.5200972001825,16.635672589325,16.));
#9748=CARTESIAN_POINT('Ctrl Pts',(-12.7151865403925,17.9658229551545,16.));
#9749=CARTESIAN_POINT('Ctrl Pts',(-12.8155787479709,17.7371775797725,16.));
#9750=CARTESIAN_POINT('Ctrl Pts',(-13.0256078443514,17.2588318720584,16.));
#9751=CARTESIAN_POINT('Ctrl Pts',(-13.3505005679725,16.8493995673393,16.));
#9752=CARTESIAN_POINT('Ctrl Pts',(-13.5200972001825,16.635672589325,16.));
#9753=CARTESIAN_POINT('',(-13.5200972001825,16.635672589325,18.));
#9754=CARTESIAN_POINT('Ctrl Pts',(-13.5200972001825,16.635672589325,18.));
#9755=CARTESIAN_POINT('Ctrl Pts',(-13.3505005679725,16.8493995673393,18.));
#9756=CARTESIAN_POINT('Ctrl Pts',(-13.0256078443514,17.2588318720584,18.));
#9757=CARTESIAN_POINT('Ctrl Pts',(-12.8155787479709,17.7371775797725,18.));
#9758=CARTESIAN_POINT('Ctrl Pts',(-12.7151865403925,17.9658229551545,18.));
#9759=CARTESIAN_POINT('',(-13.5200972001825,16.635672589325,16.));
#9760=CARTESIAN_POINT('Ctrl Pts',(-15.1299209039484,15.1213474474182,16.));
#9761=CARTESIAN_POINT('Ctrl Pts',(-15.1299209039484,15.1213474474182,18.));
#9762=CARTESIAN_POINT('Ctrl Pts',(-14.8139466363099,15.3836898900698,16.));
#9763=CARTESIAN_POINT('Ctrl Pts',(-14.8139466363099,15.3836898900698,18.));
#9764=CARTESIAN_POINT('Ctrl Pts',(-14.2458755140177,15.8553395814694,16.));
#9765=CARTESIAN_POINT('Ctrl Pts',(-14.2458755140177,15.8553395814694,18.));
#9766=CARTESIAN_POINT('Ctrl Pts',(-13.7431812942178,16.3958198976906,16.));
#9767=CARTESIAN_POINT('Ctrl Pts',(-13.7431812942178,16.3958198976906,18.));
#9768=CARTESIAN_POINT('Ctrl Pts',(-13.5200972001825,16.635672589325,16.));
#9769=CARTESIAN_POINT('Ctrl Pts',(-13.5200972001825,16.635672589325,18.));
#9770=CARTESIAN_POINT('',(-15.1299209039484,15.1213474474182,16.));
#9771=CARTESIAN_POINT('Ctrl Pts',(-13.5200972001825,16.635672589325,16.));
#9772=CARTESIAN_POINT('Ctrl Pts',(-13.7431812942178,16.3958198976906,16.));
#9773=CARTESIAN_POINT('Ctrl Pts',(-14.2458755140177,15.8553395814694,16.));
#9774=CARTESIAN_POINT('Ctrl Pts',(-14.8139466363099,15.3836898900698,16.));
#9775=CARTESIAN_POINT('Ctrl Pts',(-15.1299209039484,15.1213474474182,16.));
#9776=CARTESIAN_POINT('',(-15.1299209039484,15.1213474474182,18.));
#9777=CARTESIAN_POINT('Ctrl Pts',(-15.1299209039484,15.1213474474182,18.));
#9778=CARTESIAN_POINT('Ctrl Pts',(-14.8139466363099,15.3836898900698,18.));
#9779=CARTESIAN_POINT('Ctrl Pts',(-14.2458755140177,15.8553395814694,18.));
#9780=CARTESIAN_POINT('Ctrl Pts',(-13.7431812942178,16.3958198976906,18.));
#9781=CARTESIAN_POINT('Ctrl Pts',(-13.5200972001825,16.635672589325,18.));
#9782=CARTESIAN_POINT('',(-15.1299209039484,15.1213474474182,16.));
#9783=CARTESIAN_POINT('Ctrl Pts',(-17.3331946771418,13.0067504844895,16.));
#9784=CARTESIAN_POINT('Ctrl Pts',(-17.3331946771418,13.0067504844895,18.));
#9785=CARTESIAN_POINT('Ctrl Pts',(-17.0606441693058,13.3192578578511,16.));
#9786=CARTESIAN_POINT('Ctrl Pts',(-17.0606441693058,13.3192578578511,18.));
#9787=CARTESIAN_POINT('Ctrl Pts',(-16.3895477147014,14.0887394191437,16.));
#9788=CARTESIAN_POINT('Ctrl Pts',(-16.3895477147014,14.0887394191437,18.));
#9789=CARTESIAN_POINT('Ctrl Pts',(-15.5992545422018,14.7366004107066,16.));
#9790=CARTESIAN_POINT('Ctrl Pts',(-15.5992545422018,14.7366004107066,18.));
#9791=CARTESIAN_POINT('Ctrl Pts',(-15.1299209039484,15.1213474474182,16.));
#9792=CARTESIAN_POINT('Ctrl Pts',(-15.1299209039484,15.1213474474182,18.));
#9793=CARTESIAN_POINT('',(-17.3331946771418,13.0067504844895,16.));
#9794=CARTESIAN_POINT('Ctrl Pts',(-15.1299209039484,15.1213474474182,16.));
#9795=CARTESIAN_POINT('Ctrl Pts',(-15.5992545422018,14.7366004107066,16.));
#9796=CARTESIAN_POINT('Ctrl Pts',(-16.3895477147014,14.0887394191437,16.));
#9797=CARTESIAN_POINT('Ctrl Pts',(-17.0606441693058,13.3192578578511,16.));
#9798=CARTESIAN_POINT('Ctrl Pts',(-17.3331946771418,13.0067504844895,16.));
#9799=CARTESIAN_POINT('',(-17.3331946771418,13.0067504844895,18.));
#9800=CARTESIAN_POINT('Ctrl Pts',(-17.3331946771418,13.0067504844895,18.));
#9801=CARTESIAN_POINT('Ctrl Pts',(-17.0606441693058,13.3192578578511,18.));
#9802=CARTESIAN_POINT('Ctrl Pts',(-16.3895477147014,14.0887394191437,18.));
#9803=CARTESIAN_POINT('Ctrl Pts',(-15.5992545422018,14.7366004107066,18.));
#9804=CARTESIAN_POINT('Ctrl Pts',(-15.1299209039484,15.1213474474182,18.));
#9805=CARTESIAN_POINT('',(-17.3331946771418,13.0067504844895,16.));
#9806=CARTESIAN_POINT('Ctrl Pts',(-17.9061836641108,11.5265317163697,16.));
#9807=CARTESIAN_POINT('Ctrl Pts',(-17.9061836641108,11.5265317163697,18.));
#9808=CARTESIAN_POINT('Ctrl Pts',(-17.8748546866521,11.771934761111,16.));
#9809=CARTESIAN_POINT('Ctrl Pts',(-17.8748546866521,11.771934761111,18.));
#9810=CARTESIAN_POINT('Ctrl Pts',(-17.8060781518312,12.310668304971,16.));
#9811=CARTESIAN_POINT('Ctrl Pts',(-17.8060781518312,12.310668304971,18.));
#9812=CARTESIAN_POINT('Ctrl Pts',(-17.499901971882,12.7613581557755,16.));
#9813=CARTESIAN_POINT('Ctrl Pts',(-17.499901971882,12.7613581557755,18.));
#9814=CARTESIAN_POINT('Ctrl Pts',(-17.3331946771418,13.0067504844895,16.));
#9815=CARTESIAN_POINT('Ctrl Pts',(-17.3331946771418,13.0067504844895,18.));
#9816=CARTESIAN_POINT('',(-17.9061836641108,11.5265317163697,16.));
#9817=CARTESIAN_POINT('Ctrl Pts',(-17.3331946771418,13.0067504844895,16.));
#9818=CARTESIAN_POINT('Ctrl Pts',(-17.499901971882,12.7613581557755,16.));
#9819=CARTESIAN_POINT('Ctrl Pts',(-17.8060781518312,12.310668304971,16.));
#9820=CARTESIAN_POINT('Ctrl Pts',(-17.8748546866521,11.771934761111,16.));
#9821=CARTESIAN_POINT('Ctrl Pts',(-17.9061836641108,11.5265317163697,16.));
#9822=CARTESIAN_POINT('',(-17.9061836641108,11.5265317163697,18.));
#9823=CARTESIAN_POINT('Ctrl Pts',(-17.9061836641108,11.5265317163697,18.));
#9824=CARTESIAN_POINT('Ctrl Pts',(-17.8748546866521,11.771934761111,18.));
#9825=CARTESIAN_POINT('Ctrl Pts',(-17.8060781518312,12.310668304971,18.));
#9826=CARTESIAN_POINT('Ctrl Pts',(-17.499901971882,12.7613581557755,18.));
#9827=CARTESIAN_POINT('Ctrl Pts',(-17.3331946771418,13.0067504844895,18.));
#9828=CARTESIAN_POINT('',(-17.9061836641108,11.5265317163697,16.));
#9829=CARTESIAN_POINT('Ctrl Pts',(-17.3809451501642,10.2987010679474,16.));
#9830=CARTESIAN_POINT('Ctrl Pts',(-17.3809451501642,10.2987010679474,18.));
#9831=CARTESIAN_POINT('Ctrl Pts',(-17.5341397667299,10.4746375264762,16.));
#9832=CARTESIAN_POINT('Ctrl Pts',(-17.5341397667299,10.4746375264762,18.));
#9833=CARTESIAN_POINT('Ctrl Pts',(-17.8412602601048,10.8273502598432,16.));
#9834=CARTESIAN_POINT('Ctrl Pts',(-17.8412602601048,10.8273502598432,18.));
#9835=CARTESIAN_POINT('Ctrl Pts',(-17.8845082046921,11.2931015763566,16.));
#9836=CARTESIAN_POINT('Ctrl Pts',(-17.8845082046921,11.2931015763566,18.));
#9837=CARTESIAN_POINT('Ctrl Pts',(-17.9061836641108,11.5265317163697,16.));
#9838=CARTESIAN_POINT('Ctrl Pts',(-17.9061836641108,11.5265317163697,18.));
#9839=CARTESIAN_POINT('',(-17.3809451501642,10.2987010679474,16.));
#9840=CARTESIAN_POINT('Ctrl Pts',(-17.9061836641108,11.5265317163697,16.));
#9841=CARTESIAN_POINT('Ctrl Pts',(-17.8845082046921,11.2931015763566,16.));
#9842=CARTESIAN_POINT('Ctrl Pts',(-17.8412602601048,10.8273502598432,16.));
#9843=CARTESIAN_POINT('Ctrl Pts',(-17.5341397667299,10.4746375264762,16.));
#9844=CARTESIAN_POINT('Ctrl Pts',(-17.3809451501642,10.2987010679474,16.));
#9845=CARTESIAN_POINT('',(-17.3809451501642,10.2987010679474,18.));
#9846=CARTESIAN_POINT('Ctrl Pts',(-17.3809451501642,10.2987010679474,18.));
#9847=CARTESIAN_POINT('Ctrl Pts',(-17.5341397667299,10.4746375264762,18.));
#9848=CARTESIAN_POINT('Ctrl Pts',(-17.8412602601048,10.8273502598432,18.));
#9849=CARTESIAN_POINT('Ctrl Pts',(-17.8845082046921,11.2931015763566,18.));
#9850=CARTESIAN_POINT('Ctrl Pts',(-17.9061836641108,11.5265317163697,18.));
#9851=CARTESIAN_POINT('',(-17.3809451501642,10.2987010679474,16.));
#9852=CARTESIAN_POINT('Ctrl Pts',(-16.0235089700495,9.79392602064518,16.));
#9853=CARTESIAN_POINT('Ctrl Pts',(-16.0235089700495,9.79392602064518,18.));
#9854=CARTESIAN_POINT('Ctrl Pts',(-16.2858987871872,9.81125750201998,16.));
#9855=CARTESIAN_POINT('Ctrl Pts',(-16.2858987871872,9.81125750201998,18.));
#9856=CARTESIAN_POINT('Ctrl Pts',(-16.7898557024234,9.84454507386785,16.));
#9857=CARTESIAN_POINT('Ctrl Pts',(-16.7898557024234,9.84454507386785,18.));
#9858=CARTESIAN_POINT('Ctrl Pts',(-17.1894184386789,10.1515439762756,16.));
#9859=CARTESIAN_POINT('Ctrl Pts',(-17.1894184386789,10.1515439762756,18.));
#9860=CARTESIAN_POINT('Ctrl Pts',(-17.3809451501642,10.2987010679474,16.));
#9861=CARTESIAN_POINT('Ctrl Pts',(-17.3809451501642,10.2987010679474,18.));
#9862=CARTESIAN_POINT('',(-16.0235089700495,9.79392602064518,16.));
#9863=CARTESIAN_POINT('Ctrl Pts',(-17.3809451501642,10.2987010679474,16.));
#9864=CARTESIAN_POINT('Ctrl Pts',(-17.1894184386789,10.1515439762756,16.));
#9865=CARTESIAN_POINT('Ctrl Pts',(-16.7898557024234,9.84454507386785,16.));
#9866=CARTESIAN_POINT('Ctrl Pts',(-16.2858987871872,9.81125750201998,16.));
#9867=CARTESIAN_POINT('Ctrl Pts',(-16.0235089700495,9.79392602064518,16.));
#9868=CARTESIAN_POINT('',(-16.0235089700495,9.79392602064518,18.));
#9869=CARTESIAN_POINT('Ctrl Pts',(-16.0235089700495,9.79392602064518,18.));
#9870=CARTESIAN_POINT('Ctrl Pts',(-16.2858987871872,9.81125750201998,18.));
#9871=CARTESIAN_POINT('Ctrl Pts',(-16.7898557024234,9.84454507386785,18.));
#9872=CARTESIAN_POINT('Ctrl Pts',(-17.1894184386789,10.1515439762756,18.));
#9873=CARTESIAN_POINT('Ctrl Pts',(-17.3809451501642,10.2987010679474,18.));
#9874=CARTESIAN_POINT('',(-16.0235089700495,9.79392602064518,16.));
#9875=CARTESIAN_POINT('Ctrl Pts',(-14.6046823900019,10.3259862861863,16.));
#9876=CARTESIAN_POINT('Ctrl Pts',(-14.6046823900019,10.3259862861863,18.));
#9877=CARTESIAN_POINT('Ctrl Pts',(-14.8030747082011,10.1708916672094,16.));
#9878=CARTESIAN_POINT('Ctrl Pts',(-14.8030747082011,10.1708916672094,18.));
#9879=CARTESIAN_POINT('Ctrl Pts',(-15.218991909473,9.84574540931635,16.));
#9880=CARTESIAN_POINT('Ctrl Pts',(-15.218991909473,9.84574540931635,18.));
#9881=CARTESIAN_POINT('Ctrl Pts',(-15.7472367048227,9.81172086999318,16.));
#9882=CARTESIAN_POINT('Ctrl Pts',(-15.7472367048227,9.81172086999318,18.));
#9883=CARTESIAN_POINT('Ctrl Pts',(-16.0235089700495,9.79392602064518,16.));
#9884=CARTESIAN_POINT('Ctrl Pts',(-16.0235089700495,9.79392602064518,18.));
#9885=CARTESIAN_POINT('',(-14.6046823900019,10.3259862861863,16.));
#9886=CARTESIAN_POINT('Ctrl Pts',(-16.0235089700495,9.79392602064518,16.));
#9887=CARTESIAN_POINT('Ctrl Pts',(-15.7472367048227,9.81172086999318,16.));
#9888=CARTESIAN_POINT('Ctrl Pts',(-15.218991909473,9.84574540931635,16.));
#9889=CARTESIAN_POINT('Ctrl Pts',(-14.8030747082011,10.1708916672094,16.));
#9890=CARTESIAN_POINT('Ctrl Pts',(-14.6046823900019,10.3259862861863,16.));
#9891=CARTESIAN_POINT('',(-14.6046823900019,10.3259862861863,18.));
#9892=CARTESIAN_POINT('Ctrl Pts',(-14.6046823900019,10.3259862861863,18.));
#9893=CARTESIAN_POINT('Ctrl Pts',(-14.8030747082011,10.1708916672094,18.));
#9894=CARTESIAN_POINT('Ctrl Pts',(-15.218991909473,9.84574540931635,18.));
#9895=CARTESIAN_POINT('Ctrl Pts',(-15.7472367048227,9.81172086999318,18.));
#9896=CARTESIAN_POINT('Ctrl Pts',(-16.0235089700495,9.79392602064518,18.));
#9897=CARTESIAN_POINT('',(-14.6046823900019,10.3259862861863,16.));
#9898=CARTESIAN_POINT('Ctrl Pts',(-14.0658015649592,11.7993833027115,16.));
#9899=CARTESIAN_POINT('Ctrl Pts',(-14.0658015649592,11.7993833027115,18.));
#9900=CARTESIAN_POINT('Ctrl Pts',(-14.0838669562196,11.5090744240036,16.));
#9901=CARTESIAN_POINT('Ctrl Pts',(-14.0838669562196,11.5090744240036,18.));
#9902=CARTESIAN_POINT('Ctrl Pts',(-14.1178741716516,10.962582159447,16.));
#9903=CARTESIAN_POINT('Ctrl Pts',(-14.1178741716516,10.962582159447,18.));
#9904=CARTESIAN_POINT('Ctrl Pts',(-14.4493118146356,10.5291633554631,16.));
#9905=CARTESIAN_POINT('Ctrl Pts',(-14.4493118146356,10.5291633554631,18.));
#9906=CARTESIAN_POINT('Ctrl Pts',(-14.6046823900019,10.3259862861863,16.));
#9907=CARTESIAN_POINT('Ctrl Pts',(-14.6046823900019,10.3259862861863,18.));
#9908=CARTESIAN_POINT('',(-14.0658015649592,11.7993833027115,16.));
#9909=CARTESIAN_POINT('Ctrl Pts',(-14.6046823900019,10.3259862861863,16.));
#9910=CARTESIAN_POINT('Ctrl Pts',(-14.4493118146356,10.5291633554631,16.));
#9911=CARTESIAN_POINT('Ctrl Pts',(-14.1178741716516,10.962582159447,16.));
#9912=CARTESIAN_POINT('Ctrl Pts',(-14.0838669562196,11.5090744240036,16.));
#9913=CARTESIAN_POINT('Ctrl Pts',(-14.0658015649592,11.7993833027115,16.));
#9914=CARTESIAN_POINT('',(-14.0658015649592,11.7993833027115,18.));
#9915=CARTESIAN_POINT('Ctrl Pts',(-14.0658015649592,11.7993833027115,18.));
#9916=CARTESIAN_POINT('Ctrl Pts',(-14.0838669562196,11.5090744240036,18.));
#9917=CARTESIAN_POINT('Ctrl Pts',(-14.1178741716516,10.962582159447,18.));
#9918=CARTESIAN_POINT('Ctrl Pts',(-14.4493118146356,10.5291633554631,18.));
#9919=CARTESIAN_POINT('Ctrl Pts',(-14.6046823900019,10.3259862861863,18.));
#9920=CARTESIAN_POINT('',(-14.0658015649592,11.7993833027115,16.));
#9921=CARTESIAN_POINT('Origin',(-12.8038639467035,11.6697789631119,16.));
#9922=CARTESIAN_POINT('',(-12.8038639467035,11.6697789631119,16.));
#9923=CARTESIAN_POINT('',(-5.87574995244266,10.9582432850344,16.));
#9924=CARTESIAN_POINT('',(-12.8038639467035,11.6697789631119,18.));
#9925=CARTESIAN_POINT('',(-14.0658015649592,11.7993833027115,18.));
#9926=CARTESIAN_POINT('',(-12.8038639467035,11.6697789631119,16.));
#9927=CARTESIAN_POINT('Ctrl Pts',(-13.7793058793818,9.52107503034977,16.));
#9928=CARTESIAN_POINT('Ctrl Pts',(-13.7793058793818,9.52107503034977,18.));
#9929=CARTESIAN_POINT('Ctrl Pts',(-13.5262064714701,9.80843457310504,16.));
#9930=CARTESIAN_POINT('Ctrl Pts',(-13.5262064714701,9.80843457310504,18.));
#9931=CARTESIAN_POINT('Ctrl Pts',(-12.9848083986538,10.4231175703382,16.));
#9932=CARTESIAN_POINT('Ctrl Pts',(-12.9848083986538,10.4231175703382,18.));
#9933=CARTESIAN_POINT('Ctrl Pts',(-12.8667375745576,11.2365956097435,16.));
#9934=CARTESIAN_POINT('Ctrl Pts',(-12.8667375745576,11.2365956097435,18.));
#9935=CARTESIAN_POINT('Ctrl Pts',(-12.8038639467035,11.6697789631119,16.));
#9936=CARTESIAN_POINT('Ctrl Pts',(-12.8038639467035,11.6697789631119,18.));
#9937=CARTESIAN_POINT('',(-13.7793058793818,9.52107503034977,16.));
#9938=CARTESIAN_POINT('Ctrl Pts',(-12.8038639467035,11.6697789631119,16.));
#9939=CARTESIAN_POINT('Ctrl Pts',(-12.8667375745576,11.2365956097435,16.));
#9940=CARTESIAN_POINT('Ctrl Pts',(-12.9848083986538,10.4231175703382,16.));
#9941=CARTESIAN_POINT('Ctrl Pts',(-13.5262064714701,9.80843457310504,16.));
#9942=CARTESIAN_POINT('Ctrl Pts',(-13.7793058793818,9.52107503034977,16.));
#9943=CARTESIAN_POINT('',(-13.7793058793818,9.52107503034977,18.));
#9944=CARTESIAN_POINT('Ctrl Pts',(-13.7793058793818,9.52107503034977,18.));
#9945=CARTESIAN_POINT('Ctrl Pts',(-13.5262064714701,9.80843457310504,18.));
#9946=CARTESIAN_POINT('Ctrl Pts',(-12.9848083986538,10.4231175703382,18.));
#9947=CARTESIAN_POINT('Ctrl Pts',(-12.8667375745576,11.2365956097435,18.));
#9948=CARTESIAN_POINT('Ctrl Pts',(-12.8038639467035,11.6697789631119,18.));
#9949=CARTESIAN_POINT('',(-13.7793058793818,9.52107503034977,16.));
#9950=CARTESIAN_POINT('Ctrl Pts',(-16.0507935922419,8.77755477049259,16.));
#9951=CARTESIAN_POINT('Ctrl Pts',(-16.0507935922419,8.77755477049259,18.));
#9952=CARTESIAN_POINT('Ctrl Pts',(-15.6103264243972,8.79969219550466,16.));
#9953=CARTESIAN_POINT('Ctrl Pts',(-15.6103264243972,8.79969219550466,18.));
#9954=CARTESIAN_POINT('Ctrl Pts',(-14.7828889338913,8.84127834933285,16.));
#9955=CARTESIAN_POINT('Ctrl Pts',(-14.7828889338913,8.84127834933285,18.));
#9956=CARTESIAN_POINT('Ctrl Pts',(-14.0990970189069,9.30445822490356,16.));
#9957=CARTESIAN_POINT('Ctrl Pts',(-14.0990970189069,9.30445822490356,18.));
#9958=CARTESIAN_POINT('Ctrl Pts',(-13.7793058793818,9.52107503034977,16.));
#9959=CARTESIAN_POINT('Ctrl Pts',(-13.7793058793818,9.52107503034977,18.));
#9960=CARTESIAN_POINT('',(-16.0507935922419,8.77755477049259,16.));
#9961=CARTESIAN_POINT('Ctrl Pts',(-13.7793058793818,9.52107503034977,16.));
#9962=CARTESIAN_POINT('Ctrl Pts',(-14.0990970189069,9.30445822490356,16.));
#9963=CARTESIAN_POINT('Ctrl Pts',(-14.7828889338913,8.84127834933285,16.));
#9964=CARTESIAN_POINT('Ctrl Pts',(-15.6103264243972,8.79969219550466,16.));
#9965=CARTESIAN_POINT('Ctrl Pts',(-16.0507935922419,8.77755477049259,16.));
#9966=CARTESIAN_POINT('',(-16.0507935922419,8.77755477049259,18.));
#9967=CARTESIAN_POINT('Ctrl Pts',(-16.0507935922419,8.77755477049259,18.));
#9968=CARTESIAN_POINT('Ctrl Pts',(-15.6103264243972,8.79969219550466,18.));
#9969=CARTESIAN_POINT('Ctrl Pts',(-14.7828889338913,8.84127834933285,18.));
#9970=CARTESIAN_POINT('Ctrl Pts',(-14.0990970189069,9.30445822490356,18.));
#9971=CARTESIAN_POINT('Ctrl Pts',(-13.7793058793818,9.52107503034977,18.));
#9972=CARTESIAN_POINT('',(-16.0507935922419,8.77755477049259,16.));
#9973=CARTESIAN_POINT('Ctrl Pts',(-18.3291024606501,9.57564546682743,16.));
#9974=CARTESIAN_POINT('Ctrl Pts',(-18.3291024606501,9.57564546682743,18.));
#9975=CARTESIAN_POINT('Ctrl Pts',(-18.0114202091388,9.34309735030024,16.));
#9976=CARTESIAN_POINT('Ctrl Pts',(-18.0114202091388,9.34309735030024,18.));
#9977=CARTESIAN_POINT('Ctrl Pts',(-17.3352590932508,8.84813739197512,16.));
#9978=CARTESIAN_POINT('Ctrl Pts',(-17.3352590932508,8.84813739197512,18.));
#9979=CARTESIAN_POINT('Ctrl Pts',(-16.4958312313392,8.80201001915533,16.));
#9980=CARTESIAN_POINT('Ctrl Pts',(-16.4958312313392,8.80201001915533,18.));
#9981=CARTESIAN_POINT('Ctrl Pts',(-16.0507935922419,8.77755477049259,16.));
#9982=CARTESIAN_POINT('Ctrl Pts',(-16.0507935922419,8.77755477049259,18.));
#9983=CARTESIAN_POINT('',(-18.3291024606501,9.57564546682743,16.));
#9984=CARTESIAN_POINT('Ctrl Pts',(-16.0507935922419,8.77755477049259,16.));
#9985=CARTESIAN_POINT('Ctrl Pts',(-16.4958312313392,8.80201001915533,16.));
#9986=CARTESIAN_POINT('Ctrl Pts',(-17.3352590932508,8.84813739197512,16.));
#9987=CARTESIAN_POINT('Ctrl Pts',(-18.0114202091388,9.34309735030024,16.));
#9988=CARTESIAN_POINT('Ctrl Pts',(-18.3291024606501,9.57564546682743,16.));
#9989=CARTESIAN_POINT('',(-18.3291024606501,9.57564546682743,18.));
#9990=CARTESIAN_POINT('Ctrl Pts',(-18.3291024606501,9.57564546682743,18.));
#9991=CARTESIAN_POINT('Ctrl Pts',(-18.0114202091388,9.34309735030024,18.));
#9992=CARTESIAN_POINT('Ctrl Pts',(-17.3352590932508,8.84813739197512,18.));
#9993=CARTESIAN_POINT('Ctrl Pts',(-16.4958312313392,8.80201001915533,18.));
#9994=CARTESIAN_POINT('Ctrl Pts',(-16.0507935922419,8.77755477049259,18.));
#9995=CARTESIAN_POINT('',(-18.3291024606501,9.57564546682743,16.));
#9996=CARTESIAN_POINT('Ctrl Pts',(-19.1681212823664,11.5538169346085,16.));
#9997=CARTESIAN_POINT('Ctrl Pts',(-19.1681212823664,11.5538169346085,18.));
#9998=CARTESIAN_POINT('Ctrl Pts',(-19.1339160829665,11.1770930995953,16.));
#9999=CARTESIAN_POINT('Ctrl Pts',(-19.1339160829665,11.1770930995953,18.));
#10000=CARTESIAN_POINT('Ctrl Pts',(-19.0658699013515,10.4276567874033,16.));
#10001=CARTESIAN_POINT('Ctrl Pts',(-19.0658699013515,10.4276567874033,18.));
#10002=CARTESIAN_POINT('Ctrl Pts',(-18.5738136972789,9.85863400888544,16.));
#10003=CARTESIAN_POINT('Ctrl Pts',(-18.5738136972789,9.85863400888544,18.));
#10004=CARTESIAN_POINT('Ctrl Pts',(-18.3291024606501,9.57564546682743,16.));
#10005=CARTESIAN_POINT('Ctrl Pts',(-18.3291024606501,9.57564546682743,18.));
#10006=CARTESIAN_POINT('',(-19.1681212823664,11.5538169346085,16.));
#10007=CARTESIAN_POINT('Ctrl Pts',(-18.3291024606501,9.57564546682743,16.));
#10008=CARTESIAN_POINT('Ctrl Pts',(-18.5738136972789,9.85863400888544,16.));
#10009=CARTESIAN_POINT('Ctrl Pts',(-19.0658699013515,10.4276567874033,16.));
#10010=CARTESIAN_POINT('Ctrl Pts',(-19.1339160829665,11.1770930995953,16.));
#10011=CARTESIAN_POINT('Ctrl Pts',(-19.1681212823664,11.5538169346085,16.));
#10012=CARTESIAN_POINT('',(-19.1681212823664,11.5538169346085,18.));
#10013=CARTESIAN_POINT('Ctrl Pts',(-19.1681212823664,11.5538169346085,18.));
#10014=CARTESIAN_POINT('Ctrl Pts',(-19.1339160829665,11.1770930995953,18.));
#10015=CARTESIAN_POINT('Ctrl Pts',(-19.0658699013515,10.4276567874033,18.));
#10016=CARTESIAN_POINT('Ctrl Pts',(-18.5738136972789,9.85863400888544,18.));
#10017=CARTESIAN_POINT('Ctrl Pts',(-18.3291024606501,9.57564546682743,18.));
#10018=CARTESIAN_POINT('',(-19.1681212823664,11.5538169346085,16.));
#10019=CARTESIAN_POINT('Ctrl Pts',(-18.9225549142634,12.7338988981476,16.));
#10020=CARTESIAN_POINT('Ctrl Pts',(-18.9225549142634,12.7338988981476,18.));
#10021=CARTESIAN_POINT('Ctrl Pts',(-18.994174695331,12.5410391214027,16.));
#10022=CARTESIAN_POINT('Ctrl Pts',(-18.994174695331,12.5410391214027,18.));
#10023=CARTESIAN_POINT('Ctrl Pts',(-19.1356717947438,12.1600117209276,16.));
#10024=CARTESIAN_POINT('Ctrl Pts',(-19.1356717947438,12.1600117209276,18.));
#10025=CARTESIAN_POINT('Ctrl Pts',(-19.1573939521587,11.7542161433305,16.));
#10026=CARTESIAN_POINT('Ctrl Pts',(-19.1573939521587,11.7542161433305,18.));
#10027=CARTESIAN_POINT('Ctrl Pts',(-19.1681212823664,11.5538169346085,16.));
#10028=CARTESIAN_POINT('Ctrl Pts',(-19.1681212823664,11.5538169346085,18.));
#10029=CARTESIAN_POINT('',(-18.9225549142634,12.7338988981476,16.));
#10030=CARTESIAN_POINT('Ctrl Pts',(-19.1681212823664,11.5538169346085,16.));
#10031=CARTESIAN_POINT('Ctrl Pts',(-19.1573939521587,11.7542161433305,16.));
#10032=CARTESIAN_POINT('Ctrl Pts',(-19.1356717947438,12.1600117209276,16.));
#10033=CARTESIAN_POINT('Ctrl Pts',(-18.994174695331,12.5410391214027,16.));
#10034=CARTESIAN_POINT('Ctrl Pts',(-18.9225549142634,12.7338988981476,16.));
#10035=CARTESIAN_POINT('',(-18.9225549142634,12.7338988981476,18.));
#10036=CARTESIAN_POINT('Ctrl Pts',(-18.9225549142634,12.7338988981476,18.));
#10037=CARTESIAN_POINT('Ctrl Pts',(-18.994174695331,12.5410391214027,18.));
#10038=CARTESIAN_POINT('Ctrl Pts',(-19.1356717947438,12.1600117209276,18.));
#10039=CARTESIAN_POINT('Ctrl Pts',(-19.1573939521587,11.7542161433305,18.));
#10040=CARTESIAN_POINT('Ctrl Pts',(-19.1681212823664,11.5538169346085,18.));
#10041=CARTESIAN_POINT('',(-18.9225549142634,12.7338988981476,16.));
#10042=CARTESIAN_POINT('Ctrl Pts',(-18.1039995591913,13.9549083910218,16.));
#10043=CARTESIAN_POINT('Ctrl Pts',(-18.1039995591913,13.9549083910218,18.));
#10044=CARTESIAN_POINT('Ctrl Pts',(-18.2773898131552,13.7526902652867,16.));
#10045=CARTESIAN_POINT('Ctrl Pts',(-18.2773898131552,13.7526902652867,18.));
#10046=CARTESIAN_POINT('Ctrl Pts',(-18.5988283405687,13.3778093532019,16.));
#10047=CARTESIAN_POINT('Ctrl Pts',(-18.5988283405687,13.3778093532019,18.));
#10048=CARTESIAN_POINT('Ctrl Pts',(-18.8204707657481,12.9369500402706,16.));
#10049=CARTESIAN_POINT('Ctrl Pts',(-18.8204707657481,12.9369500402706,18.));
#10050=CARTESIAN_POINT('Ctrl Pts',(-18.9225549142634,12.7338988981476,16.));
#10051=CARTESIAN_POINT('Ctrl Pts',(-18.9225549142634,12.7338988981476,18.));
#10052=CARTESIAN_POINT('',(-18.1039995591913,13.9549083910218,16.));
#10053=CARTESIAN_POINT('Ctrl Pts',(-18.9225549142634,12.7338988981476,16.));
#10054=CARTESIAN_POINT('Ctrl Pts',(-18.8204707657481,12.9369500402706,16.));
#10055=CARTESIAN_POINT('Ctrl Pts',(-18.5988283405687,13.3778093532019,16.));
#10056=CARTESIAN_POINT('Ctrl Pts',(-18.2773898131552,13.7526902652867,16.));
#10057=CARTESIAN_POINT('Ctrl Pts',(-18.1039995591913,13.9549083910218,16.));
#10058=CARTESIAN_POINT('',(-18.1039995591913,13.9549083910218,18.));
#10059=CARTESIAN_POINT('Ctrl Pts',(-18.1039995591913,13.9549083910218,18.));
#10060=CARTESIAN_POINT('Ctrl Pts',(-18.2773898131552,13.7526902652867,18.));
#10061=CARTESIAN_POINT('Ctrl Pts',(-18.5988283405687,13.3778093532019,18.));
#10062=CARTESIAN_POINT('Ctrl Pts',(-18.8204707657481,12.9369500402706,18.));
#10063=CARTESIAN_POINT('Ctrl Pts',(-18.9225549142634,12.7338988981476,18.));
#10064=CARTESIAN_POINT('',(-18.1039995591913,13.9549083910218,16.));
#10065=CARTESIAN_POINT('Ctrl Pts',(-16.214503709582,15.7147993049851,16.));
#10066=CARTESIAN_POINT('Ctrl Pts',(-16.214503709582,15.7147993049851,18.));
#10067=CARTESIAN_POINT('Ctrl Pts',(-16.5992296491186,15.3888196484664,16.));
#10068=CARTESIAN_POINT('Ctrl Pts',(-16.5992296491186,15.3888196484664,18.));
#10069=CARTESIAN_POINT('Ctrl Pts',(-17.2568120467314,14.8316477448388,16.));
#10070=CARTESIAN_POINT('Ctrl Pts',(-17.2568120467314,14.8316477448388,18.));
#10071=CARTESIAN_POINT('Ctrl Pts',(-17.8555570284836,14.2120171663871,16.));
#10072=CARTESIAN_POINT('Ctrl Pts',(-17.8555570284836,14.2120171663871,18.));
#10073=CARTESIAN_POINT('Ctrl Pts',(-18.1039995591913,13.9549083910218,16.));
#10074=CARTESIAN_POINT('Ctrl Pts',(-18.1039995591913,13.9549083910218,18.));
#10075=CARTESIAN_POINT('',(-16.214503709582,15.7147993049851,16.));
#10076=CARTESIAN_POINT('Ctrl Pts',(-18.1039995591913,13.9549083910218,16.));
#10077=CARTESIAN_POINT('Ctrl Pts',(-17.8555570284836,14.2120171663871,16.));
#10078=CARTESIAN_POINT('Ctrl Pts',(-17.2568120467314,14.8316477448388,16.));
#10079=CARTESIAN_POINT('Ctrl Pts',(-16.5992296491186,15.3888196484664,16.));
#10080=CARTESIAN_POINT('Ctrl Pts',(-16.214503709582,15.7147993049851,16.));
#10081=CARTESIAN_POINT('',(-16.214503709582,15.7147993049851,18.));
#10082=CARTESIAN_POINT('Ctrl Pts',(-16.214503709582,15.7147993049851,18.));
#10083=CARTESIAN_POINT('Ctrl Pts',(-16.5992296491186,15.3888196484664,18.));
#10084=CARTESIAN_POINT('Ctrl Pts',(-17.2568120467314,14.8316477448388,18.));
#10085=CARTESIAN_POINT('Ctrl Pts',(-17.8555570284836,14.2120171663871,18.));
#10086=CARTESIAN_POINT('Ctrl Pts',(-18.1039995591913,13.9549083910218,18.));
#10087=CARTESIAN_POINT('',(-16.214503709582,15.7147993049851,16.));
#10088=CARTESIAN_POINT('Ctrl Pts',(-14.7956771295344,16.9767363271942,16.));
#10089=CARTESIAN_POINT('Ctrl Pts',(-14.7956771295344,16.9767363271942,18.));
#10090=CARTESIAN_POINT('Ctrl Pts',(-14.9648586668834,16.8143667795105,16.));
#10091=CARTESIAN_POINT('Ctrl Pts',(-14.9648586668834,16.8143667795105,18.));
#10092=CARTESIAN_POINT('Ctrl Pts',(-15.421739982414,16.3758815067657,16.));
#10093=CARTESIAN_POINT('Ctrl Pts',(-15.421739982414,16.3758815067657,18.));
#10094=CARTESIAN_POINT('Ctrl Pts',(-15.9081865731644,15.9702358241476,16.));
#10095=CARTESIAN_POINT('Ctrl Pts',(-15.9081865731644,15.9702358241476,18.));
#10096=CARTESIAN_POINT('Ctrl Pts',(-16.214503709582,15.7147993049851,16.));
#10097=CARTESIAN_POINT('Ctrl Pts',(-16.214503709582,15.7147993049851,18.));
#10098=CARTESIAN_POINT('',(-14.7956771295344,16.9767363271942,16.));
#10099=CARTESIAN_POINT('Ctrl Pts',(-16.214503709582,15.7147993049851,16.));
#10100=CARTESIAN_POINT('Ctrl Pts',(-15.9081865731644,15.9702358241476,16.));
#10101=CARTESIAN_POINT('Ctrl Pts',(-15.421739982414,16.3758815067657,16.));
#10102=CARTESIAN_POINT('Ctrl Pts',(-14.9648586668834,16.8143667795105,16.));
#10103=CARTESIAN_POINT('Ctrl Pts',(-14.7956771295344,16.9767363271942,16.));
#10104=CARTESIAN_POINT('',(-14.7956771295344,16.9767363271942,18.));
#10105=CARTESIAN_POINT('Ctrl Pts',(-14.7956771295344,16.9767363271942,18.));
#10106=CARTESIAN_POINT('Ctrl Pts',(-14.9648586668834,16.8143667795105,18.));
#10107=CARTESIAN_POINT('Ctrl Pts',(-15.421739982414,16.3758815067657,18.));
#10108=CARTESIAN_POINT('Ctrl Pts',(-15.9081865731644,15.9702358241476,18.));
#10109=CARTESIAN_POINT('Ctrl Pts',(-16.214503709582,15.7147993049851,18.));
#10110=CARTESIAN_POINT('',(-14.7956771295344,16.9767363271942,16.));
#10111=CARTESIAN_POINT('Ctrl Pts',(-14.2772597711359,17.6384015283814,16.));
#10112=CARTESIAN_POINT('Ctrl Pts',(-14.2772597711359,17.6384015283814,18.));
#10113=CARTESIAN_POINT('Ctrl Pts',(-14.3518173420719,17.5254093182651,16.));
#10114=CARTESIAN_POINT('Ctrl Pts',(-14.3518173420719,17.5254093182651,18.));
#10115=CARTESIAN_POINT('Ctrl Pts',(-14.5066197885289,17.290805771811,16.));
#10116=CARTESIAN_POINT('Ctrl Pts',(-14.5066197885289,17.290805771811,18.));
#10117=CARTESIAN_POINT('Ctrl Pts',(-14.6969932979032,17.0839592611811,16.));
#10118=CARTESIAN_POINT('Ctrl Pts',(-14.6969932979032,17.0839592611811,18.));
#10119=CARTESIAN_POINT('Ctrl Pts',(-14.7956771295344,16.9767363271942,16.));
#10120=CARTESIAN_POINT('Ctrl Pts',(-14.7956771295344,16.9767363271942,18.));
#10121=CARTESIAN_POINT('',(-14.2772597711359,17.6384015283814,16.));
#10122=CARTESIAN_POINT('Ctrl Pts',(-14.7956771295344,16.9767363271942,16.));
#10123=CARTESIAN_POINT('Ctrl Pts',(-14.6969932979032,17.0839592611811,16.));
#10124=CARTESIAN_POINT('Ctrl Pts',(-14.5066197885289,17.290805771811,16.));
#10125=CARTESIAN_POINT('Ctrl Pts',(-14.3518173420719,17.5254093182651,16.));
#10126=CARTESIAN_POINT('Ctrl Pts',(-14.2772597711359,17.6384015283814,16.));
#10127=CARTESIAN_POINT('',(-14.2772597711359,17.6384015283814,18.));
#10128=CARTESIAN_POINT('Ctrl Pts',(-14.2772597711359,17.6384015283814,18.));
#10129=CARTESIAN_POINT('Ctrl Pts',(-14.3518173420719,17.5254093182651,18.));
#10130=CARTESIAN_POINT('Ctrl Pts',(-14.5066197885289,17.290805771811,18.));
#10131=CARTESIAN_POINT('Ctrl Pts',(-14.6969932979032,17.0839592611811,18.));
#10132=CARTESIAN_POINT('Ctrl Pts',(-14.7956771295344,16.9767363271942,18.));
#10133=CARTESIAN_POINT('',(-14.2772597711359,17.6384015283814,16.));
#10134=CARTESIAN_POINT('Origin',(-19.1817635934626,17.6384015283814,16.));
#10135=CARTESIAN_POINT('',(-9.5908817967313,17.6384015283814,16.));
#10136=CARTESIAN_POINT('',(-14.2772597711359,17.6384015283814,18.));
#10137=CARTESIAN_POINT('Origin',(-0.337971270439497,13.8832850656739,18.));
#10138=CARTESIAN_POINT('Origin',(-8.35638946702825,18.8184828958741,16.));
#10139=CARTESIAN_POINT('',(-9.58422130754339,18.8184828958741,16.));
#10140=CARTESIAN_POINT('',(-8.35638946702825,18.8184828958741,16.));
#10141=CARTESIAN_POINT('',(-4.17819473351413,18.8184828958741,16.));
#10142=CARTESIAN_POINT('',(-9.58422130754339,18.8184828958741,18.));
#10143=CARTESIAN_POINT('',(-9.58422130754339,18.8184828958741,16.));
#10144=CARTESIAN_POINT('',(-8.35638946702825,18.8184828958741,18.));
#10145=CARTESIAN_POINT('',(-9.58422130754339,18.8184828958741,18.));
#10146=CARTESIAN_POINT('',(-8.35638946702825,18.8184828958741,16.));
#10147=CARTESIAN_POINT('Origin',(-8.35638946702825,10.994472046875,16.));
#10148=CARTESIAN_POINT('',(-8.35638946702825,10.994472046875,16.));
#10149=CARTESIAN_POINT('',(-8.35638946702825,5.49723602343752,16.));
#10150=CARTESIAN_POINT('',(-8.35638946702825,10.994472046875,18.));
#10151=CARTESIAN_POINT('',(-8.35638946702825,18.8184828958741,18.));
#10152=CARTESIAN_POINT('',(-8.35638946702825,10.994472046875,16.));
#10153=CARTESIAN_POINT('Ctrl Pts',(-7.18995041063177,11.8403108320465,16.));
#10154=CARTESIAN_POINT('Ctrl Pts',(-7.18995041063177,11.8403108320465,18.));
#10155=CARTESIAN_POINT('Ctrl Pts',(-7.41239058071017,11.7057958008181,16.));
#10156=CARTESIAN_POINT('Ctrl Pts',(-7.41239058071017,11.7057958008181,18.));
#10157=CARTESIAN_POINT('Ctrl Pts',(-7.82496108447919,11.4563042895553,16.));
#10158=CARTESIAN_POINT('Ctrl Pts',(-7.82496108447919,11.4563042895553,18.));
#10159=CARTESIAN_POINT('Ctrl Pts',(-8.18874301720316,11.1401634296513,16.));
#10160=CARTESIAN_POINT('Ctrl Pts',(-8.18874301720316,11.1401634296513,18.));
#10161=CARTESIAN_POINT('Ctrl Pts',(-8.35638946702825,10.994472046875,16.));
#10162=CARTESIAN_POINT('Ctrl Pts',(-8.35638946702825,10.994472046875,18.));
#10163=CARTESIAN_POINT('',(-7.18995041063177,11.8403108320465,16.));
#10164=CARTESIAN_POINT('Ctrl Pts',(-8.35638946702825,10.994472046875,16.));
#10165=CARTESIAN_POINT('Ctrl Pts',(-8.18874301720316,11.1401634296513,16.));
#10166=CARTESIAN_POINT('Ctrl Pts',(-7.82496108447919,11.4563042895553,16.));
#10167=CARTESIAN_POINT('Ctrl Pts',(-7.41239058071017,11.7057958008181,16.));
#10168=CARTESIAN_POINT('Ctrl Pts',(-7.18995041063177,11.8403108320465,16.));
#10169=CARTESIAN_POINT('',(-7.18995041063177,11.8403108320465,18.));
#10170=CARTESIAN_POINT('Ctrl Pts',(-7.18995041063177,11.8403108320465,18.));
#10171=CARTESIAN_POINT('Ctrl Pts',(-7.41239058071017,11.7057958008181,18.));
#10172=CARTESIAN_POINT('Ctrl Pts',(-7.82496108447919,11.4563042895553,18.));
#10173=CARTESIAN_POINT('Ctrl Pts',(-8.18874301720316,11.1401634296513,18.));
#10174=CARTESIAN_POINT('Ctrl Pts',(-8.35638946702825,10.994472046875,18.));
#10175=CARTESIAN_POINT('',(-7.18995041063177,11.8403108320465,16.));
#10176=CARTESIAN_POINT('Ctrl Pts',(-5.90072817018377,12.4746902189484,16.));
#10177=CARTESIAN_POINT('Ctrl Pts',(-5.90072817018377,12.4746902189484,18.));
#10178=CARTESIAN_POINT('Ctrl Pts',(-6.10564053695625,12.3906406296109,16.));
#10179=CARTESIAN_POINT('Ctrl Pts',(-6.10564053695625,12.3906406296109,18.));
#10180=CARTESIAN_POINT('Ctrl Pts',(-6.54968647100981,12.2085048269163,16.));
#10181=CARTESIAN_POINT('Ctrl Pts',(-6.54968647100981,12.2085048269163,18.));
#10182=CARTESIAN_POINT('Ctrl Pts',(-6.965838592897,11.9691899088816,16.));
#10183=CARTESIAN_POINT('Ctrl Pts',(-6.965838592897,11.9691899088816,18.));
#10184=CARTESIAN_POINT('Ctrl Pts',(-7.18995041063177,11.8403108320465,16.));
#10185=CARTESIAN_POINT('Ctrl Pts',(-7.18995041063177,11.8403108320465,18.));
#10186=CARTESIAN_POINT('',(-5.90072817018377,12.4746902189484,16.));
#10187=CARTESIAN_POINT('Ctrl Pts',(-7.18995041063177,11.8403108320465,16.));
#10188=CARTESIAN_POINT('Ctrl Pts',(-6.965838592897,11.9691899088816,16.));
#10189=CARTESIAN_POINT('Ctrl Pts',(-6.54968647100981,12.2085048269163,16.));
#10190=CARTESIAN_POINT('Ctrl Pts',(-6.10564053695625,12.3906406296109,16.));
#10191=CARTESIAN_POINT('Ctrl Pts',(-5.90072817018377,12.4746902189484,16.));
#10192=CARTESIAN_POINT('',(-5.90072817018377,12.4746902189484,18.));
#10193=CARTESIAN_POINT('Ctrl Pts',(-5.90072817018377,12.4746902189484,18.));
#10194=CARTESIAN_POINT('Ctrl Pts',(-6.10564053695625,12.3906406296109,18.));
#10195=CARTESIAN_POINT('Ctrl Pts',(-6.54968647100981,12.2085048269163,18.));
#10196=CARTESIAN_POINT('Ctrl Pts',(-6.965838592897,11.9691899088816,18.));
#10197=CARTESIAN_POINT('Ctrl Pts',(-7.18995041063177,11.8403108320465,18.));
#10198=CARTESIAN_POINT('',(-5.90072817018377,12.4746902189484,16.));
#10199=CARTESIAN_POINT('Origin',(-5.90072817018377,11.2877870998612,16.));
#10200=CARTESIAN_POINT('',(-5.90072817018377,11.2877870998612,16.));
#10201=CARTESIAN_POINT('',(-5.90072817018377,5.64389354993059,16.));
#10202=CARTESIAN_POINT('',(-5.90072817018377,11.2877870998612,18.));
#10203=CARTESIAN_POINT('',(-5.90072817018377,12.4746902189484,18.));
#10204=CARTESIAN_POINT('',(-5.90072817018377,11.2877870998612,16.));
#10205=CARTESIAN_POINT('Ctrl Pts',(-7.70154661348211,10.1145262918702,16.));
#10206=CARTESIAN_POINT('Ctrl Pts',(-7.70154661348211,10.1145262918702,18.));
#10207=CARTESIAN_POINT('Ctrl Pts',(-7.42980844876543,10.3375159962509,16.));
#10208=CARTESIAN_POINT('Ctrl Pts',(-7.42980844876543,10.3375159962509,18.));
#10209=CARTESIAN_POINT('Ctrl Pts',(-6.87273560009205,10.7946527770699,16.));
#10210=CARTESIAN_POINT('Ctrl Pts',(-6.87273560009205,10.7946527770699,18.));
#10211=CARTESIAN_POINT('Ctrl Pts',(-6.22996007050943,11.1207559175752,16.));
#10212=CARTESIAN_POINT('Ctrl Pts',(-6.22996007050943,11.1207559175752,18.));
#10213=CARTESIAN_POINT('Ctrl Pts',(-5.90072817018377,11.2877870998612,16.));
#10214=CARTESIAN_POINT('Ctrl Pts',(-5.90072817018377,11.2877870998612,18.));
#10215=CARTESIAN_POINT('',(-7.70154661348211,10.1145262918702,16.));
#10216=CARTESIAN_POINT('Ctrl Pts',(-5.90072817018377,11.2877870998612,16.));
#10217=CARTESIAN_POINT('Ctrl Pts',(-6.22996007050943,11.1207559175752,16.));
#10218=CARTESIAN_POINT('Ctrl Pts',(-6.87273560009205,10.7946527770699,16.));
#10219=CARTESIAN_POINT('Ctrl Pts',(-7.42980844876543,10.3375159962509,16.));
#10220=CARTESIAN_POINT('Ctrl Pts',(-7.70154661348211,10.1145262918702,16.));
#10221=CARTESIAN_POINT('',(-7.70154661348211,10.1145262918702,18.));
#10222=CARTESIAN_POINT('Ctrl Pts',(-7.70154661348211,10.1145262918702,18.));
#10223=CARTESIAN_POINT('Ctrl Pts',(-7.42980844876543,10.3375159962509,18.));
#10224=CARTESIAN_POINT('Ctrl Pts',(-6.87273560009205,10.7946527770699,18.));
#10225=CARTESIAN_POINT('Ctrl Pts',(-6.22996007050943,11.1207559175752,18.));
#10226=CARTESIAN_POINT('Ctrl Pts',(-5.90072817018377,11.2877870998612,18.));
#10227=CARTESIAN_POINT('',(-7.70154661348211,10.1145262918702,16.));
#10228=CARTESIAN_POINT('Ctrl Pts',(-8.79295057466375,8.77755477049259,16.));
#10229=CARTESIAN_POINT('Ctrl Pts',(-8.79295057466375,8.77755477049259,18.));
#10230=CARTESIAN_POINT('Ctrl Pts',(-8.65731383284098,9.00398861444255,16.));
#10231=CARTESIAN_POINT('Ctrl Pts',(-8.65731383284098,9.00398861444255,18.));
#10232=CARTESIAN_POINT('Ctrl Pts',(-8.3589278814402,9.50211822923843,16.));
#10233=CARTESIAN_POINT('Ctrl Pts',(-8.3589278814402,9.50211822923843,18.));
#10234=CARTESIAN_POINT('Ctrl Pts',(-7.93355729235656,9.89838808215099,16.));
#10235=CARTESIAN_POINT('Ctrl Pts',(-7.93355729235656,9.89838808215099,18.));
#10236=CARTESIAN_POINT('Ctrl Pts',(-7.70154661348211,10.1145262918702,16.));
#10237=CARTESIAN_POINT('Ctrl Pts',(-7.70154661348211,10.1145262918702,18.));
#10238=CARTESIAN_POINT('',(-8.79295057466375,8.77755477049259,16.));
#10239=CARTESIAN_POINT('Ctrl Pts',(-7.70154661348211,10.1145262918702,16.));
#10240=CARTESIAN_POINT('Ctrl Pts',(-7.93355729235656,9.89838808215099,16.));
#10241=CARTESIAN_POINT('Ctrl Pts',(-8.3589278814402,9.50211822923843,16.));
#10242=CARTESIAN_POINT('Ctrl Pts',(-8.65731383284098,9.00398861444255,16.));
#10243=CARTESIAN_POINT('Ctrl Pts',(-8.79295057466375,8.77755477049259,16.));
#10244=CARTESIAN_POINT('',(-8.79295057466375,8.77755477049259,18.));
#10245=CARTESIAN_POINT('Ctrl Pts',(-8.79295057466375,8.77755477049259,18.));
#10246=CARTESIAN_POINT('Ctrl Pts',(-8.65731383284098,9.00398861444255,18.));
#10247=CARTESIAN_POINT('Ctrl Pts',(-8.3589278814402,9.50211822923843,18.));
#10248=CARTESIAN_POINT('Ctrl Pts',(-7.93355729235656,9.89838808215099,18.));
#10249=CARTESIAN_POINT('Ctrl Pts',(-7.70154661348211,10.1145262918702,18.));
#10250=CARTESIAN_POINT('',(-8.79295057466375,8.77755477049259,16.));
#10251=CARTESIAN_POINT('Origin',(-9.58422130754339,8.77755477049259,16.));
#10252=CARTESIAN_POINT('',(-9.58422130754339,8.77755477049259,16.));
#10253=CARTESIAN_POINT('',(-4.7921106537717,8.77755477049259,16.));
#10254=CARTESIAN_POINT('',(-9.58422130754339,8.77755477049259,18.));
#10255=CARTESIAN_POINT('',(-8.79295057466375,8.77755477049259,18.));
#10256=CARTESIAN_POINT('',(-9.58422130754339,8.77755477049259,16.));
#10257=CARTESIAN_POINT('Origin',(-9.58422130754339,18.8184828958741,16.));
#10258=CARTESIAN_POINT('',(-9.58422130754339,9.40924144793703,16.));
#10259=CARTESIAN_POINT('',(-9.58422130754339,8.77755477049259,18.));
#10260=CARTESIAN_POINT('Origin',(-0.337971270439497,13.8832850656739,18.));
#10261=CARTESIAN_POINT('Origin',(2.72819453069819,8.94808723547367,16.));
#10262=CARTESIAN_POINT('',(2.72819453069819,10.1281691990128,16.));
#10263=CARTESIAN_POINT('',(2.72819453069819,8.94808723547367,16.));
#10264=CARTESIAN_POINT('',(2.72819453069819,4.47404361773683,16.));
#10265=CARTESIAN_POINT('',(2.72819453069819,10.1281691990128,18.));
#10266=CARTESIAN_POINT('',(2.72819453069819,10.1281691990128,16.));
#10267=CARTESIAN_POINT('',(2.72819453069819,8.94808723547367,18.));
#10268=CARTESIAN_POINT('',(2.72819453069819,10.1281691990128,18.));
#10269=CARTESIAN_POINT('',(2.72819453069819,8.94808723547367,16.));
#10270=CARTESIAN_POINT('Origin',(-3.74520248582708,8.94808723547367,16.));
#10271=CARTESIAN_POINT('',(-3.74520248582708,8.94808723547367,16.));
#10272=CARTESIAN_POINT('',(-1.87260124291355,8.94808723547367,16.));
#10273=CARTESIAN_POINT('',(-3.74520248582708,8.94808723547367,18.));
#10274=CARTESIAN_POINT('',(2.72819453069819,8.94808723547367,18.));
#10275=CARTESIAN_POINT('',(-3.74520248582708,8.94808723547367,16.));
#10276=CARTESIAN_POINT('Origin',(-3.74520248582708,9.9030668936005,16.));
#10277=CARTESIAN_POINT('',(-3.74520248582708,9.9030668936005,16.));
#10278=CARTESIAN_POINT('',(-3.74520248582708,4.95153344680025,16.));
#10279=CARTESIAN_POINT('',(-3.74520248582708,9.9030668936005,18.));
#10280=CARTESIAN_POINT('',(-3.74520248582708,8.94808723547367,18.));
#10281=CARTESIAN_POINT('',(-3.74520248582708,9.9030668936005,16.));
#10282=CARTESIAN_POINT('Ctrl Pts',(-1.84888548066961,12.604294558548,16.));
#10283=CARTESIAN_POINT('Ctrl Pts',(-1.84888548066961,12.604294558548,18.));
#10284=CARTESIAN_POINT('Ctrl Pts',(-2.14798782395779,12.0871650115424,16.));
#10285=CARTESIAN_POINT('Ctrl Pts',(-2.14798782395779,12.0871650115424,18.));
#10286=CARTESIAN_POINT('Ctrl Pts',(-2.70116071285896,11.1307631247886,16.));
#10287=CARTESIAN_POINT('Ctrl Pts',(-2.70116071285896,11.1307631247886,18.));
#10288=CARTESIAN_POINT('Ctrl Pts',(-3.41660239871654,10.2894700998312,16.));
#10289=CARTESIAN_POINT('Ctrl Pts',(-3.41660239871654,10.2894700998312,18.));
#10290=CARTESIAN_POINT('Ctrl Pts',(-3.74520248582708,9.9030668936005,16.));
#10291=CARTESIAN_POINT('Ctrl Pts',(-3.74520248582708,9.9030668936005,18.));
#10292=CARTESIAN_POINT('',(-1.84888548066961,12.604294558548,16.));
#10293=CARTESIAN_POINT('Ctrl Pts',(-3.74520248582708,9.9030668936005,16.));
#10294=CARTESIAN_POINT('Ctrl Pts',(-3.41660239871654,10.2894700998312,16.));
#10295=CARTESIAN_POINT('Ctrl Pts',(-2.70116071285896,11.1307631247886,16.));
#10296=CARTESIAN_POINT('Ctrl Pts',(-2.14798782395779,12.0871650115424,16.));
#10297=CARTESIAN_POINT('Ctrl Pts',(-1.84888548066961,12.604294558548,16.));
#10298=CARTESIAN_POINT('',(-1.84888548066961,12.604294558548,18.));
#10299=CARTESIAN_POINT('Ctrl Pts',(-1.84888548066961,12.604294558548,18.));
#10300=CARTESIAN_POINT('Ctrl Pts',(-2.14798782395779,12.0871650115424,18.));
#10301=CARTESIAN_POINT('Ctrl Pts',(-2.70116071285896,11.1307631247886,18.));
#10302=CARTESIAN_POINT('Ctrl Pts',(-3.41660239871654,10.2894700998312,18.));
#10303=CARTESIAN_POINT('Ctrl Pts',(-3.74520248582708,9.9030668936005,18.));
#10304=CARTESIAN_POINT('',(-1.84888548066961,12.604294558548,16.));
#10305=CARTESIAN_POINT('Ctrl Pts',(-0.402774278429618,16.069505949997,16.));
#10306=CARTESIAN_POINT('Ctrl Pts',(-0.402774278429618,16.069505949997,18.));
#10307=CARTESIAN_POINT('Ctrl Pts',(-0.592446029572833,15.4773028785375,
16.));
#10308=CARTESIAN_POINT('Ctrl Pts',(-0.592446029572833,15.4773028785375,
18.));
#10309=CARTESIAN_POINT('Ctrl Pts',(-0.975590882209478,14.2810279605398,
16.));
#10310=CARTESIAN_POINT('Ctrl Pts',(-0.975590882209478,14.2810279605398,
18.));
#10311=CARTESIAN_POINT('Ctrl Pts',(-1.55586821807597,13.1668903107916,16.));
#10312=CARTESIAN_POINT('Ctrl Pts',(-1.55586821807597,13.1668903107916,18.));
#10313=CARTESIAN_POINT('Ctrl Pts',(-1.84888548066961,12.604294558548,16.));
#10314=CARTESIAN_POINT('Ctrl Pts',(-1.84888548066961,12.604294558548,18.));
#10315=CARTESIAN_POINT('',(-0.402774278429618,16.069505949997,16.));
#10316=CARTESIAN_POINT('Ctrl Pts',(-1.84888548066961,12.604294558548,16.));
#10317=CARTESIAN_POINT('Ctrl Pts',(-1.55586821807597,13.1668903107916,16.));
#10318=CARTESIAN_POINT('Ctrl Pts',(-0.975590882209478,14.2810279605398,
16.));
#10319=CARTESIAN_POINT('Ctrl Pts',(-0.592446029572833,15.4773028785375,
16.));
#10320=CARTESIAN_POINT('Ctrl Pts',(-0.402774278429618,16.069505949997,16.));
#10321=CARTESIAN_POINT('',(-0.402774278429618,16.069505949997,18.));
#10322=CARTESIAN_POINT('Ctrl Pts',(-0.402774278429618,16.069505949997,18.));
#10323=CARTESIAN_POINT('Ctrl Pts',(-0.592446029572833,15.4773028785375,
18.));
#10324=CARTESIAN_POINT('Ctrl Pts',(-0.975590882209478,14.2810279605398,
18.));
#10325=CARTESIAN_POINT('Ctrl Pts',(-1.55586821807597,13.1668903107916,18.));
#10326=CARTESIAN_POINT('Ctrl Pts',(-1.84888548066961,12.604294558548,18.));
#10327=CARTESIAN_POINT('',(-0.402774278429618,16.069505949997,16.));
#10328=CARTESIAN_POINT('Ctrl Pts',(0.0678949911321491,18.8184828958741,
16.));
#10329=CARTESIAN_POINT('Ctrl Pts',(0.0678949911321491,18.8184828958741,
18.));
#10330=CARTESIAN_POINT('Ctrl Pts',(0.0249145159960529,18.3381230099474,
16.));
#10331=CARTESIAN_POINT('Ctrl Pts',(0.0249145159960529,18.3381230099474,
18.));
#10332=CARTESIAN_POINT('Ctrl Pts',(-0.0582167584343374,17.4090283599727,
16.));
#10333=CARTESIAN_POINT('Ctrl Pts',(-0.0582167584343374,17.4090283599727,
18.));
#10334=CARTESIAN_POINT('Ctrl Pts',(-0.290557964956781,16.5057647977615,
16.));
#10335=CARTESIAN_POINT('Ctrl Pts',(-0.290557964956781,16.5057647977615,
18.));
#10336=CARTESIAN_POINT('Ctrl Pts',(-0.402774278429618,16.069505949997,16.));
#10337=CARTESIAN_POINT('Ctrl Pts',(-0.402774278429618,16.069505949997,18.));
#10338=CARTESIAN_POINT('',(0.0678949911321491,18.8184828958741,16.));
#10339=CARTESIAN_POINT('Ctrl Pts',(-0.402774278429618,16.069505949997,16.));
#10340=CARTESIAN_POINT('Ctrl Pts',(-0.290557964956781,16.5057647977615,
16.));
#10341=CARTESIAN_POINT('Ctrl Pts',(-0.0582167584343374,17.4090283599727,
16.));
#10342=CARTESIAN_POINT('Ctrl Pts',(0.0249145159960529,18.3381230099474,
16.));
#10343=CARTESIAN_POINT('Ctrl Pts',(0.0678949911321491,18.8184828958741,
16.));
#10344=CARTESIAN_POINT('',(0.0678949911321491,18.8184828958741,18.));
#10345=CARTESIAN_POINT('Ctrl Pts',(0.0678949911321491,18.8184828958741,
18.));
#10346=CARTESIAN_POINT('Ctrl Pts',(0.0249145159960529,18.3381230099474,
18.));
#10347=CARTESIAN_POINT('Ctrl Pts',(-0.0582167584343374,17.4090283599727,
18.));
#10348=CARTESIAN_POINT('Ctrl Pts',(-0.290557964956781,16.5057647977615,
18.));
#10349=CARTESIAN_POINT('Ctrl Pts',(-0.402774278429618,16.069505949997,18.));
#10350=CARTESIAN_POINT('',(0.0678949911321491,18.8184828958741,16.));
#10351=CARTESIAN_POINT('Origin',(1.32983141729487,18.8184828958741,16.));
#10352=CARTESIAN_POINT('',(1.32983141729487,18.8184828958741,16.));
#10353=CARTESIAN_POINT('',(0.664915708647428,18.8184828958741,16.));
#10354=CARTESIAN_POINT('',(1.32983141729487,18.8184828958741,18.));
#10355=CARTESIAN_POINT('',(0.0678949911321491,18.8184828958741,18.));
#10356=CARTESIAN_POINT('',(1.32983141729487,18.8184828958741,16.));
#10357=CARTESIAN_POINT('Ctrl Pts',(0.865984495374092,15.9671868286362,16.));
#10358=CARTESIAN_POINT('Ctrl Pts',(0.865984495374092,15.9671868286362,18.));
#10359=CARTESIAN_POINT('Ctrl Pts',(0.995409500236544,16.4806831824361,16.));
#10360=CARTESIAN_POINT('Ctrl Pts',(0.995409500236544,16.4806831824361,18.));
#10361=CARTESIAN_POINT('Ctrl Pts',(1.23173152725854,17.4182956579186,16.));
#10362=CARTESIAN_POINT('Ctrl Pts',(1.23173152725854,17.4182956579186,18.));
#10363=CARTESIAN_POINT('Ctrl Pts',(1.29927779230212,18.3823886681202,16.));
#10364=CARTESIAN_POINT('Ctrl Pts',(1.29927779230212,18.3823886681202,18.));
#10365=CARTESIAN_POINT('Ctrl Pts',(1.32983141729487,18.8184828958741,16.));
#10366=CARTESIAN_POINT('Ctrl Pts',(1.32983141729487,18.8184828958741,18.));
#10367=CARTESIAN_POINT('',(0.865984495374092,15.9671868286362,16.));
#10368=CARTESIAN_POINT('Ctrl Pts',(1.32983141729487,18.8184828958741,16.));
#10369=CARTESIAN_POINT('Ctrl Pts',(1.29927779230212,18.3823886681202,16.));
#10370=CARTESIAN_POINT('Ctrl Pts',(1.23173152725854,17.4182956579186,16.));
#10371=CARTESIAN_POINT('Ctrl Pts',(0.995409500236544,16.4806831824361,16.));
#10372=CARTESIAN_POINT('Ctrl Pts',(0.865984495374092,15.9671868286362,16.));
#10373=CARTESIAN_POINT('',(0.865984495374092,15.9671868286362,18.));
#10374=CARTESIAN_POINT('Ctrl Pts',(0.865984495374092,15.9671868286362,18.));
#10375=CARTESIAN_POINT('Ctrl Pts',(0.995409500236544,16.4806831824361,18.));
#10376=CARTESIAN_POINT('Ctrl Pts',(1.23173152725854,17.4182956579186,18.));
#10377=CARTESIAN_POINT('Ctrl Pts',(1.29927779230212,18.3823886681202,18.));
#10378=CARTESIAN_POINT('Ctrl Pts',(1.32983141729487,18.8184828958741,18.));
#10379=CARTESIAN_POINT('',(0.865984495374092,15.9671868286362,16.));
#10380=CARTESIAN_POINT('Ctrl Pts',(-0.402774278429618,12.7475418052903,
16.));
#10381=CARTESIAN_POINT('Ctrl Pts',(-0.402774278429618,12.7475418052903,
18.));
#10382=CARTESIAN_POINT('Ctrl Pts',(-0.143842411213662,13.2677583490167,
16.));
#10383=CARTESIAN_POINT('Ctrl Pts',(-0.143842411213662,13.2677583490167,
18.));
#10384=CARTESIAN_POINT('Ctrl Pts',(0.372103258062511,14.3043378774749,16.));
#10385=CARTESIAN_POINT('Ctrl Pts',(0.372103258062511,14.3043378774749,18.));
#10386=CARTESIAN_POINT('Ctrl Pts',(0.701765931174088,15.414279273922,16.));
#10387=CARTESIAN_POINT('Ctrl Pts',(0.701765931174088,15.414279273922,18.));
#10388=CARTESIAN_POINT('Ctrl Pts',(0.865984495374092,15.9671868286362,16.));
#10389=CARTESIAN_POINT('Ctrl Pts',(0.865984495374092,15.9671868286362,18.));
#10390=CARTESIAN_POINT('',(-0.402774278429618,12.7475418052903,16.));
#10391=CARTESIAN_POINT('Ctrl Pts',(0.865984495374092,15.9671868286362,16.));
#10392=CARTESIAN_POINT('Ctrl Pts',(0.701765931174088,15.414279273922,16.));
#10393=CARTESIAN_POINT('Ctrl Pts',(0.372103258062511,14.3043378774749,16.));
#10394=CARTESIAN_POINT('Ctrl Pts',(-0.143842411213662,13.2677583490167,
16.));
#10395=CARTESIAN_POINT('Ctrl Pts',(-0.402774278429618,12.7475418052903,
16.));
#10396=CARTESIAN_POINT('',(-0.402774278429618,12.7475418052903,18.));
#10397=CARTESIAN_POINT('Ctrl Pts',(-0.402774278429618,12.7475418052903,
18.));
#10398=CARTESIAN_POINT('Ctrl Pts',(-0.143842411213662,13.2677583490167,
18.));
#10399=CARTESIAN_POINT('Ctrl Pts',(0.372103258062511,14.3043378774749,18.));
#10400=CARTESIAN_POINT('Ctrl Pts',(0.701765931174088,15.414279273922,18.));
#10401=CARTESIAN_POINT('Ctrl Pts',(0.865984495374092,15.9671868286362,18.));
#10402=CARTESIAN_POINT('',(-0.402774278429618,12.7475418052903,16.));
#10403=CARTESIAN_POINT('Ctrl Pts',(-2.16948694398748,10.1281691990128,16.));
#10404=CARTESIAN_POINT('Ctrl Pts',(-2.16948694398748,10.1281691990128,18.));
#10405=CARTESIAN_POINT('Ctrl Pts',(-1.8554134679957,10.5162697278806,16.));
#10406=CARTESIAN_POINT('Ctrl Pts',(-1.8554134679957,10.5162697278806,18.));
#10407=CARTESIAN_POINT('Ctrl Pts',(-1.19056526919775,11.3378225086606,16.));
#10408=CARTESIAN_POINT('Ctrl Pts',(-1.19056526919775,11.3378225086606,18.));
#10409=CARTESIAN_POINT('Ctrl Pts',(-0.674860660626893,12.2606545117968,
16.));
#10410=CARTESIAN_POINT('Ctrl Pts',(-0.674860660626893,12.2606545117968,
18.));
#10411=CARTESIAN_POINT('Ctrl Pts',(-0.402774278429618,12.7475418052903,
16.));
#10412=CARTESIAN_POINT('Ctrl Pts',(-0.402774278429618,12.7475418052903,
18.));
#10413=CARTESIAN_POINT('',(-2.16948694398748,10.1281691990128,16.));
#10414=CARTESIAN_POINT('Ctrl Pts',(-0.402774278429618,12.7475418052903,
16.));
#10415=CARTESIAN_POINT('Ctrl Pts',(-0.674860660626893,12.2606545117968,
16.));
#10416=CARTESIAN_POINT('Ctrl Pts',(-1.19056526919775,11.3378225086606,16.));
#10417=CARTESIAN_POINT('Ctrl Pts',(-1.8554134679957,10.5162697278806,16.));
#10418=CARTESIAN_POINT('Ctrl Pts',(-2.16948694398748,10.1281691990128,16.));
#10419=CARTESIAN_POINT('',(-2.16948694398748,10.1281691990128,18.));
#10420=CARTESIAN_POINT('Ctrl Pts',(-2.16948694398748,10.1281691990128,18.));
#10421=CARTESIAN_POINT('Ctrl Pts',(-1.8554134679957,10.5162697278806,18.));
#10422=CARTESIAN_POINT('Ctrl Pts',(-1.19056526919775,11.3378225086606,18.));
#10423=CARTESIAN_POINT('Ctrl Pts',(-0.674860660626893,12.2606545117968,
18.));
#10424=CARTESIAN_POINT('Ctrl Pts',(-0.402774278429618,12.7475418052903,
18.));
#10425=CARTESIAN_POINT('',(-2.16948694398748,10.1281691990128,16.));
#10426=CARTESIAN_POINT('Origin',(2.72819453069819,10.1281691990128,16.));
#10427=CARTESIAN_POINT('',(1.36409726534909,10.1281691990128,16.));
#10428=CARTESIAN_POINT('',(-2.16948694398748,10.1281691990128,18.));
#10429=CARTESIAN_POINT('Origin',(-0.337971270439497,13.8832850656739,18.));
#10430=CARTESIAN_POINT('Ctrl Pts',(8.74456578085078,17.1677322588196,16.));
#10431=CARTESIAN_POINT('Ctrl Pts',(8.74456578085078,17.1677322588196,18.));
#10432=CARTESIAN_POINT('Ctrl Pts',(8.9097223028998,16.7623959742564,16.));
#10433=CARTESIAN_POINT('Ctrl Pts',(8.9097223028998,16.7623959742564,18.));
#10434=CARTESIAN_POINT('Ctrl Pts',(9.335646938023,15.7170681424344,16.));
#10435=CARTESIAN_POINT('Ctrl Pts',(9.335646938023,15.7170681424344,18.));
#10436=CARTESIAN_POINT('Ctrl Pts',(9.32442480864491,14.581770382531,16.));
#10437=CARTESIAN_POINT('Ctrl Pts',(9.32442480864491,14.581770382531,18.));
#10438=CARTESIAN_POINT('Ctrl Pts',(9.31755417177332,13.8866956434479,16.));
#10439=CARTESIAN_POINT('Ctrl Pts',(9.31755417177332,13.8866956434479,18.));
#10440=CARTESIAN_POINT('',(9.31755417177332,13.8866956434479,16.));
#10441=CARTESIAN_POINT('',(8.74456578085078,17.1677322588196,16.));
#10442=CARTESIAN_POINT('Ctrl Pts',(9.31755417177332,13.8866956434479,16.));
#10443=CARTESIAN_POINT('Ctrl Pts',(9.32442480864491,14.581770382531,16.));
#10444=CARTESIAN_POINT('Ctrl Pts',(9.335646938023,15.7170681424344,16.));
#10445=CARTESIAN_POINT('Ctrl Pts',(8.9097223028998,16.7623959742564,16.));
#10446=CARTESIAN_POINT('Ctrl Pts',(8.74456578085078,17.1677322588196,16.));
#10447=CARTESIAN_POINT('',(9.31755417177332,13.8866956434479,18.));
#10448=CARTESIAN_POINT('',(9.31755417177332,13.8866956434479,16.));
#10449=CARTESIAN_POINT('',(8.74456578085078,17.1677322588196,18.));
#10450=CARTESIAN_POINT('Ctrl Pts',(8.74456578085078,17.1677322588196,18.));
#10451=CARTESIAN_POINT('Ctrl Pts',(8.9097223028998,16.7623959742564,18.));
#10452=CARTESIAN_POINT('Ctrl Pts',(9.335646938023,15.7170681424344,18.));
#10453=CARTESIAN_POINT('Ctrl Pts',(9.32442480864491,14.581770382531,18.));
#10454=CARTESIAN_POINT('Ctrl Pts',(9.31755417177332,13.8866956434479,18.));
#10455=CARTESIAN_POINT('',(8.74456578085078,17.1677322588196,16.));
#10456=CARTESIAN_POINT('Ctrl Pts',(7.31891804525507,17.9794652662506,16.));
#10457=CARTESIAN_POINT('Ctrl Pts',(7.31891804525507,17.9794652662506,18.));
#10458=CARTESIAN_POINT('Ctrl Pts',(7.59400429668497,17.9395057000031,16.));
#10459=CARTESIAN_POINT('Ctrl Pts',(7.59400429668497,17.9395057000031,18.));
#10460=CARTESIAN_POINT('Ctrl Pts',(8.17238433499279,17.855489085807,16.));
#10461=CARTESIAN_POINT('Ctrl Pts',(8.17238433499279,17.855489085807,18.));
#10462=CARTESIAN_POINT('Ctrl Pts',(8.54773666725087,17.4043190401775,16.));
#10463=CARTESIAN_POINT('Ctrl Pts',(8.54773666725087,17.4043190401775,18.));
#10464=CARTESIAN_POINT('Ctrl Pts',(8.74456578085078,17.1677322588196,16.));
#10465=CARTESIAN_POINT('Ctrl Pts',(8.74456578085078,17.1677322588196,18.));
#10466=CARTESIAN_POINT('',(7.31891804525507,17.9794652662506,16.));
#10467=CARTESIAN_POINT('Ctrl Pts',(8.74456578085078,17.1677322588196,16.));
#10468=CARTESIAN_POINT('Ctrl Pts',(8.54773666725087,17.4043190401775,16.));
#10469=CARTESIAN_POINT('Ctrl Pts',(8.17238433499279,17.855489085807,16.));
#10470=CARTESIAN_POINT('Ctrl Pts',(7.59400429668497,17.9395057000031,16.));
#10471=CARTESIAN_POINT('Ctrl Pts',(7.31891804525507,17.9794652662506,16.));
#10472=CARTESIAN_POINT('',(7.31891804525507,17.9794652662506,18.));
#10473=CARTESIAN_POINT('Ctrl Pts',(7.31891804525507,17.9794652662506,18.));
#10474=CARTESIAN_POINT('Ctrl Pts',(7.59400429668497,17.9395057000031,18.));
#10475=CARTESIAN_POINT('Ctrl Pts',(8.17238433499279,17.855489085807,18.));
#10476=CARTESIAN_POINT('Ctrl Pts',(8.54773666725087,17.4043190401775,18.));
#10477=CARTESIAN_POINT('Ctrl Pts',(8.74456578085078,17.1677322588196,18.));
#10478=CARTESIAN_POINT('',(7.31891804525507,17.9794652662506,16.));
#10479=CARTESIAN_POINT('Ctrl Pts',(5.90009146520747,17.1609111032715,16.));
#10480=CARTESIAN_POINT('Ctrl Pts',(5.90009146520747,17.1609111032715,18.));
#10481=CARTESIAN_POINT('Ctrl Pts',(6.09482328131127,17.3994809604243,16.));
#10482=CARTESIAN_POINT('Ctrl Pts',(6.09482328131127,17.3994809604243,18.));
#10483=CARTESIAN_POINT('Ctrl Pts',(6.46594597132407,17.8541508182524,16.));
#10484=CARTESIAN_POINT('Ctrl Pts',(6.46594597132407,17.8541508182524,18.));
#10485=CARTESIAN_POINT('Ctrl Pts',(7.04411847962797,17.9390930701036,16.));
#10486=CARTESIAN_POINT('Ctrl Pts',(7.04411847962797,17.9390930701036,18.));
#10487=CARTESIAN_POINT('Ctrl Pts',(7.31891804525507,17.9794652662506,16.));
#10488=CARTESIAN_POINT('Ctrl Pts',(7.31891804525507,17.9794652662506,18.));
#10489=CARTESIAN_POINT('',(5.90009146520747,17.1609111032715,16.));
#10490=CARTESIAN_POINT('Ctrl Pts',(7.31891804525507,17.9794652662506,16.));
#10491=CARTESIAN_POINT('Ctrl Pts',(7.04411847962797,17.9390930701036,16.));
#10492=CARTESIAN_POINT('Ctrl Pts',(6.46594597132407,17.8541508182524,16.));
#10493=CARTESIAN_POINT('Ctrl Pts',(6.09482328131127,17.3994809604243,16.));
#10494=CARTESIAN_POINT('Ctrl Pts',(5.90009146520747,17.1609111032715,16.));
#10495=CARTESIAN_POINT('',(5.90009146520747,17.1609111032715,18.));
#10496=CARTESIAN_POINT('Ctrl Pts',(5.90009146520747,17.1609111032715,18.));
#10497=CARTESIAN_POINT('Ctrl Pts',(6.09482328131127,17.3994809604243,18.));
#10498=CARTESIAN_POINT('Ctrl Pts',(6.46594597132407,17.8541508182524,18.));
#10499=CARTESIAN_POINT('Ctrl Pts',(7.04411847962797,17.9390930701036,18.));
#10500=CARTESIAN_POINT('Ctrl Pts',(7.31891804525507,17.9794652662506,18.));
#10501=CARTESIAN_POINT('',(5.90009146520747,17.1609111032715,16.));
#10502=CARTESIAN_POINT('Ctrl Pts',(5.32028251478327,13.8866956434479,16.));
#10503=CARTESIAN_POINT('Ctrl Pts',(5.32028251478327,13.8866956434479,18.));
#10504=CARTESIAN_POINT('Ctrl Pts',(5.31355737745962,14.5802996518419,16.));
#10505=CARTESIAN_POINT('Ctrl Pts',(5.31355737745962,14.5802996518419,18.));
#10506=CARTESIAN_POINT('Ctrl Pts',(5.30256225865949,15.7142926255934,16.));
#10507=CARTESIAN_POINT('Ctrl Pts',(5.30256225865949,15.7142926255934,18.));
#10508=CARTESIAN_POINT('Ctrl Pts',(5.7329495141308,16.7562603645745,16.));
#10509=CARTESIAN_POINT('Ctrl Pts',(5.7329495141308,16.7562603645745,18.));
#10510=CARTESIAN_POINT('Ctrl Pts',(5.90009146520747,17.1609111032715,16.));
#10511=CARTESIAN_POINT('Ctrl Pts',(5.90009146520747,17.1609111032715,18.));
#10512=CARTESIAN_POINT('',(5.32028251478327,13.8866956434479,16.));
#10513=CARTESIAN_POINT('Ctrl Pts',(5.90009146520747,17.1609111032715,16.));
#10514=CARTESIAN_POINT('Ctrl Pts',(5.7329495141308,16.7562603645745,16.));
#10515=CARTESIAN_POINT('Ctrl Pts',(5.30256225865949,15.7142926255934,16.));
#10516=CARTESIAN_POINT('Ctrl Pts',(5.31355737745962,14.5802996518419,16.));
#10517=CARTESIAN_POINT('Ctrl Pts',(5.32028251478327,13.8866956434479,16.));
#10518=CARTESIAN_POINT('',(5.32028251478327,13.8866956434479,18.));
#10519=CARTESIAN_POINT('Ctrl Pts',(5.32028251478327,13.8866956434479,18.));
#10520=CARTESIAN_POINT('Ctrl Pts',(5.31355737745962,14.5802996518419,18.));
#10521=CARTESIAN_POINT('Ctrl Pts',(5.30256225865949,15.7142926255934,18.));
#10522=CARTESIAN_POINT('Ctrl Pts',(5.7329495141308,16.7562603645745,18.));
#10523=CARTESIAN_POINT('Ctrl Pts',(5.90009146520747,17.1609111032715,18.));
#10524=CARTESIAN_POINT('',(5.32028251478327,13.8866956434479,16.));
#10525=CARTESIAN_POINT('Ctrl Pts',(5.90009146520747,10.6056590280762,16.));
#10526=CARTESIAN_POINT('Ctrl Pts',(5.90009146520747,10.6056590280762,18.));
#10527=CARTESIAN_POINT('Ctrl Pts',(5.73299057509766,11.0097480204233,16.));
#10528=CARTESIAN_POINT('Ctrl Pts',(5.73299057509766,11.0097480204233,18.));
#10529=CARTESIAN_POINT('Ctrl Pts',(5.3012912504535,12.0536978460511,16.));
#10530=CARTESIAN_POINT('Ctrl Pts',(5.3012912504535,12.0536978460511,18.));
#10531=CARTESIAN_POINT('Ctrl Pts',(5.31306569016299,13.1901425649656,16.));
#10532=CARTESIAN_POINT('Ctrl Pts',(5.31306569016299,13.1901425649656,18.));
#10533=CARTESIAN_POINT('Ctrl Pts',(5.32028251478327,13.8866956434479,16.));
#10534=CARTESIAN_POINT('Ctrl Pts',(5.32028251478327,13.8866956434479,18.));
#10535=CARTESIAN_POINT('',(5.90009146520747,10.6056590280762,16.));
#10536=CARTESIAN_POINT('Ctrl Pts',(5.32028251478327,13.8866956434479,16.));
#10537=CARTESIAN_POINT('Ctrl Pts',(5.31306569016299,13.1901425649656,16.));
#10538=CARTESIAN_POINT('Ctrl Pts',(5.3012912504535,12.0536978460511,16.));
#10539=CARTESIAN_POINT('Ctrl Pts',(5.73299057509766,11.0097480204233,16.));
#10540=CARTESIAN_POINT('Ctrl Pts',(5.90009146520747,10.6056590280762,16.));
#10541=CARTESIAN_POINT('',(5.90009146520747,10.6056590280762,18.));
#10542=CARTESIAN_POINT('Ctrl Pts',(5.90009146520747,10.6056590280762,18.));
#10543=CARTESIAN_POINT('Ctrl Pts',(5.73299057509766,11.0097480204233,18.));
#10544=CARTESIAN_POINT('Ctrl Pts',(5.3012912504535,12.0536978460511,18.));
#10545=CARTESIAN_POINT('Ctrl Pts',(5.31306569016299,13.1901425649656,18.));
#10546=CARTESIAN_POINT('Ctrl Pts',(5.32028251478327,13.8866956434479,18.));
#10547=CARTESIAN_POINT('',(5.90009146520747,10.6056590280762,16.));
#10548=CARTESIAN_POINT('Ctrl Pts',(7.33256035635127,9.79392602064518,16.));
#10549=CARTESIAN_POINT('Ctrl Pts',(7.33256035635127,9.79392602064518,18.));
#10550=CARTESIAN_POINT('Ctrl Pts',(7.05427959378647,9.83320405112421,16.));
#10551=CARTESIAN_POINT('Ctrl Pts',(7.05427959378647,9.83320405112421,18.));
#10552=CARTESIAN_POINT('Ctrl Pts',(6.47272002574708,9.91528846913534,16.));
#10553=CARTESIAN_POINT('Ctrl Pts',(6.47272002574708,9.91528846913534,18.));
#10554=CARTESIAN_POINT('Ctrl Pts',(6.09636019746351,10.3690341655955,16.));
#10555=CARTESIAN_POINT('Ctrl Pts',(6.09636019746351,10.3690341655955,18.));
#10556=CARTESIAN_POINT('Ctrl Pts',(5.90009146520747,10.6056590280762,16.));
#10557=CARTESIAN_POINT('Ctrl Pts',(5.90009146520747,10.6056590280762,18.));
#10558=CARTESIAN_POINT('',(7.33256035635127,9.79392602064518,16.));
#10559=CARTESIAN_POINT('Ctrl Pts',(5.90009146520747,10.6056590280762,16.));
#10560=CARTESIAN_POINT('Ctrl Pts',(6.09636019746351,10.3690341655955,16.));
#10561=CARTESIAN_POINT('Ctrl Pts',(6.47272002574708,9.91528846913534,16.));
#10562=CARTESIAN_POINT('Ctrl Pts',(7.05427959378647,9.83320405112421,16.));
#10563=CARTESIAN_POINT('Ctrl Pts',(7.33256035635127,9.79392602064518,16.));
#10564=CARTESIAN_POINT('',(7.33256035635127,9.79392602064518,18.));
#10565=CARTESIAN_POINT('Ctrl Pts',(7.33256035635127,9.79392602064518,18.));
#10566=CARTESIAN_POINT('Ctrl Pts',(7.05427959378647,9.83320405112421,18.));
#10567=CARTESIAN_POINT('Ctrl Pts',(6.47272002574708,9.91528846913534,18.));
#10568=CARTESIAN_POINT('Ctrl Pts',(6.09636019746351,10.3690341655955,18.));
#10569=CARTESIAN_POINT('Ctrl Pts',(5.90009146520747,10.6056590280762,18.));
#10570=CARTESIAN_POINT('',(7.33256035635127,9.79392602064518,16.));
#10571=CARTESIAN_POINT('Ctrl Pts',(8.68317418882502,10.5101610622635,16.));
#10572=CARTESIAN_POINT('Ctrl Pts',(8.68317418882502,10.5101610622635,18.));
#10573=CARTESIAN_POINT('Ctrl Pts',(8.50221249468445,10.301265891945,16.));
#10574=CARTESIAN_POINT('Ctrl Pts',(8.50221249468445,10.301265891945,18.));
#10575=CARTESIAN_POINT('Ctrl Pts',(8.1440474620395,9.88781405147775,16.));
#10576=CARTESIAN_POINT('Ctrl Pts',(8.1440474620395,9.88781405147775,18.));
#10577=CARTESIAN_POINT('Ctrl Pts',(7.60115714321879,9.82500232885781,16.));
#10578=CARTESIAN_POINT('Ctrl Pts',(7.60115714321879,9.82500232885781,18.));
#10579=CARTESIAN_POINT('Ctrl Pts',(7.33256035635127,9.79392602064518,16.));
#10580=CARTESIAN_POINT('Ctrl Pts',(7.33256035635127,9.79392602064518,18.));
#10581=CARTESIAN_POINT('',(8.68317418882502,10.5101610622635,16.));
#10582=CARTESIAN_POINT('Ctrl Pts',(7.33256035635127,9.79392602064518,16.));
#10583=CARTESIAN_POINT('Ctrl Pts',(7.60115714321879,9.82500232885781,16.));
#10584=CARTESIAN_POINT('Ctrl Pts',(8.1440474620395,9.88781405147775,16.));
#10585=CARTESIAN_POINT('Ctrl Pts',(8.50221249468445,10.301265891945,16.));
#10586=CARTESIAN_POINT('Ctrl Pts',(8.68317418882502,10.5101610622635,16.));
#10587=CARTESIAN_POINT('',(8.68317418882502,10.5101610622635,18.));
#10588=CARTESIAN_POINT('Ctrl Pts',(8.68317418882502,10.5101610622635,18.));
#10589=CARTESIAN_POINT('Ctrl Pts',(8.50221249468445,10.301265891945,18.));
#10590=CARTESIAN_POINT('Ctrl Pts',(8.1440474620395,9.88781405147775,18.));
#10591=CARTESIAN_POINT('Ctrl Pts',(7.60115714321879,9.82500232885781,18.));
#10592=CARTESIAN_POINT('Ctrl Pts',(7.33256035635127,9.79392602064518,18.));
#10593=CARTESIAN_POINT('',(8.68317418882502,10.5101610622635,16.));
#10594=CARTESIAN_POINT('Ctrl Pts',(9.31755417177332,13.8866956434479,16.));
#10595=CARTESIAN_POINT('Ctrl Pts',(9.31755417177332,13.8866956434479,18.));
#10596=CARTESIAN_POINT('Ctrl Pts',(9.32034567199947,13.1828422750999,16.));
#10597=CARTESIAN_POINT('Ctrl Pts',(9.32034567199947,13.1828422750999,18.));
#10598=CARTESIAN_POINT('Ctrl Pts',(9.32499522413061,12.0104967032946,16.));
#10599=CARTESIAN_POINT('Ctrl Pts',(9.32499522413061,12.0104967032946,18.));
#10600=CARTESIAN_POINT('Ctrl Pts',(8.86642700978561,10.9385370790697,16.));
#10601=CARTESIAN_POINT('Ctrl Pts',(8.86642700978561,10.9385370790697,18.));
#10602=CARTESIAN_POINT('Ctrl Pts',(8.68317418882502,10.5101610622635,16.));
#10603=CARTESIAN_POINT('Ctrl Pts',(8.68317418882502,10.5101610622635,18.));
#10604=CARTESIAN_POINT('Ctrl Pts',(8.68317418882502,10.5101610622635,16.));
#10605=CARTESIAN_POINT('Ctrl Pts',(8.86642700978561,10.9385370790697,16.));
#10606=CARTESIAN_POINT('Ctrl Pts',(9.32499522413061,12.0104967032946,16.));
#10607=CARTESIAN_POINT('Ctrl Pts',(9.32034567199947,13.1828422750999,16.));
#10608=CARTESIAN_POINT('Ctrl Pts',(9.31755417177332,13.8866956434479,16.));
#10609=CARTESIAN_POINT('Ctrl Pts',(9.31755417177332,13.8866956434479,18.));
#10610=CARTESIAN_POINT('Ctrl Pts',(9.32034567199947,13.1828422750999,18.));
#10611=CARTESIAN_POINT('Ctrl Pts',(9.32499522413061,12.0104967032946,18.));
#10612=CARTESIAN_POINT('Ctrl Pts',(8.86642700978561,10.9385370790697,18.));
#10613=CARTESIAN_POINT('Ctrl Pts',(8.68317418882502,10.5101610622635,18.));
#10614=CARTESIAN_POINT('Ctrl Pts',(10.2179633934225,11.0353995762101,16.));
#10615=CARTESIAN_POINT('Ctrl Pts',(10.2179633934225,11.0353995762101,18.));
#10616=CARTESIAN_POINT('Ctrl Pts',(10.3230720254311,11.4506361347646,16.));
#10617=CARTESIAN_POINT('Ctrl Pts',(10.3230720254311,11.4506361347646,18.));
#10618=CARTESIAN_POINT('Ctrl Pts',(10.5596666939811,12.3853144201131,16.));
#10619=CARTESIAN_POINT('Ctrl Pts',(10.5596666939811,12.3853144201131,18.));
#10620=CARTESIAN_POINT('Ctrl Pts',(10.5724094727851,13.3503712350685,16.));
#10621=CARTESIAN_POINT('Ctrl Pts',(10.5724094727851,13.3503712350685,18.));
#10622=CARTESIAN_POINT('Ctrl Pts',(10.5794911939825,13.8866956434479,16.));
#10623=CARTESIAN_POINT('Ctrl Pts',(10.5794911939825,13.8866956434479,18.));
#10624=CARTESIAN_POINT('',(10.5794911939825,13.8866956434479,16.));
#10625=CARTESIAN_POINT('',(10.2179633934225,11.0353995762101,16.));
#10626=CARTESIAN_POINT('Ctrl Pts',(10.5794911939825,13.8866956434479,16.));
#10627=CARTESIAN_POINT('Ctrl Pts',(10.5724094727851,13.3503712350685,16.));
#10628=CARTESIAN_POINT('Ctrl Pts',(10.5596666939811,12.3853144201131,16.));
#10629=CARTESIAN_POINT('Ctrl Pts',(10.3230720254311,11.4506361347646,16.));
#10630=CARTESIAN_POINT('Ctrl Pts',(10.2179633934225,11.0353995762101,16.));
#10631=CARTESIAN_POINT('',(10.5794911939825,13.8866956434479,18.));
#10632=CARTESIAN_POINT('',(10.5794911939825,13.8866956434479,16.));
#10633=CARTESIAN_POINT('',(10.2179633934225,11.0353995762101,18.));
#10634=CARTESIAN_POINT('Ctrl Pts',(10.2179633934225,11.0353995762101,18.));
#10635=CARTESIAN_POINT('Ctrl Pts',(10.3230720254311,11.4506361347646,18.));
#10636=CARTESIAN_POINT('Ctrl Pts',(10.5596666939811,12.3853144201131,18.));
#10637=CARTESIAN_POINT('Ctrl Pts',(10.5724094727851,13.3503712350685,18.));
#10638=CARTESIAN_POINT('Ctrl Pts',(10.5794911939825,13.8866956434479,18.));
#10639=CARTESIAN_POINT('',(10.2179633934225,11.0353995762101,16.));
#10640=CARTESIAN_POINT('Ctrl Pts',(9.13337939569605,9.36418547251133,16.));
#10641=CARTESIAN_POINT('Ctrl Pts',(9.13337939569605,9.36418547251133,18.));
#10642=CARTESIAN_POINT('Ctrl Pts',(9.36062434992033,9.58967513102761,16.));
#10643=CARTESIAN_POINT('Ctrl Pts',(9.36062434992033,9.58967513102761,18.));
#10644=CARTESIAN_POINT('Ctrl Pts',(9.8421647296863,10.067495974909,16.));
#10645=CARTESIAN_POINT('Ctrl Pts',(9.8421647296863,10.067495974909,18.));
#10646=CARTESIAN_POINT('Ctrl Pts',(10.0880921906032,10.7009044940181,16.));
#10647=CARTESIAN_POINT('Ctrl Pts',(10.0880921906032,10.7009044940181,18.));
#10648=CARTESIAN_POINT('Ctrl Pts',(10.2179633934225,11.0353995762101,16.));
#10649=CARTESIAN_POINT('Ctrl Pts',(10.2179633934225,11.0353995762101,18.));
#10650=CARTESIAN_POINT('',(9.13337939569605,9.36418547251133,16.));
#10651=CARTESIAN_POINT('Ctrl Pts',(10.2179633934225,11.0353995762101,16.));
#10652=CARTESIAN_POINT('Ctrl Pts',(10.0880921906032,10.7009044940181,16.));
#10653=CARTESIAN_POINT('Ctrl Pts',(9.8421647296863,10.067495974909,16.));
#10654=CARTESIAN_POINT('Ctrl Pts',(9.36062434992033,9.58967513102761,16.));
#10655=CARTESIAN_POINT('Ctrl Pts',(9.13337939569605,9.36418547251133,16.));
#10656=CARTESIAN_POINT('',(9.13337939569605,9.36418547251133,18.));
#10657=CARTESIAN_POINT('Ctrl Pts',(9.13337939569605,9.36418547251133,18.));
#10658=CARTESIAN_POINT('Ctrl Pts',(9.36062434992033,9.58967513102761,18.));
#10659=CARTESIAN_POINT('Ctrl Pts',(9.8421647296863,10.067495974909,18.));
#10660=CARTESIAN_POINT('Ctrl Pts',(10.0880921906032,10.7009044940181,18.));
#10661=CARTESIAN_POINT('Ctrl Pts',(10.2179633934225,11.0353995762101,18.));
#10662=CARTESIAN_POINT('',(9.13337939569605,9.36418547251133,16.));
#10663=CARTESIAN_POINT('Ctrl Pts',(7.31891804525507,8.77755477049259,16.));
#10664=CARTESIAN_POINT('Ctrl Pts',(7.31891804525507,8.77755477049259,18.));
#10665=CARTESIAN_POINT('Ctrl Pts',(7.66163071700099,8.79748385326528,16.));
#10666=CARTESIAN_POINT('Ctrl Pts',(7.66163071700099,8.79748385326528,18.));
#10667=CARTESIAN_POINT('Ctrl Pts',(8.31864844370425,8.83569008763616,16.));
#10668=CARTESIAN_POINT('Ctrl Pts',(8.31864844370425,8.83569008763616,18.));
#10669=CARTESIAN_POINT('Ctrl Pts',(8.86974503904744,9.19317252591503,16.));
#10670=CARTESIAN_POINT('Ctrl Pts',(8.86974503904744,9.19317252591503,18.));
#10671=CARTESIAN_POINT('Ctrl Pts',(9.13337939569605,9.36418547251133,16.));
#10672=CARTESIAN_POINT('Ctrl Pts',(9.13337939569605,9.36418547251133,18.));
#10673=CARTESIAN_POINT('',(7.31891804525507,8.77755477049259,16.));
#10674=CARTESIAN_POINT('Ctrl Pts',(9.13337939569605,9.36418547251133,16.));
#10675=CARTESIAN_POINT('Ctrl Pts',(8.86974503904744,9.19317252591503,16.));
#10676=CARTESIAN_POINT('Ctrl Pts',(8.31864844370425,8.83569008763616,16.));
#10677=CARTESIAN_POINT('Ctrl Pts',(7.66163071700099,8.79748385326528,16.));
#10678=CARTESIAN_POINT('Ctrl Pts',(7.31891804525507,8.77755477049259,16.));
#10679=CARTESIAN_POINT('',(7.31891804525507,8.77755477049259,18.));
#10680=CARTESIAN_POINT('Ctrl Pts',(7.31891804525507,8.77755477049259,18.));
#10681=CARTESIAN_POINT('Ctrl Pts',(7.66163071700099,8.79748385326528,18.));
#10682=CARTESIAN_POINT('Ctrl Pts',(8.31864844370425,8.83569008763616,18.));
#10683=CARTESIAN_POINT('Ctrl Pts',(8.86974503904744,9.19317252591503,18.));
#10684=CARTESIAN_POINT('Ctrl Pts',(9.13337939569605,9.36418547251133,18.));
#10685=CARTESIAN_POINT('',(7.31891804525507,8.77755477049259,16.));
#10686=CARTESIAN_POINT('Ctrl Pts',(5.90691262075556,9.10497679331211,16.));
#10687=CARTESIAN_POINT('Ctrl Pts',(5.90691262075556,9.10497679331211,18.));
#10688=CARTESIAN_POINT('Ctrl Pts',(6.12253589536781,9.00952142403489,16.));
#10689=CARTESIAN_POINT('Ctrl Pts',(6.12253589536781,9.00952142403489,18.));
#10690=CARTESIAN_POINT('Ctrl Pts',(6.57190303955806,8.81058878669849,16.));
#10691=CARTESIAN_POINT('Ctrl Pts',(6.57190303955806,8.81058878669849,18.));
#10692=CARTESIAN_POINT('Ctrl Pts',(7.06330779370716,8.78885820232144,16.));
#10693=CARTESIAN_POINT('Ctrl Pts',(7.06330779370716,8.78885820232144,18.));
#10694=CARTESIAN_POINT('Ctrl Pts',(7.31891804525507,8.77755477049259,16.));
#10695=CARTESIAN_POINT('Ctrl Pts',(7.31891804525507,8.77755477049259,18.));
#10696=CARTESIAN_POINT('',(5.90691262075556,9.10497679331211,16.));
#10697=CARTESIAN_POINT('Ctrl Pts',(7.31891804525507,8.77755477049259,16.));
#10698=CARTESIAN_POINT('Ctrl Pts',(7.06330779370716,8.78885820232144,16.));
#10699=CARTESIAN_POINT('Ctrl Pts',(6.57190303955806,8.81058878669849,16.));
#10700=CARTESIAN_POINT('Ctrl Pts',(6.12253589536781,9.00952142403489,16.));
#10701=CARTESIAN_POINT('Ctrl Pts',(5.90691262075556,9.10497679331211,16.));
#10702=CARTESIAN_POINT('',(5.90691262075556,9.10497679331211,18.));
#10703=CARTESIAN_POINT('Ctrl Pts',(5.90691262075556,9.10497679331211,18.));
#10704=CARTESIAN_POINT('Ctrl Pts',(6.12253589536781,9.00952142403489,18.));
#10705=CARTESIAN_POINT('Ctrl Pts',(6.57190303955806,8.81058878669849,18.));
#10706=CARTESIAN_POINT('Ctrl Pts',(7.06330779370716,8.78885820232144,18.));
#10707=CARTESIAN_POINT('Ctrl Pts',(7.31891804525507,8.77755477049259,18.));
#10708=CARTESIAN_POINT('',(5.90691262075556,9.10497679331211,16.));
#10709=CARTESIAN_POINT('Ctrl Pts',(4.90418368169917,10.0394923887482,16.));
#10710=CARTESIAN_POINT('Ctrl Pts',(4.90418368169917,10.0394923887482,18.));
#10711=CARTESIAN_POINT('Ctrl Pts',(5.0431795722155,9.84797828985307,16.));
#10712=CARTESIAN_POINT('Ctrl Pts',(5.0431795722155,9.84797828985307,18.));
#10713=CARTESIAN_POINT('Ctrl Pts',(5.31672892952734,9.47107104119766,16.));
#10714=CARTESIAN_POINT('Ctrl Pts',(5.31672892952734,9.47107104119766,18.));
#10715=CARTESIAN_POINT('Ctrl Pts',(5.71232621505101,9.2256798301868,16.));
#10716=CARTESIAN_POINT('Ctrl Pts',(5.71232621505101,9.2256798301868,18.));
#10717=CARTESIAN_POINT('Ctrl Pts',(5.90691262075556,9.10497679331211,16.));
#10718=CARTESIAN_POINT('Ctrl Pts',(5.90691262075556,9.10497679331211,18.));
#10719=CARTESIAN_POINT('',(4.90418368169917,10.0394923887482,16.));
#10720=CARTESIAN_POINT('Ctrl Pts',(5.90691262075556,9.10497679331211,16.));
#10721=CARTESIAN_POINT('Ctrl Pts',(5.71232621505101,9.2256798301868,16.));
#10722=CARTESIAN_POINT('Ctrl Pts',(5.31672892952734,9.47107104119766,16.));
#10723=CARTESIAN_POINT('Ctrl Pts',(5.0431795722155,9.84797828985307,16.));
#10724=CARTESIAN_POINT('Ctrl Pts',(4.90418368169917,10.0394923887482,16.));
#10725=CARTESIAN_POINT('',(4.90418368169917,10.0394923887482,18.));
#10726=CARTESIAN_POINT('Ctrl Pts',(4.90418368169917,10.0394923887482,18.));
#10727=CARTESIAN_POINT('Ctrl Pts',(5.0431795722155,9.84797828985307,18.));
#10728=CARTESIAN_POINT('Ctrl Pts',(5.31672892952734,9.47107104119766,18.));
#10729=CARTESIAN_POINT('Ctrl Pts',(5.71232621505101,9.2256798301868,18.));
#10730=CARTESIAN_POINT('Ctrl Pts',(5.90691262075556,9.10497679331211,18.));
#10731=CARTESIAN_POINT('',(4.90418368169917,10.0394923887482,16.));
#10732=CARTESIAN_POINT('Ctrl Pts',(4.2834466058935,11.5265317163697,16.));
#10733=CARTESIAN_POINT('Ctrl Pts',(4.2834466058935,11.5265317163697,18.));
#10734=CARTESIAN_POINT('Ctrl Pts',(4.36139309266048,11.25117547699,16.));
#10735=CARTESIAN_POINT('Ctrl Pts',(4.36139309266048,11.25117547699,18.));
#10736=CARTESIAN_POINT('Ctrl Pts',(4.50882858527191,10.7303401644513,16.));
#10737=CARTESIAN_POINT('Ctrl Pts',(4.50882858527191,10.7303401644513,18.));
#10738=CARTESIAN_POINT('Ctrl Pts',(4.77753670175073,10.2607966926197,16.));
#10739=CARTESIAN_POINT('Ctrl Pts',(4.77753670175073,10.2607966926197,18.));
#10740=CARTESIAN_POINT('Ctrl Pts',(4.90418368169917,10.0394923887482,16.));
#10741=CARTESIAN_POINT('Ctrl Pts',(4.90418368169917,10.0394923887482,18.));
#10742=CARTESIAN_POINT('',(4.2834466058935,11.5265317163697,16.));
#10743=CARTESIAN_POINT('Ctrl Pts',(4.90418368169917,10.0394923887482,16.));
#10744=CARTESIAN_POINT('Ctrl Pts',(4.77753670175073,10.2607966926197,16.));
#10745=CARTESIAN_POINT('Ctrl Pts',(4.50882858527191,10.7303401644513,16.));
#10746=CARTESIAN_POINT('Ctrl Pts',(4.36139309266048,11.25117547699,16.));
#10747=CARTESIAN_POINT('Ctrl Pts',(4.2834466058935,11.5265317163697,16.));
#10748=CARTESIAN_POINT('',(4.2834466058935,11.5265317163697,18.));
#10749=CARTESIAN_POINT('Ctrl Pts',(4.2834466058935,11.5265317163697,18.));
#10750=CARTESIAN_POINT('Ctrl Pts',(4.36139309266048,11.25117547699,18.));
#10751=CARTESIAN_POINT('Ctrl Pts',(4.50882858527191,10.7303401644513,18.));
#10752=CARTESIAN_POINT('Ctrl Pts',(4.77753670175073,10.2607966926197,18.));
#10753=CARTESIAN_POINT('Ctrl Pts',(4.90418368169917,10.0394923887482,18.));
#10754=CARTESIAN_POINT('',(4.2834466058935,11.5265317163697,16.));
#10755=CARTESIAN_POINT('Ctrl Pts',(4.05834489652766,13.8866956434479,16.));
#10756=CARTESIAN_POINT('Ctrl Pts',(4.05834489652766,13.8866956434479,18.));
#10757=CARTESIAN_POINT('Ctrl Pts',(4.06208781301974,13.4406295652074,16.));
#10758=CARTESIAN_POINT('Ctrl Pts',(4.06208781301974,13.4406295652074,18.));
#10759=CARTESIAN_POINT('Ctrl Pts',(4.06874821058154,12.6468695584846,16.));
#10760=CARTESIAN_POINT('Ctrl Pts',(4.06874821058154,12.6468695584846,18.));
#10761=CARTESIAN_POINT('Ctrl Pts',(4.21804814678577,11.867793552295,16.));
#10762=CARTESIAN_POINT('Ctrl Pts',(4.21804814678577,11.867793552295,18.));
#10763=CARTESIAN_POINT('Ctrl Pts',(4.2834466058935,11.5265317163697,16.));
#10764=CARTESIAN_POINT('Ctrl Pts',(4.2834466058935,11.5265317163697,18.));
#10765=CARTESIAN_POINT('',(4.05834489652766,13.8866956434479,16.));
#10766=CARTESIAN_POINT('Ctrl Pts',(4.2834466058935,11.5265317163697,16.));
#10767=CARTESIAN_POINT('Ctrl Pts',(4.21804814678577,11.867793552295,16.));
#10768=CARTESIAN_POINT('Ctrl Pts',(4.06874821058154,12.6468695584846,16.));
#10769=CARTESIAN_POINT('Ctrl Pts',(4.06208781301974,13.4406295652074,16.));
#10770=CARTESIAN_POINT('Ctrl Pts',(4.05834489652766,13.8866956434479,16.));
#10771=CARTESIAN_POINT('',(4.05834489652766,13.8866956434479,18.));
#10772=CARTESIAN_POINT('Ctrl Pts',(4.05834489652766,13.8866956434479,18.));
#10773=CARTESIAN_POINT('Ctrl Pts',(4.06208781301974,13.4406295652074,18.));
#10774=CARTESIAN_POINT('Ctrl Pts',(4.06874821058154,12.6468695584846,18.));
#10775=CARTESIAN_POINT('Ctrl Pts',(4.21804814678577,11.867793552295,18.));
#10776=CARTESIAN_POINT('Ctrl Pts',(4.2834466058935,11.5265317163697,18.));
#10777=CARTESIAN_POINT('',(4.05834489652766,13.8866956434479,16.));
#10778=CARTESIAN_POINT('Ctrl Pts',(4.4198732931341,16.7311699590912,16.));
#10779=CARTESIAN_POINT('Ctrl Pts',(4.4198732931341,16.7311699590912,18.));
#10780=CARTESIAN_POINT('Ctrl Pts',(4.31474585754148,16.3153676517755,16.));
#10781=CARTESIAN_POINT('Ctrl Pts',(4.31474585754148,16.3153676517755,18.));
#10782=CARTESIAN_POINT('Ctrl Pts',(4.07897769436398,15.3828523127667,16.));
#10783=CARTESIAN_POINT('Ctrl Pts',(4.07897769436398,15.3828523127667,18.));
#10784=CARTESIAN_POINT('Ctrl Pts',(4.06570138756651,14.4201406574433,16.));
#10785=CARTESIAN_POINT('Ctrl Pts',(4.06570138756651,14.4201406574433,18.));
#10786=CARTESIAN_POINT('Ctrl Pts',(4.05834489652766,13.8866956434479,16.));
#10787=CARTESIAN_POINT('Ctrl Pts',(4.05834489652766,13.8866956434479,18.));
#10788=CARTESIAN_POINT('',(4.4198732931341,16.7311699590912,16.));
#10789=CARTESIAN_POINT('Ctrl Pts',(4.05834489652766,13.8866956434479,16.));
#10790=CARTESIAN_POINT('Ctrl Pts',(4.06570138756651,14.4201406574433,16.));
#10791=CARTESIAN_POINT('Ctrl Pts',(4.07897769436398,15.3828523127667,16.));
#10792=CARTESIAN_POINT('Ctrl Pts',(4.31474585754148,16.3153676517755,16.));
#10793=CARTESIAN_POINT('Ctrl Pts',(4.4198732931341,16.7311699590912,16.));
#10794=CARTESIAN_POINT('',(4.4198732931341,16.7311699590912,18.));
#10795=CARTESIAN_POINT('Ctrl Pts',(4.4198732931341,16.7311699590912,18.));
#10796=CARTESIAN_POINT('Ctrl Pts',(4.31474585754148,16.3153676517755,18.));
#10797=CARTESIAN_POINT('Ctrl Pts',(4.07897769436398,15.3828523127667,18.));
#10798=CARTESIAN_POINT('Ctrl Pts',(4.06570138756651,14.4201406574433,18.));
#10799=CARTESIAN_POINT('Ctrl Pts',(4.05834489652766,13.8866956434479,18.));
#10800=CARTESIAN_POINT('',(4.4198732931341,16.7311699590912,16.));
#10801=CARTESIAN_POINT('Ctrl Pts',(5.50445729086054,18.40238406279,16.));
#10802=CARTESIAN_POINT('Ctrl Pts',(5.50445729086054,18.40238406279,18.));
#10803=CARTESIAN_POINT('Ctrl Pts',(5.27577850857859,18.1759383650957,16.));
#10804=CARTESIAN_POINT('Ctrl Pts',(5.27577850857859,18.1759383650957,18.));
#10805=CARTESIAN_POINT('Ctrl Pts',(4.79357854045159,17.6984471561561,16.));
#10806=CARTESIAN_POINT('Ctrl Pts',(4.79357854045159,17.6984471561561,18.));
#10807=CARTESIAN_POINT('Ctrl Pts',(4.54864789332732,17.0644827376036,16.));
#10808=CARTESIAN_POINT('Ctrl Pts',(4.54864789332732,17.0644827376036,18.));
#10809=CARTESIAN_POINT('Ctrl Pts',(4.4198732931341,16.7311699590912,16.));
#10810=CARTESIAN_POINT('Ctrl Pts',(4.4198732931341,16.7311699590912,18.));
#10811=CARTESIAN_POINT('',(5.50445729086054,18.40238406279,16.));
#10812=CARTESIAN_POINT('Ctrl Pts',(4.4198732931341,16.7311699590912,16.));
#10813=CARTESIAN_POINT('Ctrl Pts',(4.54864789332732,17.0644827376036,16.));
#10814=CARTESIAN_POINT('Ctrl Pts',(4.79357854045159,17.6984471561561,16.));
#10815=CARTESIAN_POINT('Ctrl Pts',(5.27577850857859,18.1759383650957,16.));
#10816=CARTESIAN_POINT('Ctrl Pts',(5.50445729086054,18.40238406279,16.));
#10817=CARTESIAN_POINT('',(5.50445729086054,18.40238406279,18.));
#10818=CARTESIAN_POINT('Ctrl Pts',(5.50445729086054,18.40238406279,18.));
#10819=CARTESIAN_POINT('Ctrl Pts',(5.27577850857859,18.1759383650957,18.));
#10820=CARTESIAN_POINT('Ctrl Pts',(4.79357854045159,17.6984471561561,18.));
#10821=CARTESIAN_POINT('Ctrl Pts',(4.54864789332732,17.0644827376036,18.));
#10822=CARTESIAN_POINT('Ctrl Pts',(4.4198732931341,16.7311699590912,18.));
#10823=CARTESIAN_POINT('',(5.50445729086054,18.40238406279,16.));
#10824=CARTESIAN_POINT('Ctrl Pts',(7.31891804525507,18.9890153608551,16.));
#10825=CARTESIAN_POINT('Ctrl Pts',(7.31891804525507,18.9890153608551,18.));
#10826=CARTESIAN_POINT('Ctrl Pts',(6.97492649259896,18.9694532339507,16.));
#10827=CARTESIAN_POINT('Ctrl Pts',(6.97492649259896,18.9694532339507,18.));
#10828=CARTESIAN_POINT('Ctrl Pts',(6.31752530904643,18.9320681142277,16.));
#10829=CARTESIAN_POINT('Ctrl Pts',(6.31752530904643,18.9320681142277,18.));
#10830=CARTESIAN_POINT('Ctrl Pts',(5.76694236383324,18.5733834795476,16.));
#10831=CARTESIAN_POINT('Ctrl Pts',(5.76694236383324,18.5733834795476,18.));
#10832=CARTESIAN_POINT('Ctrl Pts',(5.50445729086054,18.40238406279,16.));
#10833=CARTESIAN_POINT('Ctrl Pts',(5.50445729086054,18.40238406279,18.));
#10834=CARTESIAN_POINT('',(7.31891804525507,18.9890153608551,16.));
#10835=CARTESIAN_POINT('Ctrl Pts',(5.50445729086054,18.40238406279,16.));
#10836=CARTESIAN_POINT('Ctrl Pts',(5.76694236383324,18.5733834795476,16.));
#10837=CARTESIAN_POINT('Ctrl Pts',(6.31752530904643,18.9320681142277,16.));
#10838=CARTESIAN_POINT('Ctrl Pts',(6.97492649259896,18.9694532339507,16.));
#10839=CARTESIAN_POINT('Ctrl Pts',(7.31891804525507,18.9890153608551,16.));
#10840=CARTESIAN_POINT('',(7.31891804525507,18.9890153608551,18.));
#10841=CARTESIAN_POINT('Ctrl Pts',(7.31891804525507,18.9890153608551,18.));
#10842=CARTESIAN_POINT('Ctrl Pts',(6.97492649259896,18.9694532339507,18.));
#10843=CARTESIAN_POINT('Ctrl Pts',(6.31752530904643,18.9320681142277,18.));
#10844=CARTESIAN_POINT('Ctrl Pts',(5.76694236383324,18.5733834795476,18.));
#10845=CARTESIAN_POINT('Ctrl Pts',(5.50445729086054,18.40238406279,18.));
#10846=CARTESIAN_POINT('',(7.31891804525507,18.9890153608551,16.));
#10847=CARTESIAN_POINT('Ctrl Pts',(9.59040516206873,17.9521806440583,16.));
#10848=CARTESIAN_POINT('Ctrl Pts',(9.59040516206873,17.9521806440583,18.));
#10849=CARTESIAN_POINT('Ctrl Pts',(9.28356644594197,18.2545364323222,16.));
#10850=CARTESIAN_POINT('Ctrl Pts',(9.28356644594197,18.2545364323222,18.));
#10851=CARTESIAN_POINT('Ctrl Pts',(8.65389925131179,18.8750041600572,16.));
#10852=CARTESIAN_POINT('Ctrl Pts',(8.65389925131179,18.8750041600572,18.));
#10853=CARTESIAN_POINT('Ctrl Pts',(7.77138199206136,18.9503736499014,16.));
#10854=CARTESIAN_POINT('Ctrl Pts',(7.77138199206136,18.9503736499014,18.));
#10855=CARTESIAN_POINT('Ctrl Pts',(7.31891804525507,18.9890153608551,16.));
#10856=CARTESIAN_POINT('Ctrl Pts',(7.31891804525507,18.9890153608551,18.));
#10857=CARTESIAN_POINT('',(9.59040516206873,17.9521806440583,16.));
#10858=CARTESIAN_POINT('Ctrl Pts',(7.31891804525507,18.9890153608551,16.));
#10859=CARTESIAN_POINT('Ctrl Pts',(7.77138199206136,18.9503736499014,16.));
#10860=CARTESIAN_POINT('Ctrl Pts',(8.65389925131179,18.8750041600572,16.));
#10861=CARTESIAN_POINT('Ctrl Pts',(9.28356644594197,18.2545364323222,16.));
#10862=CARTESIAN_POINT('Ctrl Pts',(9.59040516206873,17.9521806440583,16.));
#10863=CARTESIAN_POINT('',(9.59040516206873,17.9521806440583,18.));
#10864=CARTESIAN_POINT('Ctrl Pts',(9.59040516206873,17.9521806440583,18.));
#10865=CARTESIAN_POINT('Ctrl Pts',(9.28356644594197,18.2545364323222,18.));
#10866=CARTESIAN_POINT('Ctrl Pts',(8.65389925131179,18.8750041600572,18.));
#10867=CARTESIAN_POINT('Ctrl Pts',(7.77138199206136,18.9503736499014,18.));
#10868=CARTESIAN_POINT('Ctrl Pts',(7.31891804525507,18.9890153608551,18.));
#10869=CARTESIAN_POINT('',(9.59040516206873,17.9521806440583,16.));
#10870=CARTESIAN_POINT('Ctrl Pts',(10.5794911939825,13.8866956434479,16.));
#10871=CARTESIAN_POINT('Ctrl Pts',(10.5794911939825,13.8866956434479,18.));
#10872=CARTESIAN_POINT('Ctrl Pts',(10.5696377219059,14.7145673858266,16.));
#10873=CARTESIAN_POINT('Ctrl Pts',(10.5696377219059,14.7145673858266,18.));
#10874=CARTESIAN_POINT('Ctrl Pts',(10.5525061745631,16.153930469024,16.));
#10875=CARTESIAN_POINT('Ctrl Pts',(10.5525061745631,16.153930469024,18.));
#10876=CARTESIAN_POINT('Ctrl Pts',(9.87726922772053,17.4160068436254,16.));
#10877=CARTESIAN_POINT('Ctrl Pts',(9.87726922772053,17.4160068436254,18.));
#10878=CARTESIAN_POINT('Ctrl Pts',(9.59040516206873,17.9521806440583,16.));
#10879=CARTESIAN_POINT('Ctrl Pts',(9.59040516206873,17.9521806440583,18.));
#10880=CARTESIAN_POINT('Ctrl Pts',(9.59040516206873,17.9521806440583,16.));
#10881=CARTESIAN_POINT('Ctrl Pts',(9.87726922772053,17.4160068436254,16.));
#10882=CARTESIAN_POINT('Ctrl Pts',(10.5525061745631,16.153930469024,16.));
#10883=CARTESIAN_POINT('Ctrl Pts',(10.5696377219059,14.7145673858266,16.));
#10884=CARTESIAN_POINT('Ctrl Pts',(10.5794911939825,13.8866956434479,16.));
#10885=CARTESIAN_POINT('Ctrl Pts',(10.5794911939825,13.8866956434479,18.));
#10886=CARTESIAN_POINT('Ctrl Pts',(10.5696377219059,14.7145673858266,18.));
#10887=CARTESIAN_POINT('Ctrl Pts',(10.5525061745631,16.153930469024,18.));
#10888=CARTESIAN_POINT('Ctrl Pts',(9.87726922772053,17.4160068436254,18.));
#10889=CARTESIAN_POINT('Ctrl Pts',(9.59040516206873,17.9521806440583,18.));
#10890=CARTESIAN_POINT('Origin',(-0.337971270439497,13.8832850656739,18.));
#10891=CARTESIAN_POINT('Origin',(-1.33226762955019E-14,-2.22044604925031E-15,
16.));
#10892=CARTESIAN_POINT('Origin',(-14.7904881400394,-12.6999927028405,16.));
#10893=CARTESIAN_POINT('',(-14.7904881400394,-8.46397642934196,16.));
#10894=CARTESIAN_POINT('',(-14.7904881400394,-12.6999927028405,16.));
#10895=CARTESIAN_POINT('',(-14.7904881400394,-6.34999635142025,16.));
#10896=CARTESIAN_POINT('',(-14.7904881400394,-8.46397642934196,18.));
#10897=CARTESIAN_POINT('',(-14.7904881400394,-8.46397642934196,16.));
#10898=CARTESIAN_POINT('',(-14.7904881400394,-12.6999927028405,18.));
#10899=CARTESIAN_POINT('',(-14.7904881400394,-8.46397642934196,18.));
#10900=CARTESIAN_POINT('',(-14.7904881400394,-12.6999927028405,16.));
#10901=CARTESIAN_POINT('Origin',(-10.9364637297916,-18.463976429342,16.));
#10902=CARTESIAN_POINT('',(-10.9364637297916,-18.463976429342,16.));
#10903=CARTESIAN_POINT('',(-13.5127866877552,-14.61089143994,16.));
#10904=CARTESIAN_POINT('',(-10.9364637297916,-18.463976429342,18.));
#10905=CARTESIAN_POINT('',(-14.7904881400394,-12.6999927028405,18.));
#10906=CARTESIAN_POINT('',(-10.9364637297916,-18.463976429342,16.));
#10907=CARTESIAN_POINT('Origin',(-12.5462874335574,-18.463976429342,16.));
#10908=CARTESIAN_POINT('',(-12.5462874335574,-18.463976429342,16.));
#10909=CARTESIAN_POINT('',(-6.27314371677872,-18.463976429342,16.));
#10910=CARTESIAN_POINT('',(-12.5462874335574,-18.463976429342,18.));
#10911=CARTESIAN_POINT('',(-10.9364637297916,-18.463976429342,18.));
#10912=CARTESIAN_POINT('',(-12.5462874335574,-18.463976429342,16.));
#10913=CARTESIAN_POINT('Origin',(-14.517637149744,-15.4489696487176,16.));
#10914=CARTESIAN_POINT('',(-14.517637149744,-15.4489696487176,16.));
#10915=CARTESIAN_POINT('',(-15.881807531045,-13.3625904965162,16.));
#10916=CARTESIAN_POINT('',(-14.517637149744,-15.4489696487176,18.));
#10917=CARTESIAN_POINT('',(-12.5462874335574,-18.463976429342,18.));
#10918=CARTESIAN_POINT('',(-14.517637149744,-15.4489696487176,16.));
#10919=CARTESIAN_POINT('Ctrl Pts',(-15.5340060157108,-13.7572914823281,
16.));
#10920=CARTESIAN_POINT('Ctrl Pts',(-15.5340060157108,-13.7572914823281,
18.));
#10921=CARTESIAN_POINT('Ctrl Pts',(-15.3731170700762,-14.0405910319842,
16.));
#10922=CARTESIAN_POINT('Ctrl Pts',(-15.3731170700762,-14.0405910319842,
18.));
#10923=CARTESIAN_POINT('Ctrl Pts',(-15.0481586171533,-14.6127905886842,
16.));
#10924=CARTESIAN_POINT('Ctrl Pts',(-15.0481586171533,-14.6127905886842,
18.));
#10925=CARTESIAN_POINT('Ctrl Pts',(-14.6956277818668,-15.1684305026015,
16.));
#10926=CARTESIAN_POINT('Ctrl Pts',(-14.6956277818668,-15.1684305026015,
18.));
#10927=CARTESIAN_POINT('Ctrl Pts',(-14.517637149744,-15.4489696487176,16.));
#10928=CARTESIAN_POINT('Ctrl Pts',(-14.517637149744,-15.4489696487176,18.));
#10929=CARTESIAN_POINT('',(-15.5340060157108,-13.7572914823281,16.));
#10930=CARTESIAN_POINT('Ctrl Pts',(-14.517637149744,-15.4489696487176,16.));
#10931=CARTESIAN_POINT('Ctrl Pts',(-14.6956277818668,-15.1684305026015,
16.));
#10932=CARTESIAN_POINT('Ctrl Pts',(-15.0481586171533,-14.6127905886842,
16.));
#10933=CARTESIAN_POINT('Ctrl Pts',(-15.3731170700762,-14.0405910319842,
16.));
#10934=CARTESIAN_POINT('Ctrl Pts',(-15.5340060157108,-13.7572914823281,
16.));
#10935=CARTESIAN_POINT('',(-15.5340060157108,-13.7572914823281,18.));
#10936=CARTESIAN_POINT('Ctrl Pts',(-15.5340060157108,-13.7572914823281,
18.));
#10937=CARTESIAN_POINT('Ctrl Pts',(-15.3731170700762,-14.0405910319842,
18.));
#10938=CARTESIAN_POINT('Ctrl Pts',(-15.0481586171533,-14.6127905886842,
18.));
#10939=CARTESIAN_POINT('Ctrl Pts',(-14.6956277818668,-15.1684305026015,
18.));
#10940=CARTESIAN_POINT('Ctrl Pts',(-14.517637149744,-15.4489696487176,18.));
#10941=CARTESIAN_POINT('',(-15.5340060157108,-13.7572914823281,16.));
#10942=CARTESIAN_POINT('Ctrl Pts',(-16.625414745264,-15.5240035518395,16.));
#10943=CARTESIAN_POINT('Ctrl Pts',(-16.625414745264,-15.5240035518395,18.));
#10944=CARTESIAN_POINT('Ctrl Pts',(-16.42523453827,-15.2145233989357,16.));
#10945=CARTESIAN_POINT('Ctrl Pts',(-16.42523453827,-15.2145233989357,18.));
#10946=CARTESIAN_POINT('Ctrl Pts',(-16.0491949486007,-14.633163276193,16.));
#10947=CARTESIAN_POINT('Ctrl Pts',(-16.0491949486007,-14.633163276193,18.));
#10948=CARTESIAN_POINT('Ctrl Pts',(-15.6981679588183,-14.0363829115391,
16.));
#10949=CARTESIAN_POINT('Ctrl Pts',(-15.6981679588183,-14.0363829115391,
18.));
#10950=CARTESIAN_POINT('Ctrl Pts',(-15.5340060157108,-13.7572914823281,
16.));
#10951=CARTESIAN_POINT('Ctrl Pts',(-15.5340060157108,-13.7572914823281,
18.));
#10952=CARTESIAN_POINT('',(-16.625414745264,-15.5240035518395,16.));
#10953=CARTESIAN_POINT('Ctrl Pts',(-15.5340060157108,-13.7572914823281,
16.));
#10954=CARTESIAN_POINT('Ctrl Pts',(-15.6981679588183,-14.0363829115391,
16.));
#10955=CARTESIAN_POINT('Ctrl Pts',(-16.0491949486007,-14.633163276193,16.));
#10956=CARTESIAN_POINT('Ctrl Pts',(-16.42523453827,-15.2145233989357,16.));
#10957=CARTESIAN_POINT('Ctrl Pts',(-16.625414745264,-15.5240035518395,16.));
#10958=CARTESIAN_POINT('',(-16.625414745264,-15.5240035518395,18.));
#10959=CARTESIAN_POINT('Ctrl Pts',(-16.625414745264,-15.5240035518395,18.));
#10960=CARTESIAN_POINT('Ctrl Pts',(-16.42523453827,-15.2145233989357,18.));
#10961=CARTESIAN_POINT('Ctrl Pts',(-16.0491949486007,-14.633163276193,18.));
#10962=CARTESIAN_POINT('Ctrl Pts',(-15.6981679588183,-14.0363829115391,
18.));
#10963=CARTESIAN_POINT('Ctrl Pts',(-15.5340060157108,-13.7572914823281,
18.));
#10964=CARTESIAN_POINT('',(-16.625414745264,-15.5240035518395,16.));
#10965=CARTESIAN_POINT('Origin',(-18.5626562995242,-18.463976429342,16.));
#10966=CARTESIAN_POINT('',(-18.5626562995242,-18.463976429342,16.));
#10967=CARTESIAN_POINT('',(-11.5112107452718,-7.7626477121787,16.));
#10968=CARTESIAN_POINT('',(-18.5626562995242,-18.463976429342,18.));
#10969=CARTESIAN_POINT('',(-16.625414745264,-15.5240035518395,18.));
#10970=CARTESIAN_POINT('',(-18.5626562995242,-18.463976429342,16.));
#10971=CARTESIAN_POINT('Origin',(-20.1042660636234,-18.463976429342,16.));
#10972=CARTESIAN_POINT('',(-20.1042660636234,-18.463976429342,16.));
#10973=CARTESIAN_POINT('',(-10.0521330318117,-18.463976429342,16.));
#10974=CARTESIAN_POINT('',(-20.1042660636234,-18.463976429342,18.));
#10975=CARTESIAN_POINT('',(-18.5626562995242,-18.463976429342,18.));
#10976=CARTESIAN_POINT('',(-20.1042660636234,-18.463976429342,16.));
#10977=CARTESIAN_POINT('Origin',(-16.1138161582278,-12.6999927028405,16.));
#10978=CARTESIAN_POINT('',(-16.1138161582278,-12.6999927028405,16.));
#10979=CARTESIAN_POINT('',(-10.5315800686947,-4.63676205457373,16.));
#10980=CARTESIAN_POINT('',(-16.1138161582278,-12.6999927028405,18.));
#10981=CARTESIAN_POINT('',(-20.1042660636234,-18.463976429342,18.));
#10982=CARTESIAN_POINT('',(-16.1138161582278,-12.6999927028405,16.));
#10983=CARTESIAN_POINT('Origin',(-16.1138161582278,-8.46397642934196,16.));
#10984=CARTESIAN_POINT('',(-16.1138161582278,-8.46397642934196,16.));
#10985=CARTESIAN_POINT('',(-16.1138161582278,-4.23198821467098,16.));
#10986=CARTESIAN_POINT('',(-16.1138161582278,-8.46397642934196,18.));
#10987=CARTESIAN_POINT('',(-16.1138161582278,-12.6999927028405,18.));
#10988=CARTESIAN_POINT('',(-16.1138161582278,-8.46397642934196,16.));
#10989=CARTESIAN_POINT('Origin',(-14.7904881400394,-8.46397642934196,16.));
#10990=CARTESIAN_POINT('',(-7.39524407001969,-8.46397642934196,16.));
#10991=CARTESIAN_POINT('',(-16.1138161582278,-8.46397642934196,18.));
#10992=CARTESIAN_POINT('Origin',(-0.0428766648622592,-13.4639758332955,
18.));
#10993=CARTESIAN_POINT('Origin',(-22.0892580909061,-11.7859405740487,16.));
#10994=CARTESIAN_POINT('',(-20.8409651679324,-11.6768002971398,16.));
#10995=CARTESIAN_POINT('',(-22.0892580909061,-11.7859405740487,16.));
#10996=CARTESIAN_POINT('',(-10.6170936240725,-10.7829106091974,16.));
#10997=CARTESIAN_POINT('',(-20.8409651679324,-11.6768002971398,18.));
#10998=CARTESIAN_POINT('',(-20.8409651679324,-11.6768002971398,16.));
#10999=CARTESIAN_POINT('',(-22.0892580909061,-11.7859405740487,18.));
#11000=CARTESIAN_POINT('',(-20.8409651679324,-11.6768002971398,18.));
#11001=CARTESIAN_POINT('',(-22.0892580909061,-11.7859405740487,16.));
#11002=CARTESIAN_POINT('Ctrl Pts',(-22.498536960535,-10.5512881740319,16.));
#11003=CARTESIAN_POINT('Ctrl Pts',(-22.498536960535,-10.5512881740319,18.));
#11004=CARTESIAN_POINT('Ctrl Pts',(-22.4005380961785,-10.7313346072306,
16.));
#11005=CARTESIAN_POINT('Ctrl Pts',(-22.4005380961785,-10.7313346072306,
18.));
#11006=CARTESIAN_POINT('Ctrl Pts',(-22.1902216085262,-11.1177343241389,
16.));
#11007=CARTESIAN_POINT('Ctrl Pts',(-22.1902216085262,-11.1177343241389,
18.));
#11008=CARTESIAN_POINT('Ctrl Pts',(-22.1244062105682,-11.5533199821319,
16.));
#11009=CARTESIAN_POINT('Ctrl Pts',(-22.1244062105682,-11.5533199821319,
18.));
#11010=CARTESIAN_POINT('Ctrl Pts',(-22.0892580909061,-11.7859405740487,
16.));
#11011=CARTESIAN_POINT('Ctrl Pts',(-22.0892580909061,-11.7859405740487,
18.));
#11012=CARTESIAN_POINT('',(-22.498536960535,-10.5512881740319,16.));
#11013=CARTESIAN_POINT('Ctrl Pts',(-22.0892580909061,-11.7859405740487,
16.));
#11014=CARTESIAN_POINT('Ctrl Pts',(-22.1244062105682,-11.5533199821319,
16.));
#11015=CARTESIAN_POINT('Ctrl Pts',(-22.1902216085262,-11.1177343241389,
16.));
#11016=CARTESIAN_POINT('Ctrl Pts',(-22.4005380961785,-10.7313346072306,
16.));
#11017=CARTESIAN_POINT('Ctrl Pts',(-22.498536960535,-10.5512881740319,16.));
#11018=CARTESIAN_POINT('',(-22.498536960535,-10.5512881740319,18.));
#11019=CARTESIAN_POINT('Ctrl Pts',(-22.498536960535,-10.5512881740319,18.));
#11020=CARTESIAN_POINT('Ctrl Pts',(-22.4005380961785,-10.7313346072306,
18.));
#11021=CARTESIAN_POINT('Ctrl Pts',(-22.1902216085262,-11.1177343241389,
18.));
#11022=CARTESIAN_POINT('Ctrl Pts',(-22.1244062105682,-11.5533199821319,
18.));
#11023=CARTESIAN_POINT('Ctrl Pts',(-22.0892580909061,-11.7859405740487,
18.));
#11024=CARTESIAN_POINT('',(-22.498536960535,-10.5512881740319,16.));
#11025=CARTESIAN_POINT('Ctrl Pts',(-23.5080870551395,-9.77366213643424,
16.));
#11026=CARTESIAN_POINT('Ctrl Pts',(-23.5080870551395,-9.77366213643424,
18.));
#11027=CARTESIAN_POINT('Ctrl Pts',(-23.2997748679701,-9.8751230545578,16.));
#11028=CARTESIAN_POINT('Ctrl Pts',(-23.2997748679701,-9.8751230545578,18.));
#11029=CARTESIAN_POINT('Ctrl Pts',(-22.9091231115127,-10.065394619632,16.));
#11030=CARTESIAN_POINT('Ctrl Pts',(-22.9091231115127,-10.065394619632,18.));
#11031=CARTESIAN_POINT('Ctrl Pts',(-22.6291953118241,-10.3966652025343,
16.));
#11032=CARTESIAN_POINT('Ctrl Pts',(-22.6291953118241,-10.3966652025343,
18.));
#11033=CARTESIAN_POINT('Ctrl Pts',(-22.498536960535,-10.5512881740319,16.));
#11034=CARTESIAN_POINT('Ctrl Pts',(-22.498536960535,-10.5512881740319,18.));
#11035=CARTESIAN_POINT('',(-23.5080870551395,-9.77366213643424,16.));
#11036=CARTESIAN_POINT('Ctrl Pts',(-22.498536960535,-10.5512881740319,16.));
#11037=CARTESIAN_POINT('Ctrl Pts',(-22.6291953118241,-10.3966652025343,
16.));
#11038=CARTESIAN_POINT('Ctrl Pts',(-22.9091231115127,-10.065394619632,16.));
#11039=CARTESIAN_POINT('Ctrl Pts',(-23.2997748679701,-9.8751230545578,16.));
#11040=CARTESIAN_POINT('Ctrl Pts',(-23.5080870551395,-9.77366213643424,
16.));
#11041=CARTESIAN_POINT('',(-23.5080870551395,-9.77366213643424,18.));
#11042=CARTESIAN_POINT('Ctrl Pts',(-23.5080870551395,-9.77366213643424,
18.));
#11043=CARTESIAN_POINT('Ctrl Pts',(-23.2997748679701,-9.8751230545578,18.));
#11044=CARTESIAN_POINT('Ctrl Pts',(-22.9091231115127,-10.065394619632,18.));
#11045=CARTESIAN_POINT('Ctrl Pts',(-22.6291953118241,-10.3966652025343,
18.));
#11046=CARTESIAN_POINT('Ctrl Pts',(-22.498536960535,-10.5512881740319,18.));
#11047=CARTESIAN_POINT('',(-23.5080870551395,-9.77366213643424,16.));
#11048=CARTESIAN_POINT('Ctrl Pts',(-25.0428732795047,-9.48034767949455,
16.));
#11049=CARTESIAN_POINT('Ctrl Pts',(-25.0428732795047,-9.48034767949455,
18.));
#11050=CARTESIAN_POINT('Ctrl Pts',(-24.7701258914661,-9.49073206207336,
16.));
#11051=CARTESIAN_POINT('Ctrl Pts',(-24.7701258914661,-9.49073206207336,
18.));
#11052=CARTESIAN_POINT('Ctrl Pts',(-24.2433836336181,-9.51078685770406,
16.));
#11053=CARTESIAN_POINT('Ctrl Pts',(-24.2433836336181,-9.51078685770406,
18.));
#11054=CARTESIAN_POINT('Ctrl Pts',(-23.7472988872735,-9.6881417098631,16.));
#11055=CARTESIAN_POINT('Ctrl Pts',(-23.7472988872735,-9.6881417098631,18.));
#11056=CARTESIAN_POINT('Ctrl Pts',(-23.5080870551395,-9.77366213643424,
16.));
#11057=CARTESIAN_POINT('Ctrl Pts',(-23.5080870551395,-9.77366213643424,
18.));
#11058=CARTESIAN_POINT('',(-25.0428732795047,-9.48034767949455,16.));
#11059=CARTESIAN_POINT('Ctrl Pts',(-23.5080870551395,-9.77366213643424,
16.));
#11060=CARTESIAN_POINT('Ctrl Pts',(-23.7472988872735,-9.6881417098631,16.));
#11061=CARTESIAN_POINT('Ctrl Pts',(-24.2433836336181,-9.51078685770406,
16.));
#11062=CARTESIAN_POINT('Ctrl Pts',(-24.7701258914661,-9.49073206207336,
16.));
#11063=CARTESIAN_POINT('Ctrl Pts',(-25.0428732795047,-9.48034767949455,
16.));
#11064=CARTESIAN_POINT('',(-25.0428732795047,-9.48034767949455,18.));
#11065=CARTESIAN_POINT('Ctrl Pts',(-25.0428732795047,-9.48034767949455,
18.));
#11066=CARTESIAN_POINT('Ctrl Pts',(-24.7701258914661,-9.49073206207336,
18.));
#11067=CARTESIAN_POINT('Ctrl Pts',(-24.2433836336181,-9.51078685770406,
18.));
#11068=CARTESIAN_POINT('Ctrl Pts',(-23.7472988872735,-9.6881417098631,18.));
#11069=CARTESIAN_POINT('Ctrl Pts',(-23.5080870551395,-9.77366213643424,
18.));
#11070=CARTESIAN_POINT('',(-25.0428732795047,-9.48034767949455,16.));
#11071=CARTESIAN_POINT('Ctrl Pts',(-26.379848377161,-9.70544938886039,16.));
#11072=CARTESIAN_POINT('Ctrl Pts',(-26.379848377161,-9.70544938886039,18.));
#11073=CARTESIAN_POINT('Ctrl Pts',(-26.173414420043,-9.6398397297366,16.));
#11074=CARTESIAN_POINT('Ctrl Pts',(-26.173414420043,-9.6398397297366,18.));
#11075=CARTESIAN_POINT('Ctrl Pts',(-25.7386890758548,-9.50167359639853,
16.));
#11076=CARTESIAN_POINT('Ctrl Pts',(-25.7386890758548,-9.50167359639853,
18.));
#11077=CARTESIAN_POINT('Ctrl Pts',(-25.2824581131976,-9.48769066636203,
16.));
#11078=CARTESIAN_POINT('Ctrl Pts',(-25.2824581131976,-9.48769066636203,
18.));
#11079=CARTESIAN_POINT('Ctrl Pts',(-25.0428732795047,-9.48034767949455,
16.));
#11080=CARTESIAN_POINT('Ctrl Pts',(-25.0428732795047,-9.48034767949455,
18.));
#11081=CARTESIAN_POINT('',(-26.379848377161,-9.70544938886039,16.));
#11082=CARTESIAN_POINT('Ctrl Pts',(-25.0428732795047,-9.48034767949455,
16.));
#11083=CARTESIAN_POINT('Ctrl Pts',(-25.2824581131976,-9.48769066636203,
16.));
#11084=CARTESIAN_POINT('Ctrl Pts',(-25.7386890758548,-9.50167359639853,
16.));
#11085=CARTESIAN_POINT('Ctrl Pts',(-26.173414420043,-9.6398397297366,16.));
#11086=CARTESIAN_POINT('Ctrl Pts',(-26.379848377161,-9.70544938886039,16.));
#11087=CARTESIAN_POINT('',(-26.379848377161,-9.70544938886039,18.));
#11088=CARTESIAN_POINT('Ctrl Pts',(-26.379848377161,-9.70544938886039,18.));
#11089=CARTESIAN_POINT('Ctrl Pts',(-26.173414420043,-9.6398397297366,18.));
#11090=CARTESIAN_POINT('Ctrl Pts',(-25.7386890758548,-9.50167359639853,
18.));
#11091=CARTESIAN_POINT('Ctrl Pts',(-25.2824581131976,-9.48769066636203,
18.));
#11092=CARTESIAN_POINT('Ctrl Pts',(-25.0428732795047,-9.48034767949455,
18.));
#11093=CARTESIAN_POINT('',(-26.379848377161,-9.70544938886039,16.));
#11094=CARTESIAN_POINT('Ctrl Pts',(-27.2393282813358,-10.319365309118,16.));
#11095=CARTESIAN_POINT('Ctrl Pts',(-27.2393282813358,-10.319365309118,18.));
#11096=CARTESIAN_POINT('Ctrl Pts',(-27.1276715394824,-10.1943857787156,
16.));
#11097=CARTESIAN_POINT('Ctrl Pts',(-27.1276715394824,-10.1943857787156,
18.));
#11098=CARTESIAN_POINT('Ctrl Pts',(-26.8877838749543,-9.92587491977074,
16.));
#11099=CARTESIAN_POINT('Ctrl Pts',(-26.8877838749543,-9.92587491977074,
18.));
#11100=CARTESIAN_POINT('Ctrl Pts',(-26.5567833101025,-9.78223271410476,
16.));
#11101=CARTESIAN_POINT('Ctrl Pts',(-26.5567833101025,-9.78223271410476,
18.));
#11102=CARTESIAN_POINT('Ctrl Pts',(-26.379848377161,-9.70544938886039,16.));
#11103=CARTESIAN_POINT('Ctrl Pts',(-26.379848377161,-9.70544938886039,18.));
#11104=CARTESIAN_POINT('',(-27.2393282813358,-10.319365309118,16.));
#11105=CARTESIAN_POINT('Ctrl Pts',(-26.379848377161,-9.70544938886039,16.));
#11106=CARTESIAN_POINT('Ctrl Pts',(-26.5567833101025,-9.78223271410476,
16.));
#11107=CARTESIAN_POINT('Ctrl Pts',(-26.8877838749543,-9.92587491977074,
16.));
#11108=CARTESIAN_POINT('Ctrl Pts',(-27.1276715394824,-10.1943857787156,
16.));
#11109=CARTESIAN_POINT('Ctrl Pts',(-27.2393282813358,-10.319365309118,16.));
#11110=CARTESIAN_POINT('',(-27.2393282813358,-10.319365309118,18.));
#11111=CARTESIAN_POINT('Ctrl Pts',(-27.2393282813358,-10.319365309118,18.));
#11112=CARTESIAN_POINT('Ctrl Pts',(-27.1276715394824,-10.1943857787156,
18.));
#11113=CARTESIAN_POINT('Ctrl Pts',(-26.8877838749543,-9.92587491977074,
18.));
#11114=CARTESIAN_POINT('Ctrl Pts',(-26.5567833101025,-9.78223271410476,
18.));
#11115=CARTESIAN_POINT('Ctrl Pts',(-26.379848377161,-9.70544938886039,18.));
#11116=CARTESIAN_POINT('',(-27.2393282813358,-10.319365309118,16.));
#11117=CARTESIAN_POINT('Ctrl Pts',(-27.5258215827274,-11.1788464053857,
16.));
#11118=CARTESIAN_POINT('Ctrl Pts',(-27.5258215827274,-11.1788464053857,
18.));
#11119=CARTESIAN_POINT('Ctrl Pts',(-27.5132344922599,-11.0261811322347,
16.));
#11120=CARTESIAN_POINT('Ctrl Pts',(-27.5132344922599,-11.0261811322347,
18.));
#11121=CARTESIAN_POINT('Ctrl Pts',(-27.487704898145,-10.7165398796297,16.));
#11122=CARTESIAN_POINT('Ctrl Pts',(-27.487704898145,-10.7165398796297,18.));
#11123=CARTESIAN_POINT('Ctrl Pts',(-27.3228853384232,-10.4529798928426,
16.));
#11124=CARTESIAN_POINT('Ctrl Pts',(-27.3228853384232,-10.4529798928426,
18.));
#11125=CARTESIAN_POINT('Ctrl Pts',(-27.2393282813358,-10.319365309118,16.));
#11126=CARTESIAN_POINT('Ctrl Pts',(-27.2393282813358,-10.319365309118,18.));
#11127=CARTESIAN_POINT('',(-27.5258215827274,-11.1788464053857,16.));
#11128=CARTESIAN_POINT('Ctrl Pts',(-27.2393282813358,-10.319365309118,16.));
#11129=CARTESIAN_POINT('Ctrl Pts',(-27.3228853384232,-10.4529798928426,
16.));
#11130=CARTESIAN_POINT('Ctrl Pts',(-27.487704898145,-10.7165398796297,16.));
#11131=CARTESIAN_POINT('Ctrl Pts',(-27.5132344922599,-11.0261811322347,
16.));
#11132=CARTESIAN_POINT('Ctrl Pts',(-27.5258215827274,-11.1788464053857,
16.));
#11133=CARTESIAN_POINT('',(-27.5258215827274,-11.1788464053857,18.));
#11134=CARTESIAN_POINT('Ctrl Pts',(-27.5258215827274,-11.1788464053857,
18.));
#11135=CARTESIAN_POINT('Ctrl Pts',(-27.5132344922599,-11.0261811322347,
18.));
#11136=CARTESIAN_POINT('Ctrl Pts',(-27.487704898145,-10.7165398796297,18.));
#11137=CARTESIAN_POINT('Ctrl Pts',(-27.3228853384232,-10.4529798928426,
18.));
#11138=CARTESIAN_POINT('Ctrl Pts',(-27.2393282813358,-10.319365309118,18.));
#11139=CARTESIAN_POINT('',(-27.5258215827274,-11.1788464053857,16.));
#11140=CARTESIAN_POINT('Ctrl Pts',(-27.2529705924319,-11.9974005683648,
16.));
#11141=CARTESIAN_POINT('Ctrl Pts',(-27.2529705924319,-11.9974005683648,
18.));
#11142=CARTESIAN_POINT('Ctrl Pts',(-27.3325462642677,-11.8750313664356,
16.));
#11143=CARTESIAN_POINT('Ctrl Pts',(-27.3325462642677,-11.8750313664356,
18.));
#11144=CARTESIAN_POINT('Ctrl Pts',(-27.494448897537,-11.626062107787,16.));
#11145=CARTESIAN_POINT('Ctrl Pts',(-27.494448897537,-11.626062107787,18.));
#11146=CARTESIAN_POINT('Ctrl Pts',(-27.515246214714,-11.3295976275251,16.));
#11147=CARTESIAN_POINT('Ctrl Pts',(-27.515246214714,-11.3295976275251,18.));
#11148=CARTESIAN_POINT('Ctrl Pts',(-27.5258215827274,-11.1788464053857,
16.));
#11149=CARTESIAN_POINT('Ctrl Pts',(-27.5258215827274,-11.1788464053857,
18.));
#11150=CARTESIAN_POINT('',(-27.2529705924319,-11.9974005683648,16.));
#11151=CARTESIAN_POINT('Ctrl Pts',(-27.5258215827274,-11.1788464053857,
16.));
#11152=CARTESIAN_POINT('Ctrl Pts',(-27.515246214714,-11.3295976275251,16.));
#11153=CARTESIAN_POINT('Ctrl Pts',(-27.494448897537,-11.626062107787,16.));
#11154=CARTESIAN_POINT('Ctrl Pts',(-27.3325462642677,-11.8750313664356,
16.));
#11155=CARTESIAN_POINT('Ctrl Pts',(-27.2529705924319,-11.9974005683648,
16.));
#11156=CARTESIAN_POINT('',(-27.2529705924319,-11.9974005683648,18.));
#11157=CARTESIAN_POINT('Ctrl Pts',(-27.2529705924319,-11.9974005683648,
18.));
#11158=CARTESIAN_POINT('Ctrl Pts',(-27.3325462642677,-11.8750313664356,
18.));
#11159=CARTESIAN_POINT('Ctrl Pts',(-27.494448897537,-11.626062107787,18.));
#11160=CARTESIAN_POINT('Ctrl Pts',(-27.515246214714,-11.3295976275251,18.));
#11161=CARTESIAN_POINT('Ctrl Pts',(-27.5258215827274,-11.1788464053857,
18.));
#11162=CARTESIAN_POINT('',(-27.2529705924319,-11.9974005683648,16.));
#11163=CARTESIAN_POINT('Ctrl Pts',(-26.3525637549686,-12.5908518298852,
16.));
#11164=CARTESIAN_POINT('Ctrl Pts',(-26.3525637549686,-12.5908518298852,
18.));
#11165=CARTESIAN_POINT('Ctrl Pts',(-26.5406537476687,-12.5140497519111,
16.));
#11166=CARTESIAN_POINT('Ctrl Pts',(-26.5406537476687,-12.5140497519111,
18.));
#11167=CARTESIAN_POINT('Ctrl Pts',(-26.8808498064709,-12.3751387771192,
16.));
#11168=CARTESIAN_POINT('Ctrl Pts',(-26.8808498064709,-12.3751387771192,
18.));
#11169=CARTESIAN_POINT('Ctrl Pts',(-27.1379968273312,-12.1141099426362,
16.));
#11170=CARTESIAN_POINT('Ctrl Pts',(-27.1379968273312,-12.1141099426362,
18.));
#11171=CARTESIAN_POINT('Ctrl Pts',(-27.2529705924319,-11.9974005683648,
16.));
#11172=CARTESIAN_POINT('Ctrl Pts',(-27.2529705924319,-11.9974005683648,
18.));
#11173=CARTESIAN_POINT('',(-26.3525637549686,-12.5908518298852,16.));
#11174=CARTESIAN_POINT('Ctrl Pts',(-27.2529705924319,-11.9974005683648,
16.));
#11175=CARTESIAN_POINT('Ctrl Pts',(-27.1379968273312,-12.1141099426362,
16.));
#11176=CARTESIAN_POINT('Ctrl Pts',(-26.8808498064709,-12.3751387771192,
16.));
#11177=CARTESIAN_POINT('Ctrl Pts',(-26.5406537476687,-12.5140497519111,
16.));
#11178=CARTESIAN_POINT('Ctrl Pts',(-26.3525637549686,-12.5908518298852,
16.));
#11179=CARTESIAN_POINT('',(-26.3525637549686,-12.5908518298852,18.));
#11180=CARTESIAN_POINT('Ctrl Pts',(-26.3525637549686,-12.5908518298852,
18.));
#11181=CARTESIAN_POINT('Ctrl Pts',(-26.5406537476687,-12.5140497519111,
18.));
#11182=CARTESIAN_POINT('Ctrl Pts',(-26.8808498064709,-12.3751387771192,
18.));
#11183=CARTESIAN_POINT('Ctrl Pts',(-27.1379968273312,-12.1141099426362,
18.));
#11184=CARTESIAN_POINT('Ctrl Pts',(-27.2529705924319,-11.9974005683648,
18.));
#11185=CARTESIAN_POINT('',(-26.3525637549686,-12.5908518298852,16.));
#11186=CARTESIAN_POINT('Ctrl Pts',(-24.5722063941287,-13.0751634105431,
16.));
#11187=CARTESIAN_POINT('Ctrl Pts',(-24.5722063941287,-13.0751634105431,
18.));
#11188=CARTESIAN_POINT('Ctrl Pts',(-24.9519958451411,-12.9865806268695,
16.));
#11189=CARTESIAN_POINT('Ctrl Pts',(-24.9519958451411,-12.9865806268695,
18.));
#11190=CARTESIAN_POINT('Ctrl Pts',(-25.5514925343266,-12.8467529265751,
16.));
#11191=CARTESIAN_POINT('Ctrl Pts',(-25.5514925343266,-12.8467529265751,
18.));
#11192=CARTESIAN_POINT('Ctrl Pts',(-26.1377196366857,-12.6594834871826,
16.));
#11193=CARTESIAN_POINT('Ctrl Pts',(-26.1377196366857,-12.6594834871826,
18.));
#11194=CARTESIAN_POINT('Ctrl Pts',(-26.3525637549686,-12.5908518298852,
16.));
#11195=CARTESIAN_POINT('Ctrl Pts',(-26.3525637549686,-12.5908518298852,
18.));
#11196=CARTESIAN_POINT('',(-24.5722063941287,-13.0751634105431,16.));
#11197=CARTESIAN_POINT('Ctrl Pts',(-26.3525637549686,-12.5908518298852,
16.));
#11198=CARTESIAN_POINT('Ctrl Pts',(-26.1377196366857,-12.6594834871826,
16.));
#11199=CARTESIAN_POINT('Ctrl Pts',(-25.5514925343266,-12.8467529265751,
16.));
#11200=CARTESIAN_POINT('Ctrl Pts',(-24.9519958451411,-12.9865806268695,
16.));
#11201=CARTESIAN_POINT('Ctrl Pts',(-24.5722063941287,-13.0751634105431,
16.));
#11202=CARTESIAN_POINT('',(-24.5722063941287,-13.0751634105431,18.));
#11203=CARTESIAN_POINT('Ctrl Pts',(-24.5722063941287,-13.0751634105431,
18.));
#11204=CARTESIAN_POINT('Ctrl Pts',(-24.9519958451411,-12.9865806268695,
18.));
#11205=CARTESIAN_POINT('Ctrl Pts',(-25.5514925343266,-12.8467529265751,
18.));
#11206=CARTESIAN_POINT('Ctrl Pts',(-26.1377196366857,-12.6594834871826,
18.));
#11207=CARTESIAN_POINT('Ctrl Pts',(-26.3525637549686,-12.5908518298852,
18.));
#11208=CARTESIAN_POINT('',(-24.5722063941287,-13.0751634105431,16.));
#11209=CARTESIAN_POINT('Ctrl Pts',(-22.6417836112308,-13.7027210458504,
16.));
#11210=CARTESIAN_POINT('Ctrl Pts',(-22.6417836112308,-13.7027210458504,
18.));
#11211=CARTESIAN_POINT('Ctrl Pts',(-22.8928037332236,-13.5957972741574,
16.));
#11212=CARTESIAN_POINT('Ctrl Pts',(-22.8928037332236,-13.5957972741574,
18.));
#11213=CARTESIAN_POINT('Ctrl Pts',(-23.5171438226351,-13.3298552586368,
16.));
#11214=CARTESIAN_POINT('Ctrl Pts',(-23.5171438226351,-13.3298552586368,
18.));
#11215=CARTESIAN_POINT('Ctrl Pts',(-24.1774066603737,-13.1704679702287,
16.));
#11216=CARTESIAN_POINT('Ctrl Pts',(-24.1774066603737,-13.1704679702287,
18.));
#11217=CARTESIAN_POINT('Ctrl Pts',(-24.5722063941287,-13.0751634105431,
16.));
#11218=CARTESIAN_POINT('Ctrl Pts',(-24.5722063941287,-13.0751634105431,
18.));
#11219=CARTESIAN_POINT('',(-22.6417836112308,-13.7027210458504,16.));
#11220=CARTESIAN_POINT('Ctrl Pts',(-24.5722063941287,-13.0751634105431,
16.));
#11221=CARTESIAN_POINT('Ctrl Pts',(-24.1774066603737,-13.1704679702287,
16.));
#11222=CARTESIAN_POINT('Ctrl Pts',(-23.5171438226351,-13.3298552586368,
16.));
#11223=CARTESIAN_POINT('Ctrl Pts',(-22.8928037332236,-13.5957972741574,
16.));
#11224=CARTESIAN_POINT('Ctrl Pts',(-22.6417836112308,-13.7027210458504,
16.));
#11225=CARTESIAN_POINT('',(-22.6417836112308,-13.7027210458504,18.));
#11226=CARTESIAN_POINT('Ctrl Pts',(-22.6417836112308,-13.7027210458504,
18.));
#11227=CARTESIAN_POINT('Ctrl Pts',(-22.8928037332236,-13.5957972741574,
18.));
#11228=CARTESIAN_POINT('Ctrl Pts',(-23.5171438226351,-13.3298552586368,
18.));
#11229=CARTESIAN_POINT('Ctrl Pts',(-24.1774066603737,-13.1704679702287,
18.));
#11230=CARTESIAN_POINT('Ctrl Pts',(-24.5722063941287,-13.0751634105431,
18.));
#11231=CARTESIAN_POINT('',(-22.6417836112308,-13.7027210458504,16.));
#11232=CARTESIAN_POINT('Ctrl Pts',(-21.5708407325076,-14.6304154857384,
16.));
#11233=CARTESIAN_POINT('Ctrl Pts',(-21.5708407325076,-14.6304154857384,
18.));
#11234=CARTESIAN_POINT('Ctrl Pts',(-21.7100599772505,-14.4506158249719,
16.));
#11235=CARTESIAN_POINT('Ctrl Pts',(-21.7100599772505,-14.4506158249719,
18.));
#11236=CARTESIAN_POINT('Ctrl Pts',(-22.004553226757,-14.070282010799,16.));
#11237=CARTESIAN_POINT('Ctrl Pts',(-22.004553226757,-14.070282010799,18.));
#11238=CARTESIAN_POINT('Ctrl Pts',(-22.4217913534242,-13.8296148169743,
16.));
#11239=CARTESIAN_POINT('Ctrl Pts',(-22.4217913534242,-13.8296148169743,
18.));
#11240=CARTESIAN_POINT('Ctrl Pts',(-22.6417836112308,-13.7027210458504,
16.));
#11241=CARTESIAN_POINT('Ctrl Pts',(-22.6417836112308,-13.7027210458504,
18.));
#11242=CARTESIAN_POINT('',(-21.5708407325076,-14.6304154857384,16.));
#11243=CARTESIAN_POINT('Ctrl Pts',(-22.6417836112308,-13.7027210458504,
16.));
#11244=CARTESIAN_POINT('Ctrl Pts',(-22.4217913534242,-13.8296148169743,
16.));
#11245=CARTESIAN_POINT('Ctrl Pts',(-22.004553226757,-14.070282010799,16.));
#11246=CARTESIAN_POINT('Ctrl Pts',(-21.7100599772505,-14.4506158249719,
16.));
#11247=CARTESIAN_POINT('Ctrl Pts',(-21.5708407325076,-14.6304154857384,
16.));
#11248=CARTESIAN_POINT('',(-21.5708407325076,-14.6304154857384,18.));
#11249=CARTESIAN_POINT('Ctrl Pts',(-21.5708407325076,-14.6304154857384,
18.));
#11250=CARTESIAN_POINT('Ctrl Pts',(-21.7100599772505,-14.4506158249719,
18.));
#11251=CARTESIAN_POINT('Ctrl Pts',(-22.004553226757,-14.070282010799,18.));
#11252=CARTESIAN_POINT('Ctrl Pts',(-22.4217913534242,-13.8296148169743,
18.));
#11253=CARTESIAN_POINT('Ctrl Pts',(-22.6417836112308,-13.7027210458504,
18.));
#11254=CARTESIAN_POINT('',(-21.5708407325076,-14.6304154857384,16.));
#11255=CARTESIAN_POINT('Ctrl Pts',(-21.222959415369,-15.878709600805,16.));
#11256=CARTESIAN_POINT('Ctrl Pts',(-21.222959415369,-15.878709600805,18.));
#11257=CARTESIAN_POINT('Ctrl Pts',(-21.2367523519048,-15.6555971689564,
16.));
#11258=CARTESIAN_POINT('Ctrl Pts',(-21.2367523519048,-15.6555971689564,
18.));
#11259=CARTESIAN_POINT('Ctrl Pts',(-21.2640139527818,-15.2146176826849,
16.));
#11260=CARTESIAN_POINT('Ctrl Pts',(-21.2640139527818,-15.2146176826849,
18.));
#11261=CARTESIAN_POINT('Ctrl Pts',(-21.4693794018517,-14.8235991847861,
16.));
#11262=CARTESIAN_POINT('Ctrl Pts',(-21.4693794018517,-14.8235991847861,
18.));
#11263=CARTESIAN_POINT('Ctrl Pts',(-21.5708407325076,-14.6304154857384,
16.));
#11264=CARTESIAN_POINT('Ctrl Pts',(-21.5708407325076,-14.6304154857384,
18.));
#11265=CARTESIAN_POINT('',(-21.222959415369,-15.878709600805,16.));
#11266=CARTESIAN_POINT('Ctrl Pts',(-21.5708407325076,-14.6304154857384,
16.));
#11267=CARTESIAN_POINT('Ctrl Pts',(-21.4693794018517,-14.8235991847861,
16.));
#11268=CARTESIAN_POINT('Ctrl Pts',(-21.2640139527818,-15.2146176826849,
16.));
#11269=CARTESIAN_POINT('Ctrl Pts',(-21.2367523519048,-15.6555971689564,
16.));
#11270=CARTESIAN_POINT('Ctrl Pts',(-21.222959415369,-15.878709600805,16.));
#11271=CARTESIAN_POINT('',(-21.222959415369,-15.878709600805,18.));
#11272=CARTESIAN_POINT('Ctrl Pts',(-21.222959415369,-15.878709600805,18.));
#11273=CARTESIAN_POINT('Ctrl Pts',(-21.2367523519048,-15.6555971689564,
18.));
#11274=CARTESIAN_POINT('Ctrl Pts',(-21.2640139527818,-15.2146176826849,
18.));
#11275=CARTESIAN_POINT('Ctrl Pts',(-21.4693794018517,-14.8235991847861,
18.));
#11276=CARTESIAN_POINT('Ctrl Pts',(-21.5708407325076,-14.6304154857384,
18.));
#11277=CARTESIAN_POINT('',(-21.222959415369,-15.878709600805,16.));
#11278=CARTESIAN_POINT('Ctrl Pts',(-21.6526993674564,-17.2907150253045,
16.));
#11279=CARTESIAN_POINT('Ctrl Pts',(-21.6526993674564,-17.2907150253045,
18.));
#11280=CARTESIAN_POINT('Ctrl Pts',(-21.5273620912559,-17.0693297039757,
16.));
#11281=CARTESIAN_POINT('Ctrl Pts',(-21.5273620912559,-17.0693297039757,
18.));
#11282=CARTESIAN_POINT('Ctrl Pts',(-21.2789296590443,-16.6305193556026,
16.));
#11283=CARTESIAN_POINT('Ctrl Pts',(-21.2789296590443,-16.6305193556026,
18.));
#11284=CARTESIAN_POINT('Ctrl Pts',(-21.2415035722381,-16.1278004947012,
16.));
#11285=CARTESIAN_POINT('Ctrl Pts',(-21.2415035722381,-16.1278004947012,
18.));
#11286=CARTESIAN_POINT('Ctrl Pts',(-21.222959415369,-15.878709600805,16.));
#11287=CARTESIAN_POINT('Ctrl Pts',(-21.222959415369,-15.878709600805,18.));
#11288=CARTESIAN_POINT('',(-21.6526993674564,-17.2907150253045,16.));
#11289=CARTESIAN_POINT('Ctrl Pts',(-21.222959415369,-15.878709600805,16.));
#11290=CARTESIAN_POINT('Ctrl Pts',(-21.2415035722381,-16.1278004947012,
16.));
#11291=CARTESIAN_POINT('Ctrl Pts',(-21.2789296590443,-16.6305193556026,
16.));
#11292=CARTESIAN_POINT('Ctrl Pts',(-21.5273620912559,-17.0693297039757,
16.));
#11293=CARTESIAN_POINT('Ctrl Pts',(-21.6526993674564,-17.2907150253045,
16.));
#11294=CARTESIAN_POINT('',(-21.6526993674564,-17.2907150253045,18.));
#11295=CARTESIAN_POINT('Ctrl Pts',(-21.6526993674564,-17.2907150253045,
18.));
#11296=CARTESIAN_POINT('Ctrl Pts',(-21.5273620912559,-17.0693297039757,
18.));
#11297=CARTESIAN_POINT('Ctrl Pts',(-21.2789296590443,-16.6305193556026,
18.));
#11298=CARTESIAN_POINT('Ctrl Pts',(-21.2415035722381,-16.1278004947012,
18.));
#11299=CARTESIAN_POINT('Ctrl Pts',(-21.222959415369,-15.878709600805,18.));
#11300=CARTESIAN_POINT('',(-21.6526993674564,-17.2907150253045,16.));
#11301=CARTESIAN_POINT('Ctrl Pts',(-22.9078158301639,-18.2934433683144,
16.));
#11302=CARTESIAN_POINT('Ctrl Pts',(-22.9078158301639,-18.2934433683144,
18.));
#11303=CARTESIAN_POINT('Ctrl Pts',(-22.6517463858434,-18.1702707083481,
16.));
#11304=CARTESIAN_POINT('Ctrl Pts',(-22.6517463858434,-18.1702707083481,
18.));
#11305=CARTESIAN_POINT('Ctrl Pts',(-22.1560311852318,-17.9318253912698,
16.));
#11306=CARTESIAN_POINT('Ctrl Pts',(-22.1560311852318,-17.9318253912698,
18.));
#11307=CARTESIAN_POINT('Ctrl Pts',(-21.8167294713175,-17.4996455880107,
16.));
#11308=CARTESIAN_POINT('Ctrl Pts',(-21.8167294713175,-17.4996455880107,
18.));
#11309=CARTESIAN_POINT('Ctrl Pts',(-21.6526993674564,-17.2907150253045,
16.));
#11310=CARTESIAN_POINT('Ctrl Pts',(-21.6526993674564,-17.2907150253045,
18.));
#11311=CARTESIAN_POINT('',(-22.9078158301639,-18.2934433683144,16.));
#11312=CARTESIAN_POINT('Ctrl Pts',(-21.6526993674564,-17.2907150253045,
16.));
#11313=CARTESIAN_POINT('Ctrl Pts',(-21.8167294713175,-17.4996455880107,
16.));
#11314=CARTESIAN_POINT('Ctrl Pts',(-22.1560311852318,-17.9318253912698,
16.));
#11315=CARTESIAN_POINT('Ctrl Pts',(-22.6517463858434,-18.1702707083481,
16.));
#11316=CARTESIAN_POINT('Ctrl Pts',(-22.9078158301639,-18.2934433683144,
16.));
#11317=CARTESIAN_POINT('',(-22.9078158301639,-18.2934433683144,18.));
#11318=CARTESIAN_POINT('Ctrl Pts',(-22.9078158301639,-18.2934433683144,
18.));
#11319=CARTESIAN_POINT('Ctrl Pts',(-22.6517463858434,-18.1702707083481,
18.));
#11320=CARTESIAN_POINT('Ctrl Pts',(-22.1560311852318,-17.9318253912698,
18.));
#11321=CARTESIAN_POINT('Ctrl Pts',(-21.8167294713175,-17.4996455880107,
18.));
#11322=CARTESIAN_POINT('Ctrl Pts',(-21.6526993674564,-17.2907150253045,
18.));
#11323=CARTESIAN_POINT('',(-22.9078158301639,-18.2934433683144,16.));
#11324=CARTESIAN_POINT('Ctrl Pts',(-24.7427376670169,-18.6345077022301,
16.));
#11325=CARTESIAN_POINT('Ctrl Pts',(-24.7427376670169,-18.6345077022301,
18.));
#11326=CARTESIAN_POINT('Ctrl Pts',(-24.4185262562373,-18.6221749561407,
16.));
#11327=CARTESIAN_POINT('Ctrl Pts',(-24.4185262562373,-18.6221749561407,
18.));
#11328=CARTESIAN_POINT('Ctrl Pts',(-23.7899088975296,-18.5982628481316,
16.));
#11329=CARTESIAN_POINT('Ctrl Pts',(-23.7899088975296,-18.5982628481316,
18.));
#11330=CARTESIAN_POINT('Ctrl Pts',(-23.1956054002877,-18.3928930412655,
16.));
#11331=CARTESIAN_POINT('Ctrl Pts',(-23.1956054002877,-18.3928930412655,
18.));
#11332=CARTESIAN_POINT('Ctrl Pts',(-22.9078158301639,-18.2934433683144,
16.));
#11333=CARTESIAN_POINT('Ctrl Pts',(-22.9078158301639,-18.2934433683144,
18.));
#11334=CARTESIAN_POINT('',(-24.7427376670169,-18.6345077022301,16.));
#11335=CARTESIAN_POINT('Ctrl Pts',(-22.9078158301639,-18.2934433683144,
16.));
#11336=CARTESIAN_POINT('Ctrl Pts',(-23.1956054002877,-18.3928930412655,
16.));
#11337=CARTESIAN_POINT('Ctrl Pts',(-23.7899088975296,-18.5982628481316,
16.));
#11338=CARTESIAN_POINT('Ctrl Pts',(-24.4185262562373,-18.6221749561407,
16.));
#11339=CARTESIAN_POINT('Ctrl Pts',(-24.7427376670169,-18.6345077022301,
16.));
#11340=CARTESIAN_POINT('',(-24.7427376670169,-18.6345077022301,18.));
#11341=CARTESIAN_POINT('Ctrl Pts',(-24.7427376670169,-18.6345077022301,
18.));
#11342=CARTESIAN_POINT('Ctrl Pts',(-24.4185262562373,-18.6221749561407,
18.));
#11343=CARTESIAN_POINT('Ctrl Pts',(-23.7899088975296,-18.5982628481316,
18.));
#11344=CARTESIAN_POINT('Ctrl Pts',(-23.1956054002877,-18.3928930412655,
18.));
#11345=CARTESIAN_POINT('Ctrl Pts',(-22.9078158301639,-18.2934433683144,
18.));
#11346=CARTESIAN_POINT('',(-24.7427376670169,-18.6345077022301,16.));
#11347=CARTESIAN_POINT('Ctrl Pts',(-26.7004450721072,-18.2729799016701,
16.));
#11348=CARTESIAN_POINT('Ctrl Pts',(-26.7004450721072,-18.2729799016701,
18.));
#11349=CARTESIAN_POINT('Ctrl Pts',(-26.3991771172538,-18.378357258685,16.));
#11350=CARTESIAN_POINT('Ctrl Pts',(-26.3991771172538,-18.378357258685,18.));
#11351=CARTESIAN_POINT('Ctrl Pts',(-25.7657846174151,-18.5999049756286,
16.));
#11352=CARTESIAN_POINT('Ctrl Pts',(-25.7657846174151,-18.5999049756286,
18.));
#11353=CARTESIAN_POINT('Ctrl Pts',(-25.0946517059467,-18.6226048415925,
16.));
#11354=CARTESIAN_POINT('Ctrl Pts',(-25.0946517059467,-18.6226048415925,
18.));
#11355=CARTESIAN_POINT('Ctrl Pts',(-24.7427376670169,-18.6345077022301,
16.));
#11356=CARTESIAN_POINT('Ctrl Pts',(-24.7427376670169,-18.6345077022301,
18.));
#11357=CARTESIAN_POINT('',(-26.7004450721072,-18.2729799016701,16.));
#11358=CARTESIAN_POINT('Ctrl Pts',(-24.7427376670169,-18.6345077022301,
16.));
#11359=CARTESIAN_POINT('Ctrl Pts',(-25.0946517059467,-18.6226048415925,
16.));
#11360=CARTESIAN_POINT('Ctrl Pts',(-25.7657846174151,-18.5999049756286,
16.));
#11361=CARTESIAN_POINT('Ctrl Pts',(-26.3991771172538,-18.378357258685,16.));
#11362=CARTESIAN_POINT('Ctrl Pts',(-26.7004450721072,-18.2729799016701,
16.));
#11363=CARTESIAN_POINT('',(-26.7004450721072,-18.2729799016701,18.));
#11364=CARTESIAN_POINT('Ctrl Pts',(-26.7004450721072,-18.2729799016701,
18.));
#11365=CARTESIAN_POINT('Ctrl Pts',(-26.3991771172538,-18.378357258685,18.));
#11366=CARTESIAN_POINT('Ctrl Pts',(-25.7657846174151,-18.5999049756286,
18.));
#11367=CARTESIAN_POINT('Ctrl Pts',(-25.0946517059467,-18.6226048415925,
18.));
#11368=CARTESIAN_POINT('Ctrl Pts',(-24.7427376670169,-18.6345077022301,
18.));
#11369=CARTESIAN_POINT('',(-26.7004450721072,-18.2729799016701,16.));
#11370=CARTESIAN_POINT('Ctrl Pts',(-28.0101355475711,-17.2225022777306,
16.));
#11371=CARTESIAN_POINT('Ctrl Pts',(-28.0101355475711,-17.2225022777306,
18.));
#11372=CARTESIAN_POINT('Ctrl Pts',(-27.8375585086212,-17.4417435431784,
16.));
#11373=CARTESIAN_POINT('Ctrl Pts',(-27.8375585086212,-17.4417435431784,
18.));
#11374=CARTESIAN_POINT('Ctrl Pts',(-27.4825668279766,-17.8927237301229,
16.));
#11375=CARTESIAN_POINT('Ctrl Pts',(-27.4825668279766,-17.8927237301229,
18.));
#11376=CARTESIAN_POINT('Ctrl Pts',(-26.9659247546639,-18.1439075584512,
16.));
#11377=CARTESIAN_POINT('Ctrl Pts',(-26.9659247546639,-18.1439075584512,
18.));
#11378=CARTESIAN_POINT('Ctrl Pts',(-26.7004450721072,-18.2729799016701,
16.));
#11379=CARTESIAN_POINT('Ctrl Pts',(-26.7004450721072,-18.2729799016701,
18.));
#11380=CARTESIAN_POINT('',(-28.0101355475711,-17.2225022777306,16.));
#11381=CARTESIAN_POINT('Ctrl Pts',(-26.7004450721072,-18.2729799016701,
16.));
#11382=CARTESIAN_POINT('Ctrl Pts',(-26.9659247546639,-18.1439075584512,
16.));
#11383=CARTESIAN_POINT('Ctrl Pts',(-27.4825668279766,-17.8927237301229,
16.));
#11384=CARTESIAN_POINT('Ctrl Pts',(-27.8375585086212,-17.4417435431784,
16.));
#11385=CARTESIAN_POINT('Ctrl Pts',(-28.0101355475711,-17.2225022777306,
16.));
#11386=CARTESIAN_POINT('',(-28.0101355475711,-17.2225022777306,18.));
#11387=CARTESIAN_POINT('Ctrl Pts',(-28.0101355475711,-17.2225022777306,
18.));
#11388=CARTESIAN_POINT('Ctrl Pts',(-27.8375585086212,-17.4417435431784,
18.));
#11389=CARTESIAN_POINT('Ctrl Pts',(-27.4825668279766,-17.8927237301229,
18.));
#11390=CARTESIAN_POINT('Ctrl Pts',(-26.9659247546639,-18.1439075584512,
18.));
#11391=CARTESIAN_POINT('Ctrl Pts',(-26.7004450721072,-18.2729799016701,
18.));
#11392=CARTESIAN_POINT('',(-28.0101355475711,-17.2225022777306,16.));
#11393=CARTESIAN_POINT('Ctrl Pts',(-28.5012635154056,-15.6467861398446,
16.));
#11394=CARTESIAN_POINT('Ctrl Pts',(-28.5012635154056,-15.6467861398446,
18.));
#11395=CARTESIAN_POINT('Ctrl Pts',(-28.4734300995838,-15.9306490985089,
16.));
#11396=CARTESIAN_POINT('Ctrl Pts',(-28.4734300995838,-15.9306490985089,
18.));
#11397=CARTESIAN_POINT('Ctrl Pts',(-28.4185782012709,-16.490063805032,16.));
#11398=CARTESIAN_POINT('Ctrl Pts',(-28.4185782012709,-16.490063805032,18.));
#11399=CARTESIAN_POINT('Ctrl Pts',(-28.1449278934628,-16.9807863377765,
16.));
#11400=CARTESIAN_POINT('Ctrl Pts',(-28.1449278934628,-16.9807863377765,
18.));
#11401=CARTESIAN_POINT('Ctrl Pts',(-28.0101355475711,-17.2225022777306,
16.));
#11402=CARTESIAN_POINT('Ctrl Pts',(-28.0101355475711,-17.2225022777306,
18.));
#11403=CARTESIAN_POINT('',(-28.5012635154056,-15.6467861398446,16.));
#11404=CARTESIAN_POINT('Ctrl Pts',(-28.0101355475711,-17.2225022777306,
16.));
#11405=CARTESIAN_POINT('Ctrl Pts',(-28.1449278934628,-16.9807863377765,
16.));
#11406=CARTESIAN_POINT('Ctrl Pts',(-28.4185782012709,-16.490063805032,16.));
#11407=CARTESIAN_POINT('Ctrl Pts',(-28.4734300995838,-15.9306490985089,
16.));
#11408=CARTESIAN_POINT('Ctrl Pts',(-28.5012635154056,-15.6467861398446,
16.));
#11409=CARTESIAN_POINT('',(-28.5012635154056,-15.6467861398446,18.));
#11410=CARTESIAN_POINT('Ctrl Pts',(-28.5012635154056,-15.6467861398446,
18.));
#11411=CARTESIAN_POINT('Ctrl Pts',(-28.4734300995838,-15.9306490985089,
18.));
#11412=CARTESIAN_POINT('Ctrl Pts',(-28.4185782012709,-16.490063805032,18.));
#11413=CARTESIAN_POINT('Ctrl Pts',(-28.1449278934628,-16.9807863377765,
18.));
#11414=CARTESIAN_POINT('Ctrl Pts',(-28.0101355475711,-17.2225022777306,
18.));
#11415=CARTESIAN_POINT('',(-28.5012635154056,-15.6467861398446,16.));
#11416=CARTESIAN_POINT('Origin',(-27.2325095099735,-15.5512881740319,16.));
#11417=CARTESIAN_POINT('',(-27.2325095099735,-15.5512881740319,16.));
#11418=CARTESIAN_POINT('',(-13.1109936151843,-14.488374452089,16.));
#11419=CARTESIAN_POINT('',(-27.2325095099735,-15.5512881740319,18.));
#11420=CARTESIAN_POINT('',(-28.5012635154056,-15.6467861398446,18.));
#11421=CARTESIAN_POINT('',(-27.2325095099735,-15.5512881740319,16.));
#11422=CARTESIAN_POINT('Ctrl Pts',(-26.5367373389529,-16.9837576612221,
16.));
#11423=CARTESIAN_POINT('Ctrl Pts',(-26.5367373389529,-16.9837576612221,
18.));
#11424=CARTESIAN_POINT('Ctrl Pts',(-26.7148679319777,-16.7943119275008,
16.));
#11425=CARTESIAN_POINT('Ctrl Pts',(-26.7148679319777,-16.7943119275008,
18.));
#11426=CARTESIAN_POINT('Ctrl Pts',(-27.0943203235988,-16.3907561119481,
16.));
#11427=CARTESIAN_POINT('Ctrl Pts',(-27.0943203235988,-16.3907561119481,
18.));
#11428=CARTESIAN_POINT('Ctrl Pts',(-27.1846070790181,-15.8422845681072,
16.));
#11429=CARTESIAN_POINT('Ctrl Pts',(-27.1846070790181,-15.8422845681072,
18.));
#11430=CARTESIAN_POINT('Ctrl Pts',(-27.2325095099735,-15.5512881740319,
16.));
#11431=CARTESIAN_POINT('Ctrl Pts',(-27.2325095099735,-15.5512881740319,
18.));
#11432=CARTESIAN_POINT('',(-26.5367373389529,-16.9837576612221,16.));
#11433=CARTESIAN_POINT('Ctrl Pts',(-27.2325095099735,-15.5512881740319,
16.));
#11434=CARTESIAN_POINT('Ctrl Pts',(-27.1846070790181,-15.8422845681072,
16.));
#11435=CARTESIAN_POINT('Ctrl Pts',(-27.0943203235988,-16.3907561119481,
16.));
#11436=CARTESIAN_POINT('Ctrl Pts',(-26.7148679319777,-16.7943119275008,
16.));
#11437=CARTESIAN_POINT('Ctrl Pts',(-26.5367373389529,-16.9837576612221,
16.));
#11438=CARTESIAN_POINT('',(-26.5367373389529,-16.9837576612221,18.));
#11439=CARTESIAN_POINT('Ctrl Pts',(-26.5367373389529,-16.9837576612221,
18.));
#11440=CARTESIAN_POINT('Ctrl Pts',(-26.7148679319777,-16.7943119275008,
18.));
#11441=CARTESIAN_POINT('Ctrl Pts',(-27.0943203235988,-16.3907561119481,
18.));
#11442=CARTESIAN_POINT('Ctrl Pts',(-27.1846070790181,-15.8422845681072,
18.));
#11443=CARTESIAN_POINT('Ctrl Pts',(-27.2325095099735,-15.5512881740319,
18.));
#11444=CARTESIAN_POINT('',(-26.5367373389529,-16.9837576612221,16.));
#11445=CARTESIAN_POINT('Ctrl Pts',(-24.7973116797733,-17.4680686458337,
16.));
#11446=CARTESIAN_POINT('Ctrl Pts',(-24.7973116797733,-17.4680686458337,
18.));
#11447=CARTESIAN_POINT('Ctrl Pts',(-25.1436504350646,-17.4586111850828,
16.));
#11448=CARTESIAN_POINT('Ctrl Pts',(-25.1436504350646,-17.4586111850828,
18.));
#11449=CARTESIAN_POINT('Ctrl Pts',(-25.7667042317262,-17.4415974759972,
16.));
#11450=CARTESIAN_POINT('Ctrl Pts',(-25.7667042317262,-17.4415974759972,
18.));
#11451=CARTESIAN_POINT('Ctrl Pts',(-26.2999212434002,-17.1245617854943,
16.));
#11452=CARTESIAN_POINT('Ctrl Pts',(-26.2999212434002,-17.1245617854943,
18.));
#11453=CARTESIAN_POINT('Ctrl Pts',(-26.5367373389529,-16.9837576612221,
16.));
#11454=CARTESIAN_POINT('Ctrl Pts',(-26.5367373389529,-16.9837576612221,
18.));
#11455=CARTESIAN_POINT('',(-24.7973116797733,-17.4680686458337,16.));
#11456=CARTESIAN_POINT('Ctrl Pts',(-26.5367373389529,-16.9837576612221,
16.));
#11457=CARTESIAN_POINT('Ctrl Pts',(-26.2999212434002,-17.1245617854943,
16.));
#11458=CARTESIAN_POINT('Ctrl Pts',(-25.7667042317262,-17.4415974759972,
16.));
#11459=CARTESIAN_POINT('Ctrl Pts',(-25.1436504350646,-17.4586111850828,
16.));
#11460=CARTESIAN_POINT('Ctrl Pts',(-24.7973116797733,-17.4680686458337,
16.));
#11461=CARTESIAN_POINT('',(-24.7973116797733,-17.4680686458337,18.));
#11462=CARTESIAN_POINT('Ctrl Pts',(-24.7973116797733,-17.4680686458337,
18.));
#11463=CARTESIAN_POINT('Ctrl Pts',(-25.1436504350646,-17.4586111850828,
18.));
#11464=CARTESIAN_POINT('Ctrl Pts',(-25.7667042317262,-17.4415974759972,
18.));
#11465=CARTESIAN_POINT('Ctrl Pts',(-26.2999212434002,-17.1245617854943,
18.));
#11466=CARTESIAN_POINT('Ctrl Pts',(-26.5367373389529,-16.9837576612221,
18.));
#11467=CARTESIAN_POINT('',(-24.7973116797733,-17.4680686458337,16.));
#11468=CARTESIAN_POINT('Ctrl Pts',(-23.0442389411258,-17.0246851905572,
16.));
#11469=CARTESIAN_POINT('Ctrl Pts',(-23.0442389411258,-17.0246851905572,
18.));
#11470=CARTESIAN_POINT('Ctrl Pts',(-23.2774601609506,-17.1533712225633,
16.));
#11471=CARTESIAN_POINT('Ctrl Pts',(-23.2774601609506,-17.1533712225633,
18.));
#11472=CARTESIAN_POINT('Ctrl Pts',(-23.8197525497415,-17.4525955202195,
16.));
#11473=CARTESIAN_POINT('Ctrl Pts',(-23.8197525497415,-17.4525955202195,
18.));
#11474=CARTESIAN_POINT('Ctrl Pts',(-24.442427634879,-17.4624514251087,16.));
#11475=CARTESIAN_POINT('Ctrl Pts',(-24.442427634879,-17.4624514251087,18.));
#11476=CARTESIAN_POINT('Ctrl Pts',(-24.7973116797733,-17.4680686458337,
16.));
#11477=CARTESIAN_POINT('Ctrl Pts',(-24.7973116797733,-17.4680686458337,
18.));
#11478=CARTESIAN_POINT('',(-23.0442389411258,-17.0246851905572,16.));
#11479=CARTESIAN_POINT('Ctrl Pts',(-24.7973116797733,-17.4680686458337,
16.));
#11480=CARTESIAN_POINT('Ctrl Pts',(-24.442427634879,-17.4624514251087,16.));
#11481=CARTESIAN_POINT('Ctrl Pts',(-23.8197525497415,-17.4525955202195,
16.));
#11482=CARTESIAN_POINT('Ctrl Pts',(-23.2774601609506,-17.1533712225633,
16.));
#11483=CARTESIAN_POINT('Ctrl Pts',(-23.0442389411258,-17.0246851905572,
16.));
#11484=CARTESIAN_POINT('',(-23.0442389411258,-17.0246851905572,18.));
#11485=CARTESIAN_POINT('Ctrl Pts',(-23.0442389411258,-17.0246851905572,
18.));
#11486=CARTESIAN_POINT('Ctrl Pts',(-23.2774601609506,-17.1533712225633,
18.));
#11487=CARTESIAN_POINT('Ctrl Pts',(-23.8197525497415,-17.4525955202195,
18.));
#11488=CARTESIAN_POINT('Ctrl Pts',(-24.442427634879,-17.4624514251087,18.));
#11489=CARTESIAN_POINT('Ctrl Pts',(-24.7973116797733,-17.4680686458337,
18.));
#11490=CARTESIAN_POINT('',(-23.0442389411258,-17.0246851905572,16.));
#11491=CARTESIAN_POINT('Ctrl Pts',(-22.498536960535,-15.9673864110696,16.));
#11492=CARTESIAN_POINT('Ctrl Pts',(-22.498536960535,-15.9673864110696,18.));
#11493=CARTESIAN_POINT('Ctrl Pts',(-22.5242483633834,-16.1689454375071,
16.));
#11494=CARTESIAN_POINT('Ctrl Pts',(-22.5242483633834,-16.1689454375071,
18.));
#11495=CARTESIAN_POINT('Ctrl Pts',(-22.5775047242335,-16.5864372526291,
16.));
#11496=CARTESIAN_POINT('Ctrl Pts',(-22.5775047242335,-16.5864372526291,
18.));
#11497=CARTESIAN_POINT('Ctrl Pts',(-22.8851304688271,-16.8752876161602,
16.));
#11498=CARTESIAN_POINT('Ctrl Pts',(-22.8851304688271,-16.8752876161602,
18.));
#11499=CARTESIAN_POINT('Ctrl Pts',(-23.0442389411258,-17.0246851905572,
16.));
#11500=CARTESIAN_POINT('Ctrl Pts',(-23.0442389411258,-17.0246851905572,
18.));
#11501=CARTESIAN_POINT('',(-22.498536960535,-15.9673864110696,16.));
#11502=CARTESIAN_POINT('Ctrl Pts',(-23.0442389411258,-17.0246851905572,
16.));
#11503=CARTESIAN_POINT('Ctrl Pts',(-22.8851304688271,-16.8752876161602,
16.));
#11504=CARTESIAN_POINT('Ctrl Pts',(-22.5775047242335,-16.5864372526291,
16.));
#11505=CARTESIAN_POINT('Ctrl Pts',(-22.5242483633834,-16.1689454375071,
16.));
#11506=CARTESIAN_POINT('Ctrl Pts',(-22.498536960535,-15.9673864110696,16.));
#11507=CARTESIAN_POINT('',(-22.498536960535,-15.9673864110696,18.));
#11508=CARTESIAN_POINT('Ctrl Pts',(-22.498536960535,-15.9673864110696,18.));
#11509=CARTESIAN_POINT('Ctrl Pts',(-22.5242483633834,-16.1689454375071,
18.));
#11510=CARTESIAN_POINT('Ctrl Pts',(-22.5775047242335,-16.5864372526291,
18.));
#11511=CARTESIAN_POINT('Ctrl Pts',(-22.8851304688271,-16.8752876161602,
18.));
#11512=CARTESIAN_POINT('Ctrl Pts',(-23.0442389411258,-17.0246851905572,
18.));
#11513=CARTESIAN_POINT('',(-22.498536960535,-15.9673864110696,16.));
#11514=CARTESIAN_POINT('Ctrl Pts',(-22.8873499793338,-15.080620096563,16.));
#11515=CARTESIAN_POINT('Ctrl Pts',(-22.8873499793338,-15.080620096563,18.));
#11516=CARTESIAN_POINT('Ctrl Pts',(-22.7739489238522,-15.2053561167334,
16.));
#11517=CARTESIAN_POINT('Ctrl Pts',(-22.7739489238522,-15.2053561167334,
18.));
#11518=CARTESIAN_POINT('Ctrl Pts',(-22.545031355654,-15.4571550641316,16.));
#11519=CARTESIAN_POINT('Ctrl Pts',(-22.545031355654,-15.4571550641316,18.));
#11520=CARTESIAN_POINT('Ctrl Pts',(-22.5141302792064,-15.7962647098709,
16.));
#11521=CARTESIAN_POINT('Ctrl Pts',(-22.5141302792064,-15.7962647098709,
18.));
#11522=CARTESIAN_POINT('Ctrl Pts',(-22.498536960535,-15.9673864110696,16.));
#11523=CARTESIAN_POINT('Ctrl Pts',(-22.498536960535,-15.9673864110696,18.));
#11524=CARTESIAN_POINT('',(-22.8873499793338,-15.080620096563,16.));
#11525=CARTESIAN_POINT('Ctrl Pts',(-22.498536960535,-15.9673864110696,16.));
#11526=CARTESIAN_POINT('Ctrl Pts',(-22.5141302792064,-15.7962647098709,
16.));
#11527=CARTESIAN_POINT('Ctrl Pts',(-22.545031355654,-15.4571550641316,16.));
#11528=CARTESIAN_POINT('Ctrl Pts',(-22.7739489238522,-15.2053561167334,
16.));
#11529=CARTESIAN_POINT('Ctrl Pts',(-22.8873499793338,-15.080620096563,16.));
#11530=CARTESIAN_POINT('',(-22.8873499793338,-15.080620096563,18.));
#11531=CARTESIAN_POINT('Ctrl Pts',(-22.8873499793338,-15.080620096563,18.));
#11532=CARTESIAN_POINT('Ctrl Pts',(-22.7739489238522,-15.2053561167334,
18.));
#11533=CARTESIAN_POINT('Ctrl Pts',(-22.545031355654,-15.4571550641316,18.));
#11534=CARTESIAN_POINT('Ctrl Pts',(-22.5141302792064,-15.7962647098709,
18.));
#11535=CARTESIAN_POINT('Ctrl Pts',(-22.498536960535,-15.9673864110696,18.));
#11536=CARTESIAN_POINT('',(-22.8873499793338,-15.080620096563,16.));
#11537=CARTESIAN_POINT('Ctrl Pts',(-24.8791655463504,-14.3643850549447,
16.));
#11538=CARTESIAN_POINT('Ctrl Pts',(-24.8791655463504,-14.3643850549447,
18.));
#11539=CARTESIAN_POINT('Ctrl Pts',(-24.4343713332907,-14.4585889891366,
16.));
#11540=CARTESIAN_POINT('Ctrl Pts',(-24.4343713332907,-14.4585889891366,
18.));
#11541=CARTESIAN_POINT('Ctrl Pts',(-23.7350018342416,-14.6067099770674,
16.));
#11542=CARTESIAN_POINT('Ctrl Pts',(-23.7350018342416,-14.6067099770674,
18.));
#11543=CARTESIAN_POINT('Ctrl Pts',(-23.1135593121663,-14.954149669662,16.));
#11544=CARTESIAN_POINT('Ctrl Pts',(-23.1135593121663,-14.954149669662,18.));
#11545=CARTESIAN_POINT('Ctrl Pts',(-22.8873499793338,-15.080620096563,16.));
#11546=CARTESIAN_POINT('Ctrl Pts',(-22.8873499793338,-15.080620096563,18.));
#11547=CARTESIAN_POINT('',(-24.8791655463504,-14.3643850549447,16.));
#11548=CARTESIAN_POINT('Ctrl Pts',(-22.8873499793338,-15.080620096563,16.));
#11549=CARTESIAN_POINT('Ctrl Pts',(-23.1135593121663,-14.954149669662,16.));
#11550=CARTESIAN_POINT('Ctrl Pts',(-23.7350018342416,-14.6067099770674,
16.));
#11551=CARTESIAN_POINT('Ctrl Pts',(-24.4343713332907,-14.4585889891366,
16.));
#11552=CARTESIAN_POINT('Ctrl Pts',(-24.8791655463504,-14.3643850549447,
16.));
#11553=CARTESIAN_POINT('',(-24.8791655463504,-14.3643850549447,18.));
#11554=CARTESIAN_POINT('Ctrl Pts',(-24.8791655463504,-14.3643850549447,
18.));
#11555=CARTESIAN_POINT('Ctrl Pts',(-24.4343713332907,-14.4585889891366,
18.));
#11556=CARTESIAN_POINT('Ctrl Pts',(-23.7350018342416,-14.6067099770674,
18.));
#11557=CARTESIAN_POINT('Ctrl Pts',(-23.1135593121663,-14.954149669662,18.));
#11558=CARTESIAN_POINT('Ctrl Pts',(-22.8873499793338,-15.080620096563,18.));
#11559=CARTESIAN_POINT('',(-24.8791655463504,-14.3643850549447,16.));
#11560=CARTESIAN_POINT('Ctrl Pts',(-27.09608163064,-13.7300062640893,16.));
#11561=CARTESIAN_POINT('Ctrl Pts',(-27.09608163064,-13.7300062640893,18.));
#11562=CARTESIAN_POINT('Ctrl Pts',(-26.8127743935923,-13.8333443457837,
16.));
#11563=CARTESIAN_POINT('Ctrl Pts',(-26.8127743935923,-13.8333443457837,
18.));
#11564=CARTESIAN_POINT('Ctrl Pts',(-26.0893463221384,-14.0972192468521,
16.));
#11565=CARTESIAN_POINT('Ctrl Pts',(-26.0893463221384,-14.0972192468521,
18.));
#11566=CARTESIAN_POINT('Ctrl Pts',(-25.3369252246412,-14.2633276453332,
16.));
#11567=CARTESIAN_POINT('Ctrl Pts',(-25.3369252246412,-14.2633276453332,
18.));
#11568=CARTESIAN_POINT('Ctrl Pts',(-24.8791655463504,-14.3643850549447,
16.));
#11569=CARTESIAN_POINT('Ctrl Pts',(-24.8791655463504,-14.3643850549447,
18.));
#11570=CARTESIAN_POINT('',(-27.09608163064,-13.7300062640893,16.));
#11571=CARTESIAN_POINT('Ctrl Pts',(-24.8791655463504,-14.3643850549447,
16.));
#11572=CARTESIAN_POINT('Ctrl Pts',(-25.3369252246412,-14.2633276453332,
16.));
#11573=CARTESIAN_POINT('Ctrl Pts',(-26.0893463221384,-14.0972192468521,
16.));
#11574=CARTESIAN_POINT('Ctrl Pts',(-26.8127743935923,-13.8333443457837,
16.));
#11575=CARTESIAN_POINT('Ctrl Pts',(-27.09608163064,-13.7300062640893,16.));
#11576=CARTESIAN_POINT('',(-27.09608163064,-13.7300062640893,18.));
#11577=CARTESIAN_POINT('Ctrl Pts',(-27.09608163064,-13.7300062640893,18.));
#11578=CARTESIAN_POINT('Ctrl Pts',(-26.8127743935923,-13.8333443457837,
18.));
#11579=CARTESIAN_POINT('Ctrl Pts',(-26.0893463221384,-14.0972192468521,
18.));
#11580=CARTESIAN_POINT('Ctrl Pts',(-25.3369252246412,-14.2633276453332,
18.));
#11581=CARTESIAN_POINT('Ctrl Pts',(-24.8791655463504,-14.3643850549447,
18.));
#11582=CARTESIAN_POINT('',(-27.09608163064,-13.7300062640893,16.));
#11583=CARTESIAN_POINT('Ctrl Pts',(-28.3853014869022,-12.7068138583886,
16.));
#11584=CARTESIAN_POINT('Ctrl Pts',(-28.3853014869022,-12.7068138583886,
18.));
#11585=CARTESIAN_POINT('Ctrl Pts',(-28.2189582397015,-12.9084478955694,
16.));
#11586=CARTESIAN_POINT('Ctrl Pts',(-28.2189582397015,-12.9084478955694,
18.));
#11587=CARTESIAN_POINT('Ctrl Pts',(-27.8626669579542,-13.3403286647622,
16.));
#11588=CARTESIAN_POINT('Ctrl Pts',(-27.8626669579542,-13.3403286647622,
18.));
#11589=CARTESIAN_POINT('Ctrl Pts',(-27.3626522927878,-13.5945006498079,
16.));
#11590=CARTESIAN_POINT('Ctrl Pts',(-27.3626522927878,-13.5945006498079,
18.));
#11591=CARTESIAN_POINT('Ctrl Pts',(-27.09608163064,-13.7300062640893,16.));
#11592=CARTESIAN_POINT('Ctrl Pts',(-27.09608163064,-13.7300062640893,18.));
#11593=CARTESIAN_POINT('',(-28.3853014869022,-12.7068138583886,16.));
#11594=CARTESIAN_POINT('Ctrl Pts',(-27.09608163064,-13.7300062640893,16.));
#11595=CARTESIAN_POINT('Ctrl Pts',(-27.3626522927878,-13.5945006498079,
16.));
#11596=CARTESIAN_POINT('Ctrl Pts',(-27.8626669579542,-13.3403286647622,
16.));
#11597=CARTESIAN_POINT('Ctrl Pts',(-28.2189582397015,-12.9084478955694,
16.));
#11598=CARTESIAN_POINT('Ctrl Pts',(-28.3853014869022,-12.7068138583886,
16.));
#11599=CARTESIAN_POINT('',(-28.3853014869022,-12.7068138583886,18.));
#11600=CARTESIAN_POINT('Ctrl Pts',(-28.3853014869022,-12.7068138583886,
18.));
#11601=CARTESIAN_POINT('Ctrl Pts',(-28.2189582397015,-12.9084478955694,
18.));
#11602=CARTESIAN_POINT('Ctrl Pts',(-27.8626669579542,-13.3403286647622,
18.));
#11603=CARTESIAN_POINT('Ctrl Pts',(-27.3626522927878,-13.5945006498079,
18.));
#11604=CARTESIAN_POINT('Ctrl Pts',(-27.09608163064,-13.7300062640893,18.));
#11605=CARTESIAN_POINT('',(-28.3853014869022,-12.7068138583886,16.));
#11606=CARTESIAN_POINT('Ctrl Pts',(-28.801403896265,-11.287987278341,16.));
#11607=CARTESIAN_POINT('Ctrl Pts',(-28.801403896265,-11.287987278341,18.));
#11608=CARTESIAN_POINT('Ctrl Pts',(-28.7856329600284,-11.5459878894825,
16.));
#11609=CARTESIAN_POINT('Ctrl Pts',(-28.7856329600284,-11.5459878894825,
18.));
#11610=CARTESIAN_POINT('Ctrl Pts',(-28.7547660257813,-12.050947631908,16.));
#11611=CARTESIAN_POINT('Ctrl Pts',(-28.7547660257813,-12.050947631908,18.));
#11612=CARTESIAN_POINT('Ctrl Pts',(-28.5066478777857,-12.4914021175832,
16.));
#11613=CARTESIAN_POINT('Ctrl Pts',(-28.5066478777857,-12.4914021175832,
18.));
#11614=CARTESIAN_POINT('Ctrl Pts',(-28.3853014869022,-12.7068138583886,
16.));
#11615=CARTESIAN_POINT('Ctrl Pts',(-28.3853014869022,-12.7068138583886,
18.));
#11616=CARTESIAN_POINT('',(-28.801403896265,-11.287987278341,16.));
#11617=CARTESIAN_POINT('Ctrl Pts',(-28.3853014869022,-12.7068138583886,
16.));
#11618=CARTESIAN_POINT('Ctrl Pts',(-28.5066478777857,-12.4914021175832,
16.));
#11619=CARTESIAN_POINT('Ctrl Pts',(-28.7547660257813,-12.050947631908,16.));
#11620=CARTESIAN_POINT('Ctrl Pts',(-28.7856329600284,-11.5459878894825,
16.));
#11621=CARTESIAN_POINT('Ctrl Pts',(-28.801403896265,-11.287987278341,16.));
#11622=CARTESIAN_POINT('',(-28.801403896265,-11.287987278341,18.));
#11623=CARTESIAN_POINT('Ctrl Pts',(-28.801403896265,-11.287987278341,18.));
#11624=CARTESIAN_POINT('Ctrl Pts',(-28.7856329600284,-11.5459878894825,
18.));
#11625=CARTESIAN_POINT('Ctrl Pts',(-28.7547660257813,-12.050947631908,18.));
#11626=CARTESIAN_POINT('Ctrl Pts',(-28.5066478777857,-12.4914021175832,
18.));
#11627=CARTESIAN_POINT('Ctrl Pts',(-28.3853014869022,-12.7068138583886,
18.));
#11628=CARTESIAN_POINT('',(-28.801403896265,-11.287987278341,16.));
#11629=CARTESIAN_POINT('Ctrl Pts',(-28.3443745536136,-9.78048448407523,
16.));
#11630=CARTESIAN_POINT('Ctrl Pts',(-28.3443745536136,-9.78048448407523,
18.));
#11631=CARTESIAN_POINT('Ctrl Pts',(-28.4776674775874,-10.0186198855582,
16.));
#11632=CARTESIAN_POINT('Ctrl Pts',(-28.4776674775874,-10.0186198855582,
18.));
#11633=CARTESIAN_POINT('Ctrl Pts',(-28.740357009401,-10.4879296978038,16.));
#11634=CARTESIAN_POINT('Ctrl Pts',(-28.740357009401,-10.4879296978038,18.));
#11635=CARTESIAN_POINT('Ctrl Pts',(-28.78125714972,-11.023951581773,16.));
#11636=CARTESIAN_POINT('Ctrl Pts',(-28.78125714972,-11.023951581773,18.));
#11637=CARTESIAN_POINT('Ctrl Pts',(-28.801403896265,-11.287987278341,16.));
#11638=CARTESIAN_POINT('Ctrl Pts',(-28.801403896265,-11.287987278341,18.));
#11639=CARTESIAN_POINT('',(-28.3443745536136,-9.78048448407523,16.));
#11640=CARTESIAN_POINT('Ctrl Pts',(-28.801403896265,-11.287987278341,16.));
#11641=CARTESIAN_POINT('Ctrl Pts',(-28.78125714972,-11.023951581773,16.));
#11642=CARTESIAN_POINT('Ctrl Pts',(-28.740357009401,-10.4879296978038,16.));
#11643=CARTESIAN_POINT('Ctrl Pts',(-28.4776674775874,-10.0186198855582,
16.));
#11644=CARTESIAN_POINT('Ctrl Pts',(-28.3443745536136,-9.78048448407523,
16.));
#11645=CARTESIAN_POINT('',(-28.3443745536136,-9.78048448407523,18.));
#11646=CARTESIAN_POINT('Ctrl Pts',(-28.3443745536136,-9.78048448407523,
18.));
#11647=CARTESIAN_POINT('Ctrl Pts',(-28.4776674775874,-10.0186198855582,
18.));
#11648=CARTESIAN_POINT('Ctrl Pts',(-28.740357009401,-10.4879296978038,18.));
#11649=CARTESIAN_POINT('Ctrl Pts',(-28.78125714972,-11.023951581773,18.));
#11650=CARTESIAN_POINT('Ctrl Pts',(-28.801403896265,-11.287987278341,18.));
#11651=CARTESIAN_POINT('',(-28.3443745536136,-9.78048448407523,16.));
#11652=CARTESIAN_POINT('Ctrl Pts',(-27.027870075159,-8.68225698315971,16.));
#11653=CARTESIAN_POINT('Ctrl Pts',(-27.027870075159,-8.68225698315971,18.));
#11654=CARTESIAN_POINT('Ctrl Pts',(-27.2949503627804,-8.82294154860733,
16.));
#11655=CARTESIAN_POINT('Ctrl Pts',(-27.2949503627804,-8.82294154860733,
18.));
#11656=CARTESIAN_POINT('Ctrl Pts',(-27.8124881429438,-9.09555462070437,
16.));
#11657=CARTESIAN_POINT('Ctrl Pts',(-27.8124881429438,-9.09555462070437,
18.));
#11658=CARTESIAN_POINT('Ctrl Pts',(-28.1709165370502,-9.55711616106105,
16.));
#11659=CARTESIAN_POINT('Ctrl Pts',(-28.1709165370502,-9.55711616106105,
18.));
#11660=CARTESIAN_POINT('Ctrl Pts',(-28.3443745536136,-9.78048448407523,
16.));
#11661=CARTESIAN_POINT('Ctrl Pts',(-28.3443745536136,-9.78048448407523,
18.));
#11662=CARTESIAN_POINT('',(-27.027870075159,-8.68225698315971,16.));
#11663=CARTESIAN_POINT('Ctrl Pts',(-28.3443745536136,-9.78048448407523,
16.));
#11664=CARTESIAN_POINT('Ctrl Pts',(-28.1709165370502,-9.55711616106105,
16.));
#11665=CARTESIAN_POINT('Ctrl Pts',(-27.8124881429438,-9.09555462070437,
16.));
#11666=CARTESIAN_POINT('Ctrl Pts',(-27.2949503627804,-8.82294154860733,
16.));
#11667=CARTESIAN_POINT('Ctrl Pts',(-27.027870075159,-8.68225698315971,16.));
#11668=CARTESIAN_POINT('',(-27.027870075159,-8.68225698315971,18.));
#11669=CARTESIAN_POINT('Ctrl Pts',(-27.027870075159,-8.68225698315971,18.));
#11670=CARTESIAN_POINT('Ctrl Pts',(-27.2949503627804,-8.82294154860733,
18.));
#11671=CARTESIAN_POINT('Ctrl Pts',(-27.8124881429438,-9.09555462070437,
18.));
#11672=CARTESIAN_POINT('Ctrl Pts',(-28.1709165370502,-9.55711616106105,
18.));
#11673=CARTESIAN_POINT('Ctrl Pts',(-28.3443745536136,-9.78048448407523,
18.));
#11674=CARTESIAN_POINT('',(-27.027870075159,-8.68225698315971,16.));
#11675=CARTESIAN_POINT('Ctrl Pts',(-25.1042660636234,-8.29344396436088,
16.));
#11676=CARTESIAN_POINT('Ctrl Pts',(-25.1042660636234,-8.29344396436088,
18.));
#11677=CARTESIAN_POINT('Ctrl Pts',(-25.446879844877,-8.30729026806574,16.));
#11678=CARTESIAN_POINT('Ctrl Pts',(-25.446879844877,-8.30729026806574,18.));
#11679=CARTESIAN_POINT('Ctrl Pts',(-26.1092667316451,-8.33405979838279,
16.));
#11680=CARTESIAN_POINT('Ctrl Pts',(-26.1092667316451,-8.33405979838279,
18.));
#11681=CARTESIAN_POINT('Ctrl Pts',(-26.72878983752,-8.56889042783024,16.));
#11682=CARTESIAN_POINT('Ctrl Pts',(-26.72878983752,-8.56889042783024,18.));
#11683=CARTESIAN_POINT('Ctrl Pts',(-27.027870075159,-8.68225698315971,16.));
#11684=CARTESIAN_POINT('Ctrl Pts',(-27.027870075159,-8.68225698315971,18.));
#11685=CARTESIAN_POINT('',(-25.1042660636234,-8.29344396436088,16.));
#11686=CARTESIAN_POINT('Ctrl Pts',(-27.027870075159,-8.68225698315971,16.));
#11687=CARTESIAN_POINT('Ctrl Pts',(-26.72878983752,-8.56889042783024,16.));
#11688=CARTESIAN_POINT('Ctrl Pts',(-26.1092667316451,-8.33405979838279,
16.));
#11689=CARTESIAN_POINT('Ctrl Pts',(-25.446879844877,-8.30729026806574,16.));
#11690=CARTESIAN_POINT('Ctrl Pts',(-25.1042660636234,-8.29344396436088,
16.));
#11691=CARTESIAN_POINT('',(-25.1042660636234,-8.29344396436088,18.));
#11692=CARTESIAN_POINT('Ctrl Pts',(-25.1042660636234,-8.29344396436088,
18.));
#11693=CARTESIAN_POINT('Ctrl Pts',(-25.446879844877,-8.30729026806574,18.));
#11694=CARTESIAN_POINT('Ctrl Pts',(-26.1092667316451,-8.33405979838279,
18.));
#11695=CARTESIAN_POINT('Ctrl Pts',(-26.72878983752,-8.56889042783024,18.));
#11696=CARTESIAN_POINT('Ctrl Pts',(-27.027870075159,-8.68225698315971,18.));
#11697=CARTESIAN_POINT('',(-25.1042660636234,-8.29344396436088,16.));
#11698=CARTESIAN_POINT('Ctrl Pts',(-22.8259571952151,-8.6890781387078,16.));
#11699=CARTESIAN_POINT('Ctrl Pts',(-22.8259571952151,-8.6890781387078,18.));
#11700=CARTESIAN_POINT('Ctrl Pts',(-23.1663333664126,-8.573868692973,16.));
#11701=CARTESIAN_POINT('Ctrl Pts',(-23.1663333664126,-8.573868692973,18.));
#11702=CARTESIAN_POINT('Ctrl Pts',(-23.9043390115226,-8.3240708853792,16.));
#11703=CARTESIAN_POINT('Ctrl Pts',(-23.9043390115226,-8.3240708853792,18.));
#11704=CARTESIAN_POINT('Ctrl Pts',(-24.6841255145437,-8.30416762576241,
16.));
#11705=CARTESIAN_POINT('Ctrl Pts',(-24.6841255145437,-8.30416762576241,
18.));
#11706=CARTESIAN_POINT('Ctrl Pts',(-25.1042660636234,-8.29344396436088,
16.));
#11707=CARTESIAN_POINT('Ctrl Pts',(-25.1042660636234,-8.29344396436088,
18.));
#11708=CARTESIAN_POINT('',(-22.8259571952151,-8.6890781387078,16.));
#11709=CARTESIAN_POINT('Ctrl Pts',(-25.1042660636234,-8.29344396436088,
16.));
#11710=CARTESIAN_POINT('Ctrl Pts',(-24.6841255145437,-8.30416762576241,
16.));
#11711=CARTESIAN_POINT('Ctrl Pts',(-23.9043390115226,-8.3240708853792,16.));
#11712=CARTESIAN_POINT('Ctrl Pts',(-23.1663333664126,-8.573868692973,16.));
#11713=CARTESIAN_POINT('Ctrl Pts',(-22.8259571952151,-8.6890781387078,16.));
#11714=CARTESIAN_POINT('',(-22.8259571952151,-8.6890781387078,18.));
#11715=CARTESIAN_POINT('Ctrl Pts',(-22.8259571952151,-8.6890781387078,18.));
#11716=CARTESIAN_POINT('Ctrl Pts',(-23.1663333664126,-8.573868692973,18.));
#11717=CARTESIAN_POINT('Ctrl Pts',(-23.9043390115226,-8.3240708853792,18.));
#11718=CARTESIAN_POINT('Ctrl Pts',(-24.6841255145437,-8.30416762576241,
18.));
#11719=CARTESIAN_POINT('Ctrl Pts',(-25.1042660636234,-8.29344396436088,
18.));
#11720=CARTESIAN_POINT('',(-22.8259571952151,-8.6890781387078,16.));
#11721=CARTESIAN_POINT('Ctrl Pts',(-21.3866671485233,-9.87598185384147,
16.));
#11722=CARTESIAN_POINT('Ctrl Pts',(-21.3866671485233,-9.87598185384147,
18.));
#11723=CARTESIAN_POINT('Ctrl Pts',(-21.5798332549236,-9.62790188514761,
16.));
#11724=CARTESIAN_POINT('Ctrl Pts',(-21.5798332549236,-9.62790188514761,
18.));
#11725=CARTESIAN_POINT('Ctrl Pts',(-21.9711173044449,-9.12538238747507,
16.));
#11726=CARTESIAN_POINT('Ctrl Pts',(-21.9711173044449,-9.12538238747507,
18.));
#11727=CARTESIAN_POINT('Ctrl Pts',(-22.5386165975054,-8.83573475239383,
16.));
#11728=CARTESIAN_POINT('Ctrl Pts',(-22.5386165975054,-8.83573475239383,
18.));
#11729=CARTESIAN_POINT('Ctrl Pts',(-22.8259571952151,-8.6890781387078,16.));
#11730=CARTESIAN_POINT('Ctrl Pts',(-22.8259571952151,-8.6890781387078,18.));
#11731=CARTESIAN_POINT('',(-21.3866671485233,-9.87598185384147,16.));
#11732=CARTESIAN_POINT('Ctrl Pts',(-22.8259571952151,-8.6890781387078,16.));
#11733=CARTESIAN_POINT('Ctrl Pts',(-22.5386165975054,-8.83573475239383,
16.));
#11734=CARTESIAN_POINT('Ctrl Pts',(-21.9711173044449,-9.12538238747507,
16.));
#11735=CARTESIAN_POINT('Ctrl Pts',(-21.5798332549236,-9.62790188514761,
16.));
#11736=CARTESIAN_POINT('Ctrl Pts',(-21.3866671485233,-9.87598185384147,
16.));
#11737=CARTESIAN_POINT('',(-21.3866671485233,-9.87598185384147,18.));
#11738=CARTESIAN_POINT('Ctrl Pts',(-21.3866671485233,-9.87598185384147,
18.));
#11739=CARTESIAN_POINT('Ctrl Pts',(-21.5798332549236,-9.62790188514761,
18.));
#11740=CARTESIAN_POINT('Ctrl Pts',(-21.9711173044449,-9.12538238747507,
18.));
#11741=CARTESIAN_POINT('Ctrl Pts',(-22.5386165975054,-8.83573475239383,
18.));
#11742=CARTESIAN_POINT('Ctrl Pts',(-22.8259571952151,-8.6890781387078,18.));
#11743=CARTESIAN_POINT('',(-21.3866671485233,-9.87598185384147,16.));
#11744=CARTESIAN_POINT('Ctrl Pts',(-20.8409651679324,-11.6768002971398,
16.));
#11745=CARTESIAN_POINT('Ctrl Pts',(-20.8409651679324,-11.6768002971398,
18.));
#11746=CARTESIAN_POINT('Ctrl Pts',(-20.8692966332003,-11.3529908941369,
16.));
#11747=CARTESIAN_POINT('Ctrl Pts',(-20.8692966332003,-11.3529908941369,
18.));
#11748=CARTESIAN_POINT('Ctrl Pts',(-20.9251817461271,-10.7142620150449,
16.));
#11749=CARTESIAN_POINT('Ctrl Pts',(-20.9251817461271,-10.7142620150449,
18.));
#11750=CARTESIAN_POINT('Ctrl Pts',(-21.2342726727652,-10.1528037533895,
16.));
#11751=CARTESIAN_POINT('Ctrl Pts',(-21.2342726727652,-10.1528037533895,
18.));
#11752=CARTESIAN_POINT('Ctrl Pts',(-21.3866671485233,-9.87598185384147,
16.));
#11753=CARTESIAN_POINT('Ctrl Pts',(-21.3866671485233,-9.87598185384147,
18.));
#11754=CARTESIAN_POINT('Ctrl Pts',(-21.3866671485233,-9.87598185384147,
16.));
#11755=CARTESIAN_POINT('Ctrl Pts',(-21.2342726727652,-10.1528037533895,
16.));
#11756=CARTESIAN_POINT('Ctrl Pts',(-20.9251817461271,-10.7142620150449,
16.));
#11757=CARTESIAN_POINT('Ctrl Pts',(-20.8692966332003,-11.3529908941369,
16.));
#11758=CARTESIAN_POINT('Ctrl Pts',(-20.8409651679324,-11.6768002971398,
16.));
#11759=CARTESIAN_POINT('Ctrl Pts',(-20.8409651679324,-11.6768002971398,
18.));
#11760=CARTESIAN_POINT('Ctrl Pts',(-20.8692966332003,-11.3529908941369,
18.));
#11761=CARTESIAN_POINT('Ctrl Pts',(-20.9251817461271,-10.7142620150449,
18.));
#11762=CARTESIAN_POINT('Ctrl Pts',(-21.2342726727652,-10.1528037533895,
18.));
#11763=CARTESIAN_POINT('Ctrl Pts',(-21.3866671485233,-9.87598185384147,
18.));
#11764=CARTESIAN_POINT('Origin',(-0.0428766648622592,-13.4639758332955,
18.));
#11765=CARTESIAN_POINT('Origin',(18.3541229801846,-18.463976429342,16.));
#11766=CARTESIAN_POINT('',(18.3541229801846,-8.46397642934196,16.));
#11767=CARTESIAN_POINT('',(18.3541229801846,-18.463976429342,16.));
#11768=CARTESIAN_POINT('',(18.3541229801846,-9.23198821467098,16.));
#11769=CARTESIAN_POINT('',(18.3541229801846,-8.46397642934196,18.));
#11770=CARTESIAN_POINT('',(18.3541229801846,-8.46397642934196,16.));
#11771=CARTESIAN_POINT('',(18.3541229801846,-18.463976429342,18.));
#11772=CARTESIAN_POINT('',(18.3541229801846,-8.46397642934196,18.));
#11773=CARTESIAN_POINT('',(18.3541229801846,-18.463976429342,16.));
#11774=CARTESIAN_POINT('Origin',(17.0307937699033,-18.463976429342,16.));
#11775=CARTESIAN_POINT('',(17.0307937699033,-18.463976429342,16.));
#11776=CARTESIAN_POINT('',(8.51539688495162,-18.463976429342,16.));
#11777=CARTESIAN_POINT('',(17.0307937699033,-18.463976429342,18.));
#11778=CARTESIAN_POINT('',(18.3541229801846,-18.463976429342,18.));
#11779=CARTESIAN_POINT('',(17.0307937699033,-18.463976429342,16.));
#11780=CARTESIAN_POINT('Origin',(17.0307937699033,-9.64405779683463,16.));
#11781=CARTESIAN_POINT('',(17.0307937699033,-9.64405779683463,16.));
#11782=CARTESIAN_POINT('',(17.0307937699033,-4.82202889841732,16.));
#11783=CARTESIAN_POINT('',(17.0307937699033,-9.64405779683463,18.));
#11784=CARTESIAN_POINT('',(17.0307937699033,-18.463976429342,18.));
#11785=CARTESIAN_POINT('',(17.0307937699033,-9.64405779683463,16.));
#11786=CARTESIAN_POINT('Origin',(12.1058276730252,-9.64405779683463,16.));
#11787=CARTESIAN_POINT('',(12.1058276730252,-9.64405779683463,16.));
#11788=CARTESIAN_POINT('',(6.0529138365126,-9.64405779683463,16.));
#11789=CARTESIAN_POINT('',(12.1058276730252,-9.64405779683463,18.));
#11790=CARTESIAN_POINT('',(17.0307937699033,-9.64405779683463,18.));
#11791=CARTESIAN_POINT('',(12.1058276730252,-9.64405779683463,16.));
#11792=CARTESIAN_POINT('Origin',(12.1058276730252,-8.46397642934196,16.));
#11793=CARTESIAN_POINT('',(12.1058276730252,-8.46397642934196,16.));
#11794=CARTESIAN_POINT('',(12.1058276730252,-4.23198821467098,16.));
#11795=CARTESIAN_POINT('',(12.1058276730252,-8.46397642934196,18.));
#11796=CARTESIAN_POINT('',(12.1058276730252,-9.64405779683463,18.));
#11797=CARTESIAN_POINT('',(12.1058276730252,-8.46397642934196,16.));
#11798=CARTESIAN_POINT('Origin',(18.3541229801846,-8.46397642934196,16.));
#11799=CARTESIAN_POINT('',(9.17706149009231,-8.46397642934196,16.));
#11800=CARTESIAN_POINT('',(12.1058276730252,-8.46397642934196,18.));
#11801=CARTESIAN_POINT('Origin',(-0.0428766648622592,-13.4639758332955,
18.));
#11802=CARTESIAN_POINT('Origin',(-32.9,13.7,13.));
#11803=CARTESIAN_POINT('',(-38.9,13.7,16.));
#11804=CARTESIAN_POINT('',(-32.9,19.7,16.));
#11805=CARTESIAN_POINT('Origin',(-32.9,13.7,16.));
#11806=CARTESIAN_POINT('',(-32.9,19.7,13.));
#11807=CARTESIAN_POINT('',(-32.9,19.7,13.));
#11808=CARTESIAN_POINT('',(-38.9,13.7,13.));
#11809=CARTESIAN_POINT('Origin',(-32.9,13.7,13.));
#11810=CARTESIAN_POINT('',(-38.9,13.7,13.));
#11811=CARTESIAN_POINT('Origin',(-1.33226762955019E-14,-2.22044604925031E-15,
13.));
#11812=CARTESIAN_POINT('',(32.9,19.7,13.));
#11813=CARTESIAN_POINT('',(38.9,19.7,13.));
#11814=CARTESIAN_POINT('',(38.9,13.7,13.));
#11815=CARTESIAN_POINT('Origin',(32.9,13.7,13.));
#11816=CARTESIAN_POINT('',(38.9,-13.7,13.));
#11817=CARTESIAN_POINT('',(38.9,-19.7,13.));
#11818=CARTESIAN_POINT('',(32.9,-19.7,13.));
#11819=CARTESIAN_POINT('Origin',(32.9,-13.7,13.));
#11820=CARTESIAN_POINT('',(-32.9,-19.7,13.));
#11821=CARTESIAN_POINT('',(-38.9,-19.7,13.));
#11822=CARTESIAN_POINT('',(-38.9,-13.7,13.));
#11823=CARTESIAN_POINT('Origin',(-32.9,-13.7,13.));
#11824=CARTESIAN_POINT('',(-38.9,19.7,13.));
#11825=CARTESIAN_POINT('',(-26.1308239120065,6.50098849192625,13.));
#11826=CARTESIAN_POINT('',(-25.6308239120065,7.00098849192625,13.));
#11827=CARTESIAN_POINT('Origin',(-25.6308239120065,6.50098849192625,13.));
#11828=CARTESIAN_POINT('',(-26.1308239120065,-6.49901150807375,13.));
#11829=CARTESIAN_POINT('',(-26.1308239120065,6.50098849192625,13.));
#11830=CARTESIAN_POINT('',(-25.6308239120065,-6.99901150807374,13.));
#11831=CARTESIAN_POINT('Origin',(-25.6308239120065,-6.49901150807375,13.));
#11832=CARTESIAN_POINT('',(-12.6308239120065,-6.99901150807374,13.));
#11833=CARTESIAN_POINT('',(-25.6308239120065,-6.99901150807374,13.));
#11834=CARTESIAN_POINT('',(-12.1308239120065,-6.49901150807375,13.));
#11835=CARTESIAN_POINT('Origin',(-12.6308239120065,-6.49901150807375,13.));
#11836=CARTESIAN_POINT('',(-12.1308239120065,6.50098849192625,13.));
#11837=CARTESIAN_POINT('',(-12.1308239120065,6.50098849192625,13.));
#11838=CARTESIAN_POINT('',(-12.6308239120065,7.00098849192625,13.));
#11839=CARTESIAN_POINT('Origin',(-12.6308239120065,6.50098849192625,13.));
#11840=CARTESIAN_POINT('',(-25.6308239120065,7.00098849192625,13.));
#11841=CARTESIAN_POINT('',(-35.35,14.7,13.));
#11842=CARTESIAN_POINT('Origin',(-33.9,14.7,13.));
#11843=CARTESIAN_POINT('',(32.45,-14.7,13.));
#11844=CARTESIAN_POINT('Origin',(33.9,-14.7,13.));
#11845=CARTESIAN_POINT('',(-35.35,-14.7,13.));
#11846=CARTESIAN_POINT('Origin',(-33.9,-14.7,13.));
#11847=CARTESIAN_POINT('',(32.45,14.7,13.));
#11848=CARTESIAN_POINT('Origin',(33.9,14.7,13.));
#11849=CARTESIAN_POINT('',(11.9691760879935,6.50098849192625,13.));
#11850=CARTESIAN_POINT('',(12.4691760879935,7.00098849192625,13.));
#11851=CARTESIAN_POINT('Origin',(12.4691760879935,6.50098849192625,13.));
#11852=CARTESIAN_POINT('',(11.9691760879935,-6.49901150807375,13.));
#11853=CARTESIAN_POINT('',(11.9691760879935,6.50098849192625,13.));
#11854=CARTESIAN_POINT('',(12.4691760879935,-6.99901150807374,13.));
#11855=CARTESIAN_POINT('Origin',(12.4691760879935,-6.49901150807375,13.));
#11856=CARTESIAN_POINT('',(25.4691760879935,-6.99901150807374,13.));
#11857=CARTESIAN_POINT('',(12.4691760879935,-6.99901150807374,13.));
#11858=CARTESIAN_POINT('',(25.9691760879935,-6.49901150807375,13.));
#11859=CARTESIAN_POINT('Origin',(25.4691760879935,-6.49901150807375,13.));
#11860=CARTESIAN_POINT('',(25.9691760879935,6.50098849192625,13.));
#11861=CARTESIAN_POINT('',(25.9691760879935,6.50098849192625,13.));
#11862=CARTESIAN_POINT('',(25.4691760879935,7.00098849192625,13.));
#11863=CARTESIAN_POINT('Origin',(25.4691760879935,6.50098849192625,13.));
#11864=CARTESIAN_POINT('',(12.4691760879935,7.00098849192625,13.));
#11865=CARTESIAN_POINT('',(-7.08082391200654,6.50098849192625,13.));
#11866=CARTESIAN_POINT('',(-6.58082391200654,7.00098849192625,13.));
#11867=CARTESIAN_POINT('Origin',(-6.58082391200654,6.50098849192625,13.));
#11868=CARTESIAN_POINT('',(-7.08082391200654,-6.49901150807375,13.));
#11869=CARTESIAN_POINT('',(-7.08082391200654,6.50098849192625,13.));
#11870=CARTESIAN_POINT('',(-6.58082391200654,-6.99901150807374,13.));
#11871=CARTESIAN_POINT('Origin',(-6.58082391200654,-6.49901150807375,13.));
#11872=CARTESIAN_POINT('',(6.41917608799346,-6.99901150807374,13.));
#11873=CARTESIAN_POINT('',(-6.58082391200654,-6.99901150807374,13.));
#11874=CARTESIAN_POINT('',(6.91917608799346,-6.49901150807375,13.));
#11875=CARTESIAN_POINT('Origin',(6.41917608799346,-6.49901150807375,13.));
#11876=CARTESIAN_POINT('',(6.91917608799346,6.50098849192625,13.));
#11877=CARTESIAN_POINT('',(6.91917608799346,6.50098849192625,13.));
#11878=CARTESIAN_POINT('',(6.41917608799346,7.00098849192626,13.));
#11879=CARTESIAN_POINT('Origin',(6.41917608799346,6.50098849192625,13.));
#11880=CARTESIAN_POINT('',(-6.58082391200654,7.00098849192625,13.));
#11881=CARTESIAN_POINT('Origin',(38.9,19.7,13.));
#11882=CARTESIAN_POINT('',(32.9,19.7,16.));
#11883=CARTESIAN_POINT('',(38.9,19.7,16.));
#11884=CARTESIAN_POINT('',(32.9,19.7,13.));
#11885=CARTESIAN_POINT('Origin',(32.9,13.7,13.));
#11886=CARTESIAN_POINT('',(38.9,13.7,16.));
#11887=CARTESIAN_POINT('Origin',(32.9,13.7,16.));
#11888=CARTESIAN_POINT('',(38.9,13.7,13.));
#11889=CARTESIAN_POINT('Origin',(-32.9,-13.7,13.));
#11890=CARTESIAN_POINT('',(-32.9,-19.7,16.));
#11891=CARTESIAN_POINT('',(-38.9,-13.7,16.));
#11892=CARTESIAN_POINT('Origin',(-32.9,-13.7,16.));
#11893=CARTESIAN_POINT('',(-38.9,-13.7,13.));
#11894=CARTESIAN_POINT('',(-32.9,-19.7,13.));
#11895=CARTESIAN_POINT('Origin',(-38.9,-19.7,13.));
#11896=CARTESIAN_POINT('',(32.9,-19.7,16.));
#11897=CARTESIAN_POINT('',(32.9,-19.7,13.));
#11898=CARTESIAN_POINT('',(-38.9,-19.7,16.));
#11899=CARTESIAN_POINT('Origin',(32.9,-13.7,13.));
#11900=CARTESIAN_POINT('',(38.9,-13.7,16.));
#11901=CARTESIAN_POINT('Origin',(32.9,-13.7,16.));
#11902=CARTESIAN_POINT('',(38.9,-13.7,13.));
#11903=CARTESIAN_POINT('Origin',(-7.08082391200654,-6.49901150807375,13.));
#11904=CARTESIAN_POINT('',(-7.08082391200654,6.50098849192625,16.));
#11905=CARTESIAN_POINT('',(-7.08082391200654,6.50098849192625,13.));
#11906=CARTESIAN_POINT('',(-7.08082391200654,-6.49901150807375,16.));
#11907=CARTESIAN_POINT('',(-7.08082391200654,6.50098849192625,16.));
#11908=CARTESIAN_POINT('',(-7.08082391200654,-6.49901150807375,13.));
#11909=CARTESIAN_POINT('Origin',(-6.58082391200654,-6.49901150807375,13.));
#11910=CARTESIAN_POINT('',(-6.58082391200654,-6.99901150807374,16.));
#11911=CARTESIAN_POINT('Origin',(-6.58082391200654,-6.49901150807375,16.));
#11912=CARTESIAN_POINT('',(-6.58082391200654,-6.99901150807374,13.));
#11913=CARTESIAN_POINT('Origin',(6.41917608799346,-6.99901150807374,13.));
#11914=CARTESIAN_POINT('',(6.41917608799346,-6.99901150807374,16.));
#11915=CARTESIAN_POINT('',(-6.58082391200654,-6.99901150807374,16.));
#11916=CARTESIAN_POINT('',(6.41917608799346,-6.99901150807374,13.));
#11917=CARTESIAN_POINT('Origin',(6.41917608799346,-6.49901150807375,13.));
#11918=CARTESIAN_POINT('',(6.91917608799346,-6.49901150807375,16.));
#11919=CARTESIAN_POINT('Origin',(6.41917608799346,-6.49901150807375,16.));
#11920=CARTESIAN_POINT('',(6.91917608799346,-6.49901150807375,13.));
#11921=CARTESIAN_POINT('Origin',(6.91917608799346,6.50098849192625,13.));
#11922=CARTESIAN_POINT('',(6.91917608799346,6.50098849192625,16.));
#11923=CARTESIAN_POINT('',(6.91917608799346,6.50098849192625,16.));
#11924=CARTESIAN_POINT('',(6.91917608799346,6.50098849192625,13.));
#11925=CARTESIAN_POINT('Origin',(6.41917608799346,6.50098849192625,13.));
#11926=CARTESIAN_POINT('',(6.41917608799346,7.00098849192626,16.));
#11927=CARTESIAN_POINT('Origin',(6.41917608799346,6.50098849192625,16.));
#11928=CARTESIAN_POINT('',(6.41917608799346,7.00098849192626,13.));
#11929=CARTESIAN_POINT('Origin',(-6.58082391200654,7.00098849192625,13.));
#11930=CARTESIAN_POINT('',(-6.58082391200654,7.00098849192625,16.));
#11931=CARTESIAN_POINT('',(-6.58082391200654,7.00098849192625,16.));
#11932=CARTESIAN_POINT('',(-6.58082391200654,7.00098849192625,13.));
#11933=CARTESIAN_POINT('Origin',(-6.58082391200654,6.50098849192625,13.));
#11934=CARTESIAN_POINT('Origin',(-6.58082391200654,6.50098849192625,16.));
#11935=CARTESIAN_POINT('Origin',(11.9691760879935,-6.49901150807375,13.));
#11936=CARTESIAN_POINT('',(11.9691760879935,6.50098849192625,16.));
#11937=CARTESIAN_POINT('',(11.9691760879935,6.50098849192625,13.));
#11938=CARTESIAN_POINT('',(11.9691760879935,-6.49901150807375,16.));
#11939=CARTESIAN_POINT('',(11.9691760879935,6.50098849192625,16.));
#11940=CARTESIAN_POINT('',(11.9691760879935,-6.49901150807375,13.));
#11941=CARTESIAN_POINT('Origin',(12.4691760879935,-6.49901150807375,13.));
#11942=CARTESIAN_POINT('',(12.4691760879935,-6.99901150807374,16.));
#11943=CARTESIAN_POINT('Origin',(12.4691760879935,-6.49901150807375,16.));
#11944=CARTESIAN_POINT('',(12.4691760879935,-6.99901150807374,13.));
#11945=CARTESIAN_POINT('Origin',(25.4691760879935,-6.99901150807374,13.));
#11946=CARTESIAN_POINT('',(25.4691760879935,-6.99901150807374,16.));
#11947=CARTESIAN_POINT('',(12.4691760879935,-6.99901150807374,16.));
#11948=CARTESIAN_POINT('',(25.4691760879935,-6.99901150807374,13.));
#11949=CARTESIAN_POINT('Origin',(25.4691760879935,-6.49901150807375,13.));
#11950=CARTESIAN_POINT('',(25.9691760879935,-6.49901150807375,16.));
#11951=CARTESIAN_POINT('Origin',(25.4691760879935,-6.49901150807375,16.));
#11952=CARTESIAN_POINT('',(25.9691760879935,-6.49901150807375,13.));
#11953=CARTESIAN_POINT('Origin',(25.9691760879935,6.50098849192625,13.));
#11954=CARTESIAN_POINT('',(25.9691760879935,6.50098849192625,16.));
#11955=CARTESIAN_POINT('',(25.9691760879935,6.50098849192625,16.));
#11956=CARTESIAN_POINT('',(25.9691760879935,6.50098849192625,13.));
#11957=CARTESIAN_POINT('Origin',(25.4691760879935,6.50098849192625,13.));
#11958=CARTESIAN_POINT('',(25.4691760879935,7.00098849192625,16.));
#11959=CARTESIAN_POINT('Origin',(25.4691760879935,6.50098849192625,16.));
#11960=CARTESIAN_POINT('',(25.4691760879935,7.00098849192625,13.));
#11961=CARTESIAN_POINT('Origin',(12.4691760879935,7.00098849192625,13.));
#11962=CARTESIAN_POINT('',(12.4691760879935,7.00098849192625,16.));
#11963=CARTESIAN_POINT('',(12.4691760879935,7.00098849192625,16.));
#11964=CARTESIAN_POINT('',(12.4691760879935,7.00098849192625,13.));
#11965=CARTESIAN_POINT('Origin',(12.4691760879935,6.50098849192625,13.));
#11966=CARTESIAN_POINT('Origin',(12.4691760879935,6.50098849192625,16.));
#11967=CARTESIAN_POINT('Origin',(33.9,14.7,13.));
#11968=CARTESIAN_POINT('',(32.45,14.7,16.));
#11969=CARTESIAN_POINT('Origin',(33.9,14.7,16.));
#11970=CARTESIAN_POINT('',(32.45,14.7,13.));
#11971=CARTESIAN_POINT('Origin',(-33.9,-14.7,13.));
#11972=CARTESIAN_POINT('',(-35.35,-14.7,16.));
#11973=CARTESIAN_POINT('Origin',(-33.9,-14.7,16.));
#11974=CARTESIAN_POINT('',(-35.35,-14.7,13.));
#11975=CARTESIAN_POINT('Origin',(33.9,-14.7,13.));
#11976=CARTESIAN_POINT('',(32.45,-14.7,16.));
#11977=CARTESIAN_POINT('Origin',(33.9,-14.7,16.));
#11978=CARTESIAN_POINT('',(32.45,-14.7,13.));
#11979=CARTESIAN_POINT('Origin',(-33.9,14.7,13.));
#11980=CARTESIAN_POINT('',(-35.35,14.7,16.));
#11981=CARTESIAN_POINT('Origin',(-33.9,14.7,16.));
#11982=CARTESIAN_POINT('',(-35.35,14.7,13.));
#11983=CARTESIAN_POINT('Origin',(-26.1308239120065,-6.49901150807375,13.));
#11984=CARTESIAN_POINT('',(-26.1308239120065,6.50098849192625,16.));
#11985=CARTESIAN_POINT('',(-26.1308239120065,6.50098849192625,13.));
#11986=CARTESIAN_POINT('',(-26.1308239120065,-6.49901150807375,16.));
#11987=CARTESIAN_POINT('',(-26.1308239120065,6.50098849192625,16.));
#11988=CARTESIAN_POINT('',(-26.1308239120065,-6.49901150807375,13.));
#11989=CARTESIAN_POINT('Origin',(-25.6308239120065,-6.49901150807375,13.));
#11990=CARTESIAN_POINT('',(-25.6308239120065,-6.99901150807374,16.));
#11991=CARTESIAN_POINT('Origin',(-25.6308239120065,-6.49901150807375,16.));
#11992=CARTESIAN_POINT('',(-25.6308239120065,-6.99901150807374,13.));
#11993=CARTESIAN_POINT('Origin',(-12.6308239120065,-6.99901150807374,13.));
#11994=CARTESIAN_POINT('',(-12.6308239120065,-6.99901150807374,16.));
#11995=CARTESIAN_POINT('',(-25.6308239120065,-6.99901150807374,16.));
#11996=CARTESIAN_POINT('',(-12.6308239120065,-6.99901150807374,13.));
#11997=CARTESIAN_POINT('Origin',(-12.6308239120065,-6.49901150807375,13.));
#11998=CARTESIAN_POINT('',(-12.1308239120065,-6.49901150807375,16.));
#11999=CARTESIAN_POINT('Origin',(-12.6308239120065,-6.49901150807375,16.));
#12000=CARTESIAN_POINT('',(-12.1308239120065,-6.49901150807375,13.));
#12001=CARTESIAN_POINT('Origin',(-12.1308239120065,6.50098849192625,13.));
#12002=CARTESIAN_POINT('',(-12.1308239120065,6.50098849192625,16.));
#12003=CARTESIAN_POINT('',(-12.1308239120065,6.50098849192625,16.));
#12004=CARTESIAN_POINT('',(-12.1308239120065,6.50098849192625,13.));
#12005=CARTESIAN_POINT('Origin',(-12.6308239120065,6.50098849192625,13.));
#12006=CARTESIAN_POINT('',(-12.6308239120065,7.00098849192625,16.));
#12007=CARTESIAN_POINT('Origin',(-12.6308239120065,6.50098849192625,16.));
#12008=CARTESIAN_POINT('',(-12.6308239120065,7.00098849192625,13.));
#12009=CARTESIAN_POINT('Origin',(-25.6308239120065,7.00098849192625,13.));
#12010=CARTESIAN_POINT('',(-25.6308239120065,7.00098849192625,16.));
#12011=CARTESIAN_POINT('',(-25.6308239120065,7.00098849192625,16.));
#12012=CARTESIAN_POINT('',(-25.6308239120065,7.00098849192625,13.));
#12013=CARTESIAN_POINT('Origin',(-25.6308239120065,6.50098849192625,13.));
#12014=CARTESIAN_POINT('Origin',(-25.6308239120065,6.50098849192625,16.));
#12015=CARTESIAN_POINT('Origin',(38.9,-19.7,13.));
#12016=CARTESIAN_POINT('',(38.9,-19.7,16.));
#12017=CARTESIAN_POINT('Origin',(-38.9,19.7,13.));
#12018=CARTESIAN_POINT('',(-38.9,19.7,16.));
#12019=CARTESIAN_POINT('Origin',(-1.33226762955019E-14,-2.22044604925031E-15,
16.));
#12020=CARTESIAN_POINT('Ctrl Pts',(-24.6728594246713,5.78923046368338,20.0365803655408));
#12021=CARTESIAN_POINT('Ctrl Pts',(-24.672947782209,5.78931580736203,20.0360963574876));
#12022=CARTESIAN_POINT('Ctrl Pts',(-24.6730346784864,5.78940119665912,20.0356120907195));
#12023=CARTESIAN_POINT('Ctrl Pts',(-24.6731201118944,5.78948663006714,20.0351275737858));
#12024=CARTESIAN_POINT('Ctrl Pts',(-24.7360617534979,5.78725737872126,20.047770286415));
#12025=CARTESIAN_POINT('Ctrl Pts',(-24.7361652718435,5.78736451391302,20.0471613715775));
#12026=CARTESIAN_POINT('Ctrl Pts',(-24.7362670358374,5.78747227262497,20.0465528793121));
#12027=CARTESIAN_POINT('Ctrl Pts',(-24.7363668848304,5.78757950650738,20.045943408958));
#12028=CARTESIAN_POINT('Ctrl Pts',(-24.8618818694248,5.73194990740347,20.0609870346159));
#12029=CARTESIAN_POINT('Ctrl Pts',(-24.8620159513879,5.73211353361598,20.0601326613731));
#12030=CARTESIAN_POINT('Ctrl Pts',(-24.8621473993221,5.73227720202078,20.0592772529162));
#12031=CARTESIAN_POINT('Ctrl Pts',(-24.862276332141,5.73244091206068,20.0584222197656));
#12032=CARTESIAN_POINT('Ctrl Pts',(-24.916934803826,5.60591309095633,20.0488134689059));
#12033=CARTESIAN_POINT('Ctrl Pts',(-24.9170976762152,5.60611936629802,20.0478562735496));
#12034=CARTESIAN_POINT('Ctrl Pts',(-24.9172578732663,5.60632511613506,20.0469015035406));
#12035=CARTESIAN_POINT('Ctrl Pts',(-24.9174149265877,5.60653146475011,20.045943408958));
#12036=CARTESIAN_POINT('Ctrl Pts',(-24.9188067227571,5.54264238702865,20.0379988627385));
#12037=CARTESIAN_POINT('Ctrl Pts',(-24.9189814200028,5.54285644393555,20.0370422903123));
#12038=CARTESIAN_POINT('Ctrl Pts',(-24.9191531968606,5.54307054678869,20.0360851883615));
#12039=CARTESIAN_POINT('Ctrl Pts',(-24.9193220501474,5.54328469181409,20.0351275737858));
#12040=CARTESIAN_POINT('',(-24.6731201118944,5.78948663006714,20.0351275737858));
#12041=CARTESIAN_POINT('',(-24.9193220501474,5.54328469181409,20.0351275737858));
#12042=CARTESIAN_POINT('Origin',(-24.6731201118944,5.54328469181409,19.991715529369));
#12043=CARTESIAN_POINT('',(-24.9188067227571,5.54264238702863,20.0379988627386));
#12044=CARTESIAN_POINT('Ctrl Pts',(-24.9193220501474,5.54328469181409,20.0351275737858));
#12045=CARTESIAN_POINT('Ctrl Pts',(-24.9191531968606,5.54307054678869,20.0360851883615));
#12046=CARTESIAN_POINT('Ctrl Pts',(-24.9189814200028,5.54285644393555,20.0370422903123));
#12047=CARTESIAN_POINT('Ctrl Pts',(-24.9188067227571,5.54264238702865,20.0379988627385));
#12048=CARTESIAN_POINT('',(-24.6728594246693,5.78923046368211,20.036580365548));
#12049=CARTESIAN_POINT('Origin',(-24.6728594246713,5.54302852543032,19.9931683211241));
#12050=CARTESIAN_POINT('',(-25.2015666806244,6.31793319879714,17.038158155908));
#12051=CARTESIAN_POINT('Ctrl Pts',(-24.3111695020407,5.18435350375016,20.3553076670092));
#12052=CARTESIAN_POINT('Ctrl Pts',(-24.3117864541819,5.18566185435152,20.3558197487853));
#12053=CARTESIAN_POINT('Ctrl Pts',(-24.3124047185842,5.18697220311655,20.3563295829925));
#12054=CARTESIAN_POINT('Ctrl Pts',(-24.3548376567706,5.27664293427104,20.3903195023307));
#12055=CARTESIAN_POINT('Ctrl Pts',(-24.4280866892146,5.41989042931741,20.4033978166124));
#12056=CARTESIAN_POINT('Ctrl Pts',(-24.5623711001062,5.65271749207108,20.3157212326061));
#12057=CARTESIAN_POINT('Ctrl Pts',(-24.6441596399895,5.76723387816244,20.1613292010768));
#12058=CARTESIAN_POINT('Ctrl Pts',(-24.6728594246693,5.78923046368211,20.036580365548));
#12059=CARTESIAN_POINT('Ctrl Pts',(-24.3111695020407,5.18435350375016,20.3553076670092));
#12060=CARTESIAN_POINT('Ctrl Pts',(-24.3120016965546,5.1854145039638,20.35584584949));
#12061=CARTESIAN_POINT('Ctrl Pts',(-24.3128803449666,5.18652931803055,20.3563074803083));
#12062=CARTESIAN_POINT('Ctrl Pts',(-24.3704120409371,5.25960284589357,20.3914900976658));
#12063=CARTESIAN_POINT('Ctrl Pts',(-24.4645843001811,5.377417418255,20.4169054139976));
#12064=CARTESIAN_POINT('Ctrl Pts',(-24.639172879842,5.6019767161548,20.380841769253));
#12065=CARTESIAN_POINT('Ctrl Pts',(-24.7665891284312,5.75847459051978,20.225219511628));
#12066=CARTESIAN_POINT('Ctrl Pts',(-24.7992640823228,5.78528429375822,20.0589602072965));
#12067=CARTESIAN_POINT('Ctrl Pts',(-24.3111695020407,5.18435350375016,20.3553076670092));
#12068=CARTESIAN_POINT('Ctrl Pts',(-24.3122295015648,5.18518611968922,20.3558471672038));
#12069=CARTESIAN_POINT('Ctrl Pts',(-24.3133438765897,5.18606460838423,20.3563101617379));
#12070=CARTESIAN_POINT('Ctrl Pts',(-24.3863599572166,5.24361435243356,20.3915823400805));
#12071=CARTESIAN_POINT('Ctrl Pts',(-24.5042686042035,5.33763144198589,20.4171347633653));
#12072=CARTESIAN_POINT('Ctrl Pts',(-24.729486762808,5.51142854614828,20.3813629336952));
#12073=CARTESIAN_POINT('Ctrl Pts',(-24.8872120137943,5.63753735222467,20.2259151778459));
#12074=CARTESIAN_POINT('Ctrl Pts',(-24.9150628848942,5.66918379488355,20.0596280750771));
#12075=CARTESIAN_POINT('Ctrl Pts',(-24.3111695020407,5.18435350375016,20.3553076670092));
#12076=CARTESIAN_POINT('Ctrl Pts',(-24.3124764482756,5.18497010652804,20.3558237402012));
#12077=CARTESIAN_POINT('Ctrl Pts',(-24.3137854092857,5.18558800258234,20.3563375697305));
#12078=CARTESIAN_POINT('Ctrl Pts',(-24.4033666712373,5.2279905469572,20.390600221314));
#12079=CARTESIAN_POINT('Ctrl Pts',(-24.5467245727983,5.30094822393956,20.404083365808));
#12080=CARTESIAN_POINT('Ctrl Pts',(-24.7804011348046,5.43412156827807,20.3169793154312));
#12081=CARTESIAN_POINT('Ctrl Pts',(-24.8960178415437,5.51471912237583,20.1627816852204));
#12082=CARTESIAN_POINT('Ctrl Pts',(-24.9188067227571,5.54264238702863,20.0379988627386));
#12083=CARTESIAN_POINT('',(-24.3111695020407,5.18435350375016,20.3553076670092));
#12084=CARTESIAN_POINT('Ctrl Pts',(-24.9188067227571,5.54264238702863,20.0379988627386));
#12085=CARTESIAN_POINT('Ctrl Pts',(-24.8960178415437,5.51471912237583,20.1627816852204));
#12086=CARTESIAN_POINT('Ctrl Pts',(-24.7804011348046,5.43412156827807,20.3169793154312));
#12087=CARTESIAN_POINT('Ctrl Pts',(-24.5467245727983,5.30094822393956,20.404083365808));
#12088=CARTESIAN_POINT('Ctrl Pts',(-24.4033666712373,5.2279905469572,20.390600221314));
#12089=CARTESIAN_POINT('Ctrl Pts',(-24.3137854092857,5.18558800258234,20.3563375697305));
#12090=CARTESIAN_POINT('Ctrl Pts',(-24.3124764482756,5.18497010652804,20.3558237402012));
#12091=CARTESIAN_POINT('Ctrl Pts',(-24.3111695020407,5.18435350375016,20.3553076670092));
#12092=CARTESIAN_POINT('Ctrl Pts',(-24.3111695020407,5.18435350375016,20.3553076670092));
#12093=CARTESIAN_POINT('Ctrl Pts',(-24.3117864541819,5.18566185435152,20.3558197487853));
#12094=CARTESIAN_POINT('Ctrl Pts',(-24.3124047185842,5.18697220311655,20.3563295829925));
#12095=CARTESIAN_POINT('Ctrl Pts',(-24.3548376567706,5.27664293427104,20.3903195023307));
#12096=CARTESIAN_POINT('Ctrl Pts',(-24.4280866892146,5.41989042931741,20.4033978166124));
#12097=CARTESIAN_POINT('Ctrl Pts',(-24.5623711001062,5.65271749207108,20.3157212326061));
#12098=CARTESIAN_POINT('Ctrl Pts',(-24.6441596399895,5.76723387816244,20.1613292010768));
#12099=CARTESIAN_POINT('Ctrl Pts',(-24.6728594246693,5.78923046368211,20.036580365548));
#12100=CARTESIAN_POINT('Ctrl Pts',(-24.9188866134986,-5.54074363825927,
20.0375442067379));
#12101=CARTESIAN_POINT('Ctrl Pts',(-24.9190640618187,-5.54096090712339,
20.0365730809013));
#12102=CARTESIAN_POINT('Ctrl Pts',(-24.9192385002086,-5.54117822340329,
20.0356014090351));
#12103=CARTESIAN_POINT('Ctrl Pts',(-24.9194099253366,-5.54139558315078,
20.0346292088228));
#12104=CARTESIAN_POINT('Ctrl Pts',(-24.9170151970633,-5.60401468361003,
20.0483587871593));
#12105=CARTESIAN_POINT('Ctrl Pts',(-24.9171806517657,-5.60422406015424,
20.0473870302362));
#12106=CARTESIAN_POINT('Ctrl Pts',(-24.9173433446178,-5.60443290392596,
20.0464177281219));
#12107=CARTESIAN_POINT('Ctrl Pts',(-24.9175028017769,-5.6046423560868,20.0454450439951));
#12108=CARTESIAN_POINT('Ctrl Pts',(-24.8619635570989,-5.7300533703927,20.0605276921188));
#12109=CARTESIAN_POINT('Ctrl Pts',(-24.8620997817948,-5.73021947236319,
20.059660325763));
#12110=CARTESIAN_POINT('Ctrl Pts',(-24.8622332928175,-5.7303856180282,20.0587919028824));
#12111=CARTESIAN_POINT('Ctrl Pts',(-24.8623642104302,-5.73055180649735,
20.0579238558959));
#12112=CARTESIAN_POINT('Ctrl Pts',(-24.7361448775684,-5.78536337083778,
20.0472997063103));
#12113=CARTESIAN_POINT('Ctrl Pts',(-24.7362500355459,-5.78547213486936,
20.0466815350473));
#12114=CARTESIAN_POINT('Ctrl Pts',(-24.736353383938,-5.78558153205028,20.0460637880693));
#12115=CARTESIAN_POINT('Ctrl Pts',(-24.7364547600196,-5.78569039784407,
20.0454450439951));
#12116=CARTESIAN_POINT('Ctrl Pts',(-24.6729432657375,-5.7873374595862,20.0361040926811));
#12117=CARTESIAN_POINT('Ctrl Pts',(-24.673033012811,-5.78742410034296,20.0356127285325));
#12118=CARTESIAN_POINT('Ctrl Pts',(-24.6731212538211,-5.78751078814131,
20.0351210975977));
#12119=CARTESIAN_POINT('Ctrl Pts',(-24.6732079870836,-5.78759752140383,
20.0346292088228));
#12120=CARTESIAN_POINT('',(-24.9194099253366,-5.54139558315078,20.0346292088228));
#12121=CARTESIAN_POINT('',(-24.6732079870836,-5.78759752140383,20.0346292088228));
#12122=CARTESIAN_POINT('Origin',(-24.6732079870836,-5.54139558315078,19.9912171644061));
#12123=CARTESIAN_POINT('',(-24.6729432657354,-5.78733745958487,20.0361040926887));
#12124=CARTESIAN_POINT('',(-25.2015666806244,-6.31595621494463,17.038158155908));
#12125=CARTESIAN_POINT('',(-24.9188866134986,-5.54074363825927,20.0375442067379));
#12126=CARTESIAN_POINT('Origin',(-24.6729432657375,-5.54113552133315,19.9926920482644));
#12127=CARTESIAN_POINT('Ctrl Pts',(-24.9188866134986,-5.54074363825927,
20.0375442067379));
#12128=CARTESIAN_POINT('Ctrl Pts',(-24.9190640618187,-5.54096090712339,
20.0365730809013));
#12129=CARTESIAN_POINT('Ctrl Pts',(-24.9192385002086,-5.54117822340329,
20.0356014090351));
#12130=CARTESIAN_POINT('Ctrl Pts',(-24.9194099253366,-5.54139558315078,
20.0346292088228));
#12131=CARTESIAN_POINT('Ctrl Pts',(-24.311251607886,-5.18250460211155,20.3548420216219));
#12132=CARTESIAN_POINT('Ctrl Pts',(-24.3125594374061,-5.18312163756762,
20.3553583829597));
#12133=CARTESIAN_POINT('Ctrl Pts',(-24.3138692824163,-5.18373996704292,
20.3558724952382));
#12134=CARTESIAN_POINT('Ctrl Pts',(-24.4034481379774,-5.22614243779505,
20.3901294734618));
#12135=CARTESIAN_POINT('Ctrl Pts',(-24.5468000455276,-5.29909471619868,
20.4036065727895));
#12136=CARTESIAN_POINT('Ctrl Pts',(-24.7804670200135,-5.43224796415419,
20.3165029265279));
#12137=CARTESIAN_POINT('Ctrl Pts',(-24.8960869588058,-5.51282759445715,
20.1623204442335));
#12138=CARTESIAN_POINT('Ctrl Pts',(-24.9188866134986,-5.54074363825927,
20.0375442067379));
#12139=CARTESIAN_POINT('Ctrl Pts',(-24.311251607886,-5.18250460211155,20.3548420216219));
#12140=CARTESIAN_POINT('Ctrl Pts',(-24.3123123362227,-5.18333780915754,
20.3553817791859));
#12141=CARTESIAN_POINT('Ctrl Pts',(-24.3134274611235,-5.18421688791182,
20.3558450563673));
#12142=CARTESIAN_POINT('Ctrl Pts',(-24.3864419397226,-5.24176628760834,
20.3911096837378));
#12143=CARTESIAN_POINT('Ctrl Pts',(-24.5043470675382,-5.33577865824968,
20.4166544512451));
#12144=CARTESIAN_POINT('Ctrl Pts',(-24.7295530280669,-5.50955708410346,
20.3808732313064));
#12145=CARTESIAN_POINT('Ctrl Pts',(-24.8872747915272,-5.63564240954766,
20.225448322641));
#12146=CARTESIAN_POINT('Ctrl Pts',(-24.9151437806273,-5.66728572896032,
20.0591733675848));
#12147=CARTESIAN_POINT('Ctrl Pts',(-24.311251607886,-5.18250460211155,20.3548420216219));
#12148=CARTESIAN_POINT('Ctrl Pts',(-24.3120843872405,-5.18356634654891,
20.3553804405258));
#12149=CARTESIAN_POINT('Ctrl Pts',(-24.3129636281752,-5.18468191749864,
20.3558423322638));
#12150=CARTESIAN_POINT('Ctrl Pts',(-24.3704947293987,-5.25775468776701,
20.3910160383541));
#12151=CARTESIAN_POINT('Ctrl Pts',(-24.4646646403002,-5.37556429263311,
20.4164216142118));
#12152=CARTESIAN_POINT('Ctrl Pts',(-24.6392465580524,-5.60010136987311,
20.3803441596683));
#12153=CARTESIAN_POINT('Ctrl Pts',(-24.7666590412922,-5.75657725499977,
20.2247420853653));
#12154=CARTESIAN_POINT('Ctrl Pts',(-24.7993464893974,-5.78338928208841,
20.0584953199471));
#12155=CARTESIAN_POINT('Ctrl Pts',(-24.311251607886,-5.18250460211155,20.3548420216219));
#12156=CARTESIAN_POINT('Ctrl Pts',(-24.3118689984638,-5.18381385794692,
20.3553543280448));
#12157=CARTESIAN_POINT('Ctrl Pts',(-24.3124877023588,-5.18512511237614,
20.3558643814429));
#12158=CARTESIAN_POINT('Ctrl Pts',(-24.3549210456011,-5.27479476634864,
20.3898444835448));
#12159=CARTESIAN_POINT('Ctrl Pts',(-24.428169113175,-5.41803456091191,20.4029106063719));
#12160=CARTESIAN_POINT('Ctrl Pts',(-24.5624502690522,-5.65083913950779,
20.3152257287997));
#12161=CARTESIAN_POINT('Ctrl Pts',(-24.6442389044692,-5.76534212022729,
20.1608458608798));
#12162=CARTESIAN_POINT('Ctrl Pts',(-24.6729432657354,-5.78733745958487,
20.0361040926887));
#12163=CARTESIAN_POINT('',(-24.311251607886,-5.18250460211155,20.3548420216219));
#12164=CARTESIAN_POINT('Ctrl Pts',(-24.6729432657354,-5.78733745958487,
20.0361040926887));
#12165=CARTESIAN_POINT('Ctrl Pts',(-24.6442389044692,-5.76534212022729,
20.1608458608798));
#12166=CARTESIAN_POINT('Ctrl Pts',(-24.5624502690522,-5.65083913950779,
20.3152257287997));
#12167=CARTESIAN_POINT('Ctrl Pts',(-24.428169113175,-5.41803456091191,20.4029106063719));
#12168=CARTESIAN_POINT('Ctrl Pts',(-24.3549210456011,-5.27479476634864,
20.3898444835448));
#12169=CARTESIAN_POINT('Ctrl Pts',(-24.3124877023588,-5.18512511237614,
20.3558643814429));
#12170=CARTESIAN_POINT('Ctrl Pts',(-24.3118689984638,-5.18381385794692,
20.3553543280448));
#12171=CARTESIAN_POINT('Ctrl Pts',(-24.311251607886,-5.18250460211155,20.3548420216219));
#12172=CARTESIAN_POINT('Ctrl Pts',(-24.311251607886,-5.18250460211155,20.3548420216219));
#12173=CARTESIAN_POINT('Ctrl Pts',(-24.3125594374061,-5.18312163756762,
20.3553583829597));
#12174=CARTESIAN_POINT('Ctrl Pts',(-24.3138692824163,-5.18373996704292,
20.3558724952382));
#12175=CARTESIAN_POINT('Ctrl Pts',(-24.4034481379774,-5.22614243779505,
20.3901294734618));
#12176=CARTESIAN_POINT('Ctrl Pts',(-24.5468000455276,-5.29909471619868,
20.4036065727895));
#12177=CARTESIAN_POINT('Ctrl Pts',(-24.7804670200135,-5.43224796415419,
20.3165029265279));
#12178=CARTESIAN_POINT('Ctrl Pts',(-24.8960869588058,-5.51282759445715,
20.1623204442335));
#12179=CARTESIAN_POINT('Ctrl Pts',(-24.9188866134986,-5.54074363825927,
20.0375442067379));
#12180=CARTESIAN_POINT('Ctrl Pts',(-13.5776972105746,-5.798458101741,19.9729845693323));
#12181=CARTESIAN_POINT('Ctrl Pts',(-13.5774861599863,-5.7986327976955,19.9720279707594));
#12182=CARTESIAN_POINT('Ctrl Pts',(-13.5772750634443,-5.7988045760609,19.9710708434948));
#12183=CARTESIAN_POINT('Ctrl Pts',(-13.5770639246695,-5.79897343366385,
19.9701132044411));
#12184=CARTESIAN_POINT('Ctrl Pts',(-13.5144279644368,-5.79658397740312,
19.9837985155091));
#12185=CARTESIAN_POINT('Ctrl Pts',(-13.514224212336,-5.79674759954551,19.9828415210619));
#12186=CARTESIAN_POINT('Ctrl Pts',(-13.5140209794848,-5.79690850096114,
19.9818869404955));
#12187=CARTESIAN_POINT('Ctrl Pts',(-13.5138171517335,-5.79706631010409,
19.9809290396133));
#12188=CARTESIAN_POINT('Ctrl Pts',(-13.3883775173413,-5.74154751784862,
19.9959774823083));
#12189=CARTESIAN_POINT('Ctrl Pts',(-13.3882148566023,-5.74168294390808,
19.9951237003893));
#12190=CARTESIAN_POINT('Ctrl Pts',(-13.38805214341,-5.74181574223033,19.994268763911));
#12191=CARTESIAN_POINT('Ctrl Pts',(-13.3878893954406,-5.7419460246397,19.9934143071561));
#12192=CARTESIAN_POINT('Ctrl Pts',(-13.3330909358775,-5.61571193793292,
19.9827542049962));
#12193=CARTESIAN_POINT('Ctrl Pts',(-13.3329838868632,-5.61581585807187,
19.982145866614));
#12194=CARTESIAN_POINT('Ctrl Pts',(-13.3328762585029,-5.61591801383191,
19.9815379383635));
#12195=CARTESIAN_POINT('Ctrl Pts',(-13.3327691099762,-5.61601826834682,
19.9809290396133));
#12196=CARTESIAN_POINT('Ctrl Pts',(-13.3311178946019,-5.5525110708148,19.9715645318808));
#12197=CARTESIAN_POINT('Ctrl Pts',(-13.3310326369452,-5.55259933937967,
19.9710810116825));
#12198=CARTESIAN_POINT('Ctrl Pts',(-13.3309473337147,-5.55268614811256,
19.9705972330219));
#12199=CARTESIAN_POINT('Ctrl Pts',(-13.3308619864164,-5.55277149541079,
19.9701132044411));
#12200=CARTESIAN_POINT('',(-13.5770639246695,-5.79897343366385,19.9701132044411));
#12201=CARTESIAN_POINT('',(-13.3308619864164,-5.55277149541079,19.9701132044411));
#12202=CARTESIAN_POINT('Origin',(-13.5770639246695,-5.55277149541079,19.9267011600243));
#12203=CARTESIAN_POINT('',(-13.3311178946031,-5.55251107081299,19.9715645318874));
#12204=CARTESIAN_POINT('',(-12.8138792051357,-6.06975427669157,17.038158155908));
#12205=CARTESIAN_POINT('',(-13.5776972105746,-5.798458101741,19.9729845693323));
#12206=CARTESIAN_POINT('Origin',(-13.577319832855,-5.5525110708148,19.928152487464));
#12207=CARTESIAN_POINT('Ctrl Pts',(-13.5776972105746,-5.798458101741,19.9729845693323));
#12208=CARTESIAN_POINT('Ctrl Pts',(-13.5774861599863,-5.7986327976955,19.9720279707594));
#12209=CARTESIAN_POINT('Ctrl Pts',(-13.5772750634443,-5.7988045760609,19.9710708434948));
#12210=CARTESIAN_POINT('Ctrl Pts',(-13.5770639246695,-5.79897343366385,
19.9701132044411));
#12211=CARTESIAN_POINT('Ctrl Pts',(-13.933438683956,-5.19337731433454,20.2931798064617));
#12212=CARTESIAN_POINT('Ctrl Pts',(-13.9328188230305,-5.19468744066025,
20.2936844309268));
#12213=CARTESIAN_POINT('Ctrl Pts',(-13.9321963105816,-5.19600203479874,
20.2941864400792));
#12214=CARTESIAN_POINT('Ctrl Pts',(-13.8689848690369,-5.32924920704529,
20.3440788710927));
#12215=CARTESIAN_POINT('Ctrl Pts',(-13.7639479020379,-5.53150444754557,
20.3441038846273));
#12216=CARTESIAN_POINT('Ctrl Pts',(-13.6322487311884,-5.73793628994599,
20.154997141726));
#12217=CARTESIAN_POINT('Ctrl Pts',(-13.5914304884065,-5.78709045714227,
20.0352314177568));
#12218=CARTESIAN_POINT('Ctrl Pts',(-13.5776972105746,-5.798458101741,19.9729845693323));
#12219=CARTESIAN_POINT('Ctrl Pts',(-13.933438683956,-5.19337731433454,20.2931798064617));
#12220=CARTESIAN_POINT('Ctrl Pts',(-13.9325758101825,-5.19446616995871,
20.2936024647245));
#12221=CARTESIAN_POINT('Ctrl Pts',(-13.9317494469278,-5.19553216571798,
20.2942732143888));
#12222=CARTESIAN_POINT('Ctrl Pts',(-13.844383345553,-5.30576671278887,20.3398418402042));
#12223=CARTESIAN_POINT('Ctrl Pts',(-13.7176073545124,-5.46809447546011,
20.3832090152317));
#12224=CARTESIAN_POINT('Ctrl Pts',(-13.5262594589309,-5.71336834079615,
20.2223568516084));
#12225=CARTESIAN_POINT('Ctrl Pts',(-13.4651248955541,-5.78271906800677,
20.0731200883531));
#12226=CARTESIAN_POINT('Ctrl Pts',(-13.4511587182994,-5.79470985306461,
19.9946124616893));
#12227=CARTESIAN_POINT('Ctrl Pts',(-13.933438683956,-5.19337731433454,20.2931798064617));
#12228=CARTESIAN_POINT('Ctrl Pts',(-13.9323495481253,-5.19424047691687,
20.2936011587173));
#12229=CARTESIAN_POINT('Ctrl Pts',(-13.9312817466099,-5.19506563209136,
20.2942705120828));
#12230=CARTESIAN_POINT('Ctrl Pts',(-13.821002822323,-5.28244482628496,20.3397068389017));
#12231=CARTESIAN_POINT('Ctrl Pts',(-13.6587477575979,-5.40938401459507,
20.382869551771));
#12232=CARTESIAN_POINT('Ctrl Pts',(-13.4148971125741,-5.60229136773632,
20.2217154703308));
#12233=CARTESIAN_POINT('Ctrl Pts',(-13.3465657557642,-5.66446404839889,
20.0724373424137));
#12234=CARTESIAN_POINT('Ctrl Pts',(-13.3350639771539,-5.67891280504944,
19.9939438781184));
#12235=CARTESIAN_POINT('Ctrl Pts',(-13.933438683956,-5.19337731433454,20.2931798064617));
#12236=CARTESIAN_POINT('Ctrl Pts',(-13.9321272033281,-5.19399755054775,
20.2936804360747));
#12237=CARTESIAN_POINT('Ctrl Pts',(-13.9308112772353,-5.19462046603862,
20.2941784402642));
#12238=CARTESIAN_POINT('Ctrl Pts',(-13.7974350646579,-5.25787832858619,
20.3436655911127));
#12239=CARTESIAN_POINT('Ctrl Pts',(-13.5954484983575,-5.36343270408708,
20.3431322886442));
#12240=CARTESIAN_POINT('Ctrl Pts',(-13.390448455215,-5.49675573957887,20.1536045421488));
#12241=CARTESIAN_POINT('Ctrl Pts',(-13.3420908990283,-5.53839040551338,
20.0337955323801));
#12242=CARTESIAN_POINT('Ctrl Pts',(-13.3311178946031,-5.55251107081299,
19.9715645318874));
#12243=CARTESIAN_POINT('',(-13.933438683956,-5.19337731433454,20.2931798064617));
#12244=CARTESIAN_POINT('Ctrl Pts',(-13.3311178946031,-5.55251107081299,
19.9715645318874));
#12245=CARTESIAN_POINT('Ctrl Pts',(-13.3420908990283,-5.53839040551338,
20.0337955323801));
#12246=CARTESIAN_POINT('Ctrl Pts',(-13.390448455215,-5.49675573957887,20.1536045421488));
#12247=CARTESIAN_POINT('Ctrl Pts',(-13.5954484983575,-5.36343270408708,
20.3431322886442));
#12248=CARTESIAN_POINT('Ctrl Pts',(-13.7974350646579,-5.25787832858619,
20.3436655911127));
#12249=CARTESIAN_POINT('Ctrl Pts',(-13.9308112772353,-5.19462046603862,
20.2941784402642));
#12250=CARTESIAN_POINT('Ctrl Pts',(-13.9321272033281,-5.19399755054775,
20.2936804360747));
#12251=CARTESIAN_POINT('Ctrl Pts',(-13.933438683956,-5.19337731433454,20.2931798064617));
#12252=CARTESIAN_POINT('Ctrl Pts',(-13.933438683956,-5.19337731433454,20.2931798064617));
#12253=CARTESIAN_POINT('Ctrl Pts',(-13.9328188230305,-5.19468744066025,
20.2936844309268));
#12254=CARTESIAN_POINT('Ctrl Pts',(-13.9321963105816,-5.19600203479874,
20.2941864400792));
#12255=CARTESIAN_POINT('Ctrl Pts',(-13.8689848690369,-5.32924920704529,
20.3440788710927));
#12256=CARTESIAN_POINT('Ctrl Pts',(-13.7639479020379,-5.53150444754557,
20.3441038846273));
#12257=CARTESIAN_POINT('Ctrl Pts',(-13.6322487311884,-5.73793628994599,
20.154997141726));
#12258=CARTESIAN_POINT('Ctrl Pts',(-13.5914304884065,-5.78709045714227,
20.0352314177568));
#12259=CARTESIAN_POINT('Ctrl Pts',(-13.5776972105746,-5.798458101741,19.9729845693323));
#12260=CARTESIAN_POINT('Ctrl Pts',(-13.3312058564392,5.5543999542082,19.9720633882497));
#12261=CARTESIAN_POINT('Ctrl Pts',(-13.3311193016796,5.55448961228897,19.9715725118147));
#12262=CARTESIAN_POINT('Ctrl Pts',(-13.3310326999235,5.55457776575621,19.9710813688502));
#12263=CARTESIAN_POINT('Ctrl Pts',(-13.3309460527473,5.55466441293249,19.9705899682946));
#12264=CARTESIAN_POINT('Ctrl Pts',(-13.3331799014609,5.61760010437019,19.9832587538923));
#12265=CARTESIAN_POINT('Ctrl Pts',(-13.3330712236021,5.6177056641007,19.9826411590605));
#12266=CARTESIAN_POINT('Ctrl Pts',(-13.3329619567623,5.61780940424769,19.982023976035));
#12267=CARTESIAN_POINT('Ctrl Pts',(-13.332853176307,5.61791118586851,19.9814058034669));
#12268=CARTESIAN_POINT('Ctrl Pts',(-13.3884690199177,5.74343424013745,19.9964932672714));
#12269=CARTESIAN_POINT('Ctrl Pts',(-13.3883038834672,5.74357180884812,19.9956264924397));
#12270=CARTESIAN_POINT('Ctrl Pts',(-13.3881386930217,5.74370667010657,19.9947585399183));
#12271=CARTESIAN_POINT('Ctrl Pts',(-13.3879734666183,5.74383893731453,19.9938910693004));
#12272=CARTESIAN_POINT('Ctrl Pts',(-13.514521329396,5.79846941311492,19.9843189624063));
#12273=CARTESIAN_POINT('Ctrl Pts',(-13.5143144761287,5.79863561747597,19.9833474065066));
#12274=CARTESIAN_POINT('Ctrl Pts',(-13.5141081493605,5.79879901464597,19.9823782938889));
#12275=CARTESIAN_POINT('Ctrl Pts',(-13.5139012180643,5.79895922762578,19.9814058034669));
#12276=CARTESIAN_POINT('Ctrl Pts',(-13.5777909170072,5.80034303494582,19.9735050421708));
#12277=CARTESIAN_POINT('Ctrl Pts',(-13.577576654463,5.80052048188856,19.9725338901673));
#12278=CARTESIAN_POINT('Ctrl Pts',(-13.5773623444961,5.80069492174226,19.9715621929797));
#12279=CARTESIAN_POINT('Ctrl Pts',(-13.5771479910003,5.80086635118554,19.9705899682946));
#12280=CARTESIAN_POINT('',(-13.3309460527473,5.55466441293249,19.9705899682946));
#12281=CARTESIAN_POINT('',(-13.5771479910003,5.80086635118554,19.9705899682946));
#12282=CARTESIAN_POINT('Origin',(-13.5771479910003,5.55466441293249,19.9271779238779));
#12283=CARTESIAN_POINT('',(-13.5777909170072,5.80034303494581,19.9735050421709));
#12284=CARTESIAN_POINT('Ctrl Pts',(-13.5771479910003,5.80086635118554,19.9705899682946));
#12285=CARTESIAN_POINT('Ctrl Pts',(-13.5773623444961,5.80069492174226,19.9715621929797));
#12286=CARTESIAN_POINT('Ctrl Pts',(-13.577576654463,5.80052048188856,19.9725338901673));
#12287=CARTESIAN_POINT('Ctrl Pts',(-13.5777909170072,5.80034303494582,19.9735050421708));
#12288=CARTESIAN_POINT('',(-13.3312058564405,5.55439995420627,19.9720633882568));
#12289=CARTESIAN_POINT('Origin',(-13.5774077946923,5.5543999542082,19.928651343833));
#12290=CARTESIAN_POINT('',(-12.8138792051357,6.07173126054408,17.038158155908));
#12291=CARTESIAN_POINT('Ctrl Pts',(-13.9335208838851,5.19522612188926,20.2936459854253));
#12292=CARTESIAN_POINT('Ctrl Pts',(-13.9322107384255,5.19584571151257,20.2941461658682));
#12293=CARTESIAN_POINT('Ctrl Pts',(-13.9308986873091,5.19646656161133,20.2946440623902));
#12294=CARTESIAN_POINT('Ctrl Pts',(-13.8412976033692,5.23898536267223,20.327749430798));
#12295=CARTESIAN_POINT('Ctrl Pts',(-13.6984311051704,5.31208560261247,20.3396266074825));
#12296=CARTESIAN_POINT('Ctrl Pts',(-13.4668708552954,5.44538986574454,20.2506048601577));
#12297=CARTESIAN_POINT('Ctrl Pts',(-13.3531515939992,5.52614691204504,20.096523850669));
#12298=CARTESIAN_POINT('Ctrl Pts',(-13.3312058564405,5.55439995420627,19.9720633882568));
#12299=CARTESIAN_POINT('Ctrl Pts',(-13.9335208838851,5.19522612188927,20.2936459854253));
#12300=CARTESIAN_POINT('Ctrl Pts',(-13.9324577490035,5.19606088369487,20.2941713681824));
#12301=CARTESIAN_POINT('Ctrl Pts',(-13.9313410807134,5.19694145910306,20.2946230314554));
#12302=CARTESIAN_POINT('Ctrl Pts',(-13.8582817744081,5.25451286134143,20.3288781412055));
#12303=CARTESIAN_POINT('Ctrl Pts',(-13.740655555755,5.34855441948396,20.3531268534191));
#12304=CARTESIAN_POINT('Ctrl Pts',(-13.5173060060522,5.52224987910666,20.3151013531031));
#12305=CARTESIAN_POINT('Ctrl Pts',(-13.362147432957,5.64829952960187,20.1600521784546));
#12306=CARTESIAN_POINT('Ctrl Pts',(-13.3351539464836,5.68080025453046,19.9944541195421));
#12307=CARTESIAN_POINT('Ctrl Pts',(-13.9335208838851,5.19522612188927,20.2936459854253));
#12308=CARTESIAN_POINT('Ctrl Pts',(-13.9326857346543,5.19628829021574,20.2941727049914));
#12309=CARTESIAN_POINT('Ctrl Pts',(-13.9318053431237,5.1974045428299,20.2946257538664));
#12310=CARTESIAN_POINT('Ctrl Pts',(-13.8742182742142,5.27040885363732,20.3289715790973));
#12311=CARTESIAN_POINT('Ctrl Pts',(-13.7803363524646,5.38813364424979,20.3533593211443));
#12312=CARTESIAN_POINT('Ctrl Pts',(-13.6074451442058,5.61215537769524,20.3156286363022));
#12313=CARTESIAN_POINT('Ctrl Pts',(-13.4827115285268,5.76854965910315,20.1607570316952));
#12314=CARTESIAN_POINT('Ctrl Pts',(-13.4512517417852,5.79659579128334,19.9951328826456));
#12315=CARTESIAN_POINT('Ctrl Pts',(-13.9335208838851,5.19522612188927,20.2936459854253));
#12316=CARTESIAN_POINT('Ctrl Pts',(-13.9329016746852,5.19653489343181,20.2941502174336));
#12317=CARTESIAN_POINT('Ctrl Pts',(-13.9322812241916,5.1978455875395,20.2946521692595));
#12318=CARTESIAN_POINT('Ctrl Pts',(-13.8897949679346,5.28735955907801,20.3280338058274));
#12319=CARTESIAN_POINT('Ctrl Pts',(-13.816991504329,5.43034215955891,20.3403210890327));
#12320=CARTESIAN_POINT('Ctrl Pts',(-13.6848122089204,5.66276602886558,20.2518796633242));
#12321=CARTESIAN_POINT('Ctrl Pts',(-13.6052573794117,5.77759598972125,20.0979976831897));
#12322=CARTESIAN_POINT('Ctrl Pts',(-13.5777909170072,5.80034303494581,19.9735050421709));
#12323=CARTESIAN_POINT('',(-13.9335208838851,5.19522612188927,20.2936459854253));
#12324=CARTESIAN_POINT('Ctrl Pts',(-13.5777909170072,5.80034303494581,19.9735050421709));
#12325=CARTESIAN_POINT('Ctrl Pts',(-13.6052573794117,5.77759598972125,20.0979976831897));
#12326=CARTESIAN_POINT('Ctrl Pts',(-13.6848122089204,5.66276602886558,20.2518796633242));
#12327=CARTESIAN_POINT('Ctrl Pts',(-13.816991504329,5.43034215955891,20.3403210890327));
#12328=CARTESIAN_POINT('Ctrl Pts',(-13.8897949679346,5.28735955907801,20.3280338058274));
#12329=CARTESIAN_POINT('Ctrl Pts',(-13.9322812241916,5.1978455875395,20.2946521692595));
#12330=CARTESIAN_POINT('Ctrl Pts',(-13.9329016746852,5.19653489343181,20.2941502174336));
#12331=CARTESIAN_POINT('Ctrl Pts',(-13.9335208838851,5.19522612188927,20.2936459854253));
#12332=CARTESIAN_POINT('Ctrl Pts',(-13.9335208838851,5.19522612188926,20.2936459854253));
#12333=CARTESIAN_POINT('Ctrl Pts',(-13.9322107384255,5.19584571151257,20.2941461658682));
#12334=CARTESIAN_POINT('Ctrl Pts',(-13.9308986873091,5.19646656161133,20.2946440623902));
#12335=CARTESIAN_POINT('Ctrl Pts',(-13.8412976033692,5.23898536267223,20.327749430798));
#12336=CARTESIAN_POINT('Ctrl Pts',(-13.6984311051704,5.31208560261247,20.3396266074825));
#12337=CARTESIAN_POINT('Ctrl Pts',(-13.4668708552954,5.44538986574454,20.2506048601577));
#12338=CARTESIAN_POINT('Ctrl Pts',(-13.3531515939992,5.52614691204504,20.096523850669));
#12339=CARTESIAN_POINT('Ctrl Pts',(-13.3312058564405,5.55439995420627,19.9720633882568));
#12340=CARTESIAN_POINT('Origin',(-19.0000002831221,1.70831400445766,40.3012224465545));
#12341=CARTESIAN_POINT('Origin',(-19.0000002831221,1.66858577179586,40.2942172872403));
#12342=CARTESIAN_POINT('Origin',(-19.0000002831221,2.20071788096377,40.3880465353879));
#12343=CARTESIAN_POINT('Origin',(-17.4195237776978,0.,40.2786812463286));
#12344=CARTESIAN_POINT('Origin',(-16.9271199011917,0.,40.365505335162));
#12345=CARTESIAN_POINT('Origin',(-17.4562790452658,0.,40.2722003009732));
#12346=CARTESIAN_POINT('Origin',(-19.0000002831221,-1.7063966339626,40.3008843624042));
#12347=CARTESIAN_POINT('Origin',(-19.0000002831221,-2.1988005104687,40.3877084512376));
#12348=CARTESIAN_POINT('Origin',(-19.0000002831221,-1.6667129913123,40.2938870655121));
#12349=CARTESIAN_POINT('Origin',(-20.834234416118,0.,40.32342556263));
#12350=CARTESIAN_POINT('Origin',(-21.3266382926241,0.,40.4102496514635));
#12351=CARTESIAN_POINT('',(-24.4244805215447,-6.64307236102231E-16,19.7126889421342));
#12352=CARTESIAN_POINT('Origin',(-20.7915778083739,0.,40.3159040517793));
#12353=CARTESIAN_POINT('Origin',(-20.7915778083739,0.,40.3159040517793));
#12354=CARTESIAN_POINT('Origin',(-25.2015666806244,-6.06975427669157,16.9947461114912));
#12355=CARTESIAN_POINT('',(-25.579087452111,-6.20107310992519,16.2934120444167));
#12356=CARTESIAN_POINT('',(-25.4477686188774,-6.06975427669157,17.038158155908));
#12357=CARTESIAN_POINT('',(-25.332885513858,-6.44727504817824,16.2934120444167));
#12358=CARTESIAN_POINT('Origin',(-25.332885513858,-6.20107310992519,16.25));
#12359=CARTESIAN_POINT('',(-25.2015666806244,-6.31595621494463,17.038158155908));
#12360=CARTESIAN_POINT('Origin',(-25.6308239120065,-6.49901150807375,16.));
#12361=CARTESIAN_POINT('',(-25.579087452111,6.2030500937777,16.2934120444167));
#12362=CARTESIAN_POINT('',(-25.4477686188774,6.07173126054408,17.038158155908));
#12363=CARTESIAN_POINT('',(-25.579087452111,-3.24901150807375,16.2934120444167));
#12364=CARTESIAN_POINT('Origin',(-25.2015666806244,6.07173126054408,16.9947461114912));
#12365=CARTESIAN_POINT('',(-25.332885513858,6.44925203203075,16.2934120444167));
#12366=CARTESIAN_POINT('',(-25.2015666806244,6.31793319879714,17.038158155908));
#12367=CARTESIAN_POINT('Origin',(-25.332885513858,6.2030500937777,16.25));
#12368=CARTESIAN_POINT('Origin',(-25.6308239120065,6.50098849192625,16.));
#12369=CARTESIAN_POINT('',(-12.9287623101551,6.44925203203075,16.2934120444167));
#12370=CARTESIAN_POINT('',(-13.0600811433887,6.31793319879714,17.038158155908));
#12371=CARTESIAN_POINT('',(-22.3808239120065,6.44925203203075,16.2934120444167));
#12372=CARTESIAN_POINT('Origin',(-13.0600811433887,6.07173126054408,16.9947461114912));
#12373=CARTESIAN_POINT('',(-12.682560371902,6.2030500937777,16.2934120444167));
#12374=CARTESIAN_POINT('',(-12.8138792051357,6.07173126054408,17.038158155908));
#12375=CARTESIAN_POINT('Origin',(-12.9287623101551,6.2030500937777,16.25));
#12376=CARTESIAN_POINT('Origin',(-19.0000002831221,0.,40.0000005960464));
#12377=CARTESIAN_POINT('',(-19.0000002831221,-1.57474777179495E-31,19.0000005960465));
#12378=CARTESIAN_POINT('Origin',(-19.0000002831221,0.,40.0000005960464));
#12379=CARTESIAN_POINT('Origin',(-21.6308239120066,-2.49901150807375,16.));
#12380=CARTESIAN_POINT('',(-21.6308239120065,-2.49901150807375,16.));
#12381=CARTESIAN_POINT('',(-21.6308239120065,2.50098849192626,16.));
#12382=CARTESIAN_POINT('',(-21.6308239120066,-1.24901150807375,16.));
#12383=CARTESIAN_POINT('',(-21.6308239120065,2.50098849192626,13.));
#12384=CARTESIAN_POINT('',(-21.6308239120065,2.50098849192626,16.));
#12385=CARTESIAN_POINT('',(-21.6308239120065,-2.49901150807375,13.));
#12386=CARTESIAN_POINT('',(-21.6308239120066,-1.24901150807375,13.));
#12387=CARTESIAN_POINT('',(-21.6308239120065,-2.49901150807375,16.));
#12388=CARTESIAN_POINT('Origin',(-16.6308239120065,-2.49901150807375,16.));
#12389=CARTESIAN_POINT('',(-16.6308239120065,-2.49901150807375,16.));
#12390=CARTESIAN_POINT('',(-17.8808239120065,-2.49901150807375,16.));
#12391=CARTESIAN_POINT('',(-16.6308239120065,-2.49901150807375,13.));
#12392=CARTESIAN_POINT('',(-17.8808239120065,-2.49901150807375,13.));
#12393=CARTESIAN_POINT('',(-16.6308239120065,-2.49901150807375,16.));
#12394=CARTESIAN_POINT('Origin',(-16.6308239120065,2.50098849192626,16.));
#12395=CARTESIAN_POINT('',(-16.6308239120065,2.50098849192626,16.));
#12396=CARTESIAN_POINT('',(-16.6308239120065,1.25098849192626,16.));
#12397=CARTESIAN_POINT('',(-16.6308239120065,2.50098849192626,13.));
#12398=CARTESIAN_POINT('',(-16.6308239120065,1.25098849192626,13.));
#12399=CARTESIAN_POINT('',(-16.6308239120065,2.50098849192626,16.));
#12400=CARTESIAN_POINT('Origin',(-21.6308239120065,2.50098849192626,16.));
#12401=CARTESIAN_POINT('',(-20.3808239120065,2.50098849192626,16.));
#12402=CARTESIAN_POINT('',(-20.3808239120065,2.50098849192626,13.));
#12403=CARTESIAN_POINT('Origin',(-19.1308239120065,0.000988491926254831,
13.));
#12404=CARTESIAN_POINT('Origin',(-21.6308239120065,2.50098849192626,16.));
#12405=CARTESIAN_POINT('',(-21.2781699505896,2.14833453050933,18.));
#12406=CARTESIAN_POINT('',(-16.9834778734235,2.14833453050933,18.));
#12407=CARTESIAN_POINT('',(-20.3808239120065,2.14833453050933,18.));
#12408=CARTESIAN_POINT('',(-16.7040015599421,2.42781084399067,16.4150110643395));
#12409=CARTESIAN_POINT('',(-21.557646264071,2.42781084399067,16.4150110643395));
#12410=CARTESIAN_POINT('Origin',(-16.6308239120065,2.50098849192626,16.));
#12411=CARTESIAN_POINT('',(-16.9834778734235,-2.14635754665682,18.));
#12412=CARTESIAN_POINT('',(-16.9834778734235,1.25098849192626,18.));
#12413=CARTESIAN_POINT('',(-16.7040015599421,-2.42583386013816,16.4150110643395));
#12414=CARTESIAN_POINT('Origin',(-16.6308239120065,-2.49901150807375,16.));
#12415=CARTESIAN_POINT('',(-21.2781699505896,-2.14635754665682,18.));
#12416=CARTESIAN_POINT('',(-17.8808239120065,-2.14635754665682,18.));
#12417=CARTESIAN_POINT('',(-21.557646264071,-2.42583386013816,16.4150110643395));
#12418=CARTESIAN_POINT('Origin',(-21.6308239120065,-2.49901150807375,16.));
#12419=CARTESIAN_POINT('',(-21.2781699505896,-1.24901150807375,18.));
#12420=CARTESIAN_POINT('Origin',(-13.9287623101551,5.2030500937777,16.));
#12421=CARTESIAN_POINT('',(-13.5761083487382,5.55570405519464,18.));
#12422=CARTESIAN_POINT('',(-13.5761083487382,-5.55372707134212,18.));
#12423=CARTESIAN_POINT('',(-13.5761083487382,-5.20107310992519,18.));
#12424=CARTESIAN_POINT('',(-13.9287623101551,5.2030500937777,16.));
#12425=CARTESIAN_POINT('',(-14.0810321631309,5.05078024080189,15.1364347511424));
#12426=CARTESIAN_POINT('',(-13.9287623101551,-5.20107310992519,16.));
#12427=CARTESIAN_POINT('',(-13.9287623101551,2.60201929285198,16.));
#12428=CARTESIAN_POINT('',(-14.0810321631309,-5.04880325694938,15.1364347511424));
#12429=CARTESIAN_POINT('Origin',(-13.9287623101551,-5.20107310992519,16.));
#12430=CARTESIAN_POINT('',(-24.6855394752749,-5.55372707134212,18.));
#12431=CARTESIAN_POINT('',(-24.332885513858,-5.55372707134212,18.));
#12432=CARTESIAN_POINT('',(-24.332885513858,-5.20107310992519,16.));
#12433=CARTESIAN_POINT('',(-16.5297931110808,-5.20107310992519,16.));
#12434=CARTESIAN_POINT('',(-24.1806156608822,-5.04880325694938,15.1364347511424));
#12435=CARTESIAN_POINT('Origin',(-24.332885513858,-5.20107310992519,16.));
#12436=CARTESIAN_POINT('',(-24.6855394752749,5.55570405519464,18.));
#12437=CARTESIAN_POINT('',(-24.6855394752749,5.2030500937777,18.));
#12438=CARTESIAN_POINT('',(-24.332885513858,5.2030500937777,16.));
#12439=CARTESIAN_POINT('',(-24.332885513858,-2.60004230899947,16.));
#12440=CARTESIAN_POINT('',(-24.1806156608822,5.05078024080189,15.1364347511424));
#12441=CARTESIAN_POINT('Origin',(-24.332885513858,5.2030500937777,16.));
#12442=CARTESIAN_POINT('',(-13.9287623101551,5.55570405519464,18.));
#12443=CARTESIAN_POINT('',(-21.7318547129323,5.2030500937777,16.));
#12444=CARTESIAN_POINT('Origin',(-19.1308239120065,0.000988491926255386,
18.));
#12445=CARTESIAN_POINT('Origin',(-19.1308239120065,0.000988491926254831,
16.));
#12446=CARTESIAN_POINT('',(-12.9287623101551,6.2030500937777,16.));
#12447=CARTESIAN_POINT('',(-25.332885513858,6.2030500937777,16.));
#12448=CARTESIAN_POINT('',(-22.3808239120065,6.2030500937777,16.));
#12449=CARTESIAN_POINT('',(-12.9287623101551,-6.2010731099252,16.));
#12450=CARTESIAN_POINT('',(-12.9287623101551,3.25098849192625,16.));
#12451=CARTESIAN_POINT('',(-25.332885513858,-6.20107310992519,16.));
#12452=CARTESIAN_POINT('',(-15.8808239120065,-6.20107310992519,16.));
#12453=CARTESIAN_POINT('',(-25.332885513858,-3.24901150807375,16.));
#12454=CARTESIAN_POINT('Origin',(-25.332885513858,-6.20107310992519,16.25));
#12455=CARTESIAN_POINT('Origin',(-25.332885513858,-6.20107310992519,16.25));
#12456=CARTESIAN_POINT('Origin',(-25.332885513858,-6.20107310992519,16.25));
#12457=CARTESIAN_POINT('Origin',(-25.332885513858,6.2030500937777,16.25));
#12458=CARTESIAN_POINT('Origin',(-25.332885513858,6.2030500937777,16.25));
#12459=CARTESIAN_POINT('Origin',(-25.332885513858,6.2030500937777,16.25));
#12460=CARTESIAN_POINT('Origin',(-12.9287623101551,-6.2010731099252,16.25));
#12461=CARTESIAN_POINT('',(-12.9287623101551,-6.44727504817824,16.2934120444167));
#12462=CARTESIAN_POINT('Origin',(-12.9287623101551,-6.20107310992519,16.25));
#12463=CARTESIAN_POINT('',(-12.682560371902,-6.2010731099252,16.2934120444167));
#12464=CARTESIAN_POINT('Origin',(-12.9287623101551,-6.2010731099252,16.25));
#12465=CARTESIAN_POINT('Origin',(-12.9287623101551,-6.20107310992519,16.25));
#12466=CARTESIAN_POINT('Origin',(-12.9287623101551,6.2030500937777,16.25));
#12467=CARTESIAN_POINT('Origin',(-12.9287623101551,6.2030500937777,16.25));
#12468=CARTESIAN_POINT('Origin',(-12.9287623101551,6.2030500937777,16.25));
#12469=CARTESIAN_POINT('Origin',(-22.3808239120065,6.2030500937777,16.25));
#12470=CARTESIAN_POINT('Origin',(-13.0600811433887,-6.06975427669157,16.9947461114912));
#12471=CARTESIAN_POINT('',(-13.0600811433887,-6.31595621494463,17.038158155908));
#12472=CARTESIAN_POINT('',(-12.8138792051357,-6.06975427669157,17.038158155908));
#12473=CARTESIAN_POINT('Origin',(-12.9287623101551,3.25098849192625,16.25));
#12474=CARTESIAN_POINT('',(-12.682560371902,3.25098849192625,16.2934120444167));
#12475=CARTESIAN_POINT('Origin',(-15.8808239120065,-6.20107310992519,16.25));
#12476=CARTESIAN_POINT('',(-15.8808239120065,-6.44727504817824,16.2934120444167));
#12477=CARTESIAN_POINT('Origin',(-25.332885513858,-3.24901150807375,16.25));
#12478=CARTESIAN_POINT('Origin',(-12.6308239120065,-6.49901150807375,16.));
#12479=CARTESIAN_POINT('Origin',(-12.6308239120065,6.50098849192625,16.));
#12480=CARTESIAN_POINT('Ctrl Pts',(-5.67285942467135,5.78923046368338,20.0365803655408));
#12481=CARTESIAN_POINT('Ctrl Pts',(-5.67294778220895,5.78931580736203,20.0360963574876));
#12482=CARTESIAN_POINT('Ctrl Pts',(-5.67303467848635,5.78940119665912,20.0356120907195));
#12483=CARTESIAN_POINT('Ctrl Pts',(-5.67312011189437,5.78948663006714,20.0351275737858));
#12484=CARTESIAN_POINT('Ctrl Pts',(-5.73606175349794,5.78725737872126,20.047770286415));
#12485=CARTESIAN_POINT('Ctrl Pts',(-5.7361652718435,5.78736451391302,20.0471613715775));
#12486=CARTESIAN_POINT('Ctrl Pts',(-5.73626703583742,5.78747227262498,20.0465528793121));
#12487=CARTESIAN_POINT('Ctrl Pts',(-5.7363668848304,5.78757950650738,20.045943408958));
#12488=CARTESIAN_POINT('Ctrl Pts',(-5.86191749791494,5.73198551684451,20.0609998176395));
#12489=CARTESIAN_POINT('Ctrl Pts',(-5.86205157987812,5.73214914305702,20.0601454443967));
#12490=CARTESIAN_POINT('Ctrl Pts',(-5.86218300808252,5.7323128107812,20.0592898104866));
#12491=CARTESIAN_POINT('Ctrl Pts',(-5.86231194090139,5.73247652082111,20.0584347773361));
#12492=CARTESIAN_POINT('Ctrl Pts',(-5.916934803826,5.60591309095634,20.0488134689059));
#12493=CARTESIAN_POINT('Ctrl Pts',(-5.91709767621524,5.60611936629803,20.0478562735496));
#12494=CARTESIAN_POINT('Ctrl Pts',(-5.91725787326625,5.60632511613506,20.0469015035406));
#12495=CARTESIAN_POINT('Ctrl Pts',(-5.91741492658767,5.60653146475011,20.045943408958));
#12496=CARTESIAN_POINT('Ctrl Pts',(-5.91880672275711,5.54264238702866,20.0379988627385));
#12497=CARTESIAN_POINT('Ctrl Pts',(-5.91898142000277,5.54285644393556,20.0370422903123));
#12498=CARTESIAN_POINT('Ctrl Pts',(-5.91915319686061,5.5430705467887,20.0360851883615));
#12499=CARTESIAN_POINT('Ctrl Pts',(-5.91932205014743,5.54328469181409,20.0351275737858));
#12500=CARTESIAN_POINT('',(-5.67312011189437,5.78948663006714,20.0351275737858));
#12501=CARTESIAN_POINT('',(-5.91932205014743,5.54328469181409,20.0351275737858));
#12502=CARTESIAN_POINT('Origin',(-5.67312011189437,5.54328469181409,19.991715529369));
#12503=CARTESIAN_POINT('',(-5.91880672275709,5.54264238702864,20.0379988627386));
#12504=CARTESIAN_POINT('Ctrl Pts',(-5.91932205014743,5.54328469181409,20.0351275737858));
#12505=CARTESIAN_POINT('Ctrl Pts',(-5.91915319686061,5.5430705467887,20.0360851883615));
#12506=CARTESIAN_POINT('Ctrl Pts',(-5.91898142000277,5.54285644393556,20.0370422903123));
#12507=CARTESIAN_POINT('Ctrl Pts',(-5.91880672275711,5.54264238702866,20.0379988627385));
#12508=CARTESIAN_POINT('',(-5.67285942466934,5.78923046368211,20.036580365548));
#12509=CARTESIAN_POINT('Origin',(-5.67285942467134,5.54302852543032,19.9931683211241));
#12510=CARTESIAN_POINT('',(-6.20156668062437,6.31793319879714,17.038158155908));
#12511=CARTESIAN_POINT('Ctrl Pts',(-5.31116950204073,5.18435350375017,20.3553076670092));
#12512=CARTESIAN_POINT('Ctrl Pts',(-5.31178645418189,5.18566185435152,20.3558197487853));
#12513=CARTESIAN_POINT('Ctrl Pts',(-5.31240472048354,5.18697220083833,20.3563295617484));
#12514=CARTESIAN_POINT('Ctrl Pts',(-5.35483746348947,5.2766431665226,20.3903216656799));
#12515=CARTESIAN_POINT('Ctrl Pts',(-5.42808624902848,5.41989103319835,20.4034030146099));
#12516=CARTESIAN_POINT('Ctrl Pts',(-5.5623705504195,5.65271815912641,20.3157274265495));
#12517=CARTESIAN_POINT('Ctrl Pts',(-5.64415963998947,5.76723387816244,20.1613292010768));
#12518=CARTESIAN_POINT('Ctrl Pts',(-5.67285942466934,5.78923046368211,20.036580365548));
#12519=CARTESIAN_POINT('Ctrl Pts',(-5.31116950204073,5.18435350375017,20.3553076670092));
#12520=CARTESIAN_POINT('Ctrl Pts',(-5.31200169655464,5.1854145039638,20.35584584949));
#12521=CARTESIAN_POINT('Ctrl Pts',(-5.31288034686596,5.18652931575233,20.3563074590642));
#12522=CARTESIAN_POINT('Ctrl Pts',(-5.37041184765597,5.25960307814512,20.391492261015));
#12523=CARTESIAN_POINT('Ctrl Pts',(-5.46458385999491,5.37741802213594,20.4169106119951));
#12524=CARTESIAN_POINT('Ctrl Pts',(-5.63917233015537,5.60197738321013,20.3808479631964));
#12525=CARTESIAN_POINT('Ctrl Pts',(-5.76658912843121,5.75847459051979,20.2252195116281));
#12526=CARTESIAN_POINT('Ctrl Pts',(-5.79926408232276,5.78528429375822,20.0589602072965));
#12527=CARTESIAN_POINT('Ctrl Pts',(-5.31116950204073,5.18435350375017,20.3553076670092));
#12528=CARTESIAN_POINT('Ctrl Pts',(-5.31222950156485,5.18518611968923,20.3558471672038));
#12529=CARTESIAN_POINT('Ctrl Pts',(-5.31334387443869,5.18606461016721,20.3563101404705));
#12530=CARTESIAN_POINT('Ctrl Pts',(-5.38636017651563,5.24361417100006,20.391584505801));
#12531=CARTESIAN_POINT('Ctrl Pts',(-5.50426917702619,5.33763103014865,20.4171399671859));
#12532=CARTESIAN_POINT('Ctrl Pts',(-5.72948739280575,5.51142803033352,20.3813691344115));
#12533=CARTESIAN_POINT('Ctrl Pts',(-5.88721201379435,5.63753735222467,20.2259151778459));
#12534=CARTESIAN_POINT('Ctrl Pts',(-5.91506288489419,5.66918379488356,20.0596280750771));
#12535=CARTESIAN_POINT('Ctrl Pts',(-5.31116950204073,5.18435350375017,20.3553076670092));
#12536=CARTESIAN_POINT('Ctrl Pts',(-5.31247644827557,5.18497010652804,20.3558237402012));
#12537=CARTESIAN_POINT('Ctrl Pts',(-5.31378540713467,5.18558800436531,20.3563375484631));
#12538=CARTESIAN_POINT('Ctrl Pts',(-5.40336689053635,5.22799036552371,20.3906023870346));
#12539=CARTESIAN_POINT('Ctrl Pts',(-5.54672514562096,5.30094781210232,20.4040885696285));
#12540=CARTESIAN_POINT('Ctrl Pts',(-5.78040176480238,5.43412105246331,20.3169855161474));
#12541=CARTESIAN_POINT('Ctrl Pts',(-5.8960178415437,5.51471912237584,20.1627816852204));
#12542=CARTESIAN_POINT('Ctrl Pts',(-5.9188067227571,5.54264238702864,20.0379988627386));
#12543=CARTESIAN_POINT('',(-5.31116950204073,5.18435350375017,20.3553076670092));
#12544=CARTESIAN_POINT('Ctrl Pts',(-5.9188067227571,5.54264238702864,20.0379988627386));
#12545=CARTESIAN_POINT('Ctrl Pts',(-5.8960178415437,5.51471912237584,20.1627816852204));
#12546=CARTESIAN_POINT('Ctrl Pts',(-5.78040176480238,5.43412105246331,20.3169855161474));
#12547=CARTESIAN_POINT('Ctrl Pts',(-5.54672514562096,5.30094781210232,20.4040885696285));
#12548=CARTESIAN_POINT('Ctrl Pts',(-5.40336689053635,5.22799036552371,20.3906023870346));
#12549=CARTESIAN_POINT('Ctrl Pts',(-5.31378540713467,5.18558800436531,20.3563375484631));
#12550=CARTESIAN_POINT('Ctrl Pts',(-5.31247644827557,5.18497010652804,20.3558237402012));
#12551=CARTESIAN_POINT('Ctrl Pts',(-5.31116950204073,5.18435350375017,20.3553076670092));
#12552=CARTESIAN_POINT('Ctrl Pts',(-5.31116950204073,5.18435350375017,20.3553076670092));
#12553=CARTESIAN_POINT('Ctrl Pts',(-5.31178645418189,5.18566185435152,20.3558197487853));
#12554=CARTESIAN_POINT('Ctrl Pts',(-5.31240472048354,5.18697220083833,20.3563295617484));
#12555=CARTESIAN_POINT('Ctrl Pts',(-5.35483746348947,5.2766431665226,20.3903216656799));
#12556=CARTESIAN_POINT('Ctrl Pts',(-5.42808624902848,5.41989103319835,20.4034030146099));
#12557=CARTESIAN_POINT('Ctrl Pts',(-5.5623705504195,5.65271815912641,20.3157274265495));
#12558=CARTESIAN_POINT('Ctrl Pts',(-5.64415963998947,5.76723387816244,20.1613292010768));
#12559=CARTESIAN_POINT('Ctrl Pts',(-5.67285942466934,5.78923046368211,20.036580365548));
#12560=CARTESIAN_POINT('Ctrl Pts',(-5.91888661349856,-5.54074363825927,
20.0375442067379));
#12561=CARTESIAN_POINT('Ctrl Pts',(-5.9190640618187,-5.54096090712338,20.0365730809013));
#12562=CARTESIAN_POINT('Ctrl Pts',(-5.91923850020857,-5.54117822340329,
20.0356014090351));
#12563=CARTESIAN_POINT('Ctrl Pts',(-5.91940992533663,-5.54139558315078,
20.0346292088228));
#12564=CARTESIAN_POINT('Ctrl Pts',(-5.91701519706328,-5.60401468361002,
20.0483587871593));
#12565=CARTESIAN_POINT('Ctrl Pts',(-5.91718065176566,-5.60422406015423,
20.0473870302362));
#12566=CARTESIAN_POINT('Ctrl Pts',(-5.91734334461784,-5.60443290392596,
20.0464177281219));
#12567=CARTESIAN_POINT('Ctrl Pts',(-5.91750280177687,-5.6046423560868,20.0454450439951));
#12568=CARTESIAN_POINT('Ctrl Pts',(-5.86199918859066,-5.73008898257347,
20.0605404795565));
#12569=CARTESIAN_POINT('Ctrl Pts',(-5.86213541328654,-5.73025508454395,
20.0596731132006));
#12570=CARTESIAN_POINT('Ctrl Pts',(-5.86226890434592,-5.7304212295566,20.0588044614289));
#12571=CARTESIAN_POINT('Ctrl Pts',(-5.86239982195856,-5.73058741802576,
20.0579364144425));
#12572=CARTESIAN_POINT('Ctrl Pts',(-5.73614487756837,-5.78536337083778,
20.0472997063103));
#12573=CARTESIAN_POINT('Ctrl Pts',(-5.73625003554587,-5.78547213486936,
20.0466815350473));
#12574=CARTESIAN_POINT('Ctrl Pts',(-5.73635338393798,-5.78558153205028,
20.0460637880693));
#12575=CARTESIAN_POINT('Ctrl Pts',(-5.7364547600196,-5.78569039784407,20.0454450439951));
#12576=CARTESIAN_POINT('Ctrl Pts',(-5.67294326573747,-5.7873374595862,20.0361040926811));
#12577=CARTESIAN_POINT('Ctrl Pts',(-5.67303301281098,-5.78742410034296,
20.0356127285325));
#12578=CARTESIAN_POINT('Ctrl Pts',(-5.67312125382106,-5.78751078814131,
20.0351210975977));
#12579=CARTESIAN_POINT('Ctrl Pts',(-5.67320798708358,-5.78759752140383,
20.0346292088228));
#12580=CARTESIAN_POINT('',(-5.91940992533663,-5.54139558315078,20.0346292088228));
#12581=CARTESIAN_POINT('',(-5.67320798708358,-5.78759752140383,20.0346292088228));
#12582=CARTESIAN_POINT('Origin',(-5.67320798708358,-5.54139558315078,19.9912171644061));
#12583=CARTESIAN_POINT('',(-5.67294326573537,-5.78733745958486,20.0361040926887));
#12584=CARTESIAN_POINT('',(-6.20156668062437,-6.31595621494462,17.038158155908));
#12585=CARTESIAN_POINT('',(-5.91888661349856,-5.54074363825927,20.0375442067379));
#12586=CARTESIAN_POINT('Origin',(-5.67294326573747,-5.54113552133314,19.9926920482644));
#12587=CARTESIAN_POINT('Ctrl Pts',(-5.91888661349856,-5.54074363825927,
20.0375442067379));
#12588=CARTESIAN_POINT('Ctrl Pts',(-5.9190640618187,-5.54096090712338,20.0365730809013));
#12589=CARTESIAN_POINT('Ctrl Pts',(-5.91923850020857,-5.54117822340329,
20.0356014090351));
#12590=CARTESIAN_POINT('Ctrl Pts',(-5.91940992533663,-5.54139558315078,
20.0346292088228));
#12591=CARTESIAN_POINT('Ctrl Pts',(-5.31125160788596,-5.18250460211154,
20.3548420216219));
#12592=CARTESIAN_POINT('Ctrl Pts',(-5.31255943740609,-5.18312163756762,
20.3553583829597));
#12593=CARTESIAN_POINT('Ctrl Pts',(-5.31386928026904,-5.18373996882736,
20.3558724739612));
#12594=CARTESIAN_POINT('Ctrl Pts',(-5.40344835674155,-5.2261422563347,20.3901316387042));
#12595=CARTESIAN_POINT('Ctrl Pts',(-5.54680061694253,-5.29909430422749,
20.4036117755017));
#12596=CARTESIAN_POINT('Ctrl Pts',(-5.78046764864523,-5.4322474483633,20.3165091257694));
#12597=CARTESIAN_POINT('Ctrl Pts',(-5.89608695880581,-5.51282759445715,
20.1623204442335));
#12598=CARTESIAN_POINT('Ctrl Pts',(-5.91888661349856,-5.54074363825926,
20.0375442067379));
#12599=CARTESIAN_POINT('Ctrl Pts',(-5.31125160788596,-5.18250460211154,
20.3548420216219));
#12600=CARTESIAN_POINT('Ctrl Pts',(-5.31231233622265,-5.18333780915754,
20.3553817791859));
#12601=CARTESIAN_POINT('Ctrl Pts',(-5.3134274589763,-5.18421688969626,20.3558450350902));
#12602=CARTESIAN_POINT('Ctrl Pts',(-5.38644215848673,-5.24176610614799,
20.3911118489802));
#12603=CARTESIAN_POINT('Ctrl Pts',(-5.50434763895319,-5.33577824627849,
20.4166596539573));
#12604=CARTESIAN_POINT('Ctrl Pts',(-5.72955365669864,-5.50955656831257,
20.3808794305478));
#12605=CARTESIAN_POINT('Ctrl Pts',(-5.88727479152721,-5.63564240954765,
20.225448322641));
#12606=CARTESIAN_POINT('Ctrl Pts',(-5.91514378062727,-5.66728572896031,
20.0591733675848));
#12607=CARTESIAN_POINT('Ctrl Pts',(-5.31125160788596,-5.18250460211155,
20.3548420216219));
#12608=CARTESIAN_POINT('Ctrl Pts',(-5.3120843872405,-5.18356634654891,20.3553804405258));
#12609=CARTESIAN_POINT('Ctrl Pts',(-5.31296363007787,-5.18468191522223,
20.3558423110104));
#12610=CARTESIAN_POINT('Ctrl Pts',(-5.37049453591253,-5.25775491967745,
20.3910182011907));
#12611=CARTESIAN_POINT('Ctrl Pts',(-5.46466419955173,-5.37556489557339,
20.4164268110169));
#12612=CARTESIAN_POINT('Ctrl Pts',(-5.63924600787952,-5.60010203611823,
20.3803503520387));
#12613=CARTESIAN_POINT('Ctrl Pts',(-5.76665904129218,-5.75657725499977,
20.2247420853653));
#12614=CARTESIAN_POINT('Ctrl Pts',(-5.79934648939741,-5.7833892820884,20.0584953199471));
#12615=CARTESIAN_POINT('Ctrl Pts',(-5.31125160788596,-5.18250460211155,
20.3548420216219));
#12616=CARTESIAN_POINT('Ctrl Pts',(-5.31186899846384,-5.18381385794691,
20.3553543280448));
#12617=CARTESIAN_POINT('Ctrl Pts',(-5.31248770426139,-5.18512511009974,
20.3558643601895));
#12618=CARTESIAN_POINT('Ctrl Pts',(-5.35492085211489,-5.27479499825907,
20.3898466463814));
#12619=CARTESIAN_POINT('Ctrl Pts',(-5.42816867242652,-5.41803516385219,
20.4029158031771));
#12620=CARTESIAN_POINT('Ctrl Pts',(-5.56244971887927,-5.65083980575292,
20.3152319211701));
#12621=CARTESIAN_POINT('Ctrl Pts',(-5.64423890446923,-5.76534212022729,
20.1608458608798));
#12622=CARTESIAN_POINT('Ctrl Pts',(-5.67294326573537,-5.78733745958486,
20.0361040926887));
#12623=CARTESIAN_POINT('',(-5.31125160788596,-5.18250460211155,20.3548420216219));
#12624=CARTESIAN_POINT('Ctrl Pts',(-5.67294326573537,-5.78733745958486,
20.0361040926887));
#12625=CARTESIAN_POINT('Ctrl Pts',(-5.64423890446923,-5.76534212022729,
20.1608458608798));
#12626=CARTESIAN_POINT('Ctrl Pts',(-5.56244971887927,-5.65083980575292,
20.3152319211701));
#12627=CARTESIAN_POINT('Ctrl Pts',(-5.42816867242652,-5.41803516385219,
20.4029158031771));
#12628=CARTESIAN_POINT('Ctrl Pts',(-5.35492085211489,-5.27479499825907,
20.3898466463814));
#12629=CARTESIAN_POINT('Ctrl Pts',(-5.31248770426139,-5.18512511009974,
20.3558643601895));
#12630=CARTESIAN_POINT('Ctrl Pts',(-5.31186899846384,-5.18381385794691,
20.3553543280448));
#12631=CARTESIAN_POINT('Ctrl Pts',(-5.31125160788596,-5.18250460211155,
20.3548420216219));
#12632=CARTESIAN_POINT('Ctrl Pts',(-5.31125160788596,-5.18250460211154,
20.3548420216219));
#12633=CARTESIAN_POINT('Ctrl Pts',(-5.31255943740609,-5.18312163756762,
20.3553583829597));
#12634=CARTESIAN_POINT('Ctrl Pts',(-5.31386928026904,-5.18373996882736,
20.3558724739612));
#12635=CARTESIAN_POINT('Ctrl Pts',(-5.40344835674155,-5.2261422563347,20.3901316387042));
#12636=CARTESIAN_POINT('Ctrl Pts',(-5.54680061694253,-5.29909430422749,
20.4036117755017));
#12637=CARTESIAN_POINT('Ctrl Pts',(-5.78046764864523,-5.4322474483633,20.3165091257694));
#12638=CARTESIAN_POINT('Ctrl Pts',(-5.89608695880581,-5.51282759445715,
20.1623204442335));
#12639=CARTESIAN_POINT('Ctrl Pts',(-5.91888661349856,-5.54074363825926,
20.0375442067379));
#12640=CARTESIAN_POINT('Ctrl Pts',(5.42230278942545,-5.79845810174099,19.9729845693323));
#12641=CARTESIAN_POINT('Ctrl Pts',(5.42251384001367,-5.7986327976955,19.9720279707594));
#12642=CARTESIAN_POINT('Ctrl Pts',(5.42272493655575,-5.79880457606089,19.9710708434948));
#12643=CARTESIAN_POINT('Ctrl Pts',(5.4229360753305,-5.79897343366384,19.9701132044411));
#12644=CARTESIAN_POINT('Ctrl Pts',(5.48557203556322,-5.79658397740312,19.9837985155091));
#12645=CARTESIAN_POINT('Ctrl Pts',(5.48577578766397,-5.7967475995455,19.9828415210619));
#12646=CARTESIAN_POINT('Ctrl Pts',(5.48597902051522,-5.79690850096113,19.9818869404955));
#12647=CARTESIAN_POINT('Ctrl Pts',(5.48618284826653,-5.79706631010408,19.9809290396133));
#12648=CARTESIAN_POINT('Ctrl Pts',(5.61164057459099,-5.74156561879439,19.9959839768048));
#12649=CARTESIAN_POINT('Ctrl Pts',(5.61180323533003,-5.74170104485385,19.9951301948858));
#12650=CARTESIAN_POINT('Ctrl Pts',(5.61196594944025,-5.74183383508056,19.9942751444264));
#12651=CARTESIAN_POINT('Ctrl Pts',(5.61212869740964,-5.74196411748993,19.9934206876714));
#12652=CARTESIAN_POINT('Ctrl Pts',(5.66690906412253,-5.61571193793292,19.9827542049962));
#12653=CARTESIAN_POINT('Ctrl Pts',(5.66701611313679,-5.61581585807187,19.982145866614));
#12654=CARTESIAN_POINT('Ctrl Pts',(5.66712374149712,-5.6159180138319,19.9815379383635));
#12655=CARTESIAN_POINT('Ctrl Pts',(5.6672308900238,-5.61601826834681,19.9809290396133));
#12656=CARTESIAN_POINT('Ctrl Pts',(5.6688821053981,-5.5525110708148,19.9715645318807));
#12657=CARTESIAN_POINT('Ctrl Pts',(5.66896736305477,-5.55259933937966,19.9710810116825));
#12658=CARTESIAN_POINT('Ctrl Pts',(5.66905266628533,-5.55268614811256,19.9705972330219));
#12659=CARTESIAN_POINT('Ctrl Pts',(5.66913801358356,-5.55277149541079,19.9701132044411));
#12660=CARTESIAN_POINT('',(5.4229360753305,-5.79897343366384,19.9701132044411));
#12661=CARTESIAN_POINT('',(5.66913801358356,-5.55277149541079,19.9701132044411));
#12662=CARTESIAN_POINT('Origin',(5.4229360753305,-5.55277149541079,19.9267011600243));
#12663=CARTESIAN_POINT('',(5.66888210539692,-5.55251107081298,19.9715645318874));
#12664=CARTESIAN_POINT('',(6.18612079486434,-6.06975427669157,17.038158155908));
#12665=CARTESIAN_POINT('',(5.42230278942545,-5.79845810174099,19.9729845693323));
#12666=CARTESIAN_POINT('Origin',(5.42268016714504,-5.5525110708148,19.928152487464));
#12667=CARTESIAN_POINT('Ctrl Pts',(5.42230278942545,-5.79845810174099,19.9729845693323));
#12668=CARTESIAN_POINT('Ctrl Pts',(5.42251384001367,-5.7986327976955,19.9720279707594));
#12669=CARTESIAN_POINT('Ctrl Pts',(5.42272493655575,-5.79880457606089,19.9710708434948));
#12670=CARTESIAN_POINT('Ctrl Pts',(5.4229360753305,-5.79897343366384,19.9701132044411));
#12671=CARTESIAN_POINT('Ctrl Pts',(5.06656131604399,-5.19337731433454,20.2931798064617));
#12672=CARTESIAN_POINT('Ctrl Pts',(5.06718117696947,-5.19468744066024,20.2936844309268));
#12673=CARTESIAN_POINT('Ctrl Pts',(5.06780368971111,-5.19600203549805,20.2941864407184));
#12674=CARTESIAN_POINT('Ctrl Pts',(5.13101508679413,-5.32924910152246,20.3440787746546));
#12675=CARTESIAN_POINT('Ctrl Pts',(5.23605195874063,-5.5315041347561,20.344103665971));
#12676=CARTESIAN_POINT('Ctrl Pts',(5.36775126069416,-5.7379362594003,20.1549970728838));
#12677=CARTESIAN_POINT('Ctrl Pts',(5.40856951159354,-5.78709045714226,20.0352314177568));
#12678=CARTESIAN_POINT('Ctrl Pts',(5.42230278942545,-5.79845810174099,19.9729845693323));
#12679=CARTESIAN_POINT('Ctrl Pts',(5.06656131604399,-5.19337731433454,20.2931798064617));
#12680=CARTESIAN_POINT('Ctrl Pts',(5.06742418981751,-5.1944661699587,20.2936024647245));
#12681=CARTESIAN_POINT('Ctrl Pts',(5.06825055336496,-5.19553216641729,20.2942732150279));
#12682=CARTESIAN_POINT('Ctrl Pts',(5.15561661027798,-5.30576660726604,20.3398417437661));
#12683=CARTESIAN_POINT('Ctrl Pts',(5.28239250626608,-5.46809416267063,20.3832087965755));
#12684=CARTESIAN_POINT('Ctrl Pts',(5.47374053295165,-5.71336831025046,20.2223567827662));
#12685=CARTESIAN_POINT('Ctrl Pts',(5.53487510444594,-5.78271906800677,20.0731200883531));
#12686=CARTESIAN_POINT('Ctrl Pts',(5.54884128170058,-5.7947098530646,19.9946124616893));
#12687=CARTESIAN_POINT('Ctrl Pts',(5.06656131604399,-5.19337731433454,20.2931798064617));
#12688=CARTESIAN_POINT('Ctrl Pts',(5.06765045187474,-5.19424047691686,20.2936011587173));
#12689=CARTESIAN_POINT('Ctrl Pts',(5.06871825409232,-5.19506563238237,20.2942705127197));
#12690=CARTESIAN_POINT('Ctrl Pts',(5.17899707172144,-5.2824447823693,20.3397067428137));
#12691=CARTESIAN_POINT('Ctrl Pts',(5.34125192873828,-5.40938387574143,20.3828693341028));
#12692=CARTESIAN_POINT('Ctrl Pts',(5.58510285651139,-5.60229135991421,20.2217154016158));
#12693=CARTESIAN_POINT('Ctrl Pts',(5.65343424423583,-5.66446404839889,20.0724373424137));
#12694=CARTESIAN_POINT('Ctrl Pts',(5.66493602284609,-5.67891280504944,19.9939438781184));
#12695=CARTESIAN_POINT('Ctrl Pts',(5.06656131604399,-5.19337731433454,20.2931798064617));
#12696=CARTESIAN_POINT('Ctrl Pts',(5.06787279667191,-5.19399755054774,20.2936804360747));
#12697=CARTESIAN_POINT('Ctrl Pts',(5.06918872346694,-5.19462046632963,20.294178440901));
#12698=CARTESIAN_POINT('Ctrl Pts',(5.20256482938658,-5.25787828467052,20.3436654950248));
#12699=CARTESIAN_POINT('Ctrl Pts',(5.40455118797872,-5.36343256523344,20.343132070976));
#12700=CARTESIAN_POINT('Ctrl Pts',(5.60955151387055,-5.49675573175676,20.1536044734338));
#12701=CARTESIAN_POINT('Ctrl Pts',(5.65790910097174,-5.53839040551337,20.0337955323801));
#12702=CARTESIAN_POINT('Ctrl Pts',(5.66888210539692,-5.55251107081298,19.9715645318874));
#12703=CARTESIAN_POINT('',(5.06656131604398,-5.19337731433454,20.2931798064617));
#12704=CARTESIAN_POINT('Ctrl Pts',(5.66888210539692,-5.55251107081298,19.9715645318874));
#12705=CARTESIAN_POINT('Ctrl Pts',(5.65790910097174,-5.53839040551337,20.0337955323801));
#12706=CARTESIAN_POINT('Ctrl Pts',(5.60955151387055,-5.49675573175676,20.1536044734338));
#12707=CARTESIAN_POINT('Ctrl Pts',(5.40455118797872,-5.36343256523344,20.343132070976));
#12708=CARTESIAN_POINT('Ctrl Pts',(5.20256482938658,-5.25787828467052,20.3436654950248));
#12709=CARTESIAN_POINT('Ctrl Pts',(5.06918872346694,-5.19462046632963,20.294178440901));
#12710=CARTESIAN_POINT('Ctrl Pts',(5.06787279667191,-5.19399755054774,20.2936804360747));
#12711=CARTESIAN_POINT('Ctrl Pts',(5.06656131604399,-5.19337731433454,20.2931798064617));
#12712=CARTESIAN_POINT('Ctrl Pts',(5.06656131604399,-5.19337731433454,20.2931798064617));
#12713=CARTESIAN_POINT('Ctrl Pts',(5.06718117696947,-5.19468744066024,20.2936844309268));
#12714=CARTESIAN_POINT('Ctrl Pts',(5.06780368971111,-5.19600203549805,20.2941864407184));
#12715=CARTESIAN_POINT('Ctrl Pts',(5.13101508679413,-5.32924910152246,20.3440787746546));
#12716=CARTESIAN_POINT('Ctrl Pts',(5.23605195874063,-5.5315041347561,20.344103665971));
#12717=CARTESIAN_POINT('Ctrl Pts',(5.36775126069416,-5.7379362594003,20.1549970728838));
#12718=CARTESIAN_POINT('Ctrl Pts',(5.40856951159354,-5.78709045714226,20.0352314177568));
#12719=CARTESIAN_POINT('Ctrl Pts',(5.42230278942545,-5.79845810174099,19.9729845693323));
#12720=CARTESIAN_POINT('Ctrl Pts',(5.66879414356076,5.55439995420821,19.9720633882497));
#12721=CARTESIAN_POINT('Ctrl Pts',(5.66888069832044,5.55448961228897,19.9715725118147));
#12722=CARTESIAN_POINT('Ctrl Pts',(5.66896730007647,5.55457776575622,19.9710813688502));
#12723=CARTESIAN_POINT('Ctrl Pts',(5.66905394725274,5.5546644129325,19.9705899682946));
#12724=CARTESIAN_POINT('Ctrl Pts',(5.66682009853907,5.61760010437019,19.9832587538923));
#12725=CARTESIAN_POINT('Ctrl Pts',(5.66692877639789,5.6177056641007,19.9826411590605));
#12726=CARTESIAN_POINT('Ctrl Pts',(5.66703804323767,5.61780940424769,19.982023976035));
#12727=CARTESIAN_POINT('Ctrl Pts',(5.66714682369298,5.61791118586852,19.9814058034669));
#12728=CARTESIAN_POINT('Ctrl Pts',(5.61154907081956,5.74345234001985,19.9964997630816));
#12729=CARTESIAN_POINT('Ctrl Pts',(5.61171420727004,5.74358990873053,19.9956329882499));
#12730=CARTESIAN_POINT('Ctrl Pts',(5.61187939864782,5.74372476177605,19.9947649200172));
#12731=CARTESIAN_POINT('Ctrl Pts',(5.6120446250512,5.74385702898401,19.9938974493993));
#12732=CARTESIAN_POINT('Ctrl Pts',(5.48547867060404,5.79846941311493,19.9843189624063));
#12733=CARTESIAN_POINT('Ctrl Pts',(5.48568552387128,5.79863561747597,19.9833474065066));
#12734=CARTESIAN_POINT('Ctrl Pts',(5.48589185063947,5.79879901464597,19.9823782938889));
#12735=CARTESIAN_POINT('Ctrl Pts',(5.48609878193571,5.79895922762579,19.9814058034669));
#12736=CARTESIAN_POINT('Ctrl Pts',(5.42220908299284,5.80034303494582,19.9735050421708));
#12737=CARTESIAN_POINT('Ctrl Pts',(5.42242334553697,5.80052048188857,19.9725338901673));
#12738=CARTESIAN_POINT('Ctrl Pts',(5.42263765550386,5.80069492174226,19.9715621929797));
#12739=CARTESIAN_POINT('Ctrl Pts',(5.42285200899969,5.80086635118555,19.9705899682946));
#12740=CARTESIAN_POINT('',(5.66905394725274,5.55466441293249,19.9705899682946));
#12741=CARTESIAN_POINT('',(5.42285200899969,5.80086635118555,19.9705899682946));
#12742=CARTESIAN_POINT('Origin',(5.42285200899969,5.5546644129325,19.9271779238779));
#12743=CARTESIAN_POINT('',(5.42220908299282,5.80034303494581,19.9735050421709));
#12744=CARTESIAN_POINT('Ctrl Pts',(5.42285200899969,5.80086635118555,19.9705899682946));
#12745=CARTESIAN_POINT('Ctrl Pts',(5.42263765550386,5.80069492174226,19.9715621929797));
#12746=CARTESIAN_POINT('Ctrl Pts',(5.42242334553697,5.80052048188857,19.9725338901673));
#12747=CARTESIAN_POINT('Ctrl Pts',(5.42220908299284,5.80034303494582,19.9735050421708));
#12748=CARTESIAN_POINT('',(5.6687941435595,5.55439995420627,19.9720633882568));
#12749=CARTESIAN_POINT('Origin',(5.4225922053077,5.5543999542082,19.928651343833));
#12750=CARTESIAN_POINT('',(6.18612079486434,6.07173126054409,17.038158155908));
#12751=CARTESIAN_POINT('Ctrl Pts',(5.06647911611486,5.19522612188927,20.2936459854253));
#12752=CARTESIAN_POINT('Ctrl Pts',(5.06778926157448,5.19584571151257,20.2941461658682));
#12753=CARTESIAN_POINT('Ctrl Pts',(5.06910131156081,5.1964665626796,20.2946440507708));
#12754=CARTESIAN_POINT('Ctrl Pts',(5.15870251160557,5.23898525418026,20.3277506115947));
#12755=CARTESIAN_POINT('Ctrl Pts',(5.3015691939089,5.31208535380878,20.3396294458934));
#12756=CARTESIAN_POINT('Ctrl Pts',(5.53312948128739,5.44538956058364,20.2506082398126));
#12757=CARTESIAN_POINT('Ctrl Pts',(5.64684840600084,5.52614691204505,20.096523850669));
#12758=CARTESIAN_POINT('Ctrl Pts',(5.6687941435595,5.55439995420627,19.9720633882568));
#12759=CARTESIAN_POINT('Ctrl Pts',(5.06647911611486,5.19522612188927,20.2936459854253));
#12760=CARTESIAN_POINT('Ctrl Pts',(5.06754225099652,5.19606088369487,20.2941713681824));
#12761=CARTESIAN_POINT('Ctrl Pts',(5.06865891815651,5.19694146017134,20.2946230198361));
#12762=CARTESIAN_POINT('Ctrl Pts',(5.14171834056664,5.25451275284946,20.3288793220023));
#12763=CARTESIAN_POINT('Ctrl Pts',(5.25934474332427,5.34855417068028,20.35312969183));
#12764=CARTESIAN_POINT('Ctrl Pts',(5.48269433053056,5.52224957394576,20.3151047327581));
#12765=CARTESIAN_POINT('Ctrl Pts',(5.637852567043,5.64829952960188,20.1600521784546));
#12766=CARTESIAN_POINT('Ctrl Pts',(5.66484605351644,5.68080025453046,19.9944541195421));
#12767=CARTESIAN_POINT('Ctrl Pts',(5.06647911611486,5.19522612188927,20.2936459854253));
#12768=CARTESIAN_POINT('Ctrl Pts',(5.06731426534576,5.19628829021574,20.2941727049914));
#12769=CARTESIAN_POINT('Ctrl Pts',(5.06819465787954,5.19740454177057,20.2946257422346));
#12770=CARTESIAN_POINT('Ctrl Pts',(5.12578162390457,5.27040896142051,20.3289727611573));
#12771=CARTESIAN_POINT('Ctrl Pts',(5.21966341456142,5.38813392607811,20.3533621626559));
#12772=CARTESIAN_POINT('Ctrl Pts',(5.39255456950715,5.61215569372348,20.3156320195825));
#12773=CARTESIAN_POINT('Ctrl Pts',(5.51728847147318,5.76854965910315,20.1607570316952));
#12774=CARTESIAN_POINT('Ctrl Pts',(5.54874825821478,5.79659579128334,19.9951328826456));
#12775=CARTESIAN_POINT('Ctrl Pts',(5.06647911611486,5.19522612188927,20.2936459854253));
#12776=CARTESIAN_POINT('Ctrl Pts',(5.06709832531485,5.19653489343181,20.2941502174336));
#12777=CARTESIAN_POINT('Ctrl Pts',(5.06771877681156,5.19784558648017,20.2946521576277));
#12778=CARTESIAN_POINT('Ctrl Pts',(5.11020493018415,5.2873596668612,20.3280349878875));
#12779=CARTESIAN_POINT('Ctrl Pts',(5.183008262697,5.43034244138723,20.3403239305443));
#12780=CARTESIAN_POINT('Ctrl Pts',(5.31518750479258,5.66276634489382,20.2518830466044));
#12781=CARTESIAN_POINT('Ctrl Pts',(5.3947426205883,5.77759598972125,20.0979976831897));
#12782=CARTESIAN_POINT('Ctrl Pts',(5.42220908299283,5.80034303494581,19.9735050421709));
#12783=CARTESIAN_POINT('',(5.06647911611485,5.19522612188927,20.2936459854253));
#12784=CARTESIAN_POINT('Ctrl Pts',(5.42220908299283,5.80034303494581,19.9735050421709));
#12785=CARTESIAN_POINT('Ctrl Pts',(5.3947426205883,5.77759598972125,20.0979976831897));
#12786=CARTESIAN_POINT('Ctrl Pts',(5.31518750479258,5.66276634489382,20.2518830466044));
#12787=CARTESIAN_POINT('Ctrl Pts',(5.183008262697,5.43034244138723,20.3403239305443));
#12788=CARTESIAN_POINT('Ctrl Pts',(5.11020493018415,5.2873596668612,20.3280349878875));
#12789=CARTESIAN_POINT('Ctrl Pts',(5.06771877681156,5.19784558648017,20.2946521576277));
#12790=CARTESIAN_POINT('Ctrl Pts',(5.06709832531485,5.19653489343181,20.2941502174336));
#12791=CARTESIAN_POINT('Ctrl Pts',(5.06647911611486,5.19522612188927,20.2936459854253));
#12792=CARTESIAN_POINT('Ctrl Pts',(5.06647911611486,5.19522612188927,20.2936459854253));
#12793=CARTESIAN_POINT('Ctrl Pts',(5.06778926157448,5.19584571151257,20.2941461658682));
#12794=CARTESIAN_POINT('Ctrl Pts',(5.06910131156081,5.1964665626796,20.2946440507708));
#12795=CARTESIAN_POINT('Ctrl Pts',(5.15870251160557,5.23898525418026,20.3277506115947));
#12796=CARTESIAN_POINT('Ctrl Pts',(5.3015691939089,5.31208535380878,20.3396294458934));
#12797=CARTESIAN_POINT('Ctrl Pts',(5.53312948128739,5.44538956058364,20.2506082398126));
#12798=CARTESIAN_POINT('Ctrl Pts',(5.64684840600084,5.52614691204505,20.096523850669));
#12799=CARTESIAN_POINT('Ctrl Pts',(5.6687941435595,5.55439995420627,19.9720633882568));
#12800=CARTESIAN_POINT('Origin',(-2.83122061350838E-7,1.70831400445767,
40.3012224465545));
#12801=CARTESIAN_POINT('Origin',(-2.83122061350838E-7,1.66858577179586,
40.2942172872403));
#12802=CARTESIAN_POINT('Origin',(-2.83122061350838E-7,2.20071788096377,
40.3880465353879));
#12803=CARTESIAN_POINT('Origin',(1.58047622230223,4.86790095412568E-15,
40.2786812463286));
#12804=CARTESIAN_POINT('Origin',(2.07288009880834,4.86790095412568E-15,
40.365505335162));
#12805=CARTESIAN_POINT('Origin',(1.54372095473422,4.86790095412568E-15,
40.2722003009732));
#12806=CARTESIAN_POINT('Origin',(-2.83122061350838E-7,-1.70639663396259,
40.3008843624042));
#12807=CARTESIAN_POINT('Origin',(-2.83122061350838E-7,-2.1988005104687,
40.3877084512376));
#12808=CARTESIAN_POINT('Origin',(-2.83122061350838E-7,-1.6667129913123,
40.2938870655121));
#12809=CARTESIAN_POINT('Origin',(-1.83423441611802,4.86790095412568E-15,
40.32342556263));
#12810=CARTESIAN_POINT('Origin',(-2.32663829262412,4.86790095412568E-15,
40.4102496514635));
#12811=CARTESIAN_POINT('',(-5.42448052154466,4.20359371802345E-15,19.7126889421342));
#12812=CARTESIAN_POINT('Origin',(-1.79157780837393,4.86790095412568E-15,
40.3159040517793));
#12813=CARTESIAN_POINT('Origin',(-1.79157780837393,4.86790095412568E-15,
40.3159040517793));
#12814=CARTESIAN_POINT('Origin',(-6.20156668062437,-6.06975427669157,16.9947461114912));
#12815=CARTESIAN_POINT('',(-6.57908745211104,-6.20107310992519,16.2934120444167));
#12816=CARTESIAN_POINT('',(-6.44776861887743,-6.06975427669157,17.038158155908));
#12817=CARTESIAN_POINT('',(-6.33288551385799,-6.44727504817824,16.2934120444167));
#12818=CARTESIAN_POINT('Origin',(-6.33288551385799,-6.20107310992519,16.25));
#12819=CARTESIAN_POINT('',(-6.20156668062437,-6.31595621494462,17.038158155908));
#12820=CARTESIAN_POINT('Origin',(-6.63082391200654,-6.49901150807374,16.));
#12821=CARTESIAN_POINT('',(-6.57908745211104,6.20305009377771,16.2934120444167));
#12822=CARTESIAN_POINT('',(-6.44776861887743,6.07173126054409,17.038158155908));
#12823=CARTESIAN_POINT('',(-6.57908745211104,-3.24901150807374,16.2934120444167));
#12824=CARTESIAN_POINT('Origin',(-6.20156668062437,6.07173126054409,16.9947461114912));
#12825=CARTESIAN_POINT('',(-6.33288551385799,6.44925203203076,16.2934120444167));
#12826=CARTESIAN_POINT('',(-6.20156668062437,6.31793319879714,17.038158155908));
#12827=CARTESIAN_POINT('Origin',(-6.33288551385799,6.20305009377771,16.25));
#12828=CARTESIAN_POINT('Origin',(-6.63082391200654,6.50098849192626,16.));
#12829=CARTESIAN_POINT('',(6.0712376898449,6.44925203203076,16.2934120444167));
#12830=CARTESIAN_POINT('',(5.93991885661128,6.31793319879714,17.038158155908));
#12831=CARTESIAN_POINT('',(-3.38082391200654,6.44925203203076,16.2934120444167));
#12832=CARTESIAN_POINT('Origin',(5.93991885661128,6.07173126054409,16.9947461114912));
#12833=CARTESIAN_POINT('',(6.31743962809796,6.20305009377771,16.2934120444167));
#12834=CARTESIAN_POINT('',(6.18612079486434,6.07173126054409,17.038158155908));
#12835=CARTESIAN_POINT('Origin',(6.0712376898449,6.20305009377771,16.25));
#12836=CARTESIAN_POINT('Origin',(-2.83122061350838E-7,4.86790095412568E-15,
40.0000005960464));
#12837=CARTESIAN_POINT('',(-2.83122062636717E-7,4.86790095412568E-15,19.0000005960464));
#12838=CARTESIAN_POINT('Origin',(-2.83122061350838E-7,4.86790095412568E-15,
40.0000005960464));
#12839=CARTESIAN_POINT('Origin',(-2.63082391200655,-2.49901150807375,16.));
#12840=CARTESIAN_POINT('',(-2.63082391200655,-2.49901150807375,16.));
#12841=CARTESIAN_POINT('',(-2.63082391200655,2.50098849192626,16.));
#12842=CARTESIAN_POINT('',(-2.63082391200655,-1.24901150807374,16.));
#12843=CARTESIAN_POINT('',(-2.63082391200655,2.50098849192626,13.));
#12844=CARTESIAN_POINT('',(-2.63082391200655,2.50098849192626,16.));
#12845=CARTESIAN_POINT('',(-2.63082391200655,-2.49901150807375,13.));
#12846=CARTESIAN_POINT('',(-2.63082391200655,-1.24901150807374,13.));
#12847=CARTESIAN_POINT('',(-2.63082391200655,-2.49901150807375,16.));
#12848=CARTESIAN_POINT('Origin',(2.36917608799345,-2.49901150807375,16.));
#12849=CARTESIAN_POINT('',(2.36917608799345,-2.49901150807375,16.));
#12850=CARTESIAN_POINT('',(1.11917608799345,-2.49901150807375,16.));
#12851=CARTESIAN_POINT('',(2.36917608799345,-2.49901150807375,13.));
#12852=CARTESIAN_POINT('',(1.11917608799345,-2.49901150807375,13.));
#12853=CARTESIAN_POINT('',(2.36917608799345,-2.49901150807375,16.));
#12854=CARTESIAN_POINT('Origin',(2.36917608799345,2.50098849192626,16.));
#12855=CARTESIAN_POINT('',(2.36917608799345,2.50098849192626,16.));
#12856=CARTESIAN_POINT('',(2.36917608799345,1.25098849192626,16.));
#12857=CARTESIAN_POINT('',(2.36917608799345,2.50098849192626,13.));
#12858=CARTESIAN_POINT('',(2.36917608799345,1.25098849192626,13.));
#12859=CARTESIAN_POINT('',(2.36917608799345,2.50098849192626,16.));
#12860=CARTESIAN_POINT('Origin',(-2.63082391200655,2.50098849192626,16.));
#12861=CARTESIAN_POINT('',(-1.38082391200655,2.50098849192626,16.));
#12862=CARTESIAN_POINT('',(-1.38082391200655,2.50098849192626,13.));
#12863=CARTESIAN_POINT('Origin',(-0.130823912006544,0.000988491926259699,
13.));
#12864=CARTESIAN_POINT('Origin',(-2.63082391200655,2.50098849192626,16.));
#12865=CARTESIAN_POINT('',(-2.27816995058961,2.14833453050933,18.));
#12866=CARTESIAN_POINT('',(2.01652212657653,2.14833453050933,18.));
#12867=CARTESIAN_POINT('',(-1.38082391200655,2.14833453050933,18.));
#12868=CARTESIAN_POINT('',(2.29599844005786,2.42781084399067,16.4150110643395));
#12869=CARTESIAN_POINT('',(-2.55764626407095,2.42781084399067,16.4150110643395));
#12870=CARTESIAN_POINT('Origin',(2.36917608799345,2.50098849192626,16.));
#12871=CARTESIAN_POINT('',(2.01652212657652,-2.14635754665682,18.));
#12872=CARTESIAN_POINT('',(2.01652212657653,1.25098849192626,18.));
#12873=CARTESIAN_POINT('',(2.29599844005786,-2.42583386013815,16.4150110643395));
#12874=CARTESIAN_POINT('Origin',(2.36917608799345,-2.49901150807375,16.));
#12875=CARTESIAN_POINT('',(-2.27816995058961,-2.14635754665682,18.));
#12876=CARTESIAN_POINT('',(1.11917608799345,-2.14635754665682,18.));
#12877=CARTESIAN_POINT('',(-2.55764626407095,-2.42583386013815,16.4150110643395));
#12878=CARTESIAN_POINT('Origin',(-2.63082391200655,-2.49901150807375,16.));
#12879=CARTESIAN_POINT('',(-2.27816995058961,-1.24901150807374,18.));
#12880=CARTESIAN_POINT('Origin',(5.0712376898449,5.20305009377771,16.));
#12881=CARTESIAN_POINT('',(5.42389165126183,5.55570405519464,18.));
#12882=CARTESIAN_POINT('',(5.42389165126183,-5.55372707134212,18.));
#12883=CARTESIAN_POINT('',(5.42389165126183,-5.20107310992519,18.));
#12884=CARTESIAN_POINT('',(5.0712376898449,5.20305009377771,16.));
#12885=CARTESIAN_POINT('',(4.91896783686909,5.05078024080189,15.1364347511424));
#12886=CARTESIAN_POINT('',(5.0712376898449,-5.20107310992519,16.));
#12887=CARTESIAN_POINT('',(5.0712376898449,2.60201929285198,16.));
#12888=CARTESIAN_POINT('',(4.91896783686909,-5.04880325694937,15.1364347511424));
#12889=CARTESIAN_POINT('Origin',(5.0712376898449,-5.20107310992519,16.));
#12890=CARTESIAN_POINT('',(-5.68553947527493,-5.55372707134212,18.));
#12891=CARTESIAN_POINT('',(-5.33288551385799,-5.55372707134212,18.));
#12892=CARTESIAN_POINT('',(-5.33288551385799,-5.20107310992519,16.));
#12893=CARTESIAN_POINT('',(2.47020688891918,-5.20107310992519,16.));
#12894=CARTESIAN_POINT('',(-5.18061566088218,-5.04880325694937,15.1364347511424));
#12895=CARTESIAN_POINT('Origin',(-5.33288551385799,-5.20107310992519,16.));
#12896=CARTESIAN_POINT('',(-5.68553947527492,5.55570405519464,18.));
#12897=CARTESIAN_POINT('',(-5.68553947527492,5.20305009377771,18.));
#12898=CARTESIAN_POINT('',(-5.33288551385799,5.20305009377771,16.));
#12899=CARTESIAN_POINT('',(-5.33288551385799,-2.60004230899946,16.));
#12900=CARTESIAN_POINT('',(-5.18061566088217,5.05078024080189,15.1364347511424));
#12901=CARTESIAN_POINT('Origin',(-5.33288551385799,5.20305009377771,16.));
#12902=CARTESIAN_POINT('',(5.0712376898449,5.55570405519464,18.));
#12903=CARTESIAN_POINT('',(-2.73185471293227,5.20305009377771,16.));
#12904=CARTESIAN_POINT('Origin',(-0.130823912006546,0.000988491926260254,
18.));
#12905=CARTESIAN_POINT('Origin',(-0.130823912006544,0.000988491926259699,
16.));
#12906=CARTESIAN_POINT('',(6.07123768984491,6.20305009377771,16.));
#12907=CARTESIAN_POINT('',(-6.33288551385799,6.20305009377771,16.));
#12908=CARTESIAN_POINT('',(-3.38082391200654,6.20305009377771,16.));
#12909=CARTESIAN_POINT('',(6.07123768984491,-6.20107310992519,16.));
#12910=CARTESIAN_POINT('',(6.07123768984491,3.25098849192626,16.));
#12911=CARTESIAN_POINT('',(-6.33288551385799,-6.20107310992519,16.));
#12912=CARTESIAN_POINT('',(3.11917608799346,-6.20107310992519,16.));
#12913=CARTESIAN_POINT('',(-6.33288551385799,-3.24901150807374,16.));
#12914=CARTESIAN_POINT('Origin',(-6.33288551385799,-6.20107310992519,16.25));
#12915=CARTESIAN_POINT('Origin',(-6.33288551385799,-6.20107310992519,16.25));
#12916=CARTESIAN_POINT('Origin',(-6.33288551385799,-6.20107310992519,16.25));
#12917=CARTESIAN_POINT('Origin',(-6.33288551385799,6.20305009377771,16.25));
#12918=CARTESIAN_POINT('Origin',(-6.33288551385799,6.20305009377771,16.25));
#12919=CARTESIAN_POINT('Origin',(-6.33288551385799,6.20305009377771,16.25));
#12920=CARTESIAN_POINT('Origin',(6.07123768984491,-6.20107310992519,16.25));
#12921=CARTESIAN_POINT('',(6.07123768984491,-6.44727504817824,16.2934120444167));
#12922=CARTESIAN_POINT('Origin',(6.07123768984491,-6.20107310992519,16.25));
#12923=CARTESIAN_POINT('',(6.31743962809796,-6.20107310992519,16.2934120444167));
#12924=CARTESIAN_POINT('Origin',(6.07123768984491,-6.20107310992519,16.25));
#12925=CARTESIAN_POINT('Origin',(6.07123768984491,-6.20107310992519,16.25));
#12926=CARTESIAN_POINT('Origin',(6.0712376898449,6.20305009377771,16.25));
#12927=CARTESIAN_POINT('Origin',(6.07123768984491,6.20305009377771,16.25));
#12928=CARTESIAN_POINT('Origin',(6.0712376898449,6.20305009377771,16.25));
#12929=CARTESIAN_POINT('Origin',(-3.38082391200654,6.20305009377771,16.25));
#12930=CARTESIAN_POINT('Origin',(5.93991885661129,-6.06975427669157,16.9947461114912));
#12931=CARTESIAN_POINT('',(5.93991885661129,-6.31595621494462,17.038158155908));
#12932=CARTESIAN_POINT('',(6.18612079486434,-6.06975427669157,17.038158155908));
#12933=CARTESIAN_POINT('Origin',(6.07123768984491,3.25098849192626,16.25));
#12934=CARTESIAN_POINT('',(6.31743962809796,3.25098849192626,16.2934120444167));
#12935=CARTESIAN_POINT('Origin',(3.11917608799346,-6.20107310992519,16.25));
#12936=CARTESIAN_POINT('',(3.11917608799346,-6.44727504817824,16.2934120444167));
#12937=CARTESIAN_POINT('Origin',(-6.33288551385799,-3.24901150807374,16.25));
#12938=CARTESIAN_POINT('Origin',(6.36917608799346,-6.49901150807374,16.));
#12939=CARTESIAN_POINT('Origin',(6.36917608799346,6.50098849192626,16.));
#12940=CARTESIAN_POINT('Ctrl Pts',(13.3271405753287,5.78923046368339,20.0365803655408));
#12941=CARTESIAN_POINT('Ctrl Pts',(13.327052217791,5.78931580736204,20.0360963574876));
#12942=CARTESIAN_POINT('Ctrl Pts',(13.3269653215136,5.78940119665913,20.0356120907195));
#12943=CARTESIAN_POINT('Ctrl Pts',(13.3268798881056,5.78948663006715,20.0351275737858));
#12944=CARTESIAN_POINT('Ctrl Pts',(13.2639382465021,5.78725737872127,20.047770286415));
#12945=CARTESIAN_POINT('Ctrl Pts',(13.2638347281565,5.78736451391303,20.0471613715775));
#12946=CARTESIAN_POINT('Ctrl Pts',(13.2637329641626,5.78747227262498,20.0465528793121));
#12947=CARTESIAN_POINT('Ctrl Pts',(13.2636331151696,5.78757950650739,20.045943408958));
#12948=CARTESIAN_POINT('Ctrl Pts',(13.1380994294406,5.7319685985394,20.0609937443318));
#12949=CARTESIAN_POINT('Ctrl Pts',(13.1379653474774,5.73213222475191,20.060139371089));
#12950=CARTESIAN_POINT('Ctrl Pts',(13.1378339098992,5.73229589279946,20.0592838442933));
#12951=CARTESIAN_POINT('Ctrl Pts',(13.1377049770804,5.73245960283936,20.0584288111428));
#12952=CARTESIAN_POINT('Ctrl Pts',(13.083065196174,5.60591309095634,20.0488134689059));
#12953=CARTESIAN_POINT('Ctrl Pts',(13.0829023237848,5.60611936629804,20.0478562735496));
#12954=CARTESIAN_POINT('Ctrl Pts',(13.0827421267338,5.60632511613507,20.0469015035406));
#12955=CARTESIAN_POINT('Ctrl Pts',(13.0825850734123,5.60653146475012,20.045943408958));
#12956=CARTESIAN_POINT('Ctrl Pts',(13.0811932772429,5.54264238702866,20.0379988627385));
#12957=CARTESIAN_POINT('Ctrl Pts',(13.0810185799972,5.54285644393556,20.0370422903123));
#12958=CARTESIAN_POINT('Ctrl Pts',(13.0808468031394,5.5430705467887,20.0360851883615));
#12959=CARTESIAN_POINT('Ctrl Pts',(13.0806779498526,5.5432846918141,20.0351275737858));
#12960=CARTESIAN_POINT('',(13.3268798881056,5.78948663006715,20.0351275737858));
#12961=CARTESIAN_POINT('',(13.0806779498526,5.5432846918141,20.0351275737858));
#12962=CARTESIAN_POINT('Origin',(13.3268798881056,5.5432846918141,19.991715529369));
#12963=CARTESIAN_POINT('',(13.0811932772429,5.54264238702864,20.0379988627386));
#12964=CARTESIAN_POINT('Ctrl Pts',(13.0806779498526,5.5432846918141,20.0351275737858));
#12965=CARTESIAN_POINT('Ctrl Pts',(13.0808468031394,5.5430705467887,20.0360851883615));
#12966=CARTESIAN_POINT('Ctrl Pts',(13.0810185799972,5.54285644393556,20.0370422903123));
#12967=CARTESIAN_POINT('Ctrl Pts',(13.0811932772429,5.54264238702866,20.0379988627385));
#12968=CARTESIAN_POINT('',(13.3271405753307,5.78923046368212,20.036580365548));
#12969=CARTESIAN_POINT('Origin',(13.3271405753287,5.54302852543033,19.9931683211241));
#12970=CARTESIAN_POINT('',(12.7984333193756,6.31793319879715,17.038158155908));
#12971=CARTESIAN_POINT('Ctrl Pts',(13.6888304979593,5.18435350375018,20.3553076670092));
#12972=CARTESIAN_POINT('Ctrl Pts',(13.6882135458181,5.18566185435153,20.3558197487853));
#12973=CARTESIAN_POINT('Ctrl Pts',(13.6875952805104,5.18697220203055,20.3563295728643));
#12974=CARTESIAN_POINT('Ctrl Pts',(13.6451624353635,5.27664304498534,20.3903205337167));
#12975=CARTESIAN_POINT('Ctrl Pts',(13.5719135206896,5.41989071725132,20.4034002952331));
#12976=CARTESIAN_POINT('Ctrl Pts',(13.4376291619094,5.65271781004738,20.3157241851364));
#12977=CARTESIAN_POINT('Ctrl Pts',(13.3558403600105,5.76723387816245,20.1613292010768));
#12978=CARTESIAN_POINT('Ctrl Pts',(13.3271405753307,5.78923046368212,20.036580365548));
#12979=CARTESIAN_POINT('Ctrl Pts',(13.6888304979593,5.18435350375018,20.3553076670092));
#12980=CARTESIAN_POINT('Ctrl Pts',(13.6879983034452,5.18541450396393,20.3558458494901));
#12981=CARTESIAN_POINT('Ctrl Pts',(13.6871196541281,5.18652931694444,20.35630747018));
#12982=CARTESIAN_POINT('Ctrl Pts',(13.629588051197,5.2596029566079,20.3914911290519));
#12983=CARTESIAN_POINT('Ctrl Pts',(13.5354159097232,5.3774177061889,20.4169078926183));
#12984=CARTESIAN_POINT('Ctrl Pts',(13.3608273821735,5.6019770341311,20.3808447217833));
#12985=CARTESIAN_POINT('Ctrl Pts',(13.2334108715688,5.75847459051979,20.2252195116281));
#12986=CARTESIAN_POINT('Ctrl Pts',(13.2007359176772,5.78528429375823,20.0589602072965));
#12987=CARTESIAN_POINT('Ctrl Pts',(13.6888304979593,5.18435350375018,20.3553076670092));
#12988=CARTESIAN_POINT('Ctrl Pts',(13.6877704984353,5.18518611968912,20.3558471672038));
#12989=CARTESIAN_POINT('Ctrl Pts',(13.686656124436,5.18606460923445,20.3563101515986));
#12990=CARTESIAN_POINT('Ctrl Pts',(13.6136399382056,5.24361426592779,20.3915833726021));
#12991=CARTESIAN_POINT('Ctrl Pts',(13.4957311226618,5.33763124559411,20.417137244764));
#12992=CARTESIAN_POINT('Ctrl Pts',(13.2705129368655,5.51142830027113,20.3813658894559));
#12993=CARTESIAN_POINT('Ctrl Pts',(13.1127879862056,5.63753735222468,20.2259151778459));
#12994=CARTESIAN_POINT('Ctrl Pts',(13.0849371151058,5.66918379488356,20.0596280750771));
#12995=CARTESIAN_POINT('Ctrl Pts',(13.6888304979593,5.18435350375018,20.3553076670092));
#12996=CARTESIAN_POINT('Ctrl Pts',(13.6875235517244,5.18497010652805,20.3558237402012));
#12997=CARTESIAN_POINT('Ctrl Pts',(13.6862145917401,5.18558800343244,20.3563375595912));
#12998=CARTESIAN_POINT('Ctrl Pts',(13.5966332241848,5.22799046045146,20.3906012538357));
#12999=CARTESIAN_POINT('Ctrl Pts',(13.453275154067,5.30094802754777,20.4040858472067));
#13000=CARTESIAN_POINT('Ctrl Pts',(13.2195985648689,5.43412132240093,20.3169822711919));
#13001=CARTESIAN_POINT('Ctrl Pts',(13.1039821584563,5.51471912237584,20.1627816852204));
#13002=CARTESIAN_POINT('Ctrl Pts',(13.0811932772429,5.54264238702864,20.0379988627386));
#13003=CARTESIAN_POINT('',(13.6888304979593,5.18435350375018,20.3553076670092));
#13004=CARTESIAN_POINT('Ctrl Pts',(13.0811932772429,5.54264238702864,20.0379988627386));
#13005=CARTESIAN_POINT('Ctrl Pts',(13.1039821584563,5.51471912237584,20.1627816852204));
#13006=CARTESIAN_POINT('Ctrl Pts',(13.2195985648689,5.43412132240093,20.3169822711919));
#13007=CARTESIAN_POINT('Ctrl Pts',(13.453275154067,5.30094802754777,20.4040858472067));
#13008=CARTESIAN_POINT('Ctrl Pts',(13.5966332241848,5.22799046045146,20.3906012538357));
#13009=CARTESIAN_POINT('Ctrl Pts',(13.6862145917401,5.18558800343244,20.3563375595912));
#13010=CARTESIAN_POINT('Ctrl Pts',(13.6875235517244,5.18497010652805,20.3558237402012));
#13011=CARTESIAN_POINT('Ctrl Pts',(13.6888304979593,5.18435350375018,20.3553076670092));
#13012=CARTESIAN_POINT('Ctrl Pts',(13.6888304979593,5.18435350375018,20.3553076670092));
#13013=CARTESIAN_POINT('Ctrl Pts',(13.6882135458181,5.18566185435153,20.3558197487853));
#13014=CARTESIAN_POINT('Ctrl Pts',(13.6875952805104,5.18697220203055,20.3563295728643));
#13015=CARTESIAN_POINT('Ctrl Pts',(13.6451624353635,5.27664304498534,20.3903205337167));
#13016=CARTESIAN_POINT('Ctrl Pts',(13.5719135206896,5.41989071725132,20.4034002952331));
#13017=CARTESIAN_POINT('Ctrl Pts',(13.4376291619094,5.65271781004738,20.3157241851364));
#13018=CARTESIAN_POINT('Ctrl Pts',(13.3558403600105,5.76723387816245,20.1613292010768));
#13019=CARTESIAN_POINT('Ctrl Pts',(13.3271405753307,5.78923046368212,20.036580365548));
#13020=CARTESIAN_POINT('Ctrl Pts',(13.0811133865014,-5.54074363825926,20.0375442067379));
#13021=CARTESIAN_POINT('Ctrl Pts',(13.0809359381813,-5.54096090712338,20.0365730809013));
#13022=CARTESIAN_POINT('Ctrl Pts',(13.0807614997914,-5.54117822340328,20.0356014090351));
#13023=CARTESIAN_POINT('Ctrl Pts',(13.0805900746634,-5.54139558315077,20.0346292088228));
#13024=CARTESIAN_POINT('Ctrl Pts',(13.0829848029367,-5.60401468361002,20.0483587871593));
#13025=CARTESIAN_POINT('Ctrl Pts',(13.0828193482343,-5.60422406015423,20.0473870302362));
#13026=CARTESIAN_POINT('Ctrl Pts',(13.0826566553822,-5.60443290392595,20.0464177281219));
#13027=CARTESIAN_POINT('Ctrl Pts',(13.0824971982231,-5.6046423560868,20.0454450439951));
#13028=CARTESIAN_POINT('Ctrl Pts',(13.1380177399534,-5.73007206320408,20.0605344042368));
#13029=CARTESIAN_POINT('Ctrl Pts',(13.1378815152575,-5.73023816517456,20.059667037881));
#13030=CARTESIAN_POINT('Ctrl Pts',(13.1377480147135,-5.73040431049715,20.0587984948556));
#13031=CARTESIAN_POINT('Ctrl Pts',(13.1376170971009,-5.7305704989663,20.0579304478692));
#13032=CARTESIAN_POINT('Ctrl Pts',(13.2638551224316,-5.78536337083778,20.0472997063103));
#13033=CARTESIAN_POINT('Ctrl Pts',(13.2637499644541,-5.78547213486936,20.0466815350473));
#13034=CARTESIAN_POINT('Ctrl Pts',(13.263646616062,-5.78558153205027,20.0460637880693));
#13035=CARTESIAN_POINT('Ctrl Pts',(13.2635452399804,-5.78569039784406,20.0454450439951));
#13036=CARTESIAN_POINT('Ctrl Pts',(13.3270567342625,-5.78733745958619,20.0361040926811));
#13037=CARTESIAN_POINT('Ctrl Pts',(13.326966987189,-5.78742410034295,20.0356127285325));
#13038=CARTESIAN_POINT('Ctrl Pts',(13.3268787461789,-5.7875107881413,20.0351210975977));
#13039=CARTESIAN_POINT('Ctrl Pts',(13.3267920129164,-5.78759752140382,20.0346292088228));
#13040=CARTESIAN_POINT('',(13.0805900746634,-5.54139558315077,20.0346292088228));
#13041=CARTESIAN_POINT('',(13.3267920129164,-5.78759752140382,20.0346292088228));
#13042=CARTESIAN_POINT('Origin',(13.3267920129164,-5.54139558315077,19.9912171644061));
#13043=CARTESIAN_POINT('',(13.3270567342646,-5.78733745958486,20.0361040926887));
#13044=CARTESIAN_POINT('',(12.7984333193756,-6.31595621494462,17.038158155908));
#13045=CARTESIAN_POINT('',(13.0811133865014,-5.54074363825926,20.0375442067379));
#13046=CARTESIAN_POINT('Origin',(13.3270567342625,-5.54113552133314,19.9926920482644));
#13047=CARTESIAN_POINT('Ctrl Pts',(13.0811133865014,-5.54074363825926,20.0375442067379));
#13048=CARTESIAN_POINT('Ctrl Pts',(13.0809359381813,-5.54096090712338,20.0365730809013));
#13049=CARTESIAN_POINT('Ctrl Pts',(13.0807614997914,-5.54117822340328,20.0356014090351));
#13050=CARTESIAN_POINT('Ctrl Pts',(13.0805900746634,-5.54139558315077,20.0346292088228));
#13051=CARTESIAN_POINT('Ctrl Pts',(13.688748392114,-5.18250460211154,20.3548420216219));
#13052=CARTESIAN_POINT('Ctrl Pts',(13.6874405625939,-5.18312163756761,20.3553583829597));
#13053=CARTESIAN_POINT('Ctrl Pts',(13.6861307186075,-5.18373996789362,20.3558724850943));
#13054=CARTESIAN_POINT('Ctrl Pts',(13.5965517577188,-5.22614235128621,20.3901305057563));
#13055=CARTESIAN_POINT('Ctrl Pts',(13.4531996820134,-5.2990945197452,20.4036090536665));
#13056=CARTESIAN_POINT('Ctrl Pts',(13.2195326803177,-5.43224771829144,20.3165058815937));
#13057=CARTESIAN_POINT('Ctrl Pts',(13.1039130411942,-5.51282759445714,20.1623204442335));
#13058=CARTESIAN_POINT('Ctrl Pts',(13.0811133865014,-5.54074363825926,20.0375442067379));
#13059=CARTESIAN_POINT('Ctrl Pts',(13.688748392114,-5.18250460211154,20.3548420216219));
#13060=CARTESIAN_POINT('Ctrl Pts',(13.6876876637774,-5.18333780915753,20.3553817791859));
#13061=CARTESIAN_POINT('Ctrl Pts',(13.6865725399003,-5.18421688876252,20.3558450462233));
#13062=CARTESIAN_POINT('Ctrl Pts',(13.6135579559736,-5.2417662010995,20.3911107160322));
#13063=CARTESIAN_POINT('Ctrl Pts',(13.4956526600028,-5.3357784617962,20.4166569321221));
#13064=CARTESIAN_POINT('Ctrl Pts',(13.2704466722643,-5.50955683824071,20.3808761863722));
#13065=CARTESIAN_POINT('Ctrl Pts',(13.1127252084728,-5.63564240954765,20.225448322641));
#13066=CARTESIAN_POINT('Ctrl Pts',(13.0848562193727,-5.66728572896031,20.0591733675848));
#13067=CARTESIAN_POINT('Ctrl Pts',(13.688748392114,-5.18250460211154,20.3548420216219));
#13068=CARTESIAN_POINT('Ctrl Pts',(13.6879156127595,-5.1835663465489,20.3553804405258));
#13069=CARTESIAN_POINT('Ctrl Pts',(13.6870363709177,-5.18468191641327,20.3558423221311));
#13070=CARTESIAN_POINT('Ctrl Pts',(13.6295053628434,-5.25775479833845,20.3910170695017));
#13071=CARTESIAN_POINT('Ctrl Pts',(13.5353355698755,-5.37556458012476,20.4164240922721));
#13072=CARTESIAN_POINT('Ctrl Pts',(13.3607537041996,-5.6001016874715,20.3803471114588));
#13073=CARTESIAN_POINT('Ctrl Pts',(13.2333409587078,-5.75657725499976,20.2247420853653));
#13074=CARTESIAN_POINT('Ctrl Pts',(13.2006535106026,-5.7833892820884,20.0584953199471));
#13075=CARTESIAN_POINT('Ctrl Pts',(13.688748392114,-5.18250460211154,20.3548420216219));
#13076=CARTESIAN_POINT('Ctrl Pts',(13.6881310015362,-5.1838138579469,20.3553543280448));
#13077=CARTESIAN_POINT('Ctrl Pts',(13.6875122967342,-5.18512511129077,20.3558643713102));
#13078=CARTESIAN_POINT('Ctrl Pts',(13.6450790466411,-5.27479487692007,20.3898455146923));
#13079=CARTESIAN_POINT('Ctrl Pts',(13.5718310970007,-5.41803484840356,20.4029130844323));
#13080=CARTESIAN_POINT('Ctrl Pts',(13.4375499931998,-5.65083945710619,20.3152286805902));
#13081=CARTESIAN_POINT('Ctrl Pts',(13.3557610955308,-5.76534212022728,20.1608458608798));
#13082=CARTESIAN_POINT('Ctrl Pts',(13.3270567342646,-5.78733745958486,20.0361040926887));
#13083=CARTESIAN_POINT('',(13.688748392114,-5.18250460211154,20.3548420216219));
#13084=CARTESIAN_POINT('Ctrl Pts',(13.3270567342646,-5.78733745958486,20.0361040926887));
#13085=CARTESIAN_POINT('Ctrl Pts',(13.3557610955308,-5.76534212022728,20.1608458608798));
#13086=CARTESIAN_POINT('Ctrl Pts',(13.4375499931998,-5.65083945710619,20.3152286805902));
#13087=CARTESIAN_POINT('Ctrl Pts',(13.5718310970007,-5.41803484840356,20.4029130844323));
#13088=CARTESIAN_POINT('Ctrl Pts',(13.6450790466411,-5.27479487692007,20.3898455146923));
#13089=CARTESIAN_POINT('Ctrl Pts',(13.6875122967342,-5.18512511129077,20.3558643713102));
#13090=CARTESIAN_POINT('Ctrl Pts',(13.6881310015362,-5.1838138579469,20.3553543280448));
#13091=CARTESIAN_POINT('Ctrl Pts',(13.688748392114,-5.18250460211154,20.3548420216219));
#13092=CARTESIAN_POINT('Ctrl Pts',(13.688748392114,-5.18250460211154,20.3548420216219));
#13093=CARTESIAN_POINT('Ctrl Pts',(13.6874405625939,-5.18312163756761,20.3553583829597));
#13094=CARTESIAN_POINT('Ctrl Pts',(13.6861307186075,-5.18373996789362,20.3558724850943));
#13095=CARTESIAN_POINT('Ctrl Pts',(13.5965517577188,-5.22614235128621,20.3901305057563));
#13096=CARTESIAN_POINT('Ctrl Pts',(13.4531996820134,-5.2990945197452,20.4036090536665));
#13097=CARTESIAN_POINT('Ctrl Pts',(13.2195326803177,-5.43224771829144,20.3165058815937));
#13098=CARTESIAN_POINT('Ctrl Pts',(13.1039130411942,-5.51282759445714,20.1623204442335));
#13099=CARTESIAN_POINT('Ctrl Pts',(13.0811133865014,-5.54074363825926,20.0375442067379));
#13100=CARTESIAN_POINT('Ctrl Pts',(24.4223027894255,-5.79845810174099,19.9729845693323));
#13101=CARTESIAN_POINT('Ctrl Pts',(24.4225138400137,-5.7986327976955,19.9720279707594));
#13102=CARTESIAN_POINT('Ctrl Pts',(24.4227249365558,-5.79880457606089,19.9710708434948));
#13103=CARTESIAN_POINT('Ctrl Pts',(24.4229360753305,-5.79897343366384,19.9701132044411));
#13104=CARTESIAN_POINT('Ctrl Pts',(24.4855720355632,-5.79658397740311,19.9837985155091));
#13105=CARTESIAN_POINT('Ctrl Pts',(24.485775787664,-5.7967475995455,19.9828415210619));
#13106=CARTESIAN_POINT('Ctrl Pts',(24.4859790205152,-5.79690850096113,19.9818869404955));
#13107=CARTESIAN_POINT('Ctrl Pts',(24.4861828482665,-5.79706631010407,19.9809290396133));
#13108=CARTESIAN_POINT('Ctrl Pts',(24.6116045928644,-5.74152961914159,19.9959710603736));
#13109=CARTESIAN_POINT('Ctrl Pts',(24.6117672536034,-5.74166504520105,19.9951172784546));
#13110=CARTESIAN_POINT('Ctrl Pts',(24.6119299658881,-5.74179785152839,19.9942624546841));
#13111=CARTESIAN_POINT('Ctrl Pts',(24.6120927138575,-5.74192813393776,19.9934079979292));
#13112=CARTESIAN_POINT('Ctrl Pts',(24.6669090641225,-5.61571193793291,19.9827542049962));
#13113=CARTESIAN_POINT('Ctrl Pts',(24.6670161131368,-5.61581585807186,19.982145866614));
#13114=CARTESIAN_POINT('Ctrl Pts',(24.6671237414971,-5.6159180138319,19.9815379383635));
#13115=CARTESIAN_POINT('Ctrl Pts',(24.6672308900238,-5.6160182683468,19.9809290396133));
#13116=CARTESIAN_POINT('Ctrl Pts',(24.6688821053981,-5.55251107081479,19.9715645318808));
#13117=CARTESIAN_POINT('Ctrl Pts',(24.6689673630548,-5.55259933937966,19.9710810116825));
#13118=CARTESIAN_POINT('Ctrl Pts',(24.6690526662853,-5.55268614811255,19.9705972330219));
#13119=CARTESIAN_POINT('Ctrl Pts',(24.6691380135836,-5.55277149541078,19.9701132044411));
#13120=CARTESIAN_POINT('',(24.4229360753305,-5.79897343366384,19.9701132044411));
#13121=CARTESIAN_POINT('',(24.6691380135836,-5.55277149541078,19.9701132044411));
#13122=CARTESIAN_POINT('Origin',(24.4229360753305,-5.55277149541078,19.9267011600243));
#13123=CARTESIAN_POINT('',(24.6688821053969,-5.55251107081298,19.9715645318874));
#13124=CARTESIAN_POINT('',(25.1861207948643,-6.06975427669156,17.038158155908));
#13125=CARTESIAN_POINT('',(24.4223027894255,-5.79845810174099,19.9729845693323));
#13126=CARTESIAN_POINT('Origin',(24.422680167145,-5.55251107081479,19.928152487464));
#13127=CARTESIAN_POINT('Ctrl Pts',(24.4223027894255,-5.79845810174099,19.9729845693323));
#13128=CARTESIAN_POINT('Ctrl Pts',(24.4225138400137,-5.7986327976955,19.9720279707594));
#13129=CARTESIAN_POINT('Ctrl Pts',(24.4227249365558,-5.79880457606089,19.9710708434948));
#13130=CARTESIAN_POINT('Ctrl Pts',(24.4229360753305,-5.79897343366384,19.9701132044411));
#13131=CARTESIAN_POINT('Ctrl Pts',(24.066561316044,-5.19337731433453,20.2931798064617));
#13132=CARTESIAN_POINT('Ctrl Pts',(24.0671811769695,-5.19468744066024,20.2936844309268));
#13133=CARTESIAN_POINT('Ctrl Pts',(24.0678036891801,-5.19600203422948,20.2941864395589));
#13134=CARTESIAN_POINT('Ctrl Pts',(24.1310151669182,-5.32924929294178,20.3440789495878));
#13135=CARTESIAN_POINT('Ctrl Pts',(24.2360522113388,-5.53150470228001,20.3441040627407));
#13136=CARTESIAN_POINT('Ctrl Pts',(24.3677512754584,-5.73793631489569,20.1549971978145));
#13137=CARTESIAN_POINT('Ctrl Pts',(24.4085695115935,-5.78709045714226,20.0352314177568));
#13138=CARTESIAN_POINT('Ctrl Pts',(24.4223027894255,-5.79845810174099,19.9729845693323));
#13139=CARTESIAN_POINT('Ctrl Pts',(24.066561316044,-5.19337731433453,20.2931798064617));
#13140=CARTESIAN_POINT('Ctrl Pts',(24.0674241898175,-5.19446616995869,20.2936024647245));
#13141=CARTESIAN_POINT('Ctrl Pts',(24.068250552834,-5.19553216514872,20.2942732138685));
#13142=CARTESIAN_POINT('Ctrl Pts',(24.155616690402,-5.30576679868535,20.3398419186992));
#13143=CARTESIAN_POINT('Ctrl Pts',(24.2823927588642,-5.46809473019454,20.3832091933451));
#13144=CARTESIAN_POINT('Ctrl Pts',(24.4737405477159,-5.71336836574585,20.2223569076969));
#13145=CARTESIAN_POINT('Ctrl Pts',(24.534875104446,-5.78271906800677,20.0731200883531));
#13146=CARTESIAN_POINT('Ctrl Pts',(24.5488412817006,-5.7947098530646,19.9946124616893));
#13147=CARTESIAN_POINT('Ctrl Pts',(24.066561316044,-5.19337731433453,20.2931798064617));
#13148=CARTESIAN_POINT('Ctrl Pts',(24.0676504518747,-5.19424047691686,20.2936011587173));
#13149=CARTESIAN_POINT('Ctrl Pts',(24.0687182528185,-5.19506563185443,20.2942705115645));
#13150=CARTESIAN_POINT('Ctrl Pts',(24.1789972639257,-5.28244486203367,20.3397069171119));
#13151=CARTESIAN_POINT('Ctrl Pts',(24.3412524978488,-5.40938412767188,20.3828697290798));
#13152=CARTESIAN_POINT('Ctrl Pts',(24.585102912676,-5.60229137414254,20.2217155263156));
#13153=CARTESIAN_POINT('Ctrl Pts',(24.6534342442358,-5.66446404839888,20.0724373424137));
#13154=CARTESIAN_POINT('Ctrl Pts',(24.6649360228461,-5.67891280504943,19.9939438781184));
#13155=CARTESIAN_POINT('Ctrl Pts',(24.066561316044,-5.19337731433453,20.2931798064617));
#13156=CARTESIAN_POINT('Ctrl Pts',(24.0678727966719,-5.19399755054774,20.2936804360747));
#13157=CARTESIAN_POINT('Ctrl Pts',(24.0691887221932,-5.19462046580169,20.2941784397458));
#13158=CARTESIAN_POINT('Ctrl Pts',(24.2025650215908,-5.25787836433489,20.3436656693229));
#13159=CARTESIAN_POINT('Ctrl Pts',(24.4045517570893,-5.36343281716389,20.343132465953));
#13160=CARTESIAN_POINT('Ctrl Pts',(24.6095515700351,-5.49675574598509,20.1536045981336));
#13161=CARTESIAN_POINT('Ctrl Pts',(24.6579091009717,-5.53839040551337,20.0337955323801));
#13162=CARTESIAN_POINT('Ctrl Pts',(24.6688821053969,-5.55251107081298,19.9715645318874));
#13163=CARTESIAN_POINT('',(24.066561316044,-5.19337731433453,20.2931798064617));
#13164=CARTESIAN_POINT('Ctrl Pts',(24.6688821053969,-5.55251107081298,19.9715645318874));
#13165=CARTESIAN_POINT('Ctrl Pts',(24.6579091009717,-5.53839040551337,20.0337955323801));
#13166=CARTESIAN_POINT('Ctrl Pts',(24.6095515700351,-5.49675574598509,20.1536045981336));
#13167=CARTESIAN_POINT('Ctrl Pts',(24.4045517570893,-5.36343281716389,20.343132465953));
#13168=CARTESIAN_POINT('Ctrl Pts',(24.2025650215908,-5.25787836433489,20.3436656693229));
#13169=CARTESIAN_POINT('Ctrl Pts',(24.0691887221932,-5.19462046580169,20.2941784397458));
#13170=CARTESIAN_POINT('Ctrl Pts',(24.0678727966719,-5.19399755054774,20.2936804360747));
#13171=CARTESIAN_POINT('Ctrl Pts',(24.066561316044,-5.19337731433453,20.2931798064617));
#13172=CARTESIAN_POINT('Ctrl Pts',(24.066561316044,-5.19337731433453,20.2931798064617));
#13173=CARTESIAN_POINT('Ctrl Pts',(24.0671811769695,-5.19468744066024,20.2936844309268));
#13174=CARTESIAN_POINT('Ctrl Pts',(24.0678036891801,-5.19600203422948,20.2941864395589));
#13175=CARTESIAN_POINT('Ctrl Pts',(24.1310151669182,-5.32924929294178,20.3440789495878));
#13176=CARTESIAN_POINT('Ctrl Pts',(24.2360522113388,-5.53150470228001,20.3441040627407));
#13177=CARTESIAN_POINT('Ctrl Pts',(24.3677512754584,-5.73793631489569,20.1549971978145));
#13178=CARTESIAN_POINT('Ctrl Pts',(24.4085695115935,-5.78709045714226,20.0352314177568));
#13179=CARTESIAN_POINT('Ctrl Pts',(24.4223027894255,-5.79845810174099,19.9729845693323));
#13180=CARTESIAN_POINT('Ctrl Pts',(24.6687941435608,5.55439995420821,19.9720633882497));
#13181=CARTESIAN_POINT('Ctrl Pts',(24.6688806983204,5.55448961228898,19.9715725118147));
#13182=CARTESIAN_POINT('Ctrl Pts',(24.6689673000765,5.55457776575622,19.9710813688502));
#13183=CARTESIAN_POINT('Ctrl Pts',(24.6690539472527,5.5546644129325,19.9705899682946));
#13184=CARTESIAN_POINT('Ctrl Pts',(24.6668200985391,5.6176001043702,19.9832587538923));
#13185=CARTESIAN_POINT('Ctrl Pts',(24.6669287763979,5.61770566410071,19.9826411590605));
#13186=CARTESIAN_POINT('Ctrl Pts',(24.6670380432377,5.61780940424769,19.982023976035));
#13187=CARTESIAN_POINT('Ctrl Pts',(24.667146823693,5.61791118586852,19.9814058034669));
#13188=CARTESIAN_POINT('Ctrl Pts',(24.6115130919751,5.74341634298762,19.9964868442193));
#13189=CARTESIAN_POINT('Ctrl Pts',(24.6116782284256,5.7435539116983,19.9956200693876));
#13190=CARTESIAN_POINT('Ctrl Pts',(24.6118434179494,5.74368878107768,19.9947522312814));
#13191=CARTESIAN_POINT('Ctrl Pts',(24.6120086443528,5.74382104828564,19.9938847606635));
#13192=CARTESIAN_POINT('Ctrl Pts',(24.485478670604,5.79846941311493,19.9843189624063));
#13193=CARTESIAN_POINT('Ctrl Pts',(24.4856855238713,5.79863561747598,19.9833474065066));
#13194=CARTESIAN_POINT('Ctrl Pts',(24.4858918506395,5.79879901464597,19.9823782938889));
#13195=CARTESIAN_POINT('Ctrl Pts',(24.4860987819357,5.7989592276258,19.9814058034669));
#13196=CARTESIAN_POINT('Ctrl Pts',(24.4222090829928,5.80034303494583,19.9735050421708));
#13197=CARTESIAN_POINT('Ctrl Pts',(24.422423345537,5.80052048188857,19.9725338901673));
#13198=CARTESIAN_POINT('Ctrl Pts',(24.4226376555039,5.80069492174227,19.9715621929797));
#13199=CARTESIAN_POINT('Ctrl Pts',(24.4228520089997,5.80086635118556,19.9705899682946));
#13200=CARTESIAN_POINT('',(24.6690539472527,5.5546644129325,19.9705899682946));
#13201=CARTESIAN_POINT('',(24.4228520089997,5.80086635118555,19.9705899682946));
#13202=CARTESIAN_POINT('Origin',(24.4228520089997,5.5546644129325,19.9271779238779));
#13203=CARTESIAN_POINT('',(24.4222090829928,5.80034303494581,19.9735050421709));
#13204=CARTESIAN_POINT('Ctrl Pts',(24.4228520089997,5.80086635118556,19.9705899682946));
#13205=CARTESIAN_POINT('Ctrl Pts',(24.4226376555039,5.80069492174227,19.9715621929797));
#13206=CARTESIAN_POINT('Ctrl Pts',(24.422423345537,5.80052048188857,19.9725338901673));
#13207=CARTESIAN_POINT('Ctrl Pts',(24.4222090829928,5.80034303494583,19.9735050421708));
#13208=CARTESIAN_POINT('',(24.6687941435595,5.55439995420627,19.9720633882568));
#13209=CARTESIAN_POINT('Origin',(24.4225922053077,5.55439995420821,19.928651343833));
#13210=CARTESIAN_POINT('',(25.1861207948643,6.07173126054409,17.038158155908));
#13211=CARTESIAN_POINT('Ctrl Pts',(24.0664791161149,5.19522612188927,20.2936459854253));
#13212=CARTESIAN_POINT('Ctrl Pts',(24.0677892615745,5.19584571151258,20.2941461658682));
#13213=CARTESIAN_POINT('Ctrl Pts',(24.0691013136127,5.19646656074016,20.2946440718663));
#13214=CARTESIAN_POINT('Ctrl Pts',(24.1587023028453,5.23898545114829,20.3277484677976));
#13215=CARTESIAN_POINT('Ctrl Pts',(24.3015686508507,5.3120858056052,20.3396242918148));
#13216=CARTESIAN_POINT('Ctrl Pts',(24.5331288702717,5.44539011453825,20.2506021047113));
#13217=CARTESIAN_POINT('Ctrl Pts',(24.6468484060008,5.52614691204505,20.096523850669));
#13218=CARTESIAN_POINT('Ctrl Pts',(24.6687941435595,5.55439995420627,19.9720633882568));
#13219=CARTESIAN_POINT('Ctrl Pts',(24.0664791161149,5.19522612188927,20.2936459854253));
#13220=CARTESIAN_POINT('Ctrl Pts',(24.0675422509966,5.19606088369492,20.2941713681824));
#13221=CARTESIAN_POINT('Ctrl Pts',(24.0686589202084,5.19694145823186,20.2946230409316));
#13222=CARTESIAN_POINT('Ctrl Pts',(24.1417181318064,5.2545129498175,20.3288771782051));
#13223=CARTESIAN_POINT('Ctrl Pts',(24.2593442002661,5.34855462247668,20.3531245377514));
#13224=CARTESIAN_POINT('Ctrl Pts',(24.4826937195149,5.52225012790037,20.3150985976568));
#13225=CARTESIAN_POINT('Ctrl Pts',(24.637852567043,5.64829952960188,20.1600521784546));
#13226=CARTESIAN_POINT('Ctrl Pts',(24.6648460535164,5.68080025453046,19.9944541195421));
#13227=CARTESIAN_POINT('Ctrl Pts',(24.0664791161149,5.19522612188928,20.2936459854253));
#13228=CARTESIAN_POINT('Ctrl Pts',(24.0673142653457,5.19628829021571,20.2941727049913));
#13229=CARTESIAN_POINT('Ctrl Pts',(24.0681946560583,5.19740454369395,20.2946257633527));
#13230=CARTESIAN_POINT('Ctrl Pts',(24.1257818088654,5.2704087657267,20.3289706150676));
#13231=CARTESIAN_POINT('Ctrl Pts',(24.2196638376123,5.38813341434753,20.3533570029473));
#13232=CARTESIAN_POINT('Ctrl Pts',(24.392555089198,5.61215512002429,20.3156258779005));
#13233=CARTESIAN_POINT('Ctrl Pts',(24.5172884714732,5.76854965910315,20.1607570316952));
#13234=CARTESIAN_POINT('Ctrl Pts',(24.5487482582148,5.79659579128334,19.9951328826456));
#13235=CARTESIAN_POINT('Ctrl Pts',(24.0664791161149,5.19522612188928,20.2936459854253));
#13236=CARTESIAN_POINT('Ctrl Pts',(24.0670983253148,5.19653489343182,20.2941502174336));
#13237=CARTESIAN_POINT('Ctrl Pts',(24.0677187749903,5.19784558840351,20.2946521787458));
#13238=CARTESIAN_POINT('Ctrl Pts',(24.110205115145,5.28735947116741,20.3280328417977));
#13239=CARTESIAN_POINT('Ctrl Pts',(24.1830086857479,5.43034192965663,20.3403187708358));
#13240=CARTESIAN_POINT('Ctrl Pts',(24.3151880244835,5.66276577119463,20.2518769049225));
#13241=CARTESIAN_POINT('Ctrl Pts',(24.3947426205883,5.77759598972125,20.0979976831897));
#13242=CARTESIAN_POINT('Ctrl Pts',(24.4222090829928,5.80034303494581,19.9735050421709));
#13243=CARTESIAN_POINT('',(24.0664791161149,5.19522612188928,20.2936459854253));
#13244=CARTESIAN_POINT('Ctrl Pts',(24.4222090829928,5.80034303494581,19.9735050421709));
#13245=CARTESIAN_POINT('Ctrl Pts',(24.3947426205883,5.77759598972125,20.0979976831897));
#13246=CARTESIAN_POINT('Ctrl Pts',(24.3151880244835,5.66276577119463,20.2518769049225));
#13247=CARTESIAN_POINT('Ctrl Pts',(24.1830086857479,5.43034192965663,20.3403187708358));
#13248=CARTESIAN_POINT('Ctrl Pts',(24.110205115145,5.28735947116741,20.3280328417977));
#13249=CARTESIAN_POINT('Ctrl Pts',(24.0677187749903,5.19784558840351,20.2946521787458));
#13250=CARTESIAN_POINT('Ctrl Pts',(24.0670983253148,5.19653489343182,20.2941502174336));
#13251=CARTESIAN_POINT('Ctrl Pts',(24.0664791161149,5.19522612188928,20.2936459854253));
#13252=CARTESIAN_POINT('Ctrl Pts',(24.0664791161149,5.19522612188927,20.2936459854253));
#13253=CARTESIAN_POINT('Ctrl Pts',(24.0677892615745,5.19584571151258,20.2941461658682));
#13254=CARTESIAN_POINT('Ctrl Pts',(24.0691013136127,5.19646656074016,20.2946440718663));
#13255=CARTESIAN_POINT('Ctrl Pts',(24.1587023028453,5.23898545114829,20.3277484677976));
#13256=CARTESIAN_POINT('Ctrl Pts',(24.3015686508507,5.3120858056052,20.3396242918148));
#13257=CARTESIAN_POINT('Ctrl Pts',(24.5331288702717,5.44539011453825,20.2506021047113));
#13258=CARTESIAN_POINT('Ctrl Pts',(24.6468484060008,5.52614691204505,20.096523850669));
#13259=CARTESIAN_POINT('Ctrl Pts',(24.6687941435595,5.55439995420627,19.9720633882568));
#13260=CARTESIAN_POINT('Origin',(18.9999997168779,1.70831400445767,40.3012224465545));
#13261=CARTESIAN_POINT('Origin',(18.9999997168779,1.66858577179587,40.2942172872403));
#13262=CARTESIAN_POINT('Origin',(18.9999997168779,2.20071788096378,40.3880465353879));
#13263=CARTESIAN_POINT('Origin',(20.5804762223022,9.73580190825137E-15,
40.2786812463286));
#13264=CARTESIAN_POINT('Origin',(21.0728800988083,9.73580190825137E-15,
40.365505335162));
#13265=CARTESIAN_POINT('Origin',(20.5437209547342,9.73580190825137E-15,
40.2722003009732));
#13266=CARTESIAN_POINT('Origin',(18.9999997168779,-1.70639663396259,40.3008843624042));
#13267=CARTESIAN_POINT('Origin',(18.9999997168779,-2.19880051046869,40.3877084512376));
#13268=CARTESIAN_POINT('Origin',(18.9999997168779,-1.66671299131229,40.2938870655121));
#13269=CARTESIAN_POINT('Origin',(17.165765583882,9.73580190825137E-15,40.32342556263));
#13270=CARTESIAN_POINT('Origin',(16.6733617073759,9.73580190825137E-15,
40.4102496514635));
#13271=CARTESIAN_POINT('',(13.5755194784553,9.07149467214914E-15,19.7126889421342));
#13272=CARTESIAN_POINT('Origin',(17.2084221916261,9.73580190825137E-15,
40.3159040517793));
#13273=CARTESIAN_POINT('Origin',(17.2084221916261,9.73580190825137E-15,
40.3159040517793));
#13274=CARTESIAN_POINT('Origin',(12.7984333193756,-6.06975427669156,16.9947461114912));
#13275=CARTESIAN_POINT('',(12.420912547889,-6.20107310992518,16.2934120444167));
#13276=CARTESIAN_POINT('',(12.5522313811226,-6.06975427669156,17.038158155908));
#13277=CARTESIAN_POINT('',(12.667114486142,-6.44727504817824,16.2934120444167));
#13278=CARTESIAN_POINT('Origin',(12.667114486142,-6.20107310992518,16.25));
#13279=CARTESIAN_POINT('',(12.7984333193756,-6.31595621494462,17.038158155908));
#13280=CARTESIAN_POINT('Origin',(12.3691760879935,-6.49901150807374,16.));
#13281=CARTESIAN_POINT('',(12.420912547889,6.20305009377771,16.2934120444167));
#13282=CARTESIAN_POINT('',(12.5522313811226,6.07173126054409,17.038158155908));
#13283=CARTESIAN_POINT('',(12.420912547889,-3.24901150807374,16.2934120444167));
#13284=CARTESIAN_POINT('Origin',(12.7984333193756,6.07173126054409,16.9947461114912));
#13285=CARTESIAN_POINT('',(12.667114486142,6.44925203203076,16.2934120444167));
#13286=CARTESIAN_POINT('',(12.7984333193756,6.31793319879715,17.038158155908));
#13287=CARTESIAN_POINT('Origin',(12.667114486142,6.20305009377771,16.25));
#13288=CARTESIAN_POINT('Origin',(12.3691760879935,6.50098849192626,16.));
#13289=CARTESIAN_POINT('',(25.0712376898449,6.44925203203076,16.2934120444167));
#13290=CARTESIAN_POINT('',(24.9399188566113,6.31793319879715,17.038158155908));
#13291=CARTESIAN_POINT('',(15.6191760879935,6.44925203203076,16.2934120444167));
#13292=CARTESIAN_POINT('Origin',(24.9399188566113,6.07173126054409,16.9947461114912));
#13293=CARTESIAN_POINT('',(25.317439628098,6.20305009377771,16.2934120444167));
#13294=CARTESIAN_POINT('',(25.1861207948643,6.07173126054409,17.038158155908));
#13295=CARTESIAN_POINT('Origin',(25.0712376898449,6.20305009377771,16.25));
#13296=CARTESIAN_POINT('Origin',(18.9999997168779,9.73580190825137E-15,
40.0000005960464));
#13297=CARTESIAN_POINT('',(18.9999997168779,9.73580190825137E-15,19.0000005960464));
#13298=CARTESIAN_POINT('Origin',(18.9999997168779,9.73580190825137E-15,
40.0000005960464));
#13299=CARTESIAN_POINT('Origin',(16.3691760879935,-2.49901150807374,16.));
#13300=CARTESIAN_POINT('',(16.3691760879935,-2.49901150807374,16.));
#13301=CARTESIAN_POINT('',(16.3691760879935,2.50098849192627,16.));
#13302=CARTESIAN_POINT('',(16.3691760879935,-1.24901150807374,16.));
#13303=CARTESIAN_POINT('',(16.3691760879935,2.50098849192627,13.));
#13304=CARTESIAN_POINT('',(16.3691760879935,2.50098849192627,16.));
#13305=CARTESIAN_POINT('',(16.3691760879935,-2.49901150807374,13.));
#13306=CARTESIAN_POINT('',(16.3691760879935,-1.24901150807374,13.));
#13307=CARTESIAN_POINT('',(16.3691760879935,-2.49901150807374,16.));
#13308=CARTESIAN_POINT('Origin',(21.3691760879935,-2.49901150807374,16.));
#13309=CARTESIAN_POINT('',(21.3691760879935,-2.49901150807374,16.));
#13310=CARTESIAN_POINT('',(20.1191760879935,-2.49901150807374,16.));
#13311=CARTESIAN_POINT('',(21.3691760879935,-2.49901150807374,13.));
#13312=CARTESIAN_POINT('',(20.1191760879935,-2.49901150807374,13.));
#13313=CARTESIAN_POINT('',(21.3691760879935,-2.49901150807374,16.));
#13314=CARTESIAN_POINT('Origin',(21.3691760879935,2.50098849192627,16.));
#13315=CARTESIAN_POINT('',(21.3691760879935,2.50098849192627,16.));
#13316=CARTESIAN_POINT('',(21.3691760879935,1.25098849192627,16.));
#13317=CARTESIAN_POINT('',(21.3691760879935,2.50098849192627,13.));
#13318=CARTESIAN_POINT('',(21.3691760879935,1.25098849192627,13.));
#13319=CARTESIAN_POINT('',(21.3691760879935,2.50098849192627,16.));
#13320=CARTESIAN_POINT('Origin',(16.3691760879935,2.50098849192627,16.));
#13321=CARTESIAN_POINT('',(17.6191760879935,2.50098849192627,16.));
#13322=CARTESIAN_POINT('',(17.6191760879935,2.50098849192627,13.));
#13323=CARTESIAN_POINT('Origin',(18.8691760879935,0.000988491926264567,
13.));
#13324=CARTESIAN_POINT('Origin',(16.3691760879935,2.50098849192627,16.));
#13325=CARTESIAN_POINT('',(16.7218300494104,2.14833453050934,18.));
#13326=CARTESIAN_POINT('',(21.0165221265765,2.14833453050934,18.));
#13327=CARTESIAN_POINT('',(17.6191760879935,2.14833453050934,18.));
#13328=CARTESIAN_POINT('',(21.2959984400579,2.42781084399068,16.4150110643395));
#13329=CARTESIAN_POINT('',(16.442353735929,2.42781084399068,16.4150110643395));
#13330=CARTESIAN_POINT('Origin',(21.3691760879935,2.50098849192627,16.));
#13331=CARTESIAN_POINT('',(21.0165221265765,-2.14635754665681,18.));
#13332=CARTESIAN_POINT('',(21.0165221265765,1.25098849192627,18.));
#13333=CARTESIAN_POINT('',(21.2959984400579,-2.42583386013815,16.4150110643395));
#13334=CARTESIAN_POINT('Origin',(21.3691760879935,-2.49901150807374,16.));
#13335=CARTESIAN_POINT('',(16.7218300494104,-2.14635754665681,18.));
#13336=CARTESIAN_POINT('',(20.1191760879935,-2.14635754665681,18.));
#13337=CARTESIAN_POINT('',(16.442353735929,-2.42583386013815,16.4150110643395));
#13338=CARTESIAN_POINT('Origin',(16.3691760879935,-2.49901150807374,16.));
#13339=CARTESIAN_POINT('',(16.7218300494104,-1.24901150807374,18.));
#13340=CARTESIAN_POINT('Origin',(24.0712376898449,5.20305009377771,16.));
#13341=CARTESIAN_POINT('',(24.4238916512618,5.55570405519464,18.));
#13342=CARTESIAN_POINT('',(24.4238916512618,-5.55372707134211,18.));
#13343=CARTESIAN_POINT('',(24.4238916512618,-5.20107310992518,18.));
#13344=CARTESIAN_POINT('',(24.0712376898449,5.20305009377771,16.));
#13345=CARTESIAN_POINT('',(23.9189678368691,5.0507802408019,15.1364347511424));
#13346=CARTESIAN_POINT('',(24.0712376898449,-5.20107310992518,16.));
#13347=CARTESIAN_POINT('',(24.0712376898449,2.60201929285199,16.));
#13348=CARTESIAN_POINT('',(23.9189678368691,-5.04880325694937,15.1364347511424));
#13349=CARTESIAN_POINT('Origin',(24.0712376898449,-5.20107310992518,16.));
#13350=CARTESIAN_POINT('',(13.3144605247251,-5.55372707134211,18.));
#13351=CARTESIAN_POINT('',(13.667114486142,-5.55372707134211,18.));
#13352=CARTESIAN_POINT('',(13.667114486142,-5.20107310992518,16.));
#13353=CARTESIAN_POINT('',(21.4702068889192,-5.20107310992518,16.));
#13354=CARTESIAN_POINT('',(13.8193843391178,-5.04880325694937,15.1364347511424));
#13355=CARTESIAN_POINT('Origin',(13.667114486142,-5.20107310992518,16.));
#13356=CARTESIAN_POINT('',(13.3144605247251,5.55570405519464,18.));
#13357=CARTESIAN_POINT('',(13.3144605247251,5.20305009377771,18.));
#13358=CARTESIAN_POINT('',(13.667114486142,5.20305009377771,16.));
#13359=CARTESIAN_POINT('',(13.667114486142,-2.60004230899946,16.));
#13360=CARTESIAN_POINT('',(13.8193843391178,5.0507802408019,15.1364347511424));
#13361=CARTESIAN_POINT('Origin',(13.667114486142,5.20305009377771,16.));
#13362=CARTESIAN_POINT('',(24.0712376898449,5.55570405519464,18.));
#13363=CARTESIAN_POINT('',(16.2681452870677,5.20305009377771,16.));
#13364=CARTESIAN_POINT('Origin',(18.8691760879935,0.000988491926265122,
18.));
#13365=CARTESIAN_POINT('Origin',(18.8691760879935,0.000988491926264567,
16.));
#13366=CARTESIAN_POINT('',(25.0712376898449,6.20305009377771,16.));
#13367=CARTESIAN_POINT('',(12.667114486142,6.20305009377771,16.));
#13368=CARTESIAN_POINT('',(15.6191760879935,6.20305009377771,16.));
#13369=CARTESIAN_POINT('',(25.0712376898449,-6.20107310992518,16.));
#13370=CARTESIAN_POINT('',(25.0712376898449,3.25098849192627,16.));
#13371=CARTESIAN_POINT('',(12.667114486142,-6.20107310992518,16.));
#13372=CARTESIAN_POINT('',(22.1191760879935,-6.20107310992518,16.));
#13373=CARTESIAN_POINT('',(12.667114486142,-3.24901150807374,16.));
#13374=CARTESIAN_POINT('Origin',(12.667114486142,-6.20107310992518,16.25));
#13375=CARTESIAN_POINT('Origin',(12.667114486142,-6.20107310992518,16.25));
#13376=CARTESIAN_POINT('Origin',(12.667114486142,-6.20107310992518,16.25));
#13377=CARTESIAN_POINT('Origin',(12.667114486142,6.20305009377771,16.25));
#13378=CARTESIAN_POINT('Origin',(12.667114486142,6.20305009377771,16.25));
#13379=CARTESIAN_POINT('Origin',(12.667114486142,6.20305009377771,16.25));
#13380=CARTESIAN_POINT('Origin',(25.0712376898449,-6.20107310992518,16.25));
#13381=CARTESIAN_POINT('',(25.0712376898449,-6.44727504817824,16.2934120444167));
#13382=CARTESIAN_POINT('Origin',(25.0712376898449,-6.20107310992518,16.25));
#13383=CARTESIAN_POINT('',(25.317439628098,-6.20107310992518,16.2934120444167));
#13384=CARTESIAN_POINT('Origin',(25.0712376898449,-6.20107310992518,16.25));
#13385=CARTESIAN_POINT('Origin',(25.0712376898449,-6.20107310992518,16.25));
#13386=CARTESIAN_POINT('Origin',(25.0712376898449,6.20305009377771,16.25));
#13387=CARTESIAN_POINT('Origin',(25.0712376898449,6.20305009377771,16.25));
#13388=CARTESIAN_POINT('Origin',(25.0712376898449,6.20305009377771,16.25));
#13389=CARTESIAN_POINT('Origin',(15.6191760879935,6.20305009377771,16.25));
#13390=CARTESIAN_POINT('Origin',(24.9399188566113,-6.06975427669156,16.9947461114912));
#13391=CARTESIAN_POINT('',(24.9399188566113,-6.31595621494462,17.038158155908));
#13392=CARTESIAN_POINT('',(25.1861207948643,-6.06975427669156,17.038158155908));
#13393=CARTESIAN_POINT('Origin',(25.0712376898449,3.25098849192627,16.25));
#13394=CARTESIAN_POINT('',(25.317439628098,3.25098849192627,16.2934120444167));
#13395=CARTESIAN_POINT('Origin',(22.1191760879935,-6.20107310992518,16.25));
#13396=CARTESIAN_POINT('',(22.1191760879935,-6.44727504817824,16.2934120444167));
#13397=CARTESIAN_POINT('Origin',(12.667114486142,-3.24901150807374,16.25));
#13398=CARTESIAN_POINT('Origin',(25.3691760879935,-6.49901150807374,16.));
#13399=CARTESIAN_POINT('Origin',(25.3691760879935,6.50098849192626,16.));
#13400=CARTESIAN_POINT('',(0.,0.,0.));
#13401=CARTESIAN_POINT('',(0.,0.,0.));
#13402=UNCERTAINTY_MEASURE_WITH_UNIT(LENGTH_MEASURE(0.01),#13410,
'DISTANCE_ACCURACY_VALUE',
'Maximum model space distance between geometric entities at asserted c
onnectivities');
#13403=UNCERTAINTY_MEASURE_WITH_UNIT(LENGTH_MEASURE(0.01),#13410,
'DISTANCE_ACCURACY_VALUE',
'Maximum model space distance between geometric entities at asserted c
onnectivities');
#13404=UNCERTAINTY_MEASURE_WITH_UNIT(LENGTH_MEASURE(0.01),#13410,
'DISTANCE_ACCURACY_VALUE',
'Maximum model space distance between geometric entities at asserted c
onnectivities');
#13405=UNCERTAINTY_MEASURE_WITH_UNIT(LENGTH_MEASURE(0.01),#13410,
'DISTANCE_ACCURACY_VALUE',
'Maximum model space distance between geometric entities at asserted c
onnectivities');
#13406=(
GEOMETRIC_REPRESENTATION_CONTEXT(3)
GLOBAL_UNCERTAINTY_ASSIGNED_CONTEXT((#13402))
GLOBAL_UNIT_ASSIGNED_CONTEXT((#13410,#13412,#13413))
REPRESENTATION_CONTEXT('','3D')
);
#13407=(
GEOMETRIC_REPRESENTATION_CONTEXT(3)
GLOBAL_UNCERTAINTY_ASSIGNED_CONTEXT((#13403))
GLOBAL_UNIT_ASSIGNED_CONTEXT((#13410,#13412,#13413))
REPRESENTATION_CONTEXT('','3D')
);
#13408=(
GEOMETRIC_REPRESENTATION_CONTEXT(3)
GLOBAL_UNCERTAINTY_ASSIGNED_CONTEXT((#13404))
GLOBAL_UNIT_ASSIGNED_CONTEXT((#13410,#13412,#13413))
REPRESENTATION_CONTEXT('','3D')
);
#13409=(
GEOMETRIC_REPRESENTATION_CONTEXT(3)
GLOBAL_UNCERTAINTY_ASSIGNED_CONTEXT((#13405))
GLOBAL_UNIT_ASSIGNED_CONTEXT((#13410,#13412,#13413))
REPRESENTATION_CONTEXT('','3D')
);
#13410=(
LENGTH_UNIT()
NAMED_UNIT(*)
SI_UNIT(.MILLI.,.METRE.)
);
#13411=(
LENGTH_UNIT()
NAMED_UNIT(*)
SI_UNIT($,.METRE.)
);
#13412=(
NAMED_UNIT(*)
PLANE_ANGLE_UNIT()
SI_UNIT($,.RADIAN.)
);
#13413=(
NAMED_UNIT(*)
SI_UNIT($,.STERADIAN.)
SOLID_ANGLE_UNIT()
);
#13414=SHAPE_DEFINITION_REPRESENTATION(#13417,#13422);
#13415=SHAPE_DEFINITION_REPRESENTATION(#13418,#13423);
#13416=SHAPE_DEFINITION_REPRESENTATION(#13419,#13424);
#13417=PRODUCT_DEFINITION_SHAPE('',$,#13426);
#13418=PRODUCT_DEFINITION_SHAPE('',$,#13427);
#13419=PRODUCT_DEFINITION_SHAPE('',$,#13428);
#13420=PRODUCT_DEFINITION_SHAPE($,$,#17);
#13421=PRODUCT_DEFINITION_SHAPE($,$,#18);
#13422=SHAPE_REPRESENTATION('',(#6892,#7293,#7294),#13406);
#13423=SHAPE_REPRESENTATION('',(#6893),#13407);
#13424=SHAPE_REPRESENTATION('',(#6932),#13408);
#13425=PRODUCT_DEFINITION_CONTEXT('part definition',#13436,'design');
#13426=PRODUCT_DEFINITION('Keyboard case','Keyboard case v3',#13429,#13425);
#13427=PRODUCT_DEFINITION('Body','Body',#13430,#13425);
#13428=PRODUCT_DEFINITION('TopPiece','TopPiece',#13431,#13425);
#13429=PRODUCT_DEFINITION_FORMATION('',$,#13438);
#13430=PRODUCT_DEFINITION_FORMATION('',$,#13439);
#13431=PRODUCT_DEFINITION_FORMATION('',$,#13440);
#13432=PRODUCT_RELATED_PRODUCT_CATEGORY('Keyboard case v3',
'Keyboard case v3',(#13438));
#13433=PRODUCT_RELATED_PRODUCT_CATEGORY('Body','Body',(#13439));
#13434=PRODUCT_RELATED_PRODUCT_CATEGORY('TopPiece','TopPiece',(#13440));
#13435=APPLICATION_PROTOCOL_DEFINITION('international standard',
'automotive_design',2009,#13436);
#13436=APPLICATION_CONTEXT(
'Core Data for Automotive Mechanical Design Process');
#13437=PRODUCT_CONTEXT('part definition',#13436,'mechanical');
#13438=PRODUCT('Keyboard case','Keyboard case v3',$,(#13437));
#13439=PRODUCT('Body','Body',$,(#13437));
#13440=PRODUCT('TopPiece','TopPiece',$,(#13437));
#13441=PRESENTATION_STYLE_ASSIGNMENT((#13443));
#13442=PRESENTATION_STYLE_ASSIGNMENT((#13444));
#13443=SURFACE_STYLE_USAGE(.BOTH.,#13445);
#13444=SURFACE_STYLE_USAGE(.BOTH.,#13446);
#13445=SURFACE_SIDE_STYLE('',(#13447));
#13446=SURFACE_SIDE_STYLE('',(#13448));
#13447=SURFACE_STYLE_FILL_AREA(#13449);
#13448=SURFACE_STYLE_FILL_AREA(#13450);
#13449=FILL_AREA_STYLE('Steel - Satin',(#13451));
#13450=FILL_AREA_STYLE('Steel - Satin',(#13452));
#13451=FILL_AREA_STYLE_COLOUR('Steel - Satin',#13453);
#13452=FILL_AREA_STYLE_COLOUR('Steel - Satin',#13454);
#13453=COLOUR_RGB('Steel - Satin',0.627450980392157,0.627450980392157,0.627450980392157);
#13454=COLOUR_RGB('Steel - Satin',0.968627450980392,0.188235294117647,0.541176470588235);
ENDSEC;
END-ISO-10303-21;
